<?xml version="1.0"?>
<assessmentItem adaptive="false" identifier="ITEM-LOGIC-MP-217" timeDependent="false" title="In paragraph 7, what does the author mean by the phrase &quot;needed to think fast&quot;?" toolName="ItemLogic" toolVersion="2.0.0" xmlns="http://www.imsglobal.org/xsd/imsqti_v2p1" xmlns:m="http://www.w3.org/1998/Math/MathML" xmlns:xsi="http://www.w3.org/2001/XMLSchema-instance" xsi:schemaLocation="http://www.imsglobal.org/xsd/imsqti_v2p1  http://www.imsglobal.org/xsd/qti/qtiv2p1/imsqti_v2p1.xsd">
  <responseDeclaration baseType="identifier" cardinality="single" identifier="RESPONSE50">
    <correctResponse>
      <value>SC-2264</value>
    </correctResponse>
  </responseDeclaration>
  <responseDeclaration baseType="identifier" cardinality="multiple" identifier="RESPONSE51">
    <correctResponse>
      <value>HT-2272</value>
    </correctResponse>
  </responseDeclaration>
  <outcomeDeclaration baseType="float" cardinality="single" identifier="SCORE50">
    <defaultValue>
      <value>0</value>
    </defaultValue>
  </outcomeDeclaration>
  <outcomeDeclaration baseType="float" cardinality="single" identifier="SCORE51">
    <defaultValue>
      <value>0</value>
    </defaultValue>
  </outcomeDeclaration>
  <outcomeDeclaration baseType="float" cardinality="single" identifier="SCORE">
    <defaultValue>
      <value>0</value>
    </defaultValue>
  </outcomeDeclaration>
  <stylesheet href="../styles/bundled.css" type="text/css"/>
  <stylesheet href="../styles/inline.css" type="text/css"/>
  <itemBody>
    <rubricBlock use="context" view="candidate author proctor scorer testConstructor tutor">
      <div>
        <object data="../passages/RSC-LOGIC-MP-425.html" type="text/html"/>
      </div>
    </rubricBlock>
    <choiceInteraction maxChoices="1" responseIdentifier="RESPONSE50" shuffle="false">
      <prompt>In paragraph 7, what does the author mean by the phrase "needed to think fast"?<br/></prompt>
      <simpleChoice fixed="true" identifier="SC-2266">
        <p>Jane needed to think of a new excuse.</p>
      </simpleChoice>
      <simpleChoice fixed="true" identifier="SC-2263">
        <p>Jane needed to make a sudden decision.</p>
      </simpleChoice>
      <simpleChoice fixed="true" identifier="SC-2264">
        <p>Jane needed to find a solution quickly.</p>
      </simpleChoice>
      <simpleChoice fixed="true" identifier="SC-2265">
        <p>Jane needed to learn unexpected information.</p>
      </simpleChoice>
    </choiceInteraction>
    <hottextInteraction maxChoices="0" responseIdentifier="RESPONSE51"><prompt>Select the sentence that shows the result of Jane's fast thinking.<br/></prompt><p><strong>9  </strong>&#x201C;Good morning, girls,&#x201D;  said Mom. &#x201C;You both look like you slept well. <hottext identifier="HT-2269">Lily, honey, it&#x2019;s kind of early to go outside.</hottext>&#x201D; </p> <p class="para_left"><strong>10</strong>   <hottext identifier="HT-2270">&#x201C;I&#x2019;m not going outside,&#x201D;&#x9D; said Lily.</hottext> &#x201C;These are my new pajamas.&#x201D; </p> <p class="para_left"><strong>11</strong>    <hottext identifier="HT-2271">&#x201C;I remembered how scared I had been when I was Lily&#x2019;s age,&#x201D;&#x9D; Jane explained.</hottext> &#x201C;But I didn&#x2019;t want to leave the light on all night. <hottext identifier="HT-2272">So I explained to Lily that since her snowsuit protects her from the snow and cold during the day, that it would protect her from the snow monster at night.</hottext>&#x201D; </p></hottextInteraction>
  </itemBody>
  <responseProcessing>
    <responseCondition>
      <responseIf>
        <match>
          <variable identifier="RESPONSE50"/>
          <correct identifier="RESPONSE50"/>
        </match>
        <setOutcomeValue identifier="SCORE50">
          <baseValue baseType="float">1</baseValue>
        </setOutcomeValue>
      </responseIf>
      <responseElse>
        <setOutcomeValue identifier="SCORE50">
          <baseValue baseType="float">0</baseValue>
        </setOutcomeValue>
      </responseElse>
    </responseCondition>
    <responseCondition>
      <responseIf>
        <match>
          <variable identifier="RESPONSE51"/>
          <correct identifier="RESPONSE51"/>
        </match>
        <setOutcomeValue identifier="SCORE51">
          <baseValue baseType="float">1</baseValue>
        </setOutcomeValue>
      </responseIf>
      <responseElse>
        <setOutcomeValue identifier="SCORE51">
          <baseValue baseType="float">0</baseValue>
        </setOutcomeValue>
      </responseElse>
    </responseCondition>
    <setOutcomeValue identifier="SCORE">
      <sum>
        <variable identifier="SCORE50"/>
        <variable identifier="SCORE51"/>
      </sum>
    </setOutcomeValue>
  </responseProcessing>
</assessmentItem>
