<?xml version="1.0"?>
<assessmentItem adaptive="false" identifier="ITEM-LOGIC-MP-592" timeDependent="false" title="Look at this area model." toolName="ItemLogic" toolVersion="2.0.0" xmlns="http://www.imsglobal.org/xsd/imsqti_v2p1" xmlns:m="http://www.w3.org/1998/Math/MathML" xmlns:xsi="http://www.w3.org/2001/XMLSchema-instance" xsi:schemaLocation="http://www.imsglobal.org/xsd/imsqti_v2p1  http://www.imsglobal.org/xsd/qti/qtiv2p1/imsqti_v2p1.xsd">
  <responseDeclaration baseType="identifier" cardinality="single" identifier="RESPONSE496">
    <correctResponse>
      <value>IC-8470</value>
    </correctResponse>
  </responseDeclaration>
  <outcomeDeclaration baseType="float" cardinality="single" identifier="SCORE496">
    <defaultValue>
      <value>0</value>
    </defaultValue>
  </outcomeDeclaration>
  <outcomeDeclaration baseType="float" cardinality="single" identifier="SCORE">
    <defaultValue>
      <value>0</value>
    </defaultValue>
  </outcomeDeclaration>
  <stylesheet href="../styles/bundled.css" type="text/css"/>
  <stylesheet href="../styles/inline.css" type="text/css"/>
  <itemBody>
    <div class="stem stem_inline">
      <div class="stem_prompt">
        <p>Look at this area model.</p>
        <p>
          <object data="../images/FROERI592_Area_shaded_c818469b67.png" height="198" type="image/png" width="226"/>
        </p>
      </div>
      <p>The area of the model is <inlineChoiceInteraction responseIdentifier="RESPONSE496" shuffle="false"><inlineChoice identifier="IC-8474">64</inlineChoice><inlineChoice identifier="IC-8471">120</inlineChoice><inlineChoice identifier="IC-8473">168</inlineChoice><inlineChoice identifier="IC-8472">200</inlineChoice><inlineChoice identifier="IC-8470">224</inlineChoice><inlineChoice identifier="IC-8469">1800</inlineChoice></inlineChoiceInteraction>.</p>
    </div>
  </itemBody>
  <responseProcessing>
    <responseCondition>
      <responseIf>
        <match>
          <variable identifier="RESPONSE496"/>
          <correct identifier="RESPONSE496"/>
        </match>
        <setOutcomeValue identifier="SCORE496">
          <baseValue baseType="float">1</baseValue>
        </setOutcomeValue>
      </responseIf>
      <responseElse>
        <setOutcomeValue identifier="SCORE496">
          <baseValue baseType="float">0</baseValue>
        </setOutcomeValue>
      </responseElse>
    </responseCondition>
    <setOutcomeValue identifier="SCORE">
      <sum>
        <variable identifier="SCORE496"/>
      </sum>
    </setOutcomeValue>
  </responseProcessing>
</assessmentItem>
