<?xml version="1.0"?>
<assessmentItem adaptive="false" identifier="ITEM-LOGIC-KS-939" timeDependent="false" title="Click on the shapes Rahul can make using all of his triangles." toolName="ItemLogic" toolVersion="2.0.0" xmlns="http://www.imsglobal.org/xsd/imsqti_v2p1" xmlns:m="http://www.w3.org/1998/Math/MathML" xmlns:xsi="http://www.w3.org/2001/XMLSchema-instance" xsi:schemaLocation="http://www.imsglobal.org/xsd/imsqti_v2p1  http://www.imsglobal.org/xsd/qti/qtiv2p1/imsqti_v2p1.xsd">
  <responseDeclaration baseType="identifier" cardinality="multiple" identifier="RESPONSE922">
    <correctResponse>
      <value>HS-16697</value>
      <value>HS-16699</value>
    </correctResponse>
  </responseDeclaration>
  <responseDeclaration baseType="identifier" cardinality="single" identifier="RESPONSE923">
    <correctResponse>
      <value>SC-16263</value>
    </correctResponse>
  </responseDeclaration>
  <outcomeDeclaration baseType="float" cardinality="single" identifier="SCORE922">
    <defaultValue>
      <value>0</value>
    </defaultValue>
  </outcomeDeclaration>
  <outcomeDeclaration baseType="float" cardinality="single" identifier="SCORE923">
    <defaultValue>
      <value>0</value>
    </defaultValue>
  </outcomeDeclaration>
  <outcomeDeclaration baseType="float" cardinality="single" identifier="SCORE">
    <defaultValue>
      <value>0</value>
    </defaultValue>
  </outcomeDeclaration>
  <stylesheet href="../styles/bundled.css" type="text/css"/>
  <stylesheet href="../styles/inline.css" type="text/css"/>
  <itemBody>
    <rubricBlock use="stimulus" view="candidate author proctor scorer testConstructor tutor">
      <div>
        <p>Rahul has the triangles shown.</p>
        <p>
          <object data="../images/triangles-stimulus@2x_618d53daf2.png" height="109" type="image/png" width="400"/>
        </p>
      </div>
    </rubricBlock>
    <hotspotInteraction maxChoices="0" responseIdentifier="RESPONSE922">
      <prompt>Click on the shapes Rahul can make using all of his triangles.<br/></prompt>
      <object data="../images/triangles-hotspot@2x_o_495745fbe2.png" height="500" type="image/png" width="500"/>
      <hotspotChoice coords="67,19,187,139" identifier="HS-16697" shape="rect"/>
      <hotspotChoice coords="269,79,439,139" identifier="HS-16698" shape="rect"/>
      <hotspotChoice coords="68,160,188,265" identifier="HS-16699" shape="rect"/>
      <hotspotChoice coords="323,186,393,436" identifier="HS-16700" shape="rect"/>
      <hotspotChoice coords="70,289,190,484" identifier="HS-16701" shape="rect"/>
    </hotspotInteraction>
    <choiceInteraction maxChoices="1" responseIdentifier="RESPONSE923" shuffle="false">
      <prompt>Rahul wants to make the shape shown.<br/><object data="../images/triangles-stimulus-2@2x_e6cead1fbd.png" height="109" type="image/png" width="400"/><br/>How many of his triangles does Rahul need to make this shape?<br/></prompt>
      <simpleChoice fixed="true" identifier="SC-16262">
        <p>3</p>
      </simpleChoice>
      <simpleChoice fixed="true" identifier="SC-16263">
        <p>4</p>
      </simpleChoice>
      <simpleChoice fixed="true" identifier="SC-16264">
        <p>5</p>
      </simpleChoice>
      <simpleChoice fixed="true" identifier="SC-16265">
        <p>6</p>
      </simpleChoice>
    </choiceInteraction>
  </itemBody>
  <responseProcessing>
    <responseCondition>
      <responseIf>
        <match>
          <variable identifier="RESPONSE922"/>
          <correct identifier="RESPONSE922"/>
        </match>
        <setOutcomeValue identifier="SCORE922">
          <baseValue baseType="float">1</baseValue>
        </setOutcomeValue>
      </responseIf>
      <responseElse>
        <setOutcomeValue identifier="SCORE922">
          <baseValue baseType="float">0</baseValue>
        </setOutcomeValue>
      </responseElse>
    </responseCondition>
    <responseCondition>
      <responseIf>
        <match>
          <variable identifier="RESPONSE923"/>
          <correct identifier="RESPONSE923"/>
        </match>
        <setOutcomeValue identifier="SCORE923">
          <baseValue baseType="float">1</baseValue>
        </setOutcomeValue>
      </responseIf>
      <responseElse>
        <setOutcomeValue identifier="SCORE923">
          <baseValue baseType="float">0</baseValue>
        </setOutcomeValue>
      </responseElse>
    </responseCondition>
    <setOutcomeValue identifier="SCORE">
      <sum>
        <variable identifier="SCORE922"/>
        <variable identifier="SCORE923"/>
      </sum>
    </setOutcomeValue>
  </responseProcessing>
</assessmentItem>
