<?xml version="1.0"?>
<assessmentItem adaptive="false" identifier="ITEM-LOGIC-KS-832" timeDependent="false" title="Select the two main ideas below that are developed in&amp;nbsp;Nani's Story." toolName="ItemLogic" toolVersion="2.0.0" xmlns="http://www.imsglobal.org/xsd/imsqti_v2p1" xmlns:m="http://www.w3.org/1998/Math/MathML" xmlns:xsi="http://www.w3.org/2001/XMLSchema-instance" xsi:schemaLocation="http://www.imsglobal.org/xsd/imsqti_v2p1  http://www.imsglobal.org/xsd/qti/qtiv2p1/imsqti_v2p1.xsd">
  <responseDeclaration baseType="identifier" cardinality="multiple" identifier="RESPONSE836">
    <correctResponse>
      <value>HT-15081</value>
      <value>HT-15084</value>
    </correctResponse>
  </responseDeclaration>
  <responseDeclaration baseType="identifier" cardinality="multiple" identifier="RESPONSE838">
    <correctResponse>
      <value>HT-15093</value>
      <value>HT-15089</value>
    </correctResponse>
  </responseDeclaration>
  <outcomeDeclaration baseType="float" cardinality="single" identifier="SCORE836">
    <defaultValue>
      <value>0</value>
    </defaultValue>
  </outcomeDeclaration>
  <outcomeDeclaration baseType="float" cardinality="single" identifier="SCORE838">
    <defaultValue>
      <value>0</value>
    </defaultValue>
  </outcomeDeclaration>
  <outcomeDeclaration baseType="float" cardinality="single" identifier="SCORE">
    <defaultValue>
      <value>0</value>
    </defaultValue>
  </outcomeDeclaration>
  <stylesheet href="../styles/bundled.css" type="text/css"/>
  <stylesheet href="../styles/inline.css" type="text/css"/>
  <itemBody>
    <rubricBlock use="context" view="candidate author proctor scorer testConstructor tutor">
      <div>
        <object data="../passages/RSC-LOGIC-KS-3873.html" type="text/html"/>
      </div>
    </rubricBlock>
    <rubricBlock use="stimulus" view="candidate author proctor scorer testConstructor tutor">
      <div>
        <p>
          <span>The author of <em>Nani's Story</em> develops two main ideas in the text.</span>
        </p>
      </div>
    </rubricBlock>
    <hottextInteraction maxChoices="0" responseIdentifier="RESPONSE836">
      <prompt>Select the two main ideas below that are developed in&#xA0;<em>Nani's Story</em>.<br/></prompt>
      <p>
        <hottext identifier="HT-15081">Nani's rescue and recovery led her to become a helper and teacher herself.</hottext>
      </p>
      <p>
        <hottext identifier="HT-15092">Schoolchildren in Australia often enjoy free visits to local hospitals and petting zoos.</hottext>
      </p>
      <p>
        <hottext identifier="HT-15083">Nani's mittens were made by a private caregiver and given to her at the Port Macquarie Hospital.</hottext>
      </p>
      <p>
        <hottext identifier="HT-15084">Because of the hard work and dedication of many people, a desperate situation was turned into something positive.</hottext>
      </p>
    </hottextInteraction>
    <hottextInteraction maxChoices="0" responseIdentifier="RESPONSE838">
      <prompt>Now, select the two key details that support or develop the two main ideas correctly chosen from above.<br/></prompt>
      <p>
        <hottext identifier="HT-16015">Most koalas are injured in dog attacks or by cars.</hottext>
      </p>
      <p>
        <hottext identifier="HT-15095">Nani wears her special mittens to cover the ointment that is used to help her paws heal.</hottext>
      </p>
      <p>
        <hottext identifier="HT-15093">Veterinarians began visiting Port Macquarie to learn how koalas recover from serious injury.</hottext>
      </p>
      <p>
        <hottext identifier="HT-15089">Nani's injuries were quite severe, but after a great deal of help, she regained her strength and health.</hottext>
      </p>
    </hottextInteraction>
  </itemBody>
  <responseProcessing>
    <responseCondition>
      <responseIf>
        <match>
          <variable identifier="RESPONSE836"/>
          <correct identifier="RESPONSE836"/>
        </match>
        <setOutcomeValue identifier="SCORE836">
          <baseValue baseType="float">1</baseValue>
        </setOutcomeValue>
      </responseIf>
      <responseElse>
        <setOutcomeValue identifier="SCORE836">
          <baseValue baseType="float">0</baseValue>
        </setOutcomeValue>
      </responseElse>
    </responseCondition>
    <responseCondition>
      <responseIf>
        <match>
          <variable identifier="RESPONSE838"/>
          <correct identifier="RESPONSE838"/>
        </match>
        <setOutcomeValue identifier="SCORE838">
          <baseValue baseType="float">1</baseValue>
        </setOutcomeValue>
      </responseIf>
      <responseElse>
        <setOutcomeValue identifier="SCORE838">
          <baseValue baseType="float">0</baseValue>
        </setOutcomeValue>
      </responseElse>
    </responseCondition>
    <setOutcomeValue identifier="SCORE">
      <sum>
        <variable identifier="SCORE836"/>
        <variable identifier="SCORE838"/>
      </sum>
    </setOutcomeValue>
  </responseProcessing>
</assessmentItem>
