<?xml version="1.0"?>
<assessmentItem adaptive="false" identifier="ITEM-LOGIC-KS-815" timeDependent="false" title="The students showed their strategies for finding the volume. Click the strategy that is incorrect." toolName="ItemLogic" toolVersion="2.0.0" xmlns="http://www.imsglobal.org/xsd/imsqti_v2p1" xmlns:m="http://www.w3.org/1998/Math/MathML" xmlns:xsi="http://www.w3.org/2001/XMLSchema-instance" xsi:schemaLocation="http://www.imsglobal.org/xsd/imsqti_v2p1  http://www.imsglobal.org/xsd/qti/qtiv2p1/imsqti_v2p1.xsd">
  <responseDeclaration baseType="identifier" cardinality="multiple" identifier="RESPONSE806">
    <correctResponse>
      <value>HT-15443</value>
    </correctResponse>
  </responseDeclaration>
  <responseDeclaration baseType="identifier" cardinality="single" identifier="RESPONSE808">
    <correctResponse>
      <value>SC-13865</value>
    </correctResponse>
  </responseDeclaration>
  <outcomeDeclaration baseType="float" cardinality="single" identifier="SCORE806">
    <defaultValue>
      <value>0</value>
    </defaultValue>
  </outcomeDeclaration>
  <outcomeDeclaration baseType="float" cardinality="single" identifier="SCORE808">
    <defaultValue>
      <value>0</value>
    </defaultValue>
  </outcomeDeclaration>
  <outcomeDeclaration baseType="float" cardinality="single" identifier="SCORE">
    <defaultValue>
      <value>0</value>
    </defaultValue>
  </outcomeDeclaration>
  <stylesheet href="../styles/bundled.css" type="text/css"/>
  <stylesheet href="../styles/inline.css" type="text/css"/>
  <itemBody>
    <rubricBlock use="stimulus" view="candidate author proctor scorer testConstructor tutor">
      <div>
        <p>Four students each tried to find the volume of the brown box shown.</p>
        <p>
          <object data="../images/box@2x_a0b8f0005d.png" height="260" type="image/png" width="400"/>
        </p>
      </div>
    </rubricBlock>
    <hottextInteraction maxChoices="0" responseIdentifier="RESPONSE806">
      <prompt>The students showed their strategies for finding the volume. Click the strategy that is incorrect.<br/></prompt>
      <p>Travis said, "I found the volume by multiplying <hottext identifier="HT-15442">4 &#xD7; 6 &#xD7; 12</hottext>." Mario said, "I found the volume by multiplying <hottext identifier="HT-15443">4 &#xD7; 18</hottext>." Jen said, "I found the volume by multiplying <hottext identifier="HT-15444">24 &#xD7; 12</hottext>." Amber said, "I found the volume by adding <hottext identifier="HT-15445">72 + 72 + 72 + 72</hottext>."</p>
    </hottextInteraction>
    <choiceInteraction maxChoices="1" responseIdentifier="RESPONSE808" shuffle="false">
      <prompt>Travis found a white box with a length of 4 inches, a width of 6 inches, and a height of 6 inches. How does the volume of the brown box compare to the volume of the white box?<br/></prompt>
      <simpleChoice fixed="true" identifier="SC-13865">
        <p>The volume of the brown box is twice the volume of the white box.</p>
      </simpleChoice>
      <simpleChoice fixed="true" identifier="SC-13864">
        <p>The volume of the white box is twice the volume of the brown box.</p>
      </simpleChoice>
      <simpleChoice fixed="true" identifier="SC-13863">
        <p>The volume of the brown box is 6 cubic inches greater than the volume of the white box.</p>
      </simpleChoice>
      <simpleChoice fixed="true" identifier="SC-13862">
        <p>The volume of the white box is 6 cubic inches greater than the volume of the brown box.</p>
      </simpleChoice>
    </choiceInteraction>
  </itemBody>
  <responseProcessing>
    <responseCondition>
      <responseIf>
        <match>
          <variable identifier="RESPONSE806"/>
          <correct identifier="RESPONSE806"/>
        </match>
        <setOutcomeValue identifier="SCORE806">
          <baseValue baseType="float">1</baseValue>
        </setOutcomeValue>
      </responseIf>
      <responseElse>
        <setOutcomeValue identifier="SCORE806">
          <baseValue baseType="float">0</baseValue>
        </setOutcomeValue>
      </responseElse>
    </responseCondition>
    <responseCondition>
      <responseIf>
        <match>
          <variable identifier="RESPONSE808"/>
          <correct identifier="RESPONSE808"/>
        </match>
        <setOutcomeValue identifier="SCORE808">
          <baseValue baseType="float">1</baseValue>
        </setOutcomeValue>
      </responseIf>
      <responseElse>
        <setOutcomeValue identifier="SCORE808">
          <baseValue baseType="float">0</baseValue>
        </setOutcomeValue>
      </responseElse>
    </responseCondition>
    <setOutcomeValue identifier="SCORE">
      <sum>
        <variable identifier="SCORE806"/>
        <variable identifier="SCORE808"/>
      </sum>
    </setOutcomeValue>
  </responseProcessing>
</assessmentItem>
