<?xml version="1.0"?>
<assessmentItem adaptive="false" identifier="ITEM-LOGIC-MP-210" timeDependent="false" title="Next to and below the graph, drag the correct label to each axis. Then select the drawing that best " toolName="ItemLogic" toolVersion="2.0.0" xmlns="http://www.imsglobal.org/xsd/imsqti_v2p1" xmlns:m="http://www.w3.org/1998/Math/MathML" xmlns:xsi="http://www.w3.org/2001/XMLSchema-instance" xsi:schemaLocation="http://www.imsglobal.org/xsd/imsqti_v2p1  http://www.imsglobal.org/xsd/qti/qtiv2p1/imsqti_v2p1.xsd">
  <responseDeclaration baseType="directedPair" cardinality="multiple" identifier="RESPONSE40">
    <correctResponse>
      <value>GI-16847 HS-16843</value>
      <value>GI-16848 HS-16844</value>
      <value>GI-3952 HS-16845</value>
    </correctResponse>
    <mapping defaultValue="0.00" lowerBound="0.00" upperBound="2.00">
      <mapEntry mapKey="GI-16847 HS-16843" mappedValue="0.50"/>
      <mapEntry mapKey="GI-16848 HS-16844" mappedValue="0.50"/>
      <mapEntry mapKey="GI-3952 HS-16845" mappedValue="1.00"/>
    </mapping>
  </responseDeclaration>
  <outcomeDeclaration baseType="float" cardinality="single" identifier="SCORE40">
    <defaultValue>
      <value>0</value>
    </defaultValue>
  </outcomeDeclaration>
  <outcomeDeclaration baseType="float" cardinality="single" identifier="SCORE">
    <defaultValue>
      <value>0</value>
    </defaultValue>
  </outcomeDeclaration>
  <stylesheet href="../styles/bundled.css" type="text/css"/>
  <stylesheet href="../styles/inline.css" type="text/css"/>
  <itemBody>
    <rubricBlock use="stimulus" view="candidate author proctor scorer testConstructor tutor">
      <div>
        <p>Lauren rides her bike at a constant rate to the bus stop at her friend Kio's house. She then stops and waits at the bus stop with Kio. They both get onto the bus. The bus is moving at a constant rate, faster than the rate Lauren rode her bike to Kio's house.&#xA0;<span>Lauren drew a graph to represent her trip to school.</span></p>
      </div>
    </rubricBlock>
    <graphicGapMatchInteraction responseIdentifier="RESPONSE40">
      <prompt>
        <span><span>Next to and below the graph, drag the correct label to each axis. Then s</span>elect the drawing that best represents Lauren's trip to school and place it on the graph. <br/></span>
        <br/>
      </prompt>
      <object data="../images/FROERI004_Maze_stem_01_o_a9b1f4194d.png" height="238" type="image/png" width="386"/>
      <gapImg identifier="GI-16847" matchMax="1">
        <object data="../images/FROERI004_Maze_opt_a01_o_a0b14b4012.png" height="32" type="image/png" width="176"/>
      </gapImg>
      <gapImg identifier="GI-16848" matchMax="1">
        <object data="../images/FROERI004_Maze_opt_b01_o_f21414b3c6.png" height="32" type="image/png" width="176"/>
      </gapImg>
      <gapImg identifier="GI-3728" matchMax="1">
        <object data="../images/FROERI004_Maze_opt_B01_o_1234e2091c.png" height="109" type="image/png" width="109"/>
      </gapImg>
      <gapImg identifier="GI-3952" matchMax="1">
        <object data="../images/FROERI004_Maze_opt_A01_o_c2f8bc9b6f.png" height="137" type="image/png" width="137"/>
      </gapImg>
      <gapImg identifier="GI-3983" matchMax="1">
        <object data="../images/FROERI004_Maze_opt_D01_o_707f6e5b4d.png" height="136" type="image/png" width="137"/>
      </gapImg>
      <gapImg identifier="GI-3982" matchMax="1">
        <object data="../images/FROERI004_Maze_opt_E01_o_8c1981ba13.png" height="136" type="image/png" width="138"/>
      </gapImg>
      <associableHotspot coords="7,71,187,111" identifier="HS-16843" matchMax="1" shape="rect"/>
      <associableHotspot coords="197,195,397,235" identifier="HS-16844" matchMax="1" shape="rect"/>
      <associableHotspot coords="202,20,362,180" identifier="HS-16845" matchMax="1" shape="rect"/>
    </graphicGapMatchInteraction>
  </itemBody>
  <responseProcessing>
    <responseCondition>
      <responseIf>
        <isNull>
          <variable identifier="RESPONSE40"/>
        </isNull>
        <setOutcomeValue identifier="SCORE40">
          <baseValue baseType="float">0.0</baseValue>
        </setOutcomeValue>
      </responseIf>
      <responseElse>
        <setOutcomeValue identifier="SCORE40">
          <mapResponse identifier="RESPONSE40"/>
        </setOutcomeValue>
      </responseElse>
    </responseCondition>
    <setOutcomeValue identifier="SCORE">
      <sum>
        <variable identifier="SCORE40"/>
      </sum>
    </setOutcomeValue>
  </responseProcessing>
</assessmentItem>
