<?xml version="1.0"?>
<assessmentItem adaptive="false" identifier="ITEM-LOGIC-MP-472" timeDependent="false" title="Based on the information presented in the study, select two ideas that best show the brain is active" toolName="ItemLogic" toolVersion="2.0.0" xmlns="http://www.imsglobal.org/xsd/imsqti_v2p1" xmlns:m="http://www.w3.org/1998/Math/MathML" xmlns:xsi="http://www.w3.org/2001/XMLSchema-instance" xsi:schemaLocation="http://www.imsglobal.org/xsd/imsqti_v2p1  http://www.imsglobal.org/xsd/qti/qtiv2p1/imsqti_v2p1.xsd">
  <responseDeclaration baseType="directedPair" cardinality="multiple" identifier="RESPONSE323">
    <correctResponse>
      <value>GI-6605 HS-7437</value>
      <value>GI-6605 HS-7438</value>
      <value>GI-7436 HS-7437</value>
      <value>GI-7436 HS-7438</value>
    </correctResponse>
    <mapping defaultValue="-1.00" lowerBound="0.00" upperBound="2.00">
      <mapEntry mapKey="GI-6605 HS-7437" mappedValue="1.00"/>
      <mapEntry mapKey="GI-6605 HS-7438" mappedValue="1.00"/>
      <mapEntry mapKey="GI-7436 HS-7437" mappedValue="1.00"/>
      <mapEntry mapKey="GI-7436 HS-7438" mappedValue="1.00"/>
    </mapping>
  </responseDeclaration>
  <outcomeDeclaration baseType="float" cardinality="single" identifier="SCORE323">
    <defaultValue>
      <value>0</value>
    </defaultValue>
  </outcomeDeclaration>
  <outcomeDeclaration baseType="float" cardinality="single" identifier="SCORE">
    <defaultValue>
      <value>0</value>
    </defaultValue>
  </outcomeDeclaration>
  <stylesheet href="../styles/bundled.css" type="text/css"/>
  <stylesheet href="../styles/inline.css" type="text/css"/>
  <itemBody>
    <rubricBlock use="context" view="candidate author proctor scorer testConstructor tutor">
      <div>
        <object data="../passages/RSC-LOGIC-MP-991.html" type="text/html"/>
      </div>
    </rubricBlock>
    <graphicGapMatchInteraction responseIdentifier="RESPONSE323">
      <prompt>Based on the information presented in the study, select two ideas that best show the brain is active during sleep.<br/></prompt>
      <object data="../images/MIGKIR472_Sleep_stem_01_o_aa1bb72793.png" height="105" type="image/png" width="423"/>
      <gapImg identifier="GI-6604" matchMax="1">
        <object data="../images/MIGKIR472_Sleep_opt_A01_o_9ba3fdb40f.png" height="27" type="image/png" width="453"/>
      </gapImg>
      <gapImg identifier="GI-6605" matchMax="1">
        <object data="../images/MIGKIR472_Sleep_opt_B01_o_3ab376dbab.png" height="27" type="image/png" width="453"/>
      </gapImg>
      <gapImg identifier="GI-6606" matchMax="1">
        <object data="../images/MIGKIR472_Sleep_opt_C01_o_5456fb74f4.png" height="27" type="image/png" width="453"/>
      </gapImg>
      <gapImg identifier="GI-7436" matchMax="1">
        <object data="../images/MIGKIR472_Sleep_opt_D01_o_6e81481f7d.png" height="28" type="image/png" width="406"/>
      </gapImg>
      <associableHotspot coords="-22,34,431,62" identifier="HS-7437" matchMax="1" shape="rect"/>
      <associableHotspot coords="-16,70,437,98" identifier="HS-7438" matchMax="1" shape="rect"/>
    </graphicGapMatchInteraction>
  </itemBody>
  <responseProcessing>
    <responseCondition>
      <responseIf>
        <isNull>
          <variable identifier="RESPONSE323"/>
        </isNull>
        <setOutcomeValue identifier="SCORE323">
          <baseValue baseType="float">0.0</baseValue>
        </setOutcomeValue>
      </responseIf>
      <responseElse>
        <setOutcomeValue identifier="SCORE323">
          <mapResponse identifier="RESPONSE323"/>
        </setOutcomeValue>
      </responseElse>
    </responseCondition>
    <setOutcomeValue identifier="SCORE">
      <sum>
        <variable identifier="SCORE323"/>
      </sum>
    </setOutcomeValue>
  </responseProcessing>
</assessmentItem>
