<?xml version="1.0"?>
<assessmentItem adaptive="false" identifier="ITEM-LOGIC-KS-844" timeDependent="false" title="Click on the image of Jackson's reflection." toolName="ItemLogic" toolVersion="2.0.0" xmlns="http://www.imsglobal.org/xsd/imsqti_v2p1" xmlns:m="http://www.w3.org/1998/Math/MathML" xmlns:xsi="http://www.w3.org/2001/XMLSchema-instance" xsi:schemaLocation="http://www.imsglobal.org/xsd/imsqti_v2p1  http://www.imsglobal.org/xsd/qti/qtiv2p1/imsqti_v2p1.xsd">
  <responseDeclaration baseType="identifier" cardinality="multiple" identifier="RESPONSE866">
    <correctResponse>
      <value>HS-14588</value>
    </correctResponse>
  </responseDeclaration>
  <responseDeclaration baseType="identifier" cardinality="single" identifier="RESPONSE867">
    <correctResponse>
      <value>SC-14355</value>
    </correctResponse>
  </responseDeclaration>
  <outcomeDeclaration baseType="float" cardinality="single" identifier="SCORE866">
    <defaultValue>
      <value>0</value>
    </defaultValue>
  </outcomeDeclaration>
  <outcomeDeclaration baseType="float" cardinality="single" identifier="SCORE867">
    <defaultValue>
      <value>0</value>
    </defaultValue>
  </outcomeDeclaration>
  <outcomeDeclaration baseType="float" cardinality="single" identifier="SCORE">
    <defaultValue>
      <value>0</value>
    </defaultValue>
  </outcomeDeclaration>
  <stylesheet href="../styles/bundled.css" type="text/css"/>
  <stylesheet href="../styles/inline.css" type="text/css"/>
  <itemBody>
    <rubricBlock use="stimulus" view="candidate author proctor scorer testConstructor tutor">
      <div>
        <p>Jackson draws a rectangle on a coordinate grid. The coordinates of his rectangle are (2, 1), (2, 3), (5, 1), and (5, 3). Jackson reflects his rectangle over the&#xA0;<em>x</em>-axis.</p>
      </div>
    </rubricBlock>
    <hotspotInteraction maxChoices="0" responseIdentifier="RESPONSE866">
      <prompt>Click on the image of Jackson's reflection.<br/></prompt>
      <object data="../images/grid-reflection@2x_o_593dc2a329.png" height="500" type="image/png" width="500"/>
      <hotspotChoice coords="109,167,192,222" identifier="HS-14586" shape="rect"/>
      <hotspotChoice coords="109,280,192,335" identifier="HS-14587" shape="rect"/>
      <hotspotChoice coords="307,280,390,335" identifier="HS-14588" shape="rect"/>
    </hotspotInteraction>
    <choiceInteraction maxChoices="1" responseIdentifier="RESPONSE867" shuffle="false" xmlns:default="http://www.w3.org/1998/Math/MathML">
      <prompt>Jackson translates his original rectangle 2 units to the right and 1 unit down. What are the coordinates of the image of Jackson's translation?<br/></prompt>
      <simpleChoice fixed="true" identifier="SC-14361" xmlns:default="http://www.w3.org/1998/Math/MathML">
        <p xmlns:default="http://www.w3.org/1998/Math/MathML">
          <m:math xmlns="http://www.w3.org/1998/Math/MathML">   <m:mrow>     <m:mo>(</m:mo>     <m:mn>0</m:mn>     <m:mo>,</m:mo>     <m:mn>2</m:mn>     <m:mo>)</m:mo>   </m:mrow>   <m:mo>,</m:mo>   <m:mrow>     <m:mo>(</m:mo>     <m:mn>0</m:mn>     <m:mo>,</m:mo>     <m:mn>4</m:mn>     <m:mo>)</m:mo>   </m:mrow>   <m:mo>,</m:mo>   <m:mrow>     <m:mo>(</m:mo>     <m:mn>3</m:mn>     <m:mo>,</m:mo>     <m:mn>2</m:mn>     <m:mo>)</m:mo>   </m:mrow>   <m:mo>,</m:mo>   <m:mrow>     <m:mo>(</m:mo>     <m:mn>3</m:mn>     <m:mo>,</m:mo>     <m:mn>4</m:mn>     <m:mo>)</m:mo>   </m:mrow> </m:math>
        </p>
      </simpleChoice>
      <simpleChoice fixed="true" identifier="SC-14359" xmlns:default="http://www.w3.org/1998/Math/MathML">
        <p xmlns:default="http://www.w3.org/1998/Math/MathML">
          <m:math xmlns="http://www.w3.org/1998/Math/MathML">   <m:mrow>     <m:mo>(</m:mo>     <m:mn>1</m:mn>     <m:mo>,</m:mo>     <m:mn>3</m:mn>     <m:mo>)</m:mo>   </m:mrow>   <m:mo>,</m:mo>   <m:mrow>     <m:mo>(</m:mo>     <m:mn>1</m:mn>     <m:mo>,</m:mo>     <m:mn>5</m:mn>     <m:mo>)</m:mo>   </m:mrow>   <m:mo>,</m:mo>   <m:mrow>     <m:mo>(</m:mo>     <m:mn>4</m:mn>     <m:mo>,</m:mo>     <m:mn>3</m:mn>     <m:mo>)</m:mo>   </m:mrow>   <m:mo>,</m:mo>   <m:mrow>     <m:mo>(</m:mo>     <m:mn>4</m:mn>     <m:mo>,</m:mo>     <m:mn>5</m:mn>     <m:mo>)</m:mo>   </m:mrow> </m:math>
        </p>
      </simpleChoice>
      <simpleChoice fixed="true" identifier="SC-14355" xmlns:default="http://www.w3.org/1998/Math/MathML">
        <p xmlns:default="http://www.w3.org/1998/Math/MathML">
          <m:math xmlns="http://www.w3.org/1998/Math/MathML">   <m:mrow>     <m:mo>(</m:mo>     <m:mn>4</m:mn>     <m:mo>,</m:mo>     <m:mn>0</m:mn>     <m:mo>)</m:mo>   </m:mrow>   <m:mo>,</m:mo>   <m:mrow>     <m:mo>(</m:mo>     <m:mn>4</m:mn>     <m:mo>,</m:mo>     <m:mn>2</m:mn>     <m:mo>)</m:mo>   </m:mrow>   <m:mo>,</m:mo>   <m:mrow>     <m:mo>(</m:mo>     <m:mn>7</m:mn>     <m:mo>,</m:mo>     <m:mn>0</m:mn>     <m:mo>)</m:mo>   </m:mrow>   <m:mo>,</m:mo>   <m:mrow>     <m:mo>(</m:mo>     <m:mn>7</m:mn>     <m:mo>,</m:mo>     <m:mn>2</m:mn>     <m:mo>)</m:mo>   </m:mrow> </m:math>
        </p>
      </simpleChoice>
      <simpleChoice fixed="true" identifier="SC-14356" xmlns:default="http://www.w3.org/1998/Math/MathML">
        <p xmlns:default="http://www.w3.org/1998/Math/MathML">
          <m:math xmlns="http://www.w3.org/1998/Math/MathML">   <m:mrow>     <m:mo>(</m:mo>     <m:mn>3</m:mn>     <m:mo>,</m:mo>     <m:mo>&#x2212;<!-- − --></m:mo>     <m:mn>1</m:mn>     <m:mo>)</m:mo>   </m:mrow>   <m:mo>,</m:mo>   <m:mrow>     <m:mo>(</m:mo>     <m:mn>3</m:mn>     <m:mo>,</m:mo>     <m:mn>2</m:mn>     <m:mo>)</m:mo>   </m:mrow>   <m:mo>,</m:mo>   <m:mrow>     <m:mo>(</m:mo>     <m:mn>6</m:mn>     <m:mo>,</m:mo>     <m:mo>&#x2212;<!-- − --></m:mo>     <m:mn>1</m:mn>     <m:mo>)</m:mo>   </m:mrow>   <m:mo>,</m:mo>   <m:mrow>     <m:mo>(</m:mo>     <m:mn>6</m:mn>     <m:mo>,</m:mo>     <m:mn>1</m:mn>     <m:mo>)</m:mo>   </m:mrow> </m:math>
        </p>
      </simpleChoice>
    </choiceInteraction>
  </itemBody>
  <responseProcessing>
    <responseCondition>
      <responseIf>
        <match>
          <variable identifier="RESPONSE866"/>
          <correct identifier="RESPONSE866"/>
        </match>
        <setOutcomeValue identifier="SCORE866">
          <baseValue baseType="float">1</baseValue>
        </setOutcomeValue>
      </responseIf>
      <responseElse>
        <setOutcomeValue identifier="SCORE866">
          <baseValue baseType="float">0</baseValue>
        </setOutcomeValue>
      </responseElse>
    </responseCondition>
    <responseCondition>
      <responseIf>
        <match>
          <variable identifier="RESPONSE867"/>
          <correct identifier="RESPONSE867"/>
        </match>
        <setOutcomeValue identifier="SCORE867">
          <baseValue baseType="float">1</baseValue>
        </setOutcomeValue>
      </responseIf>
      <responseElse>
        <setOutcomeValue identifier="SCORE867">
          <baseValue baseType="float">0</baseValue>
        </setOutcomeValue>
      </responseElse>
    </responseCondition>
    <setOutcomeValue identifier="SCORE">
      <sum>
        <variable identifier="SCORE866"/>
        <variable identifier="SCORE867"/>
      </sum>
    </setOutcomeValue>
  </responseProcessing>
</assessmentItem>
