<?xml version="1.0"?>
<assessmentItem adaptive="false" identifier="ITEM-LOGIC-KS-983" timeDependent="false" title="Match each event in the story to the way Erin and Joanne feel about it." toolName="ItemLogic" toolVersion="2.0.0" xmlns="http://www.imsglobal.org/xsd/imsqti_v2p1" xmlns:m="http://www.w3.org/1998/Math/MathML" xmlns:xsi="http://www.w3.org/2001/XMLSchema-instance" xsi:schemaLocation="http://www.imsglobal.org/xsd/imsqti_v2p1  http://www.imsglobal.org/xsd/qti/qtiv2p1/imsqti_v2p1.xsd">
  <responseDeclaration baseType="directedPair" cardinality="multiple" identifier="RESPONSE1005">
    <correctResponse>
      <value>SAC-17430 SAC-17419</value>
      <value>SAC-17431 SAC-17422</value>
      <value>SAC-17432 SAC-17422</value>
      <value>SAC-17433 SAC-17419</value>
    </correctResponse>
    <mapping defaultValue="0.00" lowerBound="0.00" upperBound="2.00">
      <mapEntry mapKey="SAC-17430 SAC-17419" mappedValue="0.50"/>
      <mapEntry mapKey="SAC-17430 SAC-17422" mappedValue="0.00"/>
      <mapEntry mapKey="SAC-17431 SAC-17419" mappedValue="0.00"/>
      <mapEntry mapKey="SAC-17431 SAC-17422" mappedValue="0.50"/>
      <mapEntry mapKey="SAC-17432 SAC-17419" mappedValue="0.00"/>
      <mapEntry mapKey="SAC-17432 SAC-17422" mappedValue="0.50"/>
      <mapEntry mapKey="SAC-17433 SAC-17419" mappedValue="0.50"/>
      <mapEntry mapKey="SAC-17433 SAC-17422" mappedValue="0.00"/>
    </mapping>
  </responseDeclaration>
  <outcomeDeclaration baseType="float" cardinality="single" identifier="SCORE1005">
    <defaultValue>
      <value>0</value>
    </defaultValue>
  </outcomeDeclaration>
  <outcomeDeclaration baseType="float" cardinality="single" identifier="SCORE">
    <defaultValue>
      <value>0</value>
    </defaultValue>
  </outcomeDeclaration>
  <stylesheet href="../styles/bundled.css" type="text/css"/>
  <stylesheet href="../styles/inline.css" type="text/css"/>
  <itemBody>
    <rubricBlock use="context" view="candidate author proctor scorer testConstructor tutor">
      <div>
        <object data="../passages/RSC-LOGIC-KS-7322.html" type="text/html"/>
      </div>
    </rubricBlock>
    <rubricBlock use="stimulus" view="candidate author proctor scorer testConstructor tutor">
      <div>
        <p>The picture and the details in the story, <em>Too Crowded, </em>let the reader know&#xA0;how Erin and Joanne feel.</p>
      </div>
    </rubricBlock>
    <matchInteraction class="table" maxAssociations="8" responseIdentifier="RESPONSE1005" shuffle="false">
      <prompt>Match each event in the story to the way Erin and Joanne feel about it.<br/></prompt>
      <simpleMatchSet>
        <simpleAssociableChoice identifier="SAC-17430" matchMax="1">
          <p>walking to the new pool</p>
        </simpleAssociableChoice>
        <simpleAssociableChoice identifier="SAC-17431" matchMax="1">
          <p>seeing the kids and adults in the pool</p>
        </simpleAssociableChoice>
        <simpleAssociableChoice identifier="SAC-17432" matchMax="1">
          <p>seeing the chairs around the pool area</p>
        </simpleAssociableChoice>
        <simpleAssociableChoice identifier="SAC-17433" matchMax="1">
          <p>seeing the community lake</p>
        </simpleAssociableChoice>
      </simpleMatchSet>
      <simpleMatchSet>
        <simpleAssociableChoice identifier="SAC-17419" matchMax="4">
          <p>Happy and hopeful</p>
        </simpleAssociableChoice>
        <simpleAssociableChoice identifier="SAC-17422" matchMax="4">
          <p>Upset and disappointed</p>
        </simpleAssociableChoice>
      </simpleMatchSet>
    </matchInteraction>
  </itemBody>
  <responseProcessing>
    <responseCondition>
      <responseIf>
        <isNull>
          <variable identifier="RESPONSE1005"/>
        </isNull>
        <setOutcomeValue identifier="SCORE1005">
          <baseValue baseType="float">0.0</baseValue>
        </setOutcomeValue>
      </responseIf>
      <responseElse>
        <setOutcomeValue identifier="SCORE1005">
          <mapResponse identifier="RESPONSE1005"/>
        </setOutcomeValue>
      </responseElse>
    </responseCondition>
    <setOutcomeValue identifier="SCORE">
      <sum>
        <variable identifier="SCORE1005"/>
      </sum>
    </setOutcomeValue>
  </responseProcessing>
</assessmentItem>
