<?xml version="1.0"?>
<assessmentItem adaptive="false" identifier="ITEM-LOGIC-MP-405" timeDependent="false" title="List the students in order from the student with the longest cricket to the student with the shortes" toolName="ItemLogic" toolVersion="2.0.0" xmlns="http://www.imsglobal.org/xsd/imsqti_v2p1" xmlns:m="http://www.w3.org/1998/Math/MathML" xmlns:xsi="http://www.w3.org/2001/XMLSchema-instance" xsi:schemaLocation="http://www.imsglobal.org/xsd/imsqti_v2p1  http://www.imsglobal.org/xsd/qti/qtiv2p1/imsqti_v2p1.xsd">
  <responseDeclaration baseType="identifier" cardinality="ordered" identifier="RESPONSE203">
    <correctResponse>
      <value>SC-5005</value>
      <value>SC-5009</value>
      <value>SC-5010</value>
      <value>SC-5866</value>
    </correctResponse>
  </responseDeclaration>
  <outcomeDeclaration baseType="float" cardinality="single" identifier="SCORE203">
    <defaultValue>
      <value>0</value>
    </defaultValue>
  </outcomeDeclaration>
  <outcomeDeclaration baseType="float" cardinality="single" identifier="SCORE">
    <defaultValue>
      <value>0</value>
    </defaultValue>
  </outcomeDeclaration>
  <stylesheet href="../styles/bundled.css" type="text/css"/>
  <stylesheet href="../styles/inline.css" type="text/css"/>
  <itemBody>
    <rubricBlock use="stimulus" view="candidate author proctor scorer testConstructor tutor">
      <div><p>Calvin, Sarah, Lance, and Kelly each caught a cricket.</p> <ul> <li>Calvin's cricket is 3.17 centimeters long.</li> <li>Sarah's cricket is 3.4 centimeters long.</li> <li>Lance's cricket is 3.01 centimeters long.</li> <li>Kelly's cricket is shorter than Sarah's cricket and longer than Calvin's cricket.</li> </ul></div>
    </rubricBlock>
    <orderInteraction orientation="vertical" responseIdentifier="RESPONSE203" shuffle="false">
      <prompt>List the students in order from the student with the <strong>longest</strong> cricket to the student with the <strong>shortest</strong> cricket.<br/></prompt>
      <simpleChoice identifier="SC-5010">
        <p>Calvin</p>
      </simpleChoice>
      <simpleChoice identifier="SC-5005">
        <p>Sarah</p>
      </simpleChoice>
      <simpleChoice identifier="SC-5866">
        <p>Lance</p>
      </simpleChoice>
      <simpleChoice identifier="SC-5009">
        <p>Kelly</p>
      </simpleChoice>
    </orderInteraction>
  </itemBody>
  <responseProcessing>
    <responseCondition>
      <responseIf>
        <match>
          <variable identifier="RESPONSE203"/>
          <correct identifier="RESPONSE203"/>
        </match>
        <setOutcomeValue identifier="SCORE203">
          <baseValue baseType="float">1</baseValue>
        </setOutcomeValue>
      </responseIf>
      <responseElse>
        <setOutcomeValue identifier="SCORE203">
          <baseValue baseType="float">0</baseValue>
        </setOutcomeValue>
      </responseElse>
    </responseCondition>
    <setOutcomeValue identifier="SCORE">
      <sum>
        <variable identifier="SCORE203"/>
      </sum>
    </setOutcomeValue>
  </responseProcessing>
</assessmentItem>
