<?xml version="1.0"?>
<assessmentItem adaptive="false" identifier="ITEM-LOGIC-MP-449" timeDependent="false" title="Order the numbers from the greatest distance from 0 on the number line to the least distance from 0 " toolName="ItemLogic" toolVersion="2.0.0" xmlns="http://www.imsglobal.org/xsd/imsqti_v2p1" xmlns:m="http://www.w3.org/1998/Math/MathML" xmlns:xsi="http://www.w3.org/2001/XMLSchema-instance" xsi:schemaLocation="http://www.imsglobal.org/xsd/imsqti_v2p1  http://www.imsglobal.org/xsd/qti/qtiv2p1/imsqti_v2p1.xsd">
  <responseDeclaration baseType="identifier" cardinality="ordered" identifier="RESPONSE282">
    <correctResponse>
      <value>SC-7816</value>
      <value>SC-7815</value>
      <value>SC-7814</value>
      <value>SC-7817</value>
    </correctResponse>
  </responseDeclaration>
  <outcomeDeclaration baseType="float" cardinality="single" identifier="SCORE282">
    <defaultValue>
      <value>0</value>
    </defaultValue>
  </outcomeDeclaration>
  <outcomeDeclaration baseType="float" cardinality="single" identifier="SCORE">
    <defaultValue>
      <value>0</value>
    </defaultValue>
  </outcomeDeclaration>
  <stylesheet href="../styles/bundled.css" type="text/css"/>
  <stylesheet href="../styles/inline.css" type="text/css"/>
  <itemBody>
    <rubricBlock use="stimulus" view="candidate author proctor scorer testConstructor tutor">
      <div>
        <p>Sam ordered numbers according to their distance from 0 on a number line.</p>
        <p>
          <object data="../images/ERIFRO447_number_line_0c08238d9b.png" height="299" type="image/png" width="48"/>
        </p>
      </div>
    </rubricBlock>
    <orderInteraction maxChoices="2" orientation="vertical" responseIdentifier="RESPONSE282" shuffle="false" xmlns:default="http://www.w3.org/1998/Math/MathML">
      <prompt>Order the numbers from the <strong>greatest </strong>distance from 0 on the number line to the <strong>least</strong> distance from 0 on the number line.<br/></prompt>
      <simpleChoice identifier="SC-7814" xmlns:default="http://www.w3.org/1998/Math/MathML">
        <m:math xmlns="http://www.w3.org/1998/Math/MathML">   <m:mrow>     <m:mo>|</m:mo>     <m:mo>&#x2212;<!-- âˆ’ --></m:mo>     <m:mn>2</m:mn>     <m:mo>|</m:mo>   </m:mrow> </m:math>
      </simpleChoice>
      <simpleChoice identifier="SC-7815" xmlns:default="http://www.w3.org/1998/Math/MathML">
        <m:math xmlns="http://www.w3.org/1998/Math/MathML">   <m:mrow>     <m:mo>|</m:mo>     <m:mn>3</m:mn>     <m:mo>|</m:mo>   </m:mrow> </m:math>
      </simpleChoice>
      <simpleChoice identifier="SC-7816" xmlns:default="http://www.w3.org/1998/Math/MathML">
        <m:math xmlns="http://www.w3.org/1998/Math/MathML">   <m:mrow>     <m:mo>|</m:mo>     <m:mo>&#x2212;<!-- âˆ’ --></m:mo>     <m:mn>4</m:mn>     <m:mo>|</m:mo>   </m:mrow> </m:math>
      </simpleChoice>
      <simpleChoice identifier="SC-7817" xmlns:default="http://www.w3.org/1998/Math/MathML">
        <m:math xmlns="http://www.w3.org/1998/Math/MathML">   <m:mrow>     <m:mo>|</m:mo>     <m:mn>1</m:mn>     <m:mo>|</m:mo>   </m:mrow> </m:math>
      </simpleChoice>
    </orderInteraction>
  </itemBody>
  <responseProcessing>
    <responseCondition>
      <responseIf>
        <match>
          <variable identifier="RESPONSE282"/>
          <correct identifier="RESPONSE282"/>
        </match>
        <setOutcomeValue identifier="SCORE282">
          <baseValue baseType="float">1</baseValue>
        </setOutcomeValue>
      </responseIf>
      <responseElse>
        <setOutcomeValue identifier="SCORE282">
          <baseValue baseType="float">0</baseValue>
        </setOutcomeValue>
      </responseElse>
    </responseCondition>
    <setOutcomeValue identifier="SCORE">
      <sum>
        <variable identifier="SCORE282"/>
      </sum>
    </setOutcomeValue>
  </responseProcessing>
</assessmentItem>
