<?xml version="1.0"?>
<assessmentItem adaptive="false" identifier="ITEM-LOGIC-KS-790" timeDependent="false" title="Click the two words in Cole's number that are incorrect." toolName="ItemLogic" toolVersion="2.0.0" xmlns="http://www.imsglobal.org/xsd/imsqti_v2p1" xmlns:m="http://www.w3.org/1998/Math/MathML" xmlns:xsi="http://www.w3.org/2001/XMLSchema-instance" xsi:schemaLocation="http://www.imsglobal.org/xsd/imsqti_v2p1  http://www.imsglobal.org/xsd/qti/qtiv2p1/imsqti_v2p1.xsd">
  <responseDeclaration baseType="identifier" cardinality="multiple" identifier="RESPONSE766">
    <correctResponse>
      <value>HT-12388</value>
      <value>HT-12389</value>
    </correctResponse>
  </responseDeclaration>
  <responseDeclaration baseType="identifier" cardinality="single" identifier="RESPONSE768">
    <correctResponse>
      <value>SC-12391</value>
    </correctResponse>
  </responseDeclaration>
  <outcomeDeclaration baseType="float" cardinality="single" identifier="SCORE766">
    <defaultValue>
      <value>0</value>
    </defaultValue>
  </outcomeDeclaration>
  <outcomeDeclaration baseType="float" cardinality="single" identifier="SCORE768">
    <defaultValue>
      <value>0</value>
    </defaultValue>
  </outcomeDeclaration>
  <outcomeDeclaration baseType="float" cardinality="single" identifier="SCORE">
    <defaultValue>
      <value>0</value>
    </defaultValue>
  </outcomeDeclaration>
  <stylesheet href="../styles/bundled.css" type="text/css"/>
  <stylesheet href="../styles/inline.css" type="text/css"/>
  <itemBody>
    <rubricBlock use="stimulus" view="candidate author proctor scorer testConstructor tutor">
      <div>
        <p>Mrs. Green's classroom library has 107 books.</p>
        <p>
          <object data="../images/boy-in-library@2x_c27bef94a7.png" height="312" type="image/png" width="400"/>
        </p>
        <p>Cole says the number of books equals 1 hundred, 7 tens, and 0 ones. Cole is incorrect.</p>
      </div>
    </rubricBlock>
    <hottextInteraction maxChoices="0" responseIdentifier="RESPONSE766">
      <prompt>Click the <strong>two</strong> words in Cole's number that are incorrect.<br/></prompt>
      <p>1 <hottext identifier="HT-12387">hundred</hottext>, 7 <hottext identifier="HT-12388">tens</hottext>, and 0 <hottext identifier="HT-12389">ones</hottext></p>
    </hottextInteraction>
    <choiceInteraction maxChoices="1" responseIdentifier="RESPONSE768" shuffle="false">
      <prompt>Which statement is correct?<br/></prompt>
      <simpleChoice fixed="true" identifier="SC-12391">
        <p><span>The number Cole wrote is 170.&#xA0;</span>The correct number is 1 hundred, 0 tens, and 7 ones.</p>
      </simpleChoice>
      <simpleChoice fixed="true" identifier="SC-12392">
        <p><span>The number Cole wrote is 710.&#xA0;</span>The correct number is 0 hundreds, 1 ten, and 7 ones.</p>
      </simpleChoice>
      <simpleChoice fixed="true" identifier="SC-12393">
        <p><span>The number Cole wrote is 017.&#xA0;</span>The correct number is 7 hundreds, 0 tens, and 1 one.</p>
      </simpleChoice>
      <simpleChoice fixed="true" identifier="SC-12394">
        <p><span>The number Cole wrote is 701.&#xA0;</span>The correct number is 7 hundreds, 1 ten, and 7 ones.</p>
      </simpleChoice>
    </choiceInteraction>
  </itemBody>
  <responseProcessing>
    <responseCondition>
      <responseIf>
        <match>
          <variable identifier="RESPONSE766"/>
          <correct identifier="RESPONSE766"/>
        </match>
        <setOutcomeValue identifier="SCORE766">
          <baseValue baseType="float">1</baseValue>
        </setOutcomeValue>
      </responseIf>
      <responseElse>
        <setOutcomeValue identifier="SCORE766">
          <baseValue baseType="float">0</baseValue>
        </setOutcomeValue>
      </responseElse>
    </responseCondition>
    <responseCondition>
      <responseIf>
        <match>
          <variable identifier="RESPONSE768"/>
          <correct identifier="RESPONSE768"/>
        </match>
        <setOutcomeValue identifier="SCORE768">
          <baseValue baseType="float">1</baseValue>
        </setOutcomeValue>
      </responseIf>
      <responseElse>
        <setOutcomeValue identifier="SCORE768">
          <baseValue baseType="float">0</baseValue>
        </setOutcomeValue>
      </responseElse>
    </responseCondition>
    <setOutcomeValue identifier="SCORE">
      <sum>
        <variable identifier="SCORE766"/>
        <variable identifier="SCORE768"/>
      </sum>
    </setOutcomeValue>
  </responseProcessing>
</assessmentItem>
