<?xml version="1.0"?>
<assessmentItem adaptive="false" identifier="ITEM-LOGIC-MP-426" timeDependent="false" title="Select the word that best completes each sentence." toolName="ItemLogic" toolVersion="2.0.0" xmlns="http://www.imsglobal.org/xsd/imsqti_v2p1" xmlns:m="http://www.w3.org/1998/Math/MathML" xmlns:xsi="http://www.w3.org/2001/XMLSchema-instance" xsi:schemaLocation="http://www.imsglobal.org/xsd/imsqti_v2p1  http://www.imsglobal.org/xsd/qti/qtiv2p1/imsqti_v2p1.xsd">
  <responseDeclaration baseType="identifier" cardinality="single" identifier="RESPONSE240">
    <correctResponse>
      <value>IC-5238</value>
    </correctResponse>
  </responseDeclaration>
  <responseDeclaration baseType="identifier" cardinality="single" identifier="RESPONSE242">
    <correctResponse>
      <value>IC-5232</value>
    </correctResponse>
  </responseDeclaration>
  <outcomeDeclaration baseType="float" cardinality="single" identifier="SCORE240">
    <defaultValue>
      <value>0</value>
    </defaultValue>
  </outcomeDeclaration>
  <outcomeDeclaration baseType="float" cardinality="single" identifier="SCORE242">
    <defaultValue>
      <value>0</value>
    </defaultValue>
  </outcomeDeclaration>
  <outcomeDeclaration baseType="float" cardinality="single" identifier="SCORE">
    <defaultValue>
      <value>0</value>
    </defaultValue>
  </outcomeDeclaration>
  <stylesheet href="../styles/bundled.css" type="text/css"/>
  <stylesheet href="../styles/inline.css" type="text/css"/>
  <itemBody>
    <rubricBlock use="context" view="candidate author proctor scorer testConstructor tutor">
      <div>
        <object data="../passages/RSC-LOGIC-MP-984.html" type="text/html"/>
      </div>
    </rubricBlock>
    <div class="stem stem_inline">
      <div class="stem_prompt">
        <p>
          <span class="style-9a6b2f1c152ed63441e9037431e2e1eb">Select the word that <strong>best</strong> completes each sentence.</span>
        </p>
      </div>
      <p>When the Aleuts confronted the narrator's father about the fish, the word that best describes her father is <inlineChoiceInteraction responseIdentifier="RESPONSE240" shuffle="false"><inlineChoice identifier="IC-5239">inconsiderate</inlineChoice><inlineChoice identifier="IC-5238">frank</inlineChoice><inlineChoice identifier="IC-5240">encouraging</inlineChoice><inlineChoice identifier="IC-5241">selfish</inlineChoice></inlineChoiceInteraction>.</p>
    </div>
    <div class="stem stem_inline">
      <p>When the Aleuts left the narrator's village after talking to her father, the word that <strong>best</strong> describes the Aleuts is <inlineChoiceInteraction responseIdentifier="RESPONSE242" shuffle="false"><inlineChoice identifier="IC-5234">unmotivated</inlineChoice><inlineChoice identifier="IC-5233">curious</inlineChoice><inlineChoice identifier="IC-5232">annoyed</inlineChoice><inlineChoice identifier="IC-5235">desperate</inlineChoice></inlineChoiceInteraction>.</p>
    </div>
  </itemBody>
  <responseProcessing>
    <responseCondition>
      <responseIf>
        <match>
          <variable identifier="RESPONSE240"/>
          <correct identifier="RESPONSE240"/>
        </match>
        <setOutcomeValue identifier="SCORE240">
          <baseValue baseType="float">1</baseValue>
        </setOutcomeValue>
      </responseIf>
      <responseElse>
        <setOutcomeValue identifier="SCORE240">
          <baseValue baseType="float">0</baseValue>
        </setOutcomeValue>
      </responseElse>
    </responseCondition>
    <responseCondition>
      <responseIf>
        <match>
          <variable identifier="RESPONSE242"/>
          <correct identifier="RESPONSE242"/>
        </match>
        <setOutcomeValue identifier="SCORE242">
          <baseValue baseType="float">1</baseValue>
        </setOutcomeValue>
      </responseIf>
      <responseElse>
        <setOutcomeValue identifier="SCORE242">
          <baseValue baseType="float">0</baseValue>
        </setOutcomeValue>
      </responseElse>
    </responseCondition>
    <setOutcomeValue identifier="SCORE">
      <sum>
        <variable identifier="SCORE240"/>
        <variable identifier="SCORE242"/>
      </sum>
    </setOutcomeValue>
  </responseProcessing>
</assessmentItem>
