<?xml version="1.0"?>
<assessmentItem adaptive="false" identifier="ITEM-LOGIC-MP-363" timeDependent="false" title="Choose the information that makes the statement true." toolName="ItemLogic" toolVersion="2.0.0" xmlns="http://www.imsglobal.org/xsd/imsqti_v2p1" xmlns:m="http://www.w3.org/1998/Math/MathML" xmlns:xsi="http://www.w3.org/2001/XMLSchema-instance" xsi:schemaLocation="http://www.imsglobal.org/xsd/imsqti_v2p1  http://www.imsglobal.org/xsd/qti/qtiv2p1/imsqti_v2p1.xsd">
  <responseDeclaration baseType="identifier" cardinality="single" identifier="RESPONSE143">
    <correctResponse>
      <value>IC-4380</value>
    </correctResponse>
  </responseDeclaration>
  <outcomeDeclaration baseType="float" cardinality="single" identifier="SCORE143">
    <defaultValue>
      <value>0</value>
    </defaultValue>
  </outcomeDeclaration>
  <outcomeDeclaration baseType="float" cardinality="single" identifier="SCORE">
    <defaultValue>
      <value>0</value>
    </defaultValue>
  </outcomeDeclaration>
  <stylesheet href="../styles/bundled.css" type="text/css"/>
  <stylesheet href="../styles/inline.css" type="text/css"/>
  <itemBody>
    <div class="stem stem_inline">
      <div class="stem_prompt">
        <p>Choose the information that makes the statement true.</p>
      </div>
      <p>The value of 5 in <strong>85,301</strong> is <inlineChoiceInteraction responseIdentifier="RESPONSE143" shuffle="false"><inlineChoice identifier="IC-4377">0</inlineChoice><inlineChoice identifier="IC-4378">1</inlineChoice><inlineChoice identifier="IC-4379">5</inlineChoice><inlineChoice identifier="IC-4380">10</inlineChoice><inlineChoice identifier="IC-4381">100</inlineChoice><inlineChoice identifier="IC-4382">1000</inlineChoice></inlineChoiceInteraction> times greater than the value of 5 in <strong>13,526</strong>.</p>
    </div>
  </itemBody>
  <responseProcessing>
    <responseCondition>
      <responseIf>
        <match>
          <variable identifier="RESPONSE143"/>
          <correct identifier="RESPONSE143"/>
        </match>
        <setOutcomeValue identifier="SCORE143">
          <baseValue baseType="float">1</baseValue>
        </setOutcomeValue>
      </responseIf>
      <responseElse>
        <setOutcomeValue identifier="SCORE143">
          <baseValue baseType="float">0</baseValue>
        </setOutcomeValue>
      </responseElse>
    </responseCondition>
    <setOutcomeValue identifier="SCORE">
      <sum>
        <variable identifier="SCORE143"/>
      </sum>
    </setOutcomeValue>
  </responseProcessing>
</assessmentItem>
