<?xml version="1.0"?>
<assessmentItem adaptive="false" identifier="ITEM-LOGIC-MP-240" timeDependent="false" title="Distinguish whether the dialogue sets create humor through differences in point of view." toolName="ItemLogic" toolVersion="2.0.0" xmlns="http://www.imsglobal.org/xsd/imsqti_v2p1" xmlns:m="http://www.w3.org/1998/Math/MathML" xmlns:xsi="http://www.w3.org/2001/XMLSchema-instance" xsi:schemaLocation="http://www.imsglobal.org/xsd/imsqti_v2p1  http://www.imsglobal.org/xsd/qti/qtiv2p1/imsqti_v2p1.xsd">
  <responseDeclaration baseType="identifier" cardinality="multiple" identifier="RESPONSE80">
    <correctResponse>
      <value>HT-6529</value>
      <value>HT-6531</value>
      <value>HT-6533</value>
      <value>HT-6534</value>
      <value>HT-6536</value>
    </correctResponse>
  </responseDeclaration>
  <outcomeDeclaration baseType="float" cardinality="single" identifier="SCORE80">
    <defaultValue>
      <value>0</value>
    </defaultValue>
  </outcomeDeclaration>
  <outcomeDeclaration baseType="float" cardinality="single" identifier="SCORE">
    <defaultValue>
      <value>0</value>
    </defaultValue>
  </outcomeDeclaration>
  <stylesheet href="../styles/bundled.css" type="text/css"/>
  <stylesheet href="../styles/inline.css" type="text/css"/>
  <itemBody>
    <rubricBlock use="context" view="candidate author proctor scorer testConstructor tutor">
      <div>
        <object data="../passages/RSC-LOGIC-MP-330.html" type="text/html"/>
      </div>
    </rubricBlock>
    <hottextInteraction maxChoices="0" responseIdentifier="RESPONSE80">
      <prompt>Determine whether the dialogue sets create humor through differences in point of view.<br/></prompt>
      <table class="style-a3f303f2f8a08e1dfaa5bdde04c0641d"> <tbody class="SCX250416968"> <tr class="TableRowSCX250416968"> <td class="style-25150780864b21cd93ec9cb82758edc1"><span class="style-ee989b5820727b1e90d5b0a63380e39c">Dialogue Sets</span></td> <td class="style-25150780864b21cd93ec9cb82758edc1" colspan="2"><span class="style-ee989b5820727b1e90d5b0a63380e39c">Creates Humor Through Differences in Point of View</span></td> </tr> <tr class="TableRowSCX250416968"> <td class="style-25150780864b21cd93ec9cb82758edc1"> <p class="style-d32bcb9b1aba4d9def9688e01ef48247"><span class="TextRunSCX250416968">&#x201C;Do you know many of the people round here?&#x201D;  (paragraph 5)</span></p> <p class="style-d32bcb9b1aba4d9def9688e01ef48247"><span class="TextRunSCX250416968">&#x201C;Hardly a soul,&#x201D;  (paragraph 6)</span></p> </td> <td class="style-25150780864b21cd93ec9cb82758edc1"> <p class="style-d32bcb9b1aba4d9def9688e01ef48247"><span class="EOPSCX250416968"><hottext identifier="HT-6528">Yes</hottext></span></p> </td> <td class="style-25150780864b21cd93ec9cb82758edc1"><hottext identifier="HT-6529">No</hottext></td> </tr> <tr class="TableRowSCX250416968"> <td class="style-25150780864b21cd93ec9cb82758edc1"> <p class="style-d32bcb9b1aba4d9def9688e01ef48247"><span class="TextRunSCX250416968">&#x201C;You may wonder why we keep that window wide open on an October afternoon,&#x201D;  (paragraph 12)</span></p> <p class="style-d32bcb9b1aba4d9def9688e01ef48247"><span class="TextRunSCX250416968">&#x201C;It is quite warm for the time of the year . . . but has that window got anything to do with the tragedy?&#x201D;  (paragraph 13)</span></p> </td> <td class="style-25150780864b21cd93ec9cb82758edc1"> <p class="style-d32bcb9b1aba4d9def9688e01ef48247"><span class="EOPSCX250416968"><hottext identifier="HT-6530">Yes</hottext></span></p> </td> <td class="style-25150780864b21cd93ec9cb82758edc1"> <p class="style-d32bcb9b1aba4d9def9688e01ef48247"><span class="EOPSCX250416968"><hottext identifier="HT-6531">No</hottext></span></p> </td> </tr> <tr class="TableRowSCX250416968"> <td class="style-25150780864b21cd93ec9cb82758edc1"> <p class="style-d32bcb9b1aba4d9def9688e01ef48247"><span class="TextRunSCX250416968">&#x201C;I hope Vera has been amusing you?&#x201D;  (paragraph 16)</span></p> <p class="style-d32bcb9b1aba4d9def9688e01ef48247"><span class="TextRunSCX250416968">&#x201C;She has been very interesting,&#x201D;  (paragraph 17)</span></p> </td> <td class="style-25150780864b21cd93ec9cb82758edc1"> <p class="style-d32bcb9b1aba4d9def9688e01ef48247"><span class="EOPSCX250416968"><hottext identifier="HT-6532">Yes</hottext></span></p> </td> <td class="style-25150780864b21cd93ec9cb82758edc1"> <p class="style-d32bcb9b1aba4d9def9688e01ef48247"><span class="EOPSCX250416968"><hottext identifier="HT-6533">No</hottext></span></p> </td> </tr> <tr class="TableRowSCX250416968"> <td class="style-25150780864b21cd93ec9cb82758edc1"> <p class="style-d32bcb9b1aba4d9def9688e01ef48247"><span class="TextRunSCX250416968">&#x201C;They&#x2019;ve been out for snipe in the marshes to-day, so they&#x2019;ll make a fine mess over my poor carpets. So like you men-folk, isn&#x2019;t it?&#x201D;  (paragraph 18)</span></p> <p class="style-d32bcb9b1aba4d9def9688e01ef48247"><span class="TextRunSCX250416968">&#x201C;The doctors agree in ordering me complete rest, an absence of mental excitement, and avoidance of anything in the nature of violent physical exercise,&#x201D;  (paragraph 20)</span></p> </td> <td class="style-25150780864b21cd93ec9cb82758edc1"> <p class="style-d32bcb9b1aba4d9def9688e01ef48247"><span class="EOPSCX250416968"><hottext identifier="HT-6534">Yes</hottext></span></p> </td> <td class="style-25150780864b21cd93ec9cb82758edc1"><hottext identifier="HT-6535">No</hottext></td> </tr> <tr class="TableRowSCX250416968"> <td class="style-25150780864b21cd93ec9cb82758edc1"> <p class="style-d32bcb9b1aba4d9def9688e01ef48247"><span class="TextRunSCX250416968">&#x201C;One would think he had seen a ghost.&#x201D;  (paragraph 27)</span></p> <p class="style-d32bcb9b1aba4d9def9688e01ef48247"><span class="TextRunSCX250416968">&#x201C;I expect it was the spaniel,&#x201D;  (paragraph 28)</span></p> </td> <td class="style-25150780864b21cd93ec9cb82758edc1"> <p class="style-d32bcb9b1aba4d9def9688e01ef48247"><span class="EOPSCX250416968"><hottext identifier="HT-6536">Yes</hottext></span></p> </td> <td class="style-25150780864b21cd93ec9cb82758edc1"> <p class="style-d32bcb9b1aba4d9def9688e01ef48247"><span class="EOPSCX250416968"><hottext identifier="HT-6537">No</hottext></span></p> </td> </tr> </tbody> </table>
    </hottextInteraction>
  </itemBody>
  <responseProcessing>
    <responseCondition>
      <responseIf>
        <match>
          <variable identifier="RESPONSE80"/>
          <correct identifier="RESPONSE80"/>
        </match>
        <setOutcomeValue identifier="SCORE80">
          <baseValue baseType="float">1</baseValue>
        </setOutcomeValue>
      </responseIf>
      <responseElse>
        <setOutcomeValue identifier="SCORE80">
          <baseValue baseType="float">0</baseValue>
        </setOutcomeValue>
      </responseElse>
    </responseCondition>
    <setOutcomeValue identifier="SCORE">
      <sum>
        <variable identifier="SCORE80"/>
      </sum>
    </setOutcomeValue>
  </responseProcessing>
</assessmentItem>
