<?xml version="1.0"?>
<assessmentItem adaptive="false" identifier="ITEM-LOGIC-MP-436" timeDependent="false" title="Look at this number line. The number line is divided into four equal parts." toolName="ItemLogic" toolVersion="2.0.0" xmlns="http://www.imsglobal.org/xsd/imsqti_v2p1" xmlns:m="http://www.w3.org/1998/Math/MathML" xmlns:xsi="http://www.w3.org/2001/XMLSchema-instance" xsi:schemaLocation="http://www.imsglobal.org/xsd/imsqti_v2p1  http://www.imsglobal.org/xsd/qti/qtiv2p1/imsqti_v2p1.xsd">
  <responseDeclaration baseType="directedPair" cardinality="multiple" identifier="RESPONSE261">
    <correctResponse>
      <value>SAC-5338 SAC-5362</value>
      <value>SAC-5339 SAC-5352</value>
      <value>SAC-5340 SAC-5354</value>
      <value>SAC-5341 SAC-5377</value>
    </correctResponse>
  </responseDeclaration>
  <outcomeDeclaration baseType="float" cardinality="single" identifier="SCORE261">
    <defaultValue>
      <value>0</value>
    </defaultValue>
  </outcomeDeclaration>
  <outcomeDeclaration baseType="float" cardinality="single" identifier="SCORE">
    <defaultValue>
      <value>0</value>
    </defaultValue>
  </outcomeDeclaration>
  <stylesheet href="../styles/bundled.css" type="text/css"/>
  <stylesheet href="../styles/inline.css" type="text/css"/>
  <itemBody>
    <matchInteraction maxAssociations="4" responseIdentifier="RESPONSE261" shuffle="false">
      <prompt>Look at this number line. The number line is divided into four equal parts. <br/><object data="../images/FROERI436_Numberline_d18d7a76e3.png" height="90" type="image/png" width="225"/><br/>Match the point on the number line to the number it represents.<br/></prompt>
      <simpleMatchSet>
        <simpleAssociableChoice identifier="SAC-5338" matchMax="1">
          <p>Point <em>A</em></p>
        </simpleAssociableChoice>
        <simpleAssociableChoice identifier="SAC-5339" matchMax="1">
          <p>Point <em>B</em></p>
        </simpleAssociableChoice>
        <simpleAssociableChoice identifier="SAC-5340" matchMax="1">
          <p>Point <em>C</em></p>
        </simpleAssociableChoice>
        <simpleAssociableChoice identifier="SAC-5341" matchMax="1">
          <p>Point <em>D</em></p>
        </simpleAssociableChoice>
      </simpleMatchSet>
      <simpleMatchSet>
        <simpleAssociableChoice identifier="SAC-5362" matchMax="1">
          <p>0</p>
        </simpleAssociableChoice>
        <simpleAssociableChoice identifier="SAC-5377" matchMax="1">
          <m:math xmlns="http://www.w3.org/1998/Math/MathML">   <m:mfrac>     <m:mn>4</m:mn>     <m:mn>4</m:mn>   </m:mfrac> </m:math>
        </simpleAssociableChoice>
        <simpleAssociableChoice identifier="SAC-5354" matchMax="1">
          <m:math xmlns="http://www.w3.org/1998/Math/MathML">   <m:mfrac>     <m:mn>3</m:mn>     <m:mn>4</m:mn>   </m:mfrac> </m:math>
        </simpleAssociableChoice>
        <simpleAssociableChoice identifier="SAC-5352" matchMax="1">
          <m:math xmlns="http://www.w3.org/1998/Math/MathML">   <m:mfrac>     <m:mn>1</m:mn>     <m:mn>4</m:mn>   </m:mfrac> </m:math>
        </simpleAssociableChoice>
      </simpleMatchSet>
    </matchInteraction>
  </itemBody>
  <responseProcessing>
    <responseCondition>
      <responseIf>
        <match>
          <variable identifier="RESPONSE261"/>
          <correct identifier="RESPONSE261"/>
        </match>
        <setOutcomeValue identifier="SCORE261">
          <baseValue baseType="float">1</baseValue>
        </setOutcomeValue>
      </responseIf>
      <responseElse>
        <setOutcomeValue identifier="SCORE261">
          <baseValue baseType="float">0</baseValue>
        </setOutcomeValue>
      </responseElse>
    </responseCondition>
    <setOutcomeValue identifier="SCORE">
      <sum>
        <variable identifier="SCORE261"/>
      </sum>
    </setOutcomeValue>
  </responseProcessing>
</assessmentItem>
