<?xml version="1.0"?>
<assessmentItem adaptive="false" identifier="ITEM-LOGIC-MP-204" timeDependent="false" title="Who believed it was important for people to go to the Winter Surprise, planned by the mayor's wife?" toolName="ItemLogic" toolVersion="2.0.0" xmlns="http://www.imsglobal.org/xsd/imsqti_v2p1" xmlns:m="http://www.w3.org/1998/Math/MathML" xmlns:xsi="http://www.w3.org/2001/XMLSchema-instance" xsi:schemaLocation="http://www.imsglobal.org/xsd/imsqti_v2p1  http://www.imsglobal.org/xsd/qti/qtiv2p1/imsqti_v2p1.xsd">
  <responseDeclaration baseType="identifier" cardinality="single" identifier="RESPONSE25">
    <correctResponse>
      <value>SC-2081</value>
    </correctResponse>
  </responseDeclaration>
  <responseDeclaration baseType="identifier" cardinality="multiple" identifier="RESPONSE26">
    <correctResponse>
      <value>HT-2109</value>
    </correctResponse>
  </responseDeclaration>
  <outcomeDeclaration baseType="float" cardinality="single" identifier="SCORE25">
    <defaultValue>
      <value>0</value>
    </defaultValue>
  </outcomeDeclaration>
  <outcomeDeclaration baseType="float" cardinality="single" identifier="SCORE26">
    <defaultValue>
      <value>0</value>
    </defaultValue>
  </outcomeDeclaration>
  <outcomeDeclaration baseType="float" cardinality="single" identifier="SCORE">
    <defaultValue>
      <value>0</value>
    </defaultValue>
  </outcomeDeclaration>
  <stylesheet href="../styles/bundled.css" type="text/css"/>
  <stylesheet href="../styles/inline.css" type="text/css"/>
  <itemBody>
    <rubricBlock use="context" view="candidate author proctor scorer testConstructor tutor">
      <div>
        <object data="../passages/RSC-LOGIC-MP-970.html" type="text/html"/>
      </div>
    </rubricBlock>
    <choiceInteraction maxChoices="1" responseIdentifier="RESPONSE25" shuffle="false">
      <prompt>Who believed it was important for people to go to the Winter Surprise, planned by the mayor's wife?<br/></prompt>
      <simpleChoice fixed="true" identifier="SC-2080">
        <p>Mr. Moffat</p>
      </simpleChoice>
      <simpleChoice fixed="true" identifier="SC-2081">
        <p>Mrs. Moffat</p>
      </simpleChoice>
      <simpleChoice fixed="true" identifier="SC-2082">
        <p>Mrs. Dove</p>
      </simpleChoice>
      <simpleChoice fixed="true" identifier="SC-2083">
        <p>General Toby</p>
      </simpleChoice>
    </choiceInteraction>
    <hottextInteraction maxChoices="0" responseIdentifier="RESPONSE26">
      <prompt>Which evidence from the story supports the answer to Part A?<br/></prompt>
      <p>By Friday, out-of-towners were calling Toby Mills &#x201C;the new North Pole.&#x201D; <br/><hottext identifier="HT-2103">The tip of General Toby&#x2019;s fat icicle kissed the ground.</hottext><br/><hottext identifier="HT-2104">&#x201C;Something must be done!&#x201D;&#x9D; declared the mayor.</hottext><br/><hottext identifier="HT-2105">&#x201C;I have an idea,&#x201D;&#x9D; said the mayor&#x2019;s wife. And she did.</hottext><br/><hottext identifier="HT-2106">All day long, the mayor&#x2019;s staff delivered flyers.</hottext><br/><hottext identifier="HT-2107">&#x201C;Winter surprise?&#x201D;&#x9D; groaned Miss Dove. &#x201C;I was planning to cuddle in bed with a book.&#x201D;&#x9D;</hottext><br/><hottext identifier="HT-2108">&#x201C;Winter surprise?&#x201D;&#x9D; snorted Mr. Moffat. &#x201C;I have a surprise for the mayor. By seven PM, we&#x2019;ll all be Popsicles.&#x201D;&#x9D;</hottext><br/><hottext identifier="HT-2109">&#x201C;Now, now,&#x201D;&#x9D; said Mrs. Moffat. &#x201C;We ought to go. It&#x2019;s our civic duty.&#x201D;&#x9D;</hottext><br/>And so they went&#x2014;the citizens of Toby Mills&#x2014;to T-Bone Hill.</p>
    </hottextInteraction>
  </itemBody>
  <responseProcessing>
    <responseCondition>
      <responseIf>
        <match>
          <variable identifier="RESPONSE25"/>
          <correct identifier="RESPONSE25"/>
        </match>
        <setOutcomeValue identifier="SCORE25">
          <baseValue baseType="float">1</baseValue>
        </setOutcomeValue>
      </responseIf>
      <responseElse>
        <setOutcomeValue identifier="SCORE25">
          <baseValue baseType="float">0</baseValue>
        </setOutcomeValue>
      </responseElse>
    </responseCondition>
    <responseCondition>
      <responseIf>
        <match>
          <variable identifier="RESPONSE26"/>
          <correct identifier="RESPONSE26"/>
        </match>
        <setOutcomeValue identifier="SCORE26">
          <baseValue baseType="float">1</baseValue>
        </setOutcomeValue>
      </responseIf>
      <responseElse>
        <setOutcomeValue identifier="SCORE26">
          <baseValue baseType="float">0</baseValue>
        </setOutcomeValue>
      </responseElse>
    </responseCondition>
    <setOutcomeValue identifier="SCORE">
      <sum>
        <variable identifier="SCORE25"/>
        <variable identifier="SCORE26"/>
      </sum>
    </setOutcomeValue>
  </responseProcessing>
</assessmentItem>
