<?xml version="1.0"?>
<assessmentItem adaptive="false" identifier="ITEM-LOGIC-KS-958" timeDependent="false" title="Part A Choose two lessons the reader learns from the story." toolName="ItemLogic" toolVersion="2.0.0" xmlns="http://www.imsglobal.org/xsd/imsqti_v2p1" xmlns:m="http://www.w3.org/1998/Math/MathML" xmlns:xsi="http://www.w3.org/2001/XMLSchema-instance" xsi:schemaLocation="http://www.imsglobal.org/xsd/imsqti_v2p1  http://www.imsglobal.org/xsd/qti/qtiv2p1/imsqti_v2p1.xsd">
  <responseDeclaration baseType="identifier" cardinality="multiple" identifier="RESPONSE945">
    <correctResponse>
      <value>HT-16876</value>
      <value>HT-16873</value>
    </correctResponse>
  </responseDeclaration>
  <responseDeclaration baseType="identifier" cardinality="multiple" identifier="RESPONSE947">
    <correctResponse>
      <value>HT-18520</value>
    </correctResponse>
  </responseDeclaration>
  <outcomeDeclaration baseType="float" cardinality="single" identifier="SCORE945">
    <defaultValue>
      <value>0</value>
    </defaultValue>
  </outcomeDeclaration>
  <outcomeDeclaration baseType="float" cardinality="single" identifier="SCORE947">
    <defaultValue>
      <value>0</value>
    </defaultValue>
  </outcomeDeclaration>
  <outcomeDeclaration baseType="float" cardinality="single" identifier="SCORE">
    <defaultValue>
      <value>0</value>
    </defaultValue>
  </outcomeDeclaration>
  <stylesheet href="../styles/bundled.css" type="text/css"/>
  <stylesheet href="../styles/inline.css" type="text/css"/>
  <itemBody>
    <rubricBlock use="context" view="candidate author proctor scorer testConstructor tutor">
      <div>
        <object data="../passages/RSC-LOGIC-KS-7201.html" type="text/html"/>
      </div>
    </rubricBlock>
    <rubricBlock use="stimulus" view="candidate author proctor scorer testConstructor tutor">
      <div>
        <p>A fable is a type of story that often teaches a lesson to the reader.</p>
      </div>
    </rubricBlock>
    <hottextInteraction maxChoices="0" responseIdentifier="RESPONSE945">
      <prompt>Part A<br/> Choose two lessons the reader learns from the story.<br/></prompt>
      <p>
        <hottext identifier="HT-16875">It takes courage to forgive a friend.</hottext>
      </p>
      <p>
        <hottext identifier="HT-16874">It is better to work together than to work alone.</hottext>
      </p>
      <p>
        <hottext identifier="HT-16876">Being the fastest doesn't always mean being the best.</hottext>
      </p>
      <p>
        <hottext identifier="HT-16873">Thinking you are better than others can lead to poor choices.</hottext>
      </p>
    </hottextInteraction>
    <hottextInteraction maxChoices="0" responseIdentifier="RESPONSE947">
      <prompt>Part B<br/>Choose the sentence from the story that supports the lessons in Part A.<br/></prompt>
      <p>
        <hottext identifier="HT-17781">Paragraph 8: Once again, Hare laughed out loud.</hottext>
      </p>
      <p>
        <hottext identifier="HT-18518">Paragraph 10: The race began and, as expected, Hare quickly sped away from the starting line.</hottext>
      </p>
      <p>
        <hottext identifier="HT-17786">Paragraph 13: Hare's ears perked up, trying to find the source of the sounds.</hottext>
      </p>
      <p>
        <hottext identifier="HT-18520">Paragraph 14: Tortoise was slowly but surely creeping toward the finish line.</hottext>
      </p>
    </hottextInteraction>
  </itemBody>
  <responseProcessing>
    <responseCondition>
      <responseIf>
        <match>
          <variable identifier="RESPONSE945"/>
          <correct identifier="RESPONSE945"/>
        </match>
        <setOutcomeValue identifier="SCORE945">
          <baseValue baseType="float">1</baseValue>
        </setOutcomeValue>
      </responseIf>
      <responseElse>
        <setOutcomeValue identifier="SCORE945">
          <baseValue baseType="float">0</baseValue>
        </setOutcomeValue>
      </responseElse>
    </responseCondition>
    <responseCondition>
      <responseIf>
        <match>
          <variable identifier="RESPONSE947"/>
          <correct identifier="RESPONSE947"/>
        </match>
        <setOutcomeValue identifier="SCORE947">
          <baseValue baseType="float">1</baseValue>
        </setOutcomeValue>
      </responseIf>
      <responseElse>
        <setOutcomeValue identifier="SCORE947">
          <baseValue baseType="float">0</baseValue>
        </setOutcomeValue>
      </responseElse>
    </responseCondition>
    <setOutcomeValue identifier="SCORE">
      <sum>
        <variable identifier="SCORE945"/>
        <variable identifier="SCORE947"/>
      </sum>
    </setOutcomeValue>
  </responseProcessing>
</assessmentItem>
