<?xml version="1.0"?>
<assessmentItem adaptive="false" identifier="ITEM-LOGIC-MP-465" timeDependent="false" title="&#x201C;The Teapot&#x201D;&#x9D; and &#x201C;Call of the Wild&#x201D;&#x9D; have some structural elements in common and some that ar" toolName="ItemLogic" toolVersion="2.0.0" xmlns="http://www.imsglobal.org/xsd/imsqti_v2p1" xmlns:m="http://www.w3.org/1998/Math/MathML" xmlns:xsi="http://www.w3.org/2001/XMLSchema-instance" xsi:schemaLocation="http://www.imsglobal.org/xsd/imsqti_v2p1  http://www.imsglobal.org/xsd/qti/qtiv2p1/imsqti_v2p1.xsd">
  <responseDeclaration baseType="directedPair" cardinality="multiple" identifier="RESPONSE313">
    <correctResponse>
      <value>GI-6510 HS-6513</value>
      <value>GI-6511 HS-6514</value>
      <value>GI-6512 HS-6515</value>
    </correctResponse>
  </responseDeclaration>
  <outcomeDeclaration baseType="float" cardinality="single" identifier="SCORE313">
    <defaultValue>
      <value>0</value>
    </defaultValue>
  </outcomeDeclaration>
  <outcomeDeclaration baseType="float" cardinality="single" identifier="SCORE">
    <defaultValue>
      <value>0</value>
    </defaultValue>
  </outcomeDeclaration>
  <stylesheet href="../styles/bundled.css" type="text/css"/>
  <stylesheet href="../styles/inline.css" type="text/css"/>
  <itemBody>
    <rubricBlock use="context" view="candidate author proctor scorer testConstructor tutor">
      <div>
        <object data="../passages/RSC-LOGIC-MP-992.html" type="text/html"/>
      </div>
      <div>
        <object data="../passages/RSC-LOGIC-MP-990.html" type="text/html"/>
      </div>
    </rubricBlock>
    <graphicGapMatchInteraction responseIdentifier="RESPONSE313">
      <prompt>&#x201C;The Teapot&#x201D;  and &#x201C;Call of the Wild&#x201D;  have some structural elements in common and some that are unique. Look at the list of structural elements, and complete the Venn diagram by placing the structural element from the list into the correct place on the diagram. Not all elements will be used.<br/></prompt>
      <object data="../images/MIGKIR465_Teapot_Wild_stem_01_o_ad66b64472.png" height="344" type="image/png" width="481"/>
      <gapImg identifier="GI-6512" matchMax="1">
        <object data="../images/MIGKIR465_Teapot_Wild_opt_D01_o_252acf493f.png" height="65" type="image/png" width="144"/>
      </gapImg>
      <gapImg identifier="GI-6508" matchMax="1">
        <object data="../images/MIGKIR465_Teapot_Wild_opt_C01_o_1476407bf5.png" height="64" type="image/png" width="144"/>
      </gapImg>
      <gapImg identifier="GI-6509" matchMax="1">
        <object data="../images/MIGKIR465_Teapot_Wild_opt_E01_o_a640dd22f5.png" height="65" type="image/png" width="144"/>
      </gapImg>
      <gapImg identifier="GI-6510" matchMax="1">
        <object data="../images/MIGKIR465_Teapot_Wild_opt_A01_o_d07dc32150.png" height="65" type="image/png" width="144"/>
      </gapImg>
      <gapImg identifier="GI-6511" matchMax="1">
        <object data="../images/MIGKIR465_Teapot_Wild_opt_B01_o_ae91f66408.png" height="65" type="image/png" width="144"/>
      </gapImg>
      <associableHotspot coords="12,92,156,267" identifier="HS-6513" matchMax="1" shape="rect"/>
      <associableHotspot coords="170,92,314,267" identifier="HS-6514" matchMax="1" shape="rect"/>
      <associableHotspot coords="326,92,470,267" identifier="HS-6515" matchMax="1" shape="rect"/>
    </graphicGapMatchInteraction>
  </itemBody>
  <responseProcessing>
    <responseCondition>
      <responseIf>
        <match>
          <variable identifier="RESPONSE313"/>
          <correct identifier="RESPONSE313"/>
        </match>
        <setOutcomeValue identifier="SCORE313">
          <baseValue baseType="float">1</baseValue>
        </setOutcomeValue>
      </responseIf>
      <responseElse>
        <setOutcomeValue identifier="SCORE313">
          <baseValue baseType="float">0</baseValue>
        </setOutcomeValue>
      </responseElse>
    </responseCondition>
    <setOutcomeValue identifier="SCORE">
      <sum>
        <variable identifier="SCORE313"/>
      </sum>
    </setOutcomeValue>
  </responseProcessing>
</assessmentItem>
