<?xml version="1.0"?>
<assessmentItem adaptive="false" identifier="ITEM-LOGIC-KS-952" timeDependent="false" title="Use numbers and symbols to make an equation that represents the math problem." toolName="ItemLogic" toolVersion="2.0.0" xmlns="http://www.imsglobal.org/xsd/imsqti_v2p1" xmlns:m="http://www.w3.org/1998/Math/MathML" xmlns:xsi="http://www.w3.org/2001/XMLSchema-instance" xsi:schemaLocation="http://www.imsglobal.org/xsd/imsqti_v2p1  http://www.imsglobal.org/xsd/qti/qtiv2p1/imsqti_v2p1.xsd">
  <responseDeclaration baseType="directedPair" cardinality="multiple" identifier="RESPONSE943">
    <correctResponse>
      <value>GI-16681 HS-16685</value>
      <value>GI-16684 HS-16686</value>
      <value>GI-16680 HS-16687</value>
      <value>GI-16682 HS-16689</value>
      <value>GI-16680 HS-16686</value>
      <value>GI-16684 HS-16687</value>
    </correctResponse>
    <mapping defaultValue="-0.25" lowerBound="0.00" upperBound="1.00">
      <mapEntry mapKey="GI-16681 HS-16685" mappedValue="0.25"/>
      <mapEntry mapKey="GI-16684 HS-16686" mappedValue="0.25"/>
      <mapEntry mapKey="GI-16680 HS-16687" mappedValue="0.25"/>
      <mapEntry mapKey="GI-16682 HS-16689" mappedValue="0.25"/>
      <mapEntry mapKey="GI-16680 HS-16686" mappedValue="0.25"/>
      <mapEntry mapKey="GI-16684 HS-16687" mappedValue="0.25"/>
    </mapping>
  </responseDeclaration>
  <responseDeclaration baseType="identifier" cardinality="single" identifier="RESPONSE944">
    <correctResponse>
      <value>SC-16610</value>
    </correctResponse>
  </responseDeclaration>
  <outcomeDeclaration baseType="float" cardinality="single" identifier="SCORE943">
    <defaultValue>
      <value>0</value>
    </defaultValue>
  </outcomeDeclaration>
  <outcomeDeclaration baseType="float" cardinality="single" identifier="SCORE944">
    <defaultValue>
      <value>0</value>
    </defaultValue>
  </outcomeDeclaration>
  <outcomeDeclaration baseType="float" cardinality="single" identifier="SCORE">
    <defaultValue>
      <value>0</value>
    </defaultValue>
  </outcomeDeclaration>
  <stylesheet href="../styles/bundled.css" type="text/css"/>
  <stylesheet href="../styles/inline.css" type="text/css"/>
  <itemBody>
    <rubricBlock use="stimulus" view="candidate author proctor scorer testConstructor tutor">
      <div>
        <p>A math problem is shown.</p>
        <p>
          <object data="../images/equation-stimulus@2x_006de8fa4a.png" height="200" type="image/png" width="350"/>
        </p>
      </div>
    </rubricBlock>
    <graphicGapMatchInteraction responseIdentifier="RESPONSE943">
      <prompt>Use numbers and symbols to make an equation that represents the math problem.<br/></prompt>
      <object data="../images/equation-canvas@2x_o_45ec62b4f9.png" height="88" type="image/png" width="500"/>
      <gapImg identifier="GI-16680" matchMax="1">
        <object data="../images/equation-27@2x_o_0edfeb07e6.png" height="56" type="image/png" width="109"/>
      </gapImg>
      <gapImg identifier="GI-16681" matchMax="1">
        <object data="../images/equation-45@2x_o_3758d02715.png" height="56" type="image/png" width="109"/>
      </gapImg>
      <gapImg identifier="GI-16682" matchMax="1">
        <object data="../images/equation-minus@2x_o_81c313a594.png" height="56" type="image/png" width="49"/>
      </gapImg>
      <gapImg identifier="GI-16683" matchMax="1">
        <object data="../images/equation-plus@2x_o_d0d3429a5f.png" height="56" type="image/png" width="49"/>
      </gapImg>
      <gapImg identifier="GI-16684" matchMax="1">
        <object data="../images/equation-q@2x_o_35b23a1369.png" height="56" type="image/png" width="109"/>
      </gapImg>
      <associableHotspot coords="18,17,127,73" identifier="HS-16685" matchMax="1" shape="rect"/>
      <associableHotspot coords="211,17,320,73" identifier="HS-16686" matchMax="1" shape="rect"/>
      <associableHotspot coords="375,17,484,73" identifier="HS-16687" matchMax="1" shape="rect"/>
      <associableHotspot coords="144,17,193,73" identifier="HS-16689" matchMax="1" shape="rect"/>
    </graphicGapMatchInteraction>
    <choiceInteraction maxChoices="1" responseIdentifier="RESPONSE944" shuffle="false">
      <prompt>How many stickers did Maria give to her brother?<br/></prompt>
      <simpleChoice fixed="true" identifier="SC-16610">
        <p>18</p>
      </simpleChoice>
      <simpleChoice fixed="true" identifier="SC-16612">
        <p>22</p>
      </simpleChoice>
      <simpleChoice fixed="true" identifier="SC-16613">
        <p>28</p>
      </simpleChoice>
      <simpleChoice fixed="true" identifier="SC-16611">
        <p>72</p>
      </simpleChoice>
    </choiceInteraction>
  </itemBody>
  <responseProcessing>
    <responseCondition>
      <responseIf>
        <isNull>
          <variable identifier="RESPONSE943"/>
        </isNull>
        <setOutcomeValue identifier="SCORE943">
          <baseValue baseType="float">0.0</baseValue>
        </setOutcomeValue>
      </responseIf>
      <responseElse>
        <setOutcomeValue identifier="SCORE943">
          <mapResponse identifier="RESPONSE943"/>
        </setOutcomeValue>
      </responseElse>
    </responseCondition>
    <responseCondition>
      <responseIf>
        <match>
          <variable identifier="RESPONSE944"/>
          <correct identifier="RESPONSE944"/>
        </match>
        <setOutcomeValue identifier="SCORE944">
          <baseValue baseType="float">1</baseValue>
        </setOutcomeValue>
      </responseIf>
      <responseElse>
        <setOutcomeValue identifier="SCORE944">
          <baseValue baseType="float">0</baseValue>
        </setOutcomeValue>
      </responseElse>
    </responseCondition>
    <setOutcomeValue identifier="SCORE">
      <sum>
        <variable identifier="SCORE943"/>
        <variable identifier="SCORE944"/>
      </sum>
    </setOutcomeValue>
  </responseProcessing>
</assessmentItem>
