<?xml version="1.0"?>
<assessmentItem adaptive="false" identifier="ITEM-LOGIC-MP-622" timeDependent="false" title="Put the four events from Part 1 of &quot;The Pilgrims: Voyage to Freedom&quot;&#xA0;in the order that led to the P" toolName="ItemLogic" toolVersion="2.0.0" xmlns="http://www.imsglobal.org/xsd/imsqti_v2p1" xmlns:m="http://www.w3.org/1998/Math/MathML" xmlns:xsi="http://www.w3.org/2001/XMLSchema-instance" xsi:schemaLocation="http://www.imsglobal.org/xsd/imsqti_v2p1  http://www.imsglobal.org/xsd/qti/qtiv2p1/imsqti_v2p1.xsd">
  <responseDeclaration baseType="directedPair" cardinality="multiple" identifier="RESPONSE521">
    <correctResponse>
      <value>GI-16044 HS-11761</value>
      <value>GI-16045 HS-11762</value>
      <value>GI-16046 HS-11763</value>
      <value>GI-16047 HS-11764</value>
    </correctResponse>
    <mapping defaultValue="-0.50" lowerBound="0.00" upperBound="2.00">
      <mapEntry mapKey="GI-16044 HS-11761" mappedValue="0.50"/>
      <mapEntry mapKey="GI-16045 HS-11762" mappedValue="0.50"/>
      <mapEntry mapKey="GI-16046 HS-11763" mappedValue="0.50"/>
      <mapEntry mapKey="GI-16047 HS-11764" mappedValue="0.50"/>
    </mapping>
  </responseDeclaration>
  <outcomeDeclaration baseType="float" cardinality="single" identifier="SCORE521">
    <defaultValue>
      <value>0</value>
    </defaultValue>
  </outcomeDeclaration>
  <outcomeDeclaration baseType="float" cardinality="single" identifier="SCORE">
    <defaultValue>
      <value>0</value>
    </defaultValue>
  </outcomeDeclaration>
  <stylesheet href="../styles/bundled.css" type="text/css"/>
  <stylesheet href="../styles/inline.css" type="text/css"/>
  <itemBody>
    <rubricBlock use="context" view="candidate author proctor scorer testConstructor tutor">
      <div>
        <object data="../passages/RSC-LOGIC-MP-1647.html" type="text/html"/>
      </div>
    </rubricBlock>
    <graphicGapMatchInteraction responseIdentifier="RESPONSE521">
      <prompt>Put the four events from Part 1 of "The Pilgrims: Voyage to Freedom" in the order that led to the Pilgrims&#x2019; departure for the New World.<br/></prompt>
      <object data="../images/pilgrims-canvas_o_796701813d.png" height="300" type="image/png" width="415"/>
      <gapImg identifier="GI-16046" matchMax="1">
        <object data="../images/pilgrims-choice3_o_81ef10b90f.png" height="60" type="image/png" width="220"/>
      </gapImg>
      <gapImg identifier="GI-16045" matchMax="1">
        <object data="../images/pilgrims-choice2_o_ea8f4b3898.png" height="60" type="image/png" width="220"/>
      </gapImg>
      <gapImg identifier="GI-16047" matchMax="1">
        <object data="../images/pilgrims-choice4_o_c411284771.png" height="60" type="image/png" width="220"/>
      </gapImg>
      <gapImg identifier="GI-16044" matchMax="1">
        <object data="../images/pilgrims-choice1_o_cbe5038b29.png" height="60" type="image/png" width="220"/>
      </gapImg>
      <associableHotspot coords="59,15,359,75" identifier="HS-11761" matchMax="1" shape="rect"/>
      <associableHotspot coords="59,86,359,146" identifier="HS-11762" matchMax="1" shape="rect"/>
      <associableHotspot coords="59,158,359,218" identifier="HS-11763" matchMax="1" shape="rect"/>
      <associableHotspot coords="59,227,359,287" identifier="HS-11764" matchMax="1" shape="rect"/>
    </graphicGapMatchInteraction>
  </itemBody>
  <responseProcessing>
    <responseCondition>
      <responseIf>
        <isNull>
          <variable identifier="RESPONSE521"/>
        </isNull>
        <setOutcomeValue identifier="SCORE521">
          <baseValue baseType="float">0.0</baseValue>
        </setOutcomeValue>
      </responseIf>
      <responseElse>
        <setOutcomeValue identifier="SCORE521">
          <mapResponse identifier="RESPONSE521"/>
        </setOutcomeValue>
      </responseElse>
    </responseCondition>
    <setOutcomeValue identifier="SCORE">
      <sum>
        <variable identifier="SCORE521"/>
      </sum>
    </setOutcomeValue>
  </responseProcessing>
</assessmentItem>
