<?xml version="1.0"?>
<assessmentItem adaptive="false" identifier="ITEM-LOGIC-MP-385" timeDependent="false" title="Fill in the missing numbers and operations for each equation." toolName="ItemLogic" toolVersion="2.0.0" xmlns="http://www.imsglobal.org/xsd/imsqti_v2p1" xmlns:m="http://www.w3.org/1998/Math/MathML" xmlns:xsi="http://www.w3.org/2001/XMLSchema-instance" xsi:schemaLocation="http://www.imsglobal.org/xsd/imsqti_v2p1  http://www.imsglobal.org/xsd/qti/qtiv2p1/imsqti_v2p1.xsd">
  <responseDeclaration baseType="string" cardinality="single" identifier="RESPONSE170">
    <correctResponse>
      <value>+</value>
    </correctResponse>
    <mapping>
      <mapEntry mapKey="+" mappedValue="0.50"/>
    </mapping>
  </responseDeclaration>
  <responseDeclaration baseType="string" cardinality="single" identifier="RESPONSE171">
    <correctResponse>
      <value>7</value>
    </correctResponse>
    <mapping>
      <mapEntry mapKey="7" mappedValue="0.50"/>
    </mapping>
  </responseDeclaration>
  <responseDeclaration baseType="string" cardinality="single" identifier="RESPONSE172">
    <correctResponse>
      <value>+</value>
    </correctResponse>
    <mapping>
      <mapEntry mapKey="+" mappedValue="0.50"/>
    </mapping>
  </responseDeclaration>
  <responseDeclaration baseType="string" cardinality="single" identifier="RESPONSE173">
    <correctResponse>
      <value>-7i</value>
    </correctResponse>
    <mapping>
      <mapEntry mapKey="-7i" mappedValue="0.50"/>
    </mapping>
  </responseDeclaration>
  <outcomeDeclaration baseType="float" cardinality="single" identifier="SCORE170">
    <defaultValue>
      <value>0</value>
    </defaultValue>
  </outcomeDeclaration>
  <outcomeDeclaration baseType="float" cardinality="single" identifier="SCORE171">
    <defaultValue>
      <value>0</value>
    </defaultValue>
  </outcomeDeclaration>
  <outcomeDeclaration baseType="float" cardinality="single" identifier="SCORE172">
    <defaultValue>
      <value>0</value>
    </defaultValue>
  </outcomeDeclaration>
  <outcomeDeclaration baseType="float" cardinality="single" identifier="SCORE173">
    <defaultValue>
      <value>0</value>
    </defaultValue>
  </outcomeDeclaration>
  <outcomeDeclaration baseType="float" cardinality="single" identifier="SCORE">
    <defaultValue>
      <value>0</value>
    </defaultValue>
  </outcomeDeclaration>
  <stylesheet href="../styles/bundled.css" type="text/css"/>
  <stylesheet href="../styles/inline.css" type="text/css"/>
  <itemBody>
    <div class="stem stem_inline" xmlns:default="http://www.w3.org/1998/Math/MathML"><div class="stem_prompt"><p>Fill in the missing numbers and operations for each equation.</p></div><p>(5 + 4i) <textEntryInteraction responseIdentifier="RESPONSE170"/>(2 - 3i) = <textEntryInteraction responseIdentifier="RESPONSE171"/> + i</p> <p>(5 <textEntryInteraction responseIdentifier="RESPONSE172"/>4i) <m:math xmlns="http://www.w3.org/1998/Math/MathML">   <m:mo>&#xD7;<!-- Ã— --></m:mo> </m:math> (2 - 3i) = 22 + <textEntryInteraction responseIdentifier="RESPONSE173"/></p></div>
  </itemBody>
  <responseProcessing>
    <responseCondition>
      <responseIf>
        <isNull>
          <variable identifier="RESPONSE170"/>
        </isNull>
        <setOutcomeValue identifier="SCORE170">
          <baseValue baseType="float">0.0</baseValue>
        </setOutcomeValue>
      </responseIf>
      <responseElse>
        <setOutcomeValue identifier="SCORE170">
          <mapResponse identifier="RESPONSE170"/>
        </setOutcomeValue>
      </responseElse>
    </responseCondition>
    <responseCondition>
      <responseIf>
        <isNull>
          <variable identifier="RESPONSE171"/>
        </isNull>
        <setOutcomeValue identifier="SCORE171">
          <baseValue baseType="float">0.0</baseValue>
        </setOutcomeValue>
      </responseIf>
      <responseElse>
        <setOutcomeValue identifier="SCORE171">
          <mapResponse identifier="RESPONSE171"/>
        </setOutcomeValue>
      </responseElse>
    </responseCondition>
    <responseCondition>
      <responseIf>
        <isNull>
          <variable identifier="RESPONSE172"/>
        </isNull>
        <setOutcomeValue identifier="SCORE172">
          <baseValue baseType="float">0.0</baseValue>
        </setOutcomeValue>
      </responseIf>
      <responseElse>
        <setOutcomeValue identifier="SCORE172">
          <mapResponse identifier="RESPONSE172"/>
        </setOutcomeValue>
      </responseElse>
    </responseCondition>
    <responseCondition>
      <responseIf>
        <isNull>
          <variable identifier="RESPONSE173"/>
        </isNull>
        <setOutcomeValue identifier="SCORE173">
          <baseValue baseType="float">0.0</baseValue>
        </setOutcomeValue>
      </responseIf>
      <responseElse>
        <setOutcomeValue identifier="SCORE173">
          <mapResponse identifier="RESPONSE173"/>
        </setOutcomeValue>
      </responseElse>
    </responseCondition>
    <setOutcomeValue identifier="SCORE">
      <sum>
        <variable identifier="SCORE170"/>
        <variable identifier="SCORE171"/>
        <variable identifier="SCORE172"/>
        <variable identifier="SCORE173"/>
      </sum>
    </setOutcomeValue>
  </responseProcessing>
</assessmentItem>
