<?xml version="1.0"?>
<assessmentItem adaptive="false" identifier="ITEM-LOGIC-KS-846" timeDependent="false" title="Select the sentence that best describes how the setting of the cool stream contributes to the plot d" toolName="ItemLogic" toolVersion="2.0.0" xmlns="http://www.imsglobal.org/xsd/imsqti_v2p1" xmlns:m="http://www.w3.org/1998/Math/MathML" xmlns:xsi="http://www.w3.org/2001/XMLSchema-instance" xsi:schemaLocation="http://www.imsglobal.org/xsd/imsqti_v2p1  http://www.imsglobal.org/xsd/qti/qtiv2p1/imsqti_v2p1.xsd">
  <responseDeclaration baseType="identifier" cardinality="multiple" identifier="RESPONSE869">
    <correctResponse>
      <value>HT-15396</value>
    </correctResponse>
  </responseDeclaration>
  <responseDeclaration baseType="identifier" cardinality="multiple" identifier="RESPONSE871">
    <correctResponse>
      <value>HT-15391</value>
    </correctResponse>
  </responseDeclaration>
  <outcomeDeclaration baseType="float" cardinality="single" identifier="SCORE869">
    <defaultValue>
      <value>0</value>
    </defaultValue>
  </outcomeDeclaration>
  <outcomeDeclaration baseType="float" cardinality="single" identifier="SCORE871">
    <defaultValue>
      <value>0</value>
    </defaultValue>
  </outcomeDeclaration>
  <outcomeDeclaration baseType="float" cardinality="single" identifier="SCORE">
    <defaultValue>
      <value>0</value>
    </defaultValue>
  </outcomeDeclaration>
  <stylesheet href="../styles/bundled.css" type="text/css"/>
  <stylesheet href="../styles/inline.css" type="text/css"/>
  <itemBody>
    <rubricBlock use="context" view="candidate author proctor scorer testConstructor tutor">
      <div>
        <object data="../passages/RSC-LOGIC-KS-3832.html" type="text/html"/>
      </div>
    </rubricBlock>
    <rubricBlock use="stimulus" view="candidate author proctor scorer testConstructor tutor">
      <div>
        <p>The setting plays an important role in the plot development in <em>Mighty Toes</em>.&#xA0;</p>
      </div>
    </rubricBlock>
    <hottextInteraction maxChoices="0" responseIdentifier="RESPONSE869">
      <prompt>Select the sentence that best describes how the setting of the cool stream contributes to the plot development.<br/></prompt>
      <p>
        <hottext identifier="HT-15397">It provides the opportunity for Grumpy Pants to reveal one of his dislikes.</hottext>
      </p>
      <p>
        <hottext identifier="HT-15398">It is provides the opportunity for Hungry Belly to discover one of Mighty Toes' future goals.</hottext>
      </p>
      <p>
        <hottext identifier="HT-15396">It provides the opportunity for Mighty Toes to inspire his group of trailblazers when he reveals something surprising.</hottext>
      </p>
    </hottextInteraction>
    <hottextInteraction maxChoices="0" responseIdentifier="RESPONSE871">
      <prompt>Select the sentence that best describes how the challenging mountain trail in the warm summer air contributes to the plot development.<br/></prompt>
      <p>
        <hottext identifier="HT-15400">It provides the opportunity for the trailblazers to help Mighty Toes overcome a hardship.</hottext>
      </p>
      <p>
        <hottext identifier="HT-15391">It provides the opportunity for Hungry Belly to develop a deep respect for her trail guide.</hottext>
      </p>
      <p>
        <hottext identifier="HT-15393">It provides the opportunity for Mighty Toes to show off his ability to successfully compete against the trailblazers in his care.</hottext>
      </p>
    </hottextInteraction>
  </itemBody>
  <responseProcessing>
    <responseCondition>
      <responseIf>
        <match>
          <variable identifier="RESPONSE869"/>
          <correct identifier="RESPONSE869"/>
        </match>
        <setOutcomeValue identifier="SCORE869">
          <baseValue baseType="float">1</baseValue>
        </setOutcomeValue>
      </responseIf>
      <responseElse>
        <setOutcomeValue identifier="SCORE869">
          <baseValue baseType="float">0</baseValue>
        </setOutcomeValue>
      </responseElse>
    </responseCondition>
    <responseCondition>
      <responseIf>
        <match>
          <variable identifier="RESPONSE871"/>
          <correct identifier="RESPONSE871"/>
        </match>
        <setOutcomeValue identifier="SCORE871">
          <baseValue baseType="float">1</baseValue>
        </setOutcomeValue>
      </responseIf>
      <responseElse>
        <setOutcomeValue identifier="SCORE871">
          <baseValue baseType="float">0</baseValue>
        </setOutcomeValue>
      </responseElse>
    </responseCondition>
    <setOutcomeValue identifier="SCORE">
      <sum>
        <variable identifier="SCORE869"/>
        <variable identifier="SCORE871"/>
      </sum>
    </setOutcomeValue>
  </responseProcessing>
</assessmentItem>
