<?xml version="1.0"?>
<assessmentItem adaptive="false" identifier="ITEM-LOGIC-MP-673" timeDependent="false" title="Click each equation that can be used to find n, the number of tomato plants in each row." toolName="ItemLogic" toolVersion="2.0.0" xmlns="http://www.imsglobal.org/xsd/imsqti_v2p1" xmlns:m="http://www.w3.org/1998/Math/MathML" xmlns:xsi="http://www.w3.org/2001/XMLSchema-instance" xsi:schemaLocation="http://www.imsglobal.org/xsd/imsqti_v2p1  http://www.imsglobal.org/xsd/qti/qtiv2p1/imsqti_v2p1.xsd">
  <responseDeclaration baseType="identifier" cardinality="multiple" identifier="RESPONSE594">
    <correctResponse>
      <value>HT-13390</value>
      <value>HT-13391</value>
      <value>HT-13393</value>
    </correctResponse>
  </responseDeclaration>
  <outcomeDeclaration baseType="float" cardinality="single" identifier="SCORE594">
    <defaultValue>
      <value>0</value>
    </defaultValue>
  </outcomeDeclaration>
  <outcomeDeclaration baseType="float" cardinality="single" identifier="SCORE">
    <defaultValue>
      <value>0</value>
    </defaultValue>
  </outcomeDeclaration>
  <stylesheet href="../styles/bundled.css" type="text/css"/>
  <stylesheet href="../styles/inline.css" type="text/css"/>
  <itemBody>
    <rubricBlock use="stimulus" view="candidate author proctor scorer testConstructor tutor">
      <div>
        <p>A farmer planted 720 tomato plants in 20 rows. Each row has the same number of tomato plants.</p>
      </div>
    </rubricBlock>
    <hottextInteraction maxChoices="0" responseIdentifier="RESPONSE594"><prompt>Click each equation that can be used to find <em>n</em>, the number of tomato plants in each row.<br/></prompt><p><hottext identifier="HT-13390">&lt;math xmlns="http://www.w3.org/1998/Math/MathML"&gt;   &lt;mn&gt;720&lt;/mn&gt;   &lt;mo&gt;&amp;#x00F7;&lt;!-- &#xC3;&#xB7; --&gt;&lt;/mo&gt;   &lt;mn&gt;20&lt;/mn&gt;   &lt;mo&gt;=&lt;/mo&gt;   &lt;mi&gt;n&lt;/mi&gt; &lt;/math&gt;</hottext></p> <p><hottext identifier="HT-13391">&lt;math xmlns="http://www.w3.org/1998/Math/MathML"&gt;   &lt;mn&gt;720&lt;/mn&gt;   &lt;mo&gt;&amp;#x00F7;&lt;!-- &#xC3;&#xB7; --&gt;&lt;/mo&gt;   &lt;mi&gt;n&lt;/mi&gt;   &lt;mo&gt;=&lt;/mo&gt;   &lt;mn&gt;20&lt;/mn&gt; &lt;/math&gt;</hottext></p> <p><hottext identifier="HT-13392">&lt;math xmlns="http://www.w3.org/1998/Math/MathML"&gt;   &lt;mn&gt;20&lt;/mn&gt;   &lt;mo&gt;&amp;#x00D7;&lt;!-- &#xC3;&#x2014; --&gt;&lt;/mo&gt;   &lt;mn&gt;720&lt;/mn&gt;   &lt;mo&gt;=&lt;/mo&gt;   &lt;mi&gt;n&lt;/mi&gt; &lt;/math&gt;</hottext></p> <p><hottext identifier="HT-13393">&lt;math xmlns="http://www.w3.org/1998/Math/MathML"&gt;   &lt;mn&gt;20&lt;/mn&gt;   &lt;mo&gt;&amp;#x00D7;&lt;!-- &#xC3;&#x2014; --&gt;&lt;/mo&gt;   &lt;mi&gt;n&lt;/mi&gt;   &lt;mo&gt;=&lt;/mo&gt;   &lt;mn&gt;720&lt;/mn&gt; &lt;/math&gt;</hottext></p></hottextInteraction>
  </itemBody>
  <responseProcessing>
    <responseCondition>
      <responseIf>
        <match>
          <variable identifier="RESPONSE594"/>
          <correct identifier="RESPONSE594"/>
        </match>
        <setOutcomeValue identifier="SCORE594">
          <baseValue baseType="float">1</baseValue>
        </setOutcomeValue>
      </responseIf>
      <responseElse>
        <setOutcomeValue identifier="SCORE594">
          <baseValue baseType="float">0</baseValue>
        </setOutcomeValue>
      </responseElse>
    </responseCondition>
    <setOutcomeValue identifier="SCORE">
      <sum>
        <variable identifier="SCORE594"/>
      </sum>
    </setOutcomeValue>
  </responseProcessing>
</assessmentItem>
