<?xml version="1.0"?>
<assessmentItem adaptive="false" identifier="ITEM-LOGIC-MP-375" timeDependent="false" title="In &quot;Chance for Peace,&quot;&#xA0;President Eisenhower makes the claim, &#x201C;No nation&#x2019;s security and well-bei" toolName="ItemLogic" toolVersion="2.0.0" xmlns="http://www.imsglobal.org/xsd/imsqti_v2p1" xmlns:m="http://www.w3.org/1998/Math/MathML" xmlns:xsi="http://www.w3.org/2001/XMLSchema-instance" xsi:schemaLocation="http://www.imsglobal.org/xsd/imsqti_v2p1  http://www.imsglobal.org/xsd/qti/qtiv2p1/imsqti_v2p1.xsd">
  <responseDeclaration baseType="identifier" cardinality="multiple" identifier="RESPONSE155">
    <correctResponse>
      <value>HT-11014</value>
    </correctResponse>
  </responseDeclaration>
  <outcomeDeclaration baseType="float" cardinality="single" identifier="SCORE155">
    <defaultValue>
      <value>0</value>
    </defaultValue>
  </outcomeDeclaration>
  <outcomeDeclaration baseType="float" cardinality="single" identifier="SCORE">
    <defaultValue>
      <value>0</value>
    </defaultValue>
  </outcomeDeclaration>
  <stylesheet href="../styles/bundled.css" type="text/css"/>
  <stylesheet href="../styles/inline.css" type="text/css"/>
  <itemBody>
    <rubricBlock use="context" view="candidate author proctor scorer testConstructor tutor">
      <div>
        <object data="../passages/RSC-LOGIC-MP-958.html" type="text/html"/>
      </div>
      <div>
        <object data="../passages/RSC-LOGIC-MP-959.html" type="text/html"/>
      </div>
    </rubricBlock>
    <hottextInteraction maxChoices="0" responseIdentifier="RESPONSE155"><prompt>In "Chance for Peace," President Eisenhower makes the claim, &#x201C;No nation&#x2019;s security and well-being can be lastingly achieved in isolation but only in effective cooperation with fellow nations.&#x201D; <br/> Which of President Truman&#x2019;s statements from "An Excerpt from the Transcript of the Truman Doctrine" best supports Eisenhower&#x2019;s claim?<br/></prompt><p><br/><hottext identifier="HT-11012">&#x201C;I do not believe that the American people and the Congress wish to turn a deaf ear to the appeal of the Greek Government.&#x201D;&#x9D;</hottext></p> <p><hottext identifier="HT-11013">&#x201C;One way of life is based upon the will of the majority, and is distinguished by free institutions, representative government, free elections, guarantees of individual liberty, freedom of speech and religion, and freedom from political oppression.&#x201D;&#x9D;</hottext></p> <p><hottext identifier="HT-11014">&#x201C;I believe that we must assist free peoples to work out their own destinies in their own way.&#x201D;&#x9D;</hottext></p> <p><hottext identifier="HT-11015">&#x201C;If Greece should fall under the control of an armed minority, the effect upon its neighbor, Turkey, would be immediate and serious. Confusion and disorder might well spread throughout the entire Middle East.&#x201D;&#x9D;</hottext><br/><br/></p></hottextInteraction>
  </itemBody>
  <responseProcessing>
    <responseCondition>
      <responseIf>
        <match>
          <variable identifier="RESPONSE155"/>
          <correct identifier="RESPONSE155"/>
        </match>
        <setOutcomeValue identifier="SCORE155">
          <baseValue baseType="float">1</baseValue>
        </setOutcomeValue>
      </responseIf>
      <responseElse>
        <setOutcomeValue identifier="SCORE155">
          <baseValue baseType="float">0</baseValue>
        </setOutcomeValue>
      </responseElse>
    </responseCondition>
    <setOutcomeValue identifier="SCORE">
      <sum>
        <variable identifier="SCORE155"/>
      </sum>
    </setOutcomeValue>
  </responseProcessing>
</assessmentItem>
