<?xml version="1.0"?>
<assessmentItem adaptive="false" identifier="ITEM-LOGIC-KS-766" timeDependent="false" title="Put the pictures in the order of the events that happened in the poem." toolName="ItemLogic" toolVersion="2.0.0" xmlns="http://www.imsglobal.org/xsd/imsqti_v2p1" xmlns:m="http://www.w3.org/1998/Math/MathML" xmlns:xsi="http://www.w3.org/2001/XMLSchema-instance" xsi:schemaLocation="http://www.imsglobal.org/xsd/imsqti_v2p1  http://www.imsglobal.org/xsd/qti/qtiv2p1/imsqti_v2p1.xsd">
  <responseDeclaration baseType="identifier" cardinality="ordered" identifier="RESPONSE726">
    <correctResponse>
      <value>SC-13413</value>
      <value>SC-13414</value>
      <value>SC-13415</value>
      <value>SC-13416</value>
    </correctResponse>
  </responseDeclaration>
  <responseDeclaration baseType="identifier" cardinality="single" identifier="RESPONSE727">
    <correctResponse>
      <value>SC-11723</value>
    </correctResponse>
  </responseDeclaration>
  <outcomeDeclaration baseType="float" cardinality="single" identifier="SCORE726">
    <defaultValue>
      <value>0</value>
    </defaultValue>
  </outcomeDeclaration>
  <outcomeDeclaration baseType="float" cardinality="single" identifier="SCORE727">
    <defaultValue>
      <value>0</value>
    </defaultValue>
  </outcomeDeclaration>
  <outcomeDeclaration baseType="float" cardinality="single" identifier="SCORE">
    <defaultValue>
      <value>0</value>
    </defaultValue>
  </outcomeDeclaration>
  <stylesheet href="../styles/bundled.css" type="text/css"/>
  <stylesheet href="../styles/inline.css" type="text/css"/>
  <itemBody>
    <rubricBlock use="context" view="candidate author proctor scorer testConstructor tutor">
      <div>
        <object data="../passages/RSC-LOGIC-KS-2173.html" type="text/html"/>
      </div>
    </rubricBlock>
    <rubricBlock use="stimulus" view="candidate author proctor scorer testConstructor tutor">
      <div>
        <p>Each picture shows something that happened in the poem, <em>Morning with Pip</em>.</p>
      </div>
    </rubricBlock>
    <orderInteraction orientation="vertical" responseIdentifier="RESPONSE726" shuffle="false">
      <prompt>Put the pictures in the order of the events that happened in the poem.<br/></prompt>
      <simpleChoice identifier="SC-13416">
        <p>
          <object data="../images/boy-dog-scenes-order4@2x_34cf5af693.png" height="117" type="image/png" width="200"/>
        </p>
      </simpleChoice>
      <simpleChoice identifier="SC-13415">
        <p>
          <object data="../images/boy-dog-scenes-order3@2x_259ffdb0ba.png" height="117" type="image/png" width="200"/>
        </p>
      </simpleChoice>
      <simpleChoice identifier="SC-13414">
        <p>
          <object data="../images/boy-dog-scenes-order2@2x_b72e376ca2.png" height="117" type="image/png" width="200"/>
        </p>
      </simpleChoice>
      <simpleChoice identifier="SC-13413">
        <p>
          <object data="../images/boy-dog-scenes-order1@2x_a8df4d06a0.png" height="117" type="image/png" width="200"/>
        </p>
      </simpleChoice>
    </orderInteraction>
    <choiceInteraction maxChoices="1" responseIdentifier="RESPONSE727" shuffle="false">
      <prompt>Finish this sentence:<br/> Before Pip plays with sticks, he ________________________________ .<br/></prompt>
      <simpleChoice fixed="true" identifier="SC-11720">
        <p> goes home to eat</p>
      </simpleChoice>
      <simpleChoice fixed="true" identifier="SC-11721">
        <p> jumps into the lake</p>
      </simpleChoice>
      <simpleChoice fixed="true" identifier="SC-11723">
        <p>swats a fly on his nose</p>
      </simpleChoice>
    </choiceInteraction>
  </itemBody>
  <responseProcessing>
    <responseCondition>
      <responseIf>
        <match>
          <variable identifier="RESPONSE726"/>
          <correct identifier="RESPONSE726"/>
        </match>
        <setOutcomeValue identifier="SCORE726">
          <baseValue baseType="float">1</baseValue>
        </setOutcomeValue>
      </responseIf>
      <responseElse>
        <setOutcomeValue identifier="SCORE726">
          <baseValue baseType="float">0</baseValue>
        </setOutcomeValue>
      </responseElse>
    </responseCondition>
    <responseCondition>
      <responseIf>
        <match>
          <variable identifier="RESPONSE727"/>
          <correct identifier="RESPONSE727"/>
        </match>
        <setOutcomeValue identifier="SCORE727">
          <baseValue baseType="float">1</baseValue>
        </setOutcomeValue>
      </responseIf>
      <responseElse>
        <setOutcomeValue identifier="SCORE727">
          <baseValue baseType="float">0</baseValue>
        </setOutcomeValue>
      </responseElse>
    </responseCondition>
    <setOutcomeValue identifier="SCORE">
      <sum>
        <variable identifier="SCORE726"/>
        <variable identifier="SCORE727"/>
      </sum>
    </setOutcomeValue>
  </responseProcessing>
</assessmentItem>
