<?xml version="1.0"?>
<assessmentItem adaptive="false" identifier="ITEM-LOGIC-KS-841" timeDependent="false" title="Order these numbers from least to greatest." toolName="ItemLogic" toolVersion="2.0.0" xmlns="http://www.imsglobal.org/xsd/imsqti_v2p1" xmlns:m="http://www.w3.org/1998/Math/MathML" xmlns:xsi="http://www.w3.org/2001/XMLSchema-instance" xsi:schemaLocation="http://www.imsglobal.org/xsd/imsqti_v2p1  http://www.imsglobal.org/xsd/qti/qtiv2p1/imsqti_v2p1.xsd">
  <responseDeclaration baseType="identifier" cardinality="ordered" identifier="RESPONSE860">
    <correctResponse>
      <value>SC-14256</value>
      <value>SC-14258</value>
      <value>SC-14257</value>
      <value>SC-14255</value>
      <value>SC-14259</value>
    </correctResponse>
  </responseDeclaration>
  <responseDeclaration baseType="identifier" cardinality="multiple" identifier="RESPONSE861">
    <correctResponse>
      <value>SC-14275</value>
      <value>SC-14268</value>
    </correctResponse>
    <mapping defaultValue="-0.50" lowerBound="0.00" upperBound="1.00">
      <mapEntry mapKey="SC-14270" mappedValue="-0.50"/>
      <mapEntry mapKey="SC-14275" mappedValue="0.50"/>
      <mapEntry mapKey="SC-14268" mappedValue="0.50"/>
      <mapEntry mapKey="SC-14269" mappedValue="-0.50"/>
      <mapEntry mapKey="SC-14274" mappedValue="-0.50"/>
    </mapping>
  </responseDeclaration>
  <outcomeDeclaration baseType="float" cardinality="single" identifier="SCORE860">
    <defaultValue>
      <value>0</value>
    </defaultValue>
  </outcomeDeclaration>
  <outcomeDeclaration baseType="float" cardinality="single" identifier="SCORE861">
    <defaultValue>
      <value>0</value>
    </defaultValue>
  </outcomeDeclaration>
  <outcomeDeclaration baseType="float" cardinality="single" identifier="SCORE">
    <defaultValue>
      <value>0</value>
    </defaultValue>
  </outcomeDeclaration>
  <stylesheet href="../styles/bundled.css" type="text/css"/>
  <stylesheet href="../styles/inline.css" type="text/css"/>
  <itemBody>
    <orderInteraction orientation="vertical" responseIdentifier="RESPONSE860" shuffle="false" xmlns:default="http://www.w3.org/1998/Math/MathML">
      <prompt>Order these numbers from least to greatest.<br/></prompt>
      <simpleChoice identifier="SC-14255" xmlns:default="http://www.w3.org/1998/Math/MathML">
        <m:math xmlns="http://www.w3.org/1998/Math/MathML">   <m:mi>&#x3C0;<!-- Ï€ --></m:mi> </m:math>
      </simpleChoice>
      <simpleChoice identifier="SC-14256" xmlns:default="http://www.w3.org/1998/Math/MathML">
        <m:math xmlns="http://www.w3.org/1998/Math/MathML">   <m:msqrt>     <m:mn>2</m:mn>   </m:msqrt> </m:math>
      </simpleChoice>
      <simpleChoice identifier="SC-14257" xmlns:default="http://www.w3.org/1998/Math/MathML">
        <m:math xmlns="http://www.w3.org/1998/Math/MathML">   <m:msqrt>     <m:mn>3</m:mn>   </m:msqrt>   <m:mo>&#x22C5;<!-- ⋅ --></m:mo>   <m:msqrt>     <m:mn>3</m:mn>   </m:msqrt> </m:math>
      </simpleChoice>
      <simpleChoice identifier="SC-14258" xmlns:default="http://www.w3.org/1998/Math/MathML">
        <m:math xmlns="http://www.w3.org/1998/Math/MathML">   <m:mfrac>     <m:mn>3</m:mn>     <m:mn>2</m:mn>   </m:mfrac> </m:math>
      </simpleChoice>
      <simpleChoice identifier="SC-14259">
        <p>3.2</p>
      </simpleChoice>
    </orderInteraction>
    <choiceInteraction maxChoices="0" responseIdentifier="RESPONSE861" shuffle="false" xmlns:default="http://www.w3.org/1998/Math/MathML">
      <prompt>Select all of the following numbers that are rational.<br/></prompt>
      <simpleChoice fixed="true" identifier="SC-14270" xmlns:default="http://www.w3.org/1998/Math/MathML">
        <m:math xmlns="http://www.w3.org/1998/Math/MathML">   <m:mi>&#x3C0;<!-- Ï€ --></m:mi> </m:math>
      </simpleChoice>
      <simpleChoice fixed="true" identifier="SC-14275" xmlns:default="http://www.w3.org/1998/Math/MathML">
        <m:math xmlns="http://www.w3.org/1998/Math/MathML">   <m:mfrac>     <m:mn>2</m:mn>     <m:mn>9</m:mn>   </m:mfrac> </m:math>
      </simpleChoice>
      <simpleChoice fixed="true" identifier="SC-14268" xmlns:default="http://www.w3.org/1998/Math/MathML">
        <m:math xmlns="http://www.w3.org/1998/Math/MathML">   <m:msqrt>     <m:mn>4</m:mn>   </m:msqrt> </m:math>
      </simpleChoice>
      <simpleChoice fixed="true" identifier="SC-14269" xmlns:default="http://www.w3.org/1998/Math/MathML">
        <m:math xmlns="http://www.w3.org/1998/Math/MathML">   <m:msqrt>     <m:mn>5</m:mn>   </m:msqrt> </m:math>
      </simpleChoice>
      <simpleChoice fixed="true" identifier="SC-14274" xmlns:default="http://www.w3.org/1998/Math/MathML">
        <p xmlns:default="http://www.w3.org/1998/Math/MathML">
          <m:math xmlns="http://www.w3.org/1998/Math/MathML">   <m:mn>2</m:mn>   <m:msqrt>     <m:mn>2</m:mn>   </m:msqrt> </m:math>
        </p>
      </simpleChoice>
    </choiceInteraction>
  </itemBody>
  <responseProcessing>
    <responseCondition>
      <responseIf>
        <match>
          <variable identifier="RESPONSE860"/>
          <correct identifier="RESPONSE860"/>
        </match>
        <setOutcomeValue identifier="SCORE860">
          <baseValue baseType="float">1</baseValue>
        </setOutcomeValue>
      </responseIf>
      <responseElse>
        <setOutcomeValue identifier="SCORE860">
          <baseValue baseType="float">0</baseValue>
        </setOutcomeValue>
      </responseElse>
    </responseCondition>
    <responseCondition>
      <responseIf>
        <isNull>
          <variable identifier="RESPONSE861"/>
        </isNull>
        <setOutcomeValue identifier="SCORE861">
          <baseValue baseType="float">0.0</baseValue>
        </setOutcomeValue>
      </responseIf>
      <responseElse>
        <setOutcomeValue identifier="SCORE861">
          <mapResponse identifier="RESPONSE861"/>
        </setOutcomeValue>
      </responseElse>
    </responseCondition>
    <setOutcomeValue identifier="SCORE">
      <sum>
        <variable identifier="SCORE860"/>
        <variable identifier="SCORE861"/>
      </sum>
    </setOutcomeValue>
  </responseProcessing>
</assessmentItem>
