<?xml version="1.0"?>
<assessmentItem adaptive="false" identifier="ITEM-LOGIC-MP-423" timeDependent="false" title="Caryn drew this circle. She divided it into 6 equal pieces." toolName="ItemLogic" toolVersion="2.0.0" xmlns="http://www.imsglobal.org/xsd/imsqti_v2p1" xmlns:m="http://www.w3.org/1998/Math/MathML" xmlns:xsi="http://www.w3.org/2001/XMLSchema-instance" xsi:schemaLocation="http://www.imsglobal.org/xsd/imsqti_v2p1  http://www.imsglobal.org/xsd/qti/qtiv2p1/imsqti_v2p1.xsd">
  <responseDeclaration baseType="identifier" cardinality="single" identifier="RESPONSE234">
    <correctResponse>
      <value>IC-7529</value>
    </correctResponse>
    <mapping>
      <mapEntry mapKey="IC-7529" mappedValue="1.00"/>
    </mapping>
  </responseDeclaration>
  <responseDeclaration baseType="identifier" cardinality="multiple" identifier="RESPONSE236">
    <correctResponse>
      <value>HT-10305</value>
      <value>HT-10306</value>
    </correctResponse>
  </responseDeclaration>
  <outcomeDeclaration baseType="float" cardinality="single" identifier="SCORE234">
    <defaultValue>
      <value>0</value>
    </defaultValue>
  </outcomeDeclaration>
  <outcomeDeclaration baseType="float" cardinality="single" identifier="SCORE236">
    <defaultValue>
      <value>0</value>
    </defaultValue>
  </outcomeDeclaration>
  <outcomeDeclaration baseType="float" cardinality="single" identifier="SCORE">
    <defaultValue>
      <value>0</value>
    </defaultValue>
  </outcomeDeclaration>
  <stylesheet href="../styles/bundled.css" type="text/css"/>
  <stylesheet href="../styles/inline.css" type="text/css"/>
  <itemBody>
    <div class="stem stem_inline">
      <div class="stem_prompt">
        <p>Caryn drew this circle. She divided it into 6 equal pieces.</p>
        <p>
          <object data="../images/FROERI423_Circle_6aa0d88b3e.png" height="224" type="image/png" width="224"/>
        </p>
      </div>
      <p>Each piece is <inlineChoiceInteraction responseIdentifier="RESPONSE234" shuffle="false"><inlineChoice identifier="IC-7529">one-sixth</inlineChoice><inlineChoice identifier="IC-7530">two-sixths</inlineChoice><inlineChoice identifier="IC-7531">three-sixths</inlineChoice><inlineChoice identifier="IC-7532">four-sixths</inlineChoice></inlineChoiceInteraction>of the total area of the circle.</p>
    </div>
    <rubricBlock use="stimulus" view="candidate author proctor scorer testConstructor tutor">
      <div>
        <p>Julie drew a smaller circle. She divided it into 6 equal pieces.</p>
      </div>
    </rubricBlock>
    <hottextInteraction maxChoices="1" responseIdentifier="RESPONSE236" xmlns:default="http://www.w3.org/1998/Math/MathML">
      <table class="style-a3f303f2f8a08e1dfaa5bdde04c0641d" xmlns:default="http://www.w3.org/1998/Math/MathML"> <tbody> <tr> <td class="style-0594fd93e2a95d4b5ade904927f9cdf8"><strong>Statement</strong></td> <td class="style-0594fd93e2a95d4b5ade904927f9cdf8" colspan="2"><strong>Answer</strong> </td> </tr> <tr> <td class="style-25150780864b21cd93ec9cb82758edc1"><m:math xmlns="http://www.w3.org/1998/Math/MathML">   <m:mfrac>     <m:mn>5</m:mn>     <m:mn>6</m:mn>   </m:mfrac> </m:math> of Caryn's circle is equal to <m:math xmlns="http://www.w3.org/1998/Math/MathML">   <m:mfrac>     <m:mn>5</m:mn>     <m:mn>6</m:mn>   </m:mfrac> </m:math> of Julie's circle.</td> <td class="style-de71c54f6b9e5d20c105b89db718ea42"><hottext identifier="HT-10304">True</hottext></td> <td class="style-de71c54f6b9e5d20c105b89db718ea42"><hottext identifier="HT-10305">False</hottext></td> </tr> <tr> <td class="style-25150780864b21cd93ec9cb82758edc1"> <p>The area of one piece of Caryn's circle is larger than the area of</p> <p>one piece of Julie's circle.</p> </td> <td class="style-0594fd93e2a95d4b5ade904927f9cdf8"><hottext identifier="HT-10306">True</hottext></td> <td class="style-0594fd93e2a95d4b5ade904927f9cdf8"><hottext identifier="HT-10307">False</hottext></td> </tr> </tbody> </table>
    </hottextInteraction>
  </itemBody>
  <responseProcessing>
    <responseCondition>
      <responseIf>
        <isNull>
          <variable identifier="RESPONSE234"/>
        </isNull>
        <setOutcomeValue identifier="SCORE234">
          <baseValue baseType="float">0.0</baseValue>
        </setOutcomeValue>
      </responseIf>
      <responseElse>
        <setOutcomeValue identifier="SCORE234">
          <mapResponse identifier="RESPONSE234"/>
        </setOutcomeValue>
      </responseElse>
    </responseCondition>
    <responseCondition>
      <responseIf>
        <match>
          <variable identifier="RESPONSE236"/>
          <correct identifier="RESPONSE236"/>
        </match>
        <setOutcomeValue identifier="SCORE236">
          <baseValue baseType="float">1</baseValue>
        </setOutcomeValue>
      </responseIf>
      <responseElse>
        <setOutcomeValue identifier="SCORE236">
          <baseValue baseType="float">0</baseValue>
        </setOutcomeValue>
      </responseElse>
    </responseCondition>
    <setOutcomeValue identifier="SCORE">
      <sum>
        <variable identifier="SCORE234"/>
        <variable identifier="SCORE236"/>
      </sum>
    </setOutcomeValue>
  </responseProcessing>
</assessmentItem>
