<?xml version="1.0"?>
<assessmentItem adaptive="false" identifier="ITEM-LOGIC-KS-856" timeDependent="false" title="Select the two main ideas that build on one another throughout the text." toolName="ItemLogic" toolVersion="2.0.0" xmlns="http://www.imsglobal.org/xsd/imsqti_v2p1" xmlns:m="http://www.w3.org/1998/Math/MathML" xmlns:xsi="http://www.w3.org/2001/XMLSchema-instance" xsi:schemaLocation="http://www.imsglobal.org/xsd/imsqti_v2p1  http://www.imsglobal.org/xsd/qti/qtiv2p1/imsqti_v2p1.xsd">
  <responseDeclaration baseType="identifier" cardinality="multiple" identifier="RESPONSE893">
    <correctResponse>
      <value>HT-15285</value>
      <value>HT-15349</value>
    </correctResponse>
  </responseDeclaration>
  <responseDeclaration baseType="identifier" cardinality="multiple" identifier="RESPONSE895">
    <correctResponse>
      <value>HT-15299</value>
      <value>HT-15303</value>
      <value>HT-15305</value>
    </correctResponse>
  </responseDeclaration>
  <outcomeDeclaration baseType="float" cardinality="single" identifier="SCORE893">
    <defaultValue>
      <value>0</value>
    </defaultValue>
  </outcomeDeclaration>
  <outcomeDeclaration baseType="float" cardinality="single" identifier="SCORE895">
    <defaultValue>
      <value>0</value>
    </defaultValue>
  </outcomeDeclaration>
  <outcomeDeclaration baseType="float" cardinality="single" identifier="SCORE">
    <defaultValue>
      <value>0</value>
    </defaultValue>
  </outcomeDeclaration>
  <stylesheet href="../styles/bundled.css" type="text/css"/>
  <stylesheet href="../styles/inline.css" type="text/css"/>
  <itemBody>
    <rubricBlock use="context" view="candidate author proctor scorer testConstructor tutor">
      <div>
        <object data="../passages/RSC-LOGIC-KS-4046.html" type="text/html"/>
      </div>
    </rubricBlock>
    <rubricBlock use="stimulus" view="candidate author proctor scorer testConstructor tutor">
      <div>
        <p>The author of <em>Save Our Seeds</em>&#xA0;develops two main ideas throughout the text.</p>
      </div>
    </rubricBlock>
    <hottextInteraction maxChoices="0" responseIdentifier="RESPONSE893">
      <prompt>Select the two main ideas that build on one another throughout the text.<br/></prompt>
      <p>
        <hottext identifier="HT-15291">Wheat, corn, and rice provide 60% of the world's calories, making diversification of these crops essential.</hottext>
      </p>
      <p>
        <hottext identifier="HT-15285">It is critical to save original copies of seeds from around the world for analysis and utility by future generations.</hottext>
      </p>
      <p>
        <hottext identifier="HT-15287">Nations located within tropical regions are generally more susceptible to natural disasters such as floods and hurricanes.</hottext>
      </p>
      <p>
        <hottext identifier="HT-15349">The Svalbard Seed Vault is ideal for preserving seeds because of its geographic location and its durable structure.</hottext>
      </p>
      <p>
        <hottext identifier="HT-15289">The disastrous flooding in the Philippines has served as a cautionary tale to surrounding countries to bank their seeds for safekeeping.</hottext>
      </p>
    </hottextInteraction>
    <hottextInteraction maxChoices="0" responseIdentifier="RESPONSE895">
      <prompt>Select the details that support the development of one or both of the text's main ideas.<br/></prompt>
      <p>
        <hottext identifier="HT-15293">The world's three leading crops are native to Asia, the Middle East, and Mexico.</hottext>
      </p>
      <p>
        <hottext identifier="HT-15296">Because of Nigeria's location in a tropical climate, it is subject to high levels of heat and humidity.</hottext>
      </p>
      <p>
        <hottext identifier="HT-15299">It is possible for an entire country's natural food supply to be wiped out by a single flood, fire, or other natural disaster.</hottext>
      </p>
      <p>
        <hottext identifier="HT-15303">The frigid internal temperatures and surrounding permafrost ensure the seeds' increased viability  while in the Svalbard Vault.</hottext>
      </p>
      <p>
        <hottext identifier="HT-15307">Leaders in the Philippines have learned many valuable lessons as a result of the environmental catastrophes that have plagued their nation.</hottext>
      </p>
      <p>
        <hottext identifier="HT-15305">Naturally occurring genetic changes as well as genetic modifications in seeds lead to the loss of original seed traits over time, and could ultimately result in the permanent loss of an historic seed type.</hottext>
      </p>
    </hottextInteraction>
  </itemBody>
  <responseProcessing>
    <responseCondition>
      <responseIf>
        <match>
          <variable identifier="RESPONSE893"/>
          <correct identifier="RESPONSE893"/>
        </match>
        <setOutcomeValue identifier="SCORE893">
          <baseValue baseType="float">1</baseValue>
        </setOutcomeValue>
      </responseIf>
      <responseElse>
        <setOutcomeValue identifier="SCORE893">
          <baseValue baseType="float">0</baseValue>
        </setOutcomeValue>
      </responseElse>
    </responseCondition>
    <responseCondition>
      <responseIf>
        <match>
          <variable identifier="RESPONSE895"/>
          <correct identifier="RESPONSE895"/>
        </match>
        <setOutcomeValue identifier="SCORE895">
          <baseValue baseType="float">1</baseValue>
        </setOutcomeValue>
      </responseIf>
      <responseElse>
        <setOutcomeValue identifier="SCORE895">
          <baseValue baseType="float">0</baseValue>
        </setOutcomeValue>
      </responseElse>
    </responseCondition>
    <setOutcomeValue identifier="SCORE">
      <sum>
        <variable identifier="SCORE893"/>
        <variable identifier="SCORE895"/>
      </sum>
    </setOutcomeValue>
  </responseProcessing>
</assessmentItem>
