<?xml version="1.0"?>
<assessmentItem adaptive="false" identifier="ITEM-LOGIC-MP-184" timeDependent="false" title="She wrote a division equation to show the number of rectangles needed for one house. She used a circ" toolName="ItemLogic" toolVersion="2.0.0" xmlns="http://www.imsglobal.org/xsd/imsqti_v2p1" xmlns:m="http://www.w3.org/1998/Math/MathML" xmlns:xsi="http://www.w3.org/2001/XMLSchema-instance" xsi:schemaLocation="http://www.imsglobal.org/xsd/imsqti_v2p1  http://www.imsglobal.org/xsd/qti/qtiv2p1/imsqti_v2p1.xsd">
  <responseDeclaration baseType="string" cardinality="single" identifier="RESPONSE1">
    <correctResponse>
      <value>30</value>
    </correctResponse>
    <mapping>
      <mapEntry mapKey="30" mappedValue="0.50"/>
    </mapping>
  </responseDeclaration>
  <responseDeclaration baseType="string" cardinality="single" identifier="RESPONSE2">
    <correctResponse>
      <value>5</value>
    </correctResponse>
    <mapping>
      <mapEntry mapKey="5" mappedValue="0.50"/>
    </mapping>
  </responseDeclaration>
  <responseDeclaration baseType="string" cardinality="single" identifier="RESPONSE4">
    <correctResponse>
      <value>5</value>
    </correctResponse>
    <mapping>
      <mapEntry mapKey="5" mappedValue="0.50"/>
    </mapping>
  </responseDeclaration>
  <responseDeclaration baseType="string" cardinality="single" identifier="RESPONSE5">
    <correctResponse>
      <value>20</value>
    </correctResponse>
    <mapping>
      <mapEntry mapKey="20" mappedValue="0.50"/>
    </mapping>
  </responseDeclaration>
  <responseDeclaration baseType="string" cardinality="single" identifier="RESPONSE7">
    <correctResponse>
      <value>6</value>
    </correctResponse>
    <mapping>
      <mapEntry mapKey="6" mappedValue="0.50"/>
    </mapping>
  </responseDeclaration>
  <responseDeclaration baseType="string" cardinality="single" identifier="RESPONSE8">
    <correctResponse>
      <value>4</value>
    </correctResponse>
    <mapping>
      <mapEntry mapKey="4" mappedValue="0.50"/>
    </mapping>
  </responseDeclaration>
  <outcomeDeclaration baseType="float" cardinality="single" identifier="SCORE1">
    <defaultValue>
      <value>0</value>
    </defaultValue>
  </outcomeDeclaration>
  <outcomeDeclaration baseType="float" cardinality="single" identifier="SCORE2">
    <defaultValue>
      <value>0</value>
    </defaultValue>
  </outcomeDeclaration>
  <outcomeDeclaration baseType="float" cardinality="single" identifier="SCORE4">
    <defaultValue>
      <value>0</value>
    </defaultValue>
  </outcomeDeclaration>
  <outcomeDeclaration baseType="float" cardinality="single" identifier="SCORE5">
    <defaultValue>
      <value>0</value>
    </defaultValue>
  </outcomeDeclaration>
  <outcomeDeclaration baseType="float" cardinality="single" identifier="SCORE7">
    <defaultValue>
      <value>0</value>
    </defaultValue>
  </outcomeDeclaration>
  <outcomeDeclaration baseType="float" cardinality="single" identifier="SCORE8">
    <defaultValue>
      <value>0</value>
    </defaultValue>
  </outcomeDeclaration>
  <outcomeDeclaration baseType="float" cardinality="single" identifier="SCORE">
    <defaultValue>
      <value>0</value>
    </defaultValue>
  </outcomeDeclaration>
  <stylesheet href="../styles/bundled.css" type="text/css"/>
  <stylesheet href="../styles/inline.css" type="text/css"/>
  <itemBody>
    <rubricBlock use="stimulus" view="candidate author proctor scorer testConstructor tutor">
      <div><p>Ava is building a playhouse using rectangles and triangles. Ava knows that</p> <ul> <li>30 rectangles are used to build 5 houses, and</li> <li>each house has an equal number of rectangles.</li> </ul></div>
    </rubricBlock>
    <div class="stem stem_inline" xmlns:default="http://www.w3.org/1998/Math/MathML">
      <div class="stem_prompt">
        <p>She wrote a division equation to show the number of rectangles needed for one house. She used a circle to represent that number.  Fill in the missing numbers.</p>
      </div>
      <p xmlns:default="http://www.w3.org/1998/Math/MathML"><textEntryInteraction responseIdentifier="RESPONSE1"/><m:math xmlns="http://www.w3.org/1998/Math/MathML">   <m:mo>&#xF7;<!-- Ã· --></m:mo> </m:math> <textEntryInteraction responseIdentifier="RESPONSE2"/> <m:math xmlns="http://www.w3.org/1998/Math/MathML">   <m:mo>=</m:mo> </m:math> <m:math xmlns="http://www.w3.org/1998/Math/MathML">   <m:mo>&#x25EF;<!-- â—¯ --></m:mo> </m:math></p>
    </div>
    <rubricBlock use="stimulus" view="candidate author proctor scorer testConstructor tutor">
      <div><p>Ava also knows that</p> <ul> <li>20 triangles are used to build 5 houses, and</li> <li>each house has an equal number of triangles.</li> </ul></div>
    </rubricBlock>
    <div class="stem stem_inline" xmlns:default="http://www.w3.org/1998/Math/MathML">
      <div class="stem_prompt">
        <p>She wrote a multiplication equation to show the number of triangles needed for one house. She used a circle to represent that number. Fill in the missing numbers.</p>
      </div>
      <p xmlns:default="http://www.w3.org/1998/Math/MathML"><m:math xmlns="http://www.w3.org/1998/Math/MathML">   <m:mo>&#x25EF;<!-- â—¯ --></m:mo> </m:math>&#xA0; <m:math xmlns="http://www.w3.org/1998/Math/MathML">   <m:mo>&#xD7;<!-- Ã— --></m:mo> </m:math> <textEntryInteraction responseIdentifier="RESPONSE4"/> <m:math xmlns="http://www.w3.org/1998/Math/MathML">   <m:mo>=</m:mo> </m:math> <textEntryInteraction responseIdentifier="RESPONSE5"/></p>
    </div>
    <div class="stem stem_inline"><div class="stem_prompt"><p>Fill in the table with the number of rectangles and triangles needed to build one playhouse.</p></div><p class="style-ebabe05ff5581c41810c218dc297d4be"><strong>Shapes for Playhouse</strong></p> <table class="style-a3f303f2f8a08e1dfaa5bdde04c0641d"> <tbody> <tr> <td class="style-25150780864b21cd93ec9cb82758edc1"><strong>Shape</strong></td> <td class="style-25150780864b21cd93ec9cb82758edc1"><strong>Number of shapes for one house<br/></strong></td> </tr> <tr> <td class="style-25150780864b21cd93ec9cb82758edc1">rectangles</td> <td class="style-25150780864b21cd93ec9cb82758edc1"><textEntryInteraction responseIdentifier="RESPONSE7"/></td> </tr> <tr> <td class="style-25150780864b21cd93ec9cb82758edc1">triangles</td> <td class="style-25150780864b21cd93ec9cb82758edc1"><textEntryInteraction responseIdentifier="RESPONSE8"/></td> </tr> </tbody> </table></div>
  </itemBody>
  <responseProcessing>
    <responseCondition>
      <responseIf>
        <isNull>
          <variable identifier="RESPONSE1"/>
        </isNull>
        <setOutcomeValue identifier="SCORE1">
          <baseValue baseType="float">0.0</baseValue>
        </setOutcomeValue>
      </responseIf>
      <responseElse>
        <setOutcomeValue identifier="SCORE1">
          <mapResponse identifier="RESPONSE1"/>
        </setOutcomeValue>
      </responseElse>
    </responseCondition>
    <responseCondition>
      <responseIf>
        <isNull>
          <variable identifier="RESPONSE2"/>
        </isNull>
        <setOutcomeValue identifier="SCORE2">
          <baseValue baseType="float">0.0</baseValue>
        </setOutcomeValue>
      </responseIf>
      <responseElse>
        <setOutcomeValue identifier="SCORE2">
          <mapResponse identifier="RESPONSE2"/>
        </setOutcomeValue>
      </responseElse>
    </responseCondition>
    <responseCondition>
      <responseIf>
        <isNull>
          <variable identifier="RESPONSE4"/>
        </isNull>
        <setOutcomeValue identifier="SCORE4">
          <baseValue baseType="float">0.0</baseValue>
        </setOutcomeValue>
      </responseIf>
      <responseElse>
        <setOutcomeValue identifier="SCORE4">
          <mapResponse identifier="RESPONSE4"/>
        </setOutcomeValue>
      </responseElse>
    </responseCondition>
    <responseCondition>
      <responseIf>
        <isNull>
          <variable identifier="RESPONSE5"/>
        </isNull>
        <setOutcomeValue identifier="SCORE5">
          <baseValue baseType="float">0.0</baseValue>
        </setOutcomeValue>
      </responseIf>
      <responseElse>
        <setOutcomeValue identifier="SCORE5">
          <mapResponse identifier="RESPONSE5"/>
        </setOutcomeValue>
      </responseElse>
    </responseCondition>
    <responseCondition>
      <responseIf>
        <isNull>
          <variable identifier="RESPONSE7"/>
        </isNull>
        <setOutcomeValue identifier="SCORE7">
          <baseValue baseType="float">0.0</baseValue>
        </setOutcomeValue>
      </responseIf>
      <responseElse>
        <setOutcomeValue identifier="SCORE7">
          <mapResponse identifier="RESPONSE7"/>
        </setOutcomeValue>
      </responseElse>
    </responseCondition>
    <responseCondition>
      <responseIf>
        <isNull>
          <variable identifier="RESPONSE8"/>
        </isNull>
        <setOutcomeValue identifier="SCORE8">
          <baseValue baseType="float">0.0</baseValue>
        </setOutcomeValue>
      </responseIf>
      <responseElse>
        <setOutcomeValue identifier="SCORE8">
          <mapResponse identifier="RESPONSE8"/>
        </setOutcomeValue>
      </responseElse>
    </responseCondition>
    <setOutcomeValue identifier="SCORE">
      <sum>
        <variable identifier="SCORE1"/>
        <variable identifier="SCORE2"/>
        <variable identifier="SCORE4"/>
        <variable identifier="SCORE5"/>
        <variable identifier="SCORE7"/>
        <variable identifier="SCORE8"/>
      </sum>
    </setOutcomeValue>
  </responseProcessing>
</assessmentItem>
