<?xml version="1.0"?>
<assessmentItem adaptive="false" identifier="ITEM-LOGIC-KS-789" timeDependent="false" title="Drag each group of objects to the chart to show whether the number of objects in the group is even o" toolName="ItemLogic" toolVersion="2.0.0" xmlns="http://www.imsglobal.org/xsd/imsqti_v2p1" xmlns:m="http://www.w3.org/1998/Math/MathML" xmlns:xsi="http://www.w3.org/2001/XMLSchema-instance" xsi:schemaLocation="http://www.imsglobal.org/xsd/imsqti_v2p1  http://www.imsglobal.org/xsd/qti/qtiv2p1/imsqti_v2p1.xsd">
  <responseDeclaration baseType="directedPair" cardinality="multiple" identifier="RESPONSE764">
    <correctResponse>
      <value>GI-13028 HS-13035</value>
      <value>GI-13029 HS-13034</value>
      <value>GI-13030 HS-13035</value>
      <value>GI-13031 HS-13034</value>
      <value>GI-13028 HS-13033</value>
      <value>GI-13029 HS-13032</value>
      <value>GI-13030 HS-13033</value>
      <value>GI-13031 HS-13032</value>
    </correctResponse>
    <mapping defaultValue="-0.25" lowerBound="0.00" upperBound="1.00">
      <mapEntry mapKey="GI-13028 HS-13035" mappedValue="0.25"/>
      <mapEntry mapKey="GI-13029 HS-13034" mappedValue="0.25"/>
      <mapEntry mapKey="GI-13030 HS-13035" mappedValue="0.25"/>
      <mapEntry mapKey="GI-13031 HS-13034" mappedValue="0.25"/>
      <mapEntry mapKey="GI-13028 HS-13033" mappedValue="0.25"/>
      <mapEntry mapKey="GI-13029 HS-13032" mappedValue="0.25"/>
      <mapEntry mapKey="GI-13030 HS-13033" mappedValue="0.25"/>
      <mapEntry mapKey="GI-13031 HS-13032" mappedValue="0.25"/>
    </mapping>
  </responseDeclaration>
  <responseDeclaration baseType="identifier" cardinality="single" identifier="RESPONSE765">
    <correctResponse>
      <value>SC-12372</value>
    </correctResponse>
    <mapping defaultValue="-1.00" lowerBound="0.00" upperBound="1.00">
      <mapEntry mapKey="SC-12372" mappedValue="1.00"/>
    </mapping>
  </responseDeclaration>
  <outcomeDeclaration baseType="float" cardinality="single" identifier="SCORE764">
    <defaultValue>
      <value>0</value>
    </defaultValue>
  </outcomeDeclaration>
  <outcomeDeclaration baseType="float" cardinality="single" identifier="SCORE765">
    <defaultValue>
      <value>0</value>
    </defaultValue>
  </outcomeDeclaration>
  <outcomeDeclaration baseType="float" cardinality="single" identifier="SCORE">
    <defaultValue>
      <value>0</value>
    </defaultValue>
  </outcomeDeclaration>
  <stylesheet href="../styles/bundled.css" type="text/css"/>
  <stylesheet href="../styles/inline.css" type="text/css"/>
  <itemBody>
    <rubricBlock use="stimulus" view="candidate author proctor scorer testConstructor tutor">
      <div>
        <p>Kate has some groups of objects.</p>
      </div>
    </rubricBlock>
    <graphicGapMatchInteraction responseIdentifier="RESPONSE764">
      <prompt>Drag each group of objects to the chart to show whether the number of objects in the group is even or odd.<br/></prompt>
      <object data="../images/odd-even-objects@2x_o_9f071a9607.png" height="246" type="image/png" width="500"/>
      <gapImg identifier="GI-13028" matchMax="1">
        <object data="../images/bottles@2x_o_517d4652d6.png" height="63" type="image/png" width="210"/>
      </gapImg>
      <gapImg identifier="GI-13029" matchMax="1">
        <object data="../images/books@2x_o_ed32c1af7a.png" height="63" type="image/png" width="210"/>
      </gapImg>
      <gapImg identifier="GI-13030" matchMax="1">
        <object data="../images/blocks@2x_o_8939091c5f.png" height="63" type="image/png" width="210"/>
      </gapImg>
      <gapImg identifier="GI-13031" matchMax="1">
        <object data="../images/bears@2x_o_b63f4d5850.png" height="63" type="image/png" width="210"/>
      </gapImg>
      <associableHotspot coords="254,152,488,229" identifier="HS-13032" matchMax="1" shape="rect"/>
      <associableHotspot coords="12,152,246,229" identifier="HS-13033" matchMax="1" shape="rect"/>
      <associableHotspot coords="254,67,488,144" identifier="HS-13034" matchMax="1" shape="rect"/>
      <associableHotspot coords="12,66,246,143" identifier="HS-13035" matchMax="1" shape="rect"/>
    </graphicGapMatchInteraction>
    <choiceInteraction maxChoices="1" responseIdentifier="RESPONSE765" shuffle="false">
      <prompt>Kate wants to change an odd number of objects to an even number of objects. What can she do?<br/></prompt>
      <simpleChoice fixed="true" identifier="SC-12371">
        <p>add 2 objects</p>
      </simpleChoice>
      <simpleChoice fixed="true" identifier="SC-12372">
        <p>take away 3 objects</p>
      </simpleChoice>
      <simpleChoice fixed="true" identifier="SC-12373">
        <p>take away 4 objects</p>
      </simpleChoice>
      <simpleChoice fixed="true" identifier="SC-12374">
        <p>add 6 objects</p>
      </simpleChoice>
    </choiceInteraction>
  </itemBody>
  <responseProcessing>
    <responseCondition>
      <responseIf>
        <isNull>
          <variable identifier="RESPONSE764"/>
        </isNull>
        <setOutcomeValue identifier="SCORE764">
          <baseValue baseType="float">0.0</baseValue>
        </setOutcomeValue>
      </responseIf>
      <responseElse>
        <setOutcomeValue identifier="SCORE764">
          <mapResponse identifier="RESPONSE764"/>
        </setOutcomeValue>
      </responseElse>
    </responseCondition>
    <responseCondition>
      <responseIf>
        <isNull>
          <variable identifier="RESPONSE765"/>
        </isNull>
        <setOutcomeValue identifier="SCORE765">
          <baseValue baseType="float">0.0</baseValue>
        </setOutcomeValue>
      </responseIf>
      <responseElse>
        <setOutcomeValue identifier="SCORE765">
          <mapResponse identifier="RESPONSE765"/>
        </setOutcomeValue>
      </responseElse>
    </responseCondition>
    <setOutcomeValue identifier="SCORE">
      <sum>
        <variable identifier="SCORE764"/>
        <variable identifier="SCORE765"/>
      </sum>
    </setOutcomeValue>
  </responseProcessing>
</assessmentItem>
