<?xml version="1.0"?>
<assessmentItem adaptive="false" identifier="ITEM-LOGIC-KS-982" timeDependent="false" title="Complete each sentence with the correct phrase about the sights and sounds of the story." toolName="ItemLogic" toolVersion="2.0.0" xmlns="http://www.imsglobal.org/xsd/imsqti_v2p1" xmlns:m="http://www.w3.org/1998/Math/MathML" xmlns:xsi="http://www.w3.org/2001/XMLSchema-instance" xsi:schemaLocation="http://www.imsglobal.org/xsd/imsqti_v2p1  http://www.imsglobal.org/xsd/qti/qtiv2p1/imsqti_v2p1.xsd">
  <responseDeclaration baseType="directedPair" cardinality="multiple" identifier="RESPONSE1004">
    <correctResponse>
      <value>GT-17395 GAP-17411</value>
      <value>GT-17397 GAP-17793</value>
      <value>GT-17406 GAP-17796</value>
      <value>GT-17409 GAP-17795</value>
    </correctResponse>
    <mapping defaultValue="0.00" lowerBound="0.00" upperBound="2.00">
      <mapEntry mapKey="GT-17395 GAP-17411" mappedValue="0.50"/>
      <mapEntry mapKey="GT-17397 GAP-17793" mappedValue="0.50"/>
      <mapEntry mapKey="GT-17406 GAP-17796" mappedValue="0.50"/>
      <mapEntry mapKey="GT-17409 GAP-17795" mappedValue="0.50"/>
    </mapping>
  </responseDeclaration>
  <outcomeDeclaration baseType="float" cardinality="single" identifier="SCORE1004">
    <defaultValue>
      <value>0</value>
    </defaultValue>
  </outcomeDeclaration>
  <outcomeDeclaration baseType="float" cardinality="single" identifier="SCORE">
    <defaultValue>
      <value>0</value>
    </defaultValue>
  </outcomeDeclaration>
  <stylesheet href="../styles/bundled.css" type="text/css"/>
  <stylesheet href="../styles/inline.css" type="text/css"/>
  <itemBody>
    <rubricBlock use="context" view="candidate author proctor scorer testConstructor tutor">
      <div>
        <object data="../passages/RSC-LOGIC-KS-7322.html" type="text/html"/>
      </div>
    </rubricBlock>
    <rubricBlock use="stimulus" view="candidate author proctor scorer testConstructor tutor">
      <div>
        <p>The characters in <em>Too Crowded</em>&#xA0;observe many sights and sounds.</p>
      </div>
    </rubricBlock>
    <gapMatchInteraction responseIdentifier="RESPONSE1004" shuffle="false">
      <prompt>Complete each sentence with the correct phrase about the sights and sounds of the story.<br/></prompt>
      <gapText identifier="GT-17395" matchMax="1">hear the loud, joyful noises of people</gapText>
      <gapText identifier="GT-17406" matchMax="1">hear cheerful noises of nature</gapText>
      <gapText identifier="GT-17409" matchMax="1">see families having fun near the water</gapText>
      <gapText identifier="GT-17397" matchMax="1">see crowds of people in and around the pool</gapText>
      <p>Just before Dad and the girls get to the pool, they <gap identifier="GAP-17411"/>.</p>
      <p>When Dad and the girls walk through the gate, they <gap identifier="GAP-17793"/>.</p>
      <p>Just before the girls see the lake, they <gap identifier="GAP-17796"/>.</p>
      <p>When Dad points to the lake, the girls <gap identifier="GAP-17795"/>.</p>
    </gapMatchInteraction>
  </itemBody>
  <responseProcessing>
    <responseCondition>
      <responseIf>
        <isNull>
          <variable identifier="RESPONSE1004"/>
        </isNull>
        <setOutcomeValue identifier="SCORE1004">
          <baseValue baseType="float">0.0</baseValue>
        </setOutcomeValue>
      </responseIf>
      <responseElse>
        <setOutcomeValue identifier="SCORE1004">
          <mapResponse identifier="RESPONSE1004"/>
        </setOutcomeValue>
      </responseElse>
    </responseCondition>
    <setOutcomeValue identifier="SCORE">
      <sum>
        <variable identifier="SCORE1004"/>
      </sum>
    </setOutcomeValue>
  </responseProcessing>
</assessmentItem>
