<?xml version="1.0"?>
<assessmentItem adaptive="false" identifier="ITEM-LOGIC-MP-221" timeDependent="false" title="Drag the correct numbers into the boxes to show an equation that represents the area in square inche" toolName="ItemLogic" toolVersion="2.0.0" xmlns="http://www.imsglobal.org/xsd/imsqti_v2p1" xmlns:m="http://www.w3.org/1998/Math/MathML" xmlns:xsi="http://www.w3.org/2001/XMLSchema-instance" xsi:schemaLocation="http://www.imsglobal.org/xsd/imsqti_v2p1  http://www.imsglobal.org/xsd/qti/qtiv2p1/imsqti_v2p1.xsd">
  <responseDeclaration baseType="directedPair" cardinality="multiple" identifier="RESPONSE57">
    <correctResponse>
      <value>GI-2881 HS-3816</value>
      <value>GI-2884 HS-3817</value>
    </correctResponse>
  </responseDeclaration>
  <outcomeDeclaration baseType="float" cardinality="single" identifier="SCORE57">
    <defaultValue>
      <value>0</value>
    </defaultValue>
  </outcomeDeclaration>
  <outcomeDeclaration baseType="float" cardinality="single" identifier="SCORE">
    <defaultValue>
      <value>0</value>
    </defaultValue>
  </outcomeDeclaration>
  <stylesheet href="../styles/bundled.css" type="text/css"/>
  <stylesheet href="../styles/inline.css" type="text/css"/>
  <itemBody>
    <rubricBlock use="stimulus" view="candidate author proctor scorer testConstructor tutor">
      <div>
        <p>Ted covered this rectangle with rectangular tiles. Each tile has an area of 1 inch. </p>
        <p>
          <object data="../images/FRO_ERI_RectangleTiles_stem_01_d886178371.png" height="69" type="image/png" width="77"/>
        </p>
      </div>
    </rubricBlock>
    <graphicGapMatchInteraction responseIdentifier="RESPONSE57">
      <prompt>Drag the correct numbers into the boxes to show an equation that represents the area in square inches.<br/></prompt>
      <object data="../images/FRO_ERI_RectangleTiles_stem_02_o_a5a3cc340b.png" height="35" type="image/png" width="111"/>
      <gapImg identifier="GI-2879" matchMax="1">
        <object data="../images/FRO_ERI_012_equations_opt_02_o_6617dd0776.png" height="19" type="image/png" width="19"/>
      </gapImg>
      <gapImg identifier="GI-2880" matchMax="1">
        <object data="../images/FRO_ERI_012_equations_opt_03_o_6a70fdf264.png" height="19" type="image/png" width="19"/>
      </gapImg>
      <gapImg identifier="GI-2881" matchMax="1">
        <object data="../images/FRO_ERI_012_equations_opt_04_o_76e79a7f79.png" height="19" type="image/png" width="19"/>
      </gapImg>
      <gapImg identifier="GI-2882" matchMax="1">
        <object data="../images/FRO_ERI_012_equations_opt_05_o_2b2d57279f.png" height="19" type="image/png" width="19"/>
      </gapImg>
      <gapImg identifier="GI-2883" matchMax="1">
        <object data="../images/FRO_ERI_012_equations_opt_06_o_2c1809ea6e.png" height="19" type="image/png" width="19"/>
      </gapImg>
      <gapImg identifier="GI-2884" matchMax="1">
        <object data="../images/FRO_ERI_012_equations_opt_07_o_67353cd654.png" height="19" type="image/png" width="19"/>
      </gapImg>
      <gapImg identifier="GI-2885" matchMax="1">
        <object data="../images/FRO_ERI_012_equations_opt_08_o_f13d539c57.png" height="19" type="image/png" width="19"/>
      </gapImg>
      <gapImg identifier="GI-2886" matchMax="1">
        <object data="../images/FRO_ERI_012_equations_opt_09_o_3b010dcfcd.png" height="19" type="image/png" width="19"/>
      </gapImg>
      <gapImg identifier="GI-2887" matchMax="1">
        <object data="../images/FRO_ERI_012_equations_opt_10_o_e1adee0ea8.png" height="19" type="image/png" width="19"/>
      </gapImg>
      <gapImg identifier="GI-2888" matchMax="1">
        <object data="../images/FRO_ERI_012_equations_opt_11_o_7c5769c845.png" height="19" type="image/png" width="19"/>
      </gapImg>
      <associableHotspot coords="34,4,53,29" identifier="HS-3816" matchMax="1" shape="rect"/>
      <associableHotspot coords="86,4,105,29" identifier="HS-3817" matchMax="1" shape="rect"/>
    </graphicGapMatchInteraction>
  </itemBody>
  <responseProcessing>
    <responseCondition>
      <responseIf>
        <match>
          <variable identifier="RESPONSE57"/>
          <correct identifier="RESPONSE57"/>
        </match>
        <setOutcomeValue identifier="SCORE57">
          <baseValue baseType="float">1</baseValue>
        </setOutcomeValue>
      </responseIf>
      <responseElse>
        <setOutcomeValue identifier="SCORE57">
          <baseValue baseType="float">0</baseValue>
        </setOutcomeValue>
      </responseElse>
    </responseCondition>
    <setOutcomeValue identifier="SCORE">
      <sum>
        <variable identifier="SCORE57"/>
      </sum>
    </setOutcomeValue>
  </responseProcessing>
</assessmentItem>
