<?xml version="1.0"?>
<assessmentItem adaptive="false" identifier="ITEM-LOGIC-KS-968" timeDependent="false" title="Part A Choose one lesson that James learned." toolName="ItemLogic" toolVersion="2.0.0" xmlns="http://www.imsglobal.org/xsd/imsqti_v2p1" xmlns:m="http://www.w3.org/1998/Math/MathML" xmlns:xsi="http://www.w3.org/2001/XMLSchema-instance" xsi:schemaLocation="http://www.imsglobal.org/xsd/imsqti_v2p1  http://www.imsglobal.org/xsd/qti/qtiv2p1/imsqti_v2p1.xsd">
  <responseDeclaration baseType="identifier" cardinality="multiple" identifier="RESPONSE968">
    <correctResponse>
      <value>HT-18701</value>
    </correctResponse>
  </responseDeclaration>
  <responseDeclaration baseType="identifier" cardinality="multiple" identifier="RESPONSE970">
    <correctResponse>
      <value>HT-18704</value>
    </correctResponse>
  </responseDeclaration>
  <outcomeDeclaration baseType="float" cardinality="single" identifier="SCORE968">
    <defaultValue>
      <value>0</value>
    </defaultValue>
  </outcomeDeclaration>
  <outcomeDeclaration baseType="float" cardinality="single" identifier="SCORE970">
    <defaultValue>
      <value>0</value>
    </defaultValue>
  </outcomeDeclaration>
  <outcomeDeclaration baseType="float" cardinality="single" identifier="SCORE">
    <defaultValue>
      <value>0</value>
    </defaultValue>
  </outcomeDeclaration>
  <stylesheet href="../styles/bundled.css" type="text/css"/>
  <stylesheet href="../styles/inline.css" type="text/css"/>
  <itemBody>
    <rubricBlock use="context" view="candidate author proctor scorer testConstructor tutor">
      <div>
        <object data="../passages/RSC-LOGIC-KS-7202.html" type="text/html"/>
      </div>
    </rubricBlock>
    <rubricBlock use="stimulus" view="candidate author proctor scorer testConstructor tutor">
      <div>
        <p>In paragraph 15, the author writes, "Mrs. Hanson knew that James had learned a good lesson."</p>
      </div>
    </rubricBlock>
    <hottextInteraction maxChoices="0" responseIdentifier="RESPONSE968">
      <prompt>Part A<br/> Choose one lesson that James learned.<br/></prompt>
      <p>
        <hottext identifier="HT-18711">Picking berries is tiring and unpleasant.</hottext>
      </p>
      <p>
        <hottext identifier="HT-18701">Working with others makes a job more fun.</hottext>
      </p>
      <p>
        <hottext identifier="HT-18705">Working alone is easy when you are big and strong.</hottext>
      </p>
    </hottextInteraction>
    <hottextInteraction maxChoices="0" responseIdentifier="RESPONSE970">
      <prompt>Part B<br/>Choose the detail from the story that best supports the correct answer in Part A.<br/></prompt>
      <p>
        <span>
          <hottext identifier="HT-18703">"I will work alone, and I will pick more berries."</hottext>
        </span>
      </p>
      <p>
        <hottext identifier="HT-18713">"I only filled half of my bucket, Mama."</hottext>
      </p>
      <p>
        <span>
          <hottext identifier="HT-18704">"Next time we pick berries, let's all work together."</hottext>
        </span>
      </p>
    </hottextInteraction>
  </itemBody>
  <responseProcessing>
    <responseCondition>
      <responseIf>
        <match>
          <variable identifier="RESPONSE968"/>
          <correct identifier="RESPONSE968"/>
        </match>
        <setOutcomeValue identifier="SCORE968">
          <baseValue baseType="float">1</baseValue>
        </setOutcomeValue>
      </responseIf>
      <responseElse>
        <setOutcomeValue identifier="SCORE968">
          <baseValue baseType="float">0</baseValue>
        </setOutcomeValue>
      </responseElse>
    </responseCondition>
    <responseCondition>
      <responseIf>
        <match>
          <variable identifier="RESPONSE970"/>
          <correct identifier="RESPONSE970"/>
        </match>
        <setOutcomeValue identifier="SCORE970">
          <baseValue baseType="float">1</baseValue>
        </setOutcomeValue>
      </responseIf>
      <responseElse>
        <setOutcomeValue identifier="SCORE970">
          <baseValue baseType="float">0</baseValue>
        </setOutcomeValue>
      </responseElse>
    </responseCondition>
    <setOutcomeValue identifier="SCORE">
      <sum>
        <variable identifier="SCORE968"/>
        <variable identifier="SCORE970"/>
      </sum>
    </setOutcomeValue>
  </responseProcessing>
</assessmentItem>
