<?xml version="1.0"?>
<assessmentItem adaptive="false" identifier="ITEM-LOGIC-KS-828" timeDependent="false" title="Match each expression to an equivalent expression." toolName="ItemLogic" toolVersion="2.0.0" xmlns="http://www.imsglobal.org/xsd/imsqti_v2p1" xmlns:m="http://www.w3.org/1998/Math/MathML" xmlns:xsi="http://www.w3.org/2001/XMLSchema-instance" xsi:schemaLocation="http://www.imsglobal.org/xsd/imsqti_v2p1  http://www.imsglobal.org/xsd/qti/qtiv2p1/imsqti_v2p1.xsd">
  <responseDeclaration baseType="directedPair" cardinality="multiple" identifier="RESPONSE830">
    <correctResponse>
      <value>SAC-14068 SAC-16107</value>
      <value>SAC-14069 SAC-16111</value>
      <value>SAC-14070 SAC-16115</value>
    </correctResponse>
  </responseDeclaration>
  <responseDeclaration baseType="identifier" cardinality="single" identifier="RESPONSE831">
    <correctResponse>
      <value>SC-14083</value>
    </correctResponse>
  </responseDeclaration>
  <outcomeDeclaration baseType="float" cardinality="single" identifier="SCORE830">
    <defaultValue>
      <value>0</value>
    </defaultValue>
  </outcomeDeclaration>
  <outcomeDeclaration baseType="float" cardinality="single" identifier="SCORE831">
    <defaultValue>
      <value>0</value>
    </defaultValue>
  </outcomeDeclaration>
  <outcomeDeclaration baseType="float" cardinality="single" identifier="SCORE">
    <defaultValue>
      <value>0</value>
    </defaultValue>
  </outcomeDeclaration>
  <stylesheet href="../styles/bundled.css" type="text/css"/>
  <stylesheet href="../styles/inline.css" type="text/css"/>
  <itemBody>
    <matchInteraction maxAssociations="3" responseIdentifier="RESPONSE830" shuffle="false">
      <prompt>Match each expression to an equivalent expression.<br/></prompt>
      <simpleMatchSet>
        <simpleAssociableChoice identifier="SAC-14068" matchMax="1">
          <p xmlns:default="http://www.w3.org/1998/Math/MathML">
            <m:math xmlns="http://www.w3.org/1998/Math/MathML">   <m:mo>&#x2212;<!-- − --></m:mo>   <m:mn>3</m:mn>   <m:mrow>     <m:mo>(</m:mo>     <m:mi>x</m:mi>     <m:mo>+</m:mo>     <m:mn>2</m:mn>     <m:mo>)</m:mo>   </m:mrow> </m:math>
          </p>
        </simpleAssociableChoice>
        <simpleAssociableChoice identifier="SAC-14069" matchMax="1">
          <p xmlns:default="http://www.w3.org/1998/Math/MathML">
            <m:math xmlns="http://www.w3.org/1998/Math/MathML">   <m:mn>7</m:mn>   <m:mi>x</m:mi>   <m:mo>&#x2212;<!-- − --></m:mo>   <m:mn>9</m:mn>   <m:mi>x</m:mi>   <m:mo>+</m:mo>   <m:mn>8</m:mn> </m:math>
          </p>
        </simpleAssociableChoice>
        <simpleAssociableChoice identifier="SAC-14070" matchMax="1">
          <p xmlns:default="http://www.w3.org/1998/Math/MathML">
            <m:math xmlns="http://www.w3.org/1998/Math/MathML">   <m:mfrac>     <m:mn>1</m:mn>     <m:mn>3</m:mn>   </m:mfrac>   <m:mi>x</m:mi>   <m:mo>+</m:mo>   <m:mn>9</m:mn> </m:math>
          </p>
        </simpleAssociableChoice>
      </simpleMatchSet>
      <simpleMatchSet>
        <simpleAssociableChoice identifier="SAC-16116" matchMax="1">
          <m:math xmlns="http://www.w3.org/1998/Math/MathML">   <m:mn>3</m:mn>   <m:mrow>     <m:mo>(</m:mo>     <m:mi>x</m:mi>     <m:mo>+</m:mo>     <m:mn>3</m:mn>     <m:mo>)</m:mo>   </m:mrow> </m:math>
        </simpleAssociableChoice>
        <simpleAssociableChoice identifier="SAC-16112" matchMax="1">
          <m:math xmlns="http://www.w3.org/1998/Math/MathML">   <m:mn>2</m:mn>   <m:mi>x</m:mi>   <m:mo>+</m:mo>   <m:mn>8</m:mn> </m:math>
        </simpleAssociableChoice>
        <simpleAssociableChoice identifier="SAC-16107" matchMax="1">
          <m:math xmlns="http://www.w3.org/1998/Math/MathML">   <m:mo>&#x2212;<!-- − --></m:mo>   <m:mn>3</m:mn>   <m:mi>x</m:mi>   <m:mo>&#x2212;<!-- − --></m:mo>   <m:mn>6</m:mn> </m:math>
        </simpleAssociableChoice>
        <simpleAssociableChoice identifier="SAC-16110" matchMax="1">
          <m:math xmlns="http://www.w3.org/1998/Math/MathML">   <m:mo>&#x2212;<!-- − --></m:mo>   <m:mn>3</m:mn>   <m:mi>x</m:mi>   <m:mo>+</m:mo>   <m:mn>2</m:mn> </m:math>
        </simpleAssociableChoice>
        <simpleAssociableChoice identifier="SAC-16113" matchMax="1">
          <m:math xmlns="http://www.w3.org/1998/Math/MathML">   <m:mfrac>     <m:mn>1</m:mn>     <m:mn>3</m:mn>   </m:mfrac>   <m:mo stretchy="false">(</m:mo>   <m:mi>x</m:mi>   <m:mo>+</m:mo>   <m:mn>3</m:mn>   <m:mo stretchy="false">)</m:mo> </m:math>
        </simpleAssociableChoice>
        <simpleAssociableChoice identifier="SAC-16111" matchMax="1">
          <m:math xmlns="http://www.w3.org/1998/Math/MathML">   <m:mo>&#x2212;<!-- − --></m:mo>   <m:mn>2</m:mn>   <m:mi>x</m:mi>   <m:mo>+</m:mo>   <m:mn>8</m:mn> </m:math>
        </simpleAssociableChoice>
        <simpleAssociableChoice identifier="SAC-16115" matchMax="1">
          <m:math xmlns="http://www.w3.org/1998/Math/MathML">   <m:mfrac>     <m:mn>1</m:mn>     <m:mn>3</m:mn>   </m:mfrac>   <m:mrow>     <m:mo>(</m:mo>     <m:mi>x</m:mi>     <m:mo>+</m:mo>     <m:mn>27</m:mn>     <m:mo>)</m:mo>   </m:mrow> </m:math>
        </simpleAssociableChoice>
        <simpleAssociableChoice identifier="SAC-16109" matchMax="1">
          <m:math xmlns="http://www.w3.org/1998/Math/MathML">   <m:mo>&#x2212;<!-- − --></m:mo>   <m:mn>3</m:mn>   <m:mi>x</m:mi>   <m:mo>+</m:mo>   <m:mn>6</m:mn> </m:math>
        </simpleAssociableChoice>
      </simpleMatchSet>
    </matchInteraction>
    <choiceInteraction maxChoices="1" responseIdentifier="RESPONSE831" shuffle="false" xmlns:default="http://www.w3.org/1998/Math/MathML">
      <prompt xmlns:default="http://www.w3.org/1998/Math/MathML">In the equation&#xA0;<m:math xmlns="http://www.w3.org/1998/Math/MathML">   <m:mi>y</m:mi>   <m:mo>=</m:mo>   <m:mn>3</m:mn>   <m:mrow>     <m:mo>(</m:mo>     <m:mi>x</m:mi>     <m:mo>+</m:mo>     <m:mn>2</m:mn>     <m:mo>)</m:mo>   </m:mrow> </m:math>, when&#xA0;<m:math xmlns="http://www.w3.org/1998/Math/MathML">   <m:mi>x</m:mi>   <m:mo>=</m:mo>   <m:mn>5</m:mn> </m:math>, what is the value of&#xA0;<em>y</em>?<br/></prompt>
      <simpleChoice fixed="true" identifier="SC-14085">
        <p>10</p>
      </simpleChoice>
      <simpleChoice fixed="true" identifier="SC-14086">
        <p>11</p>
      </simpleChoice>
      <simpleChoice fixed="true" identifier="SC-14084">
        <p>17</p>
      </simpleChoice>
      <simpleChoice fixed="true" identifier="SC-14083">
        <p>21</p>
      </simpleChoice>
    </choiceInteraction>
  </itemBody>
  <responseProcessing>
    <responseCondition>
      <responseIf>
        <match>
          <variable identifier="RESPONSE830"/>
          <correct identifier="RESPONSE830"/>
        </match>
        <setOutcomeValue identifier="SCORE830">
          <baseValue baseType="float">1</baseValue>
        </setOutcomeValue>
      </responseIf>
      <responseElse>
        <setOutcomeValue identifier="SCORE830">
          <baseValue baseType="float">0</baseValue>
        </setOutcomeValue>
      </responseElse>
    </responseCondition>
    <responseCondition>
      <responseIf>
        <match>
          <variable identifier="RESPONSE831"/>
          <correct identifier="RESPONSE831"/>
        </match>
        <setOutcomeValue identifier="SCORE831">
          <baseValue baseType="float">1</baseValue>
        </setOutcomeValue>
      </responseIf>
      <responseElse>
        <setOutcomeValue identifier="SCORE831">
          <baseValue baseType="float">0</baseValue>
        </setOutcomeValue>
      </responseElse>
    </responseCondition>
    <setOutcomeValue identifier="SCORE">
      <sum>
        <variable identifier="SCORE830"/>
        <variable identifier="SCORE831"/>
      </sum>
    </setOutcomeValue>
  </responseProcessing>
</assessmentItem>
