<?xml version="1.0"?>
<assessmentItem adaptive="false" identifier="ITEM-LOGIC-MP-357" timeDependent="false" title="Did Fred correctly answer each problem? Select correct or incorrect for each problem." toolName="ItemLogic" toolVersion="2.0.0" xmlns="http://www.imsglobal.org/xsd/imsqti_v2p1" xmlns:m="http://www.w3.org/1998/Math/MathML" xmlns:xsi="http://www.w3.org/2001/XMLSchema-instance" xsi:schemaLocation="http://www.imsglobal.org/xsd/imsqti_v2p1  http://www.imsglobal.org/xsd/qti/qtiv2p1/imsqti_v2p1.xsd">
  <responseDeclaration baseType="identifier" cardinality="multiple" identifier="RESPONSE139">
    <correctResponse>
      <value>HT-5972</value>
      <value>HT-5973</value>
      <value>HT-5975</value>
      <value>HT-5978</value>
    </correctResponse>
  </responseDeclaration>
  <outcomeDeclaration baseType="float" cardinality="single" identifier="SCORE139">
    <defaultValue>
      <value>0</value>
    </defaultValue>
  </outcomeDeclaration>
  <outcomeDeclaration baseType="float" cardinality="single" identifier="SCORE">
    <defaultValue>
      <value>0</value>
    </defaultValue>
  </outcomeDeclaration>
  <stylesheet href="../styles/bundled.css" type="text/css"/>
  <stylesheet href="../styles/inline.css" type="text/css"/>
  <itemBody>
    <rubricBlock use="stimulus" view="candidate author proctor scorer testConstructor tutor">
      <div>
        <p>Fred solved the addition and subtraction problems in the table below.</p>
      </div>
    </rubricBlock>
    <hottextInteraction maxChoices="0" responseIdentifier="RESPONSE139" xmlns:default="http://www.w3.org/1998/Math/MathML">
      <prompt>Did Fred correctly answer each problem? Select correct or incorrect for each problem.<br/></prompt>
      <table class="style-a3f303f2f8a08e1dfaa5bdde04c0641d" xmlns:default="http://www.w3.org/1998/Math/MathML"> <tbody> <tr> <td class="style-0594fd93e2a95d4b5ade904927f9cdf8"><strong>Problem</strong></td> <td class="style-0594fd93e2a95d4b5ade904927f9cdf8" colspan="2"><strong>Answer</strong></td> </tr> <tr> <td class="style-25150780864b21cd93ec9cb82758edc1"><m:math xmlns="http://www.w3.org/1998/Math/MathML">   <m:mn>300</m:mn>   <m:mo>&#x2212;<!-- âˆ’ --></m:mo>   <m:mn>128</m:mn>   <m:mo>=</m:mo>   <m:mn>228</m:mn> </m:math></td> <td class="style-25150780864b21cd93ec9cb82758edc1"><hottext identifier="HT-5971">correct</hottext></td> <td class="style-25150780864b21cd93ec9cb82758edc1"><hottext identifier="HT-5972">incorrect</hottext></td> </tr> <tr> <td class="style-25150780864b21cd93ec9cb82758edc1"><m:math xmlns="http://www.w3.org/1998/Math/MathML">   <m:mn>2</m:mn>   <m:mo>,</m:mo>   <m:mn>045</m:mn>   <m:mo>+</m:mo>   <m:mn>988</m:mn>   <m:mo>=</m:mo>   <m:mn>3</m:mn>   <m:mo>,</m:mo>   <m:mn>033</m:mn> </m:math></td> <td class="style-25150780864b21cd93ec9cb82758edc1"> <hottext identifier="HT-5973">correct</hottext></td> <td class="style-25150780864b21cd93ec9cb82758edc1"> <hottext identifier="HT-5974">incorrect</hottext></td> </tr> <tr> <td class="style-25150780864b21cd93ec9cb82758edc1"> <m:math xmlns="http://www.w3.org/1998/Math/MathML">   <m:mn>36</m:mn>   <m:mo>,</m:mo>   <m:mn>457</m:mn>   <m:mo>+</m:mo>   <m:mn>18</m:mn>   <m:mo>,</m:mo>   <m:mn>075</m:mn>   <m:mo>=</m:mo>   <m:mn>54</m:mn>   <m:mo>,</m:mo>   <m:mn>532</m:mn> </m:math></td> <td class="style-25150780864b21cd93ec9cb82758edc1"> <hottext identifier="HT-5975">correct</hottext></td> <td class="style-25150780864b21cd93ec9cb82758edc1"> <hottext identifier="HT-5976">incorrect</hottext></td> </tr> <tr> <td class="style-25150780864b21cd93ec9cb82758edc1"> <m:math xmlns="http://www.w3.org/1998/Math/MathML">   <m:mn>59</m:mn>   <m:mo>,</m:mo>   <m:mn>138</m:mn>   <m:mo>&#x2212;<!-- âˆ’ --></m:mo>   <m:mn>36</m:mn>   <m:mo>,</m:mo>   <m:mn>448</m:mn>   <m:mo>=</m:mo>   <m:mn>23</m:mn>   <m:mo>,</m:mo>   <m:mn>750</m:mn> </m:math></td> <td class="style-25150780864b21cd93ec9cb82758edc1"> <hottext identifier="HT-5977">correct</hottext></td> <td class="style-25150780864b21cd93ec9cb82758edc1"> <hottext identifier="HT-5978">incorrect</hottext></td> </tr> </tbody> </table>
    </hottextInteraction>
  </itemBody>
  <responseProcessing>
    <responseCondition>
      <responseIf>
        <match>
          <variable identifier="RESPONSE139"/>
          <correct identifier="RESPONSE139"/>
        </match>
        <setOutcomeValue identifier="SCORE139">
          <baseValue baseType="float">1</baseValue>
        </setOutcomeValue>
      </responseIf>
      <responseElse>
        <setOutcomeValue identifier="SCORE139">
          <baseValue baseType="float">0</baseValue>
        </setOutcomeValue>
      </responseElse>
    </responseCondition>
    <setOutcomeValue identifier="SCORE">
      <sum>
        <variable identifier="SCORE139"/>
      </sum>
    </setOutcomeValue>
  </responseProcessing>
</assessmentItem>
