<?xml version="1.0"?>
<assessmentItem adaptive="false" identifier="ITEM-LOGIC-MP-588" timeDependent="false" title="You may use this model to help you answer the question." toolName="ItemLogic" toolVersion="2.0.0" xmlns="http://www.imsglobal.org/xsd/imsqti_v2p1" xmlns:m="http://www.w3.org/1998/Math/MathML" xmlns:xsi="http://www.w3.org/2001/XMLSchema-instance" xsi:schemaLocation="http://www.imsglobal.org/xsd/imsqti_v2p1  http://www.imsglobal.org/xsd/qti/qtiv2p1/imsqti_v2p1.xsd">
  <responseDeclaration baseType="identifier" cardinality="ordered" identifier="RESPONSE487">
    <correctResponse>
      <value>SC-8353</value>
      <value>SC-8351</value>
      <value>SC-8354</value>
    </correctResponse>
  </responseDeclaration>
  <outcomeDeclaration baseType="float" cardinality="single" identifier="SCORE487">
    <defaultValue>
      <value>0</value>
    </defaultValue>
  </outcomeDeclaration>
  <outcomeDeclaration baseType="float" cardinality="single" identifier="SCORE">
    <defaultValue>
      <value>0</value>
    </defaultValue>
  </outcomeDeclaration>
  <stylesheet href="../styles/bundled.css" type="text/css"/>
  <stylesheet href="../styles/inline.css" type="text/css"/>
  <itemBody>
    <orderInteraction orientation="vertical" responseIdentifier="RESPONSE487" shuffle="false" xmlns:default="http://www.w3.org/1998/Math/MathML">
      <prompt>You may use this model to help you answer the question.<br/><object data="../images/FROERI588_Fraction_Model_73053ac4cc.png" height="103" type="image/png" width="303"/><br/>Order the fractions below from the fraction with the <strong>least</strong> value at the top of the list to the fraction with the <strong>greatest</strong> value at the bottom of the list.<br/></prompt>
      <simpleChoice identifier="SC-8351" xmlns:default="http://www.w3.org/1998/Math/MathML">
        <m:math xmlns="http://www.w3.org/1998/Math/MathML">   <m:mfrac>     <m:mn>1</m:mn>     <m:mn>2</m:mn>   </m:mfrac> </m:math>
      </simpleChoice>
      <simpleChoice identifier="SC-8353" xmlns:default="http://www.w3.org/1998/Math/MathML">
        <m:math xmlns="http://www.w3.org/1998/Math/MathML">   <m:mfrac>     <m:mn>3</m:mn>     <m:mn>12</m:mn>   </m:mfrac> </m:math>
      </simpleChoice>
      <simpleChoice identifier="SC-8354" xmlns:default="http://www.w3.org/1998/Math/MathML">
        <m:math xmlns="http://www.w3.org/1998/Math/MathML">   <m:mfrac>     <m:mn>5</m:mn>     <m:mn>6</m:mn>   </m:mfrac> </m:math>
      </simpleChoice>
    </orderInteraction>
  </itemBody>
  <responseProcessing>
    <responseCondition>
      <responseIf>
        <match>
          <variable identifier="RESPONSE487"/>
          <correct identifier="RESPONSE487"/>
        </match>
        <setOutcomeValue identifier="SCORE487">
          <baseValue baseType="float">1</baseValue>
        </setOutcomeValue>
      </responseIf>
      <responseElse>
        <setOutcomeValue identifier="SCORE487">
          <baseValue baseType="float">0</baseValue>
        </setOutcomeValue>
      </responseElse>
    </responseCondition>
    <setOutcomeValue identifier="SCORE">
      <sum>
        <variable identifier="SCORE487"/>
      </sum>
    </setOutcomeValue>
  </responseProcessing>
</assessmentItem>
