<?xml version="1.0"?>
<assessmentItem adaptive="false" identifier="ITEM-LOGIC-MP-215" timeDependent="false" title="How many girls signed up for only canoe lessons, only swimming lessons, or both canoe and swimming l" toolName="ItemLogic" toolVersion="2.0.0" xmlns="http://www.imsglobal.org/xsd/imsqti_v2p1" xmlns:m="http://www.w3.org/1998/Math/MathML" xmlns:xsi="http://www.w3.org/2001/XMLSchema-instance" xsi:schemaLocation="http://www.imsglobal.org/xsd/imsqti_v2p1  http://www.imsglobal.org/xsd/qti/qtiv2p1/imsqti_v2p1.xsd">
  <responseDeclaration baseType="directedPair" cardinality="multiple" identifier="RESPONSE48">
    <correctResponse>
      <value>GI-3531 HS-3550</value>
      <value>GI-3528 HS-3551</value>
      <value>GI-3530 HS-3552</value>
    </correctResponse>
    <mapping defaultValue="0.00" lowerBound="0.00" upperBound="3.00">
      <mapEntry mapKey="GI-3531 HS-3550" mappedValue="1.00"/>
      <mapEntry mapKey="GI-3528 HS-3551" mappedValue="1.00"/>
      <mapEntry mapKey="GI-3530 HS-3552" mappedValue="1.00"/>
    </mapping>
  </responseDeclaration>
  <outcomeDeclaration baseType="float" cardinality="single" identifier="SCORE48">
    <defaultValue>
      <value>0</value>
    </defaultValue>
  </outcomeDeclaration>
  <outcomeDeclaration baseType="float" cardinality="single" identifier="SCORE">
    <defaultValue>
      <value>0</value>
    </defaultValue>
  </outcomeDeclaration>
  <stylesheet href="../styles/bundled.css" type="text/css"/>
  <stylesheet href="../styles/inline.css" type="text/css"/>
  <itemBody>
    <rubricBlock use="stimulus" view="candidate author proctor scorer testConstructor tutor" xmlns:default="http://www.w3.org/1998/Math/MathML">
      <div><p>Kyla is organizing an outdoor camp. She received this information about the children attending the camp.</p> <ul> <li>There are 100 children attending the camp.</li> <li><m:math xmlns="http://www.w3.org/1998/Math/MathML">   <m:mfrac>     <m:mn>2</m:mn>     <m:mn>5</m:mn>   </m:mfrac> </m:math> of the children are girls.</li> <li>0.5 of the girls signed up for canoe lessons only.</li> <li>20% of the girls signed up for swim lessons only.</li> <li>The rest of the girls signed up for both canoe and swim lessons.</li> </ul></div>
    </rubricBlock>
    <graphicGapMatchInteraction responseIdentifier="RESPONSE48">
      <prompt>How many girls signed up for only canoe lessons, only swimming lessons, or both canoe and swimming lessons?<br/></prompt>
      <object data="../images/FROERI011_Canoe_Swim_stem_01_o_6e40efd927.png" height="184" type="image/png" width="326"/>
      <gapImg identifier="GI-3526" matchMax="1">
        <object data="../images/FROERI011_Canoe_Swim_opt_A01_o_dbbc4fa595.png" height="19" type="image/png" width="28"/>
      </gapImg>
      <gapImg identifier="GI-3527" matchMax="1">
        <object data="../images/FROERI011_Canoe_Swim_opt_B01_o_a36c47d68e.png" height="19" type="image/png" width="28"/>
      </gapImg>
      <gapImg identifier="GI-3528" matchMax="1">
        <object data="../images/FROERI011_Canoe_Swim_opt_C01_o_60e5e9c220.png" height="19" type="image/png" width="28"/>
      </gapImg>
      <gapImg identifier="GI-3529" matchMax="1">
        <object data="../images/FROERI011_Canoe_Swim_opt_D01_o_ed48385c9a.png" height="19" type="image/png" width="28"/>
      </gapImg>
      <gapImg identifier="GI-3530" matchMax="1">
        <object data="../images/FROERI011_Canoe_Swim_opt_E01_o_677b996c17.png" height="19" type="image/png" width="28"/>
      </gapImg>
      <gapImg identifier="GI-3531" matchMax="1">
        <object data="../images/FROERI011_Canoe_Swim_opt_F01_o_ee081df055.png" height="19" type="image/png" width="28"/>
      </gapImg>
      <gapImg identifier="GI-3532" matchMax="1">
        <object data="../images/FROERI011_Canoe_Swim_opt_G01_o_fa88cdea62.png" height="19" type="image/png" width="28"/>
      </gapImg>
      <gapImg identifier="GI-3533" matchMax="1">
        <object data="../images/FROERI011_Canoe_Swim_opt_H01_o_e1f81a5bd7.png" height="19" type="image/png" width="28"/>
      </gapImg>
      <gapImg identifier="GI-3534" matchMax="1">
        <object data="../images/FROERI011_Canoe_Swim_opt_I01_o_2b07fdc69a.png" height="19" type="image/png" width="28"/>
      </gapImg>
      <gapImg identifier="GI-3535" matchMax="1">
        <object data="../images/FROERI011_Canoe_Swim_opt_J01_o_169e924e03.png" height="19" type="image/png" width="28"/>
      </gapImg>
      <gapImg identifier="GI-3536" matchMax="1">
        <object data="../images/FROERI011_Canoe_Swim_opt_K01_o_d375995a42.png" height="19" type="image/png" width="28"/>
      </gapImg>
      <associableHotspot coords="5,149,95,179" identifier="HS-3550" matchMax="1" shape="rect"/>
      <associableHotspot coords="118,149,208,179" identifier="HS-3551" matchMax="1" shape="rect"/>
      <associableHotspot coords="230,149,320,179" identifier="HS-3552" matchMax="1" shape="rect"/>
    </graphicGapMatchInteraction>
  </itemBody>
  <responseProcessing>
    <responseCondition>
      <responseIf>
        <isNull>
          <variable identifier="RESPONSE48"/>
        </isNull>
        <setOutcomeValue identifier="SCORE48">
          <baseValue baseType="float">0.0</baseValue>
        </setOutcomeValue>
      </responseIf>
      <responseElse>
        <setOutcomeValue identifier="SCORE48">
          <mapResponse identifier="RESPONSE48"/>
        </setOutcomeValue>
      </responseElse>
    </responseCondition>
    <setOutcomeValue identifier="SCORE">
      <sum>
        <variable identifier="SCORE48"/>
      </sum>
    </setOutcomeValue>
  </responseProcessing>
</assessmentItem>
