<?xml version="1.0"?>
<assessmentItem adaptive="false" identifier="ITEM-LOGIC-KS-806" timeDependent="false" title="Drag one fraction to each empty box to make the two equations true." toolName="ItemLogic" toolVersion="2.0.0" xmlns="http://www.imsglobal.org/xsd/imsqti_v2p1" xmlns:m="http://www.w3.org/1998/Math/MathML" xmlns:xsi="http://www.w3.org/2001/XMLSchema-instance" xsi:schemaLocation="http://www.imsglobal.org/xsd/imsqti_v2p1  http://www.imsglobal.org/xsd/qti/qtiv2p1/imsqti_v2p1.xsd">
  <responseDeclaration baseType="directedPair" cardinality="multiple" identifier="RESPONSE795">
    <correctResponse>
      <value>GI-13367 HS-13369</value>
      <value>GI-13366 HS-13370</value>
    </correctResponse>
    <mapping defaultValue="-0.50" lowerBound="0.00" upperBound="1.00">
      <mapEntry mapKey="GI-13367 HS-13369" mappedValue="0.50"/>
      <mapEntry mapKey="GI-13366 HS-13370" mappedValue="0.50"/>
    </mapping>
  </responseDeclaration>
  <responseDeclaration baseType="directedPair" cardinality="multiple" identifier="RESPONSE796">
    <correctResponse>
      <value>GI-13355 HS-13373</value>
      <value>GI-13354 HS-13374</value>
    </correctResponse>
    <mapping defaultValue="-0.50" lowerBound="0.00" upperBound="1.00">
      <mapEntry mapKey="GI-13355 HS-13373" mappedValue="0.50"/>
      <mapEntry mapKey="GI-13354 HS-13374" mappedValue="0.50"/>
    </mapping>
  </responseDeclaration>
  <outcomeDeclaration baseType="float" cardinality="single" identifier="SCORE795">
    <defaultValue>
      <value>0</value>
    </defaultValue>
  </outcomeDeclaration>
  <outcomeDeclaration baseType="float" cardinality="single" identifier="SCORE796">
    <defaultValue>
      <value>0</value>
    </defaultValue>
  </outcomeDeclaration>
  <outcomeDeclaration baseType="float" cardinality="single" identifier="SCORE">
    <defaultValue>
      <value>0</value>
    </defaultValue>
  </outcomeDeclaration>
  <stylesheet href="../styles/bundled.css" type="text/css"/>
  <stylesheet href="../styles/inline.css" type="text/css"/>
  <itemBody>
    <rubricBlock use="stimulus" view="candidate author proctor scorer testConstructor tutor">
      <div>
        <p>Ms. Jones wrote some equations on the board.</p>
      </div>
    </rubricBlock>
    <graphicGapMatchInteraction responseIdentifier="RESPONSE795">
      <prompt>Drag one fraction to each empty box to make the two equations true.<br/></prompt>
      <object data="../images/equation2@2x_o_71e6dc6d2e.png" height="220" type="image/png" width="500"/>
      <gapImg identifier="GI-13364" matchMax="1">
        <object data="../images/equation1-1_8@2x_o_b0363e3a79.png" height="75" type="image/png" width="40"/>
      </gapImg>
      <gapImg identifier="GI-13365" matchMax="1">
        <object data="../images/equation1-3_8@2x_o_78b40a9adf.png" height="75" type="image/png" width="40"/>
      </gapImg>
      <gapImg identifier="GI-13366" matchMax="1">
        <object data="../images/equation1-4_8@2x_o_c5a999d619.png" height="75" type="image/png" width="40"/>
      </gapImg>
      <gapImg identifier="GI-13367" matchMax="1">
        <object data="../images/equation1-5_8@2x_o_5d7e064d47.png" height="75" type="image/png" width="40"/>
      </gapImg>
      <gapImg identifier="GI-13368" matchMax="1">
        <object data="../images/equation1-6_8@2x_o_bc743f8a35.png" height="75" type="image/png" width="40"/>
      </gapImg>
      <associableHotspot coords="338,15,378,90" identifier="HS-13369" matchMax="1" shape="rect"/>
      <associableHotspot coords="301,125,341,200" identifier="HS-13370" matchMax="1" shape="rect"/>
    </graphicGapMatchInteraction>
    <graphicGapMatchInteraction responseIdentifier="RESPONSE796">
      <prompt>Drag one number to each box to make the equation true.<br/></prompt>
      <object data="../images/equation1@2x_o_d3169af460.png" height="130" type="image/png" width="500"/>
      <gapImg identifier="GI-13351" matchMax="1">
        <object data="../images/equation2-2@2x_o_bbd59df527.png" height="75" type="image/png" width="40"/>
      </gapImg>
      <gapImg identifier="GI-13353" matchMax="1">
        <object data="../images/equation2-6@2x_o_dd3d1ae771.png" height="75" type="image/png" width="40"/>
      </gapImg>
      <gapImg identifier="GI-13355" matchMax="1">
        <object data="../images/equation2-8@2x_o_0d2fc2dc98.png" height="75" type="image/png" width="40"/>
      </gapImg>
      <gapImg identifier="GI-13352" matchMax="1">
        <object data="../images/equation2-6_5@2x_o_8313a4d654.png" height="75" type="image/png" width="40"/>
      </gapImg>
      <gapImg identifier="GI-13354" matchMax="1">
        <object data="../images/equation2-8_5@2x_o_e155005e68.png" height="75" type="image/png" width="40"/>
      </gapImg>
      <gapImg identifier="GI-13356" matchMax="1">
        <object data="../images/equation2-9_8@2x_o_2765eab502.png" height="75" type="image/png" width="40"/>
      </gapImg>
      <associableHotspot coords="221,30,253,99" identifier="HS-13373" matchMax="1" shape="rect"/>
      <associableHotspot coords="372,30,404,99" identifier="HS-13374" matchMax="1" shape="rect"/>
    </graphicGapMatchInteraction>
  </itemBody>
  <responseProcessing>
    <responseCondition>
      <responseIf>
        <isNull>
          <variable identifier="RESPONSE795"/>
        </isNull>
        <setOutcomeValue identifier="SCORE795">
          <baseValue baseType="float">0.0</baseValue>
        </setOutcomeValue>
      </responseIf>
      <responseElse>
        <setOutcomeValue identifier="SCORE795">
          <mapResponse identifier="RESPONSE795"/>
        </setOutcomeValue>
      </responseElse>
    </responseCondition>
    <responseCondition>
      <responseIf>
        <isNull>
          <variable identifier="RESPONSE796"/>
        </isNull>
        <setOutcomeValue identifier="SCORE796">
          <baseValue baseType="float">0.0</baseValue>
        </setOutcomeValue>
      </responseIf>
      <responseElse>
        <setOutcomeValue identifier="SCORE796">
          <mapResponse identifier="RESPONSE796"/>
        </setOutcomeValue>
      </responseElse>
    </responseCondition>
    <setOutcomeValue identifier="SCORE">
      <sum>
        <variable identifier="SCORE795"/>
        <variable identifier="SCORE796"/>
      </sum>
    </setOutcomeValue>
  </responseProcessing>
</assessmentItem>
