<?xml version="1.0"?>
<assessmentItem adaptive="false" identifier="ITEM-LOGIC-MP-624" timeDependent="false" title="Select the meaning of the word aviators&#x9D; as it is used in line 5 of &quot;Flight Practice.&quot;." toolName="ItemLogic" toolVersion="2.0.0" xmlns="http://www.imsglobal.org/xsd/imsqti_v2p1" xmlns:m="http://www.w3.org/1998/Math/MathML" xmlns:xsi="http://www.w3.org/2001/XMLSchema-instance" xsi:schemaLocation="http://www.imsglobal.org/xsd/imsqti_v2p1  http://www.imsglobal.org/xsd/qti/qtiv2p1/imsqti_v2p1.xsd">
  <responseDeclaration baseType="identifier" cardinality="single" identifier="RESPONSE525">
    <correctResponse>
      <value>IC-13718</value>
    </correctResponse>
  </responseDeclaration>
  <outcomeDeclaration baseType="float" cardinality="single" identifier="SCORE525">
    <defaultValue>
      <value>0</value>
    </defaultValue>
  </outcomeDeclaration>
  <outcomeDeclaration baseType="float" cardinality="single" identifier="SCORE">
    <defaultValue>
      <value>0</value>
    </defaultValue>
  </outcomeDeclaration>
  <stylesheet href="../styles/bundled.css" type="text/css"/>
  <stylesheet href="../styles/inline.css" type="text/css"/>
  <itemBody>
    <rubricBlock use="context" view="candidate author proctor scorer testConstructor tutor">
      <div>
        <object data="../passages/RSC-LOGIC-MP-1677.html" type="text/html"/>
      </div>
    </rubricBlock>
    <div class="stem stem_inline">
      <div class="stem_prompt">
        <p>Select the meaning of the word aviators as it is used in line 5 of "Flight Practice."<br/>.</p>
      </div>
      <p>The word aviators means <inlineChoiceInteraction responseIdentifier="RESPONSE525" shuffle="false"><inlineChoice identifier="IC-13718">people or things that fly in the sky</inlineChoice><inlineChoice identifier="IC-13719">a way to describe birds at a certain age</inlineChoice><inlineChoice identifier="IC-13720">pilots of helicopters or airplanes</inlineChoice><inlineChoice identifier="IC-13721">a pair of animals that are similar</inlineChoice></inlineChoiceInteraction>.</p>
    </div>
  </itemBody>
  <responseProcessing>
    <responseCondition>
      <responseIf>
        <match>
          <variable identifier="RESPONSE525"/>
          <correct identifier="RESPONSE525"/>
        </match>
        <setOutcomeValue identifier="SCORE525">
          <baseValue baseType="float">1</baseValue>
        </setOutcomeValue>
      </responseIf>
      <responseElse>
        <setOutcomeValue identifier="SCORE525">
          <baseValue baseType="float">0</baseValue>
        </setOutcomeValue>
      </responseElse>
    </responseCondition>
    <setOutcomeValue identifier="SCORE">
      <sum>
        <variable identifier="SCORE525"/>
      </sum>
    </setOutcomeValue>
  </responseProcessing>
</assessmentItem>
