<?xml version="1.0"?>
<assessmentItem adaptive="false" identifier="ITEM-LOGIC-KS-763" timeDependent="false" title="Match each item to its correct job." toolName="ItemLogic" toolVersion="2.0.0" xmlns="http://www.imsglobal.org/xsd/imsqti_v2p1" xmlns:m="http://www.w3.org/1998/Math/MathML" xmlns:xsi="http://www.w3.org/2001/XMLSchema-instance" xsi:schemaLocation="http://www.imsglobal.org/xsd/imsqti_v2p1  http://www.imsglobal.org/xsd/qti/qtiv2p1/imsqti_v2p1.xsd">
  <responseDeclaration baseType="directedPair" cardinality="multiple" identifier="RESPONSE723">
    <correctResponse>
      <value>SAC-13186 SAC-11882</value>
      <value>SAC-13183 SAC-11877</value>
      <value>SAC-13185 SAC-11880</value>
      <value>SAC-13184 SAC-11879</value>
    </correctResponse>
    <mapping defaultValue="-0.50" lowerBound="0.00" upperBound="2.00">
      <mapEntry mapKey="SAC-13186 SAC-11882" mappedValue="0.50"/>
      <mapEntry mapKey="SAC-13183 SAC-11877" mappedValue="0.50"/>
      <mapEntry mapKey="SAC-13185 SAC-11880" mappedValue="0.50"/>
      <mapEntry mapKey="SAC-13184 SAC-11879" mappedValue="0.50"/>
    </mapping>
  </responseDeclaration>
  <outcomeDeclaration baseType="float" cardinality="single" identifier="SCORE723">
    <defaultValue>
      <value>0</value>
    </defaultValue>
  </outcomeDeclaration>
  <outcomeDeclaration baseType="float" cardinality="single" identifier="SCORE">
    <defaultValue>
      <value>0</value>
    </defaultValue>
  </outcomeDeclaration>
  <stylesheet href="../styles/bundled.css" type="text/css"/>
  <stylesheet href="../styles/inline.css" type="text/css"/>
  <itemBody>
    <rubricBlock use="context" view="candidate author proctor scorer testConstructor tutor">
      <div>
        <object data="../passages/RSC-LOGIC-KS-2171.html" type="text/html"/>
      </div>
    </rubricBlock>
    <rubricBlock use="stimulus" view="candidate author proctor scorer testConstructor tutor">
      <div>
        <p>Each item in the text, <em>Choose Your Flower Color</em>, has a different job.</p>
      </div>
    </rubricBlock>
    <matchInteraction maxAssociations="4" responseIdentifier="RESPONSE723" shuffle="false">
      <prompt>Match each item to its correct job.<br/></prompt>
      <simpleMatchSet>
        <simpleAssociableChoice identifier="SAC-13186" matchMax="1">
          <p>
            <object data="../images/flowers-purpose-stem4@2x_9d39e5fb73.png" height="50" type="image/png" width="50"/>
          </p>
        </simpleAssociableChoice>
        <simpleAssociableChoice identifier="SAC-13183" matchMax="1">
          <p>
            <object data="../images/flowers-purpose-stem1@2x_13892f3470.png" height="50" type="image/png" width="50"/>
          </p>
        </simpleAssociableChoice>
        <simpleAssociableChoice identifier="SAC-13185" matchMax="1">
          <p>
            <object data="../images/flowers-purpose-stem3@2x_ff43f7e815.png" height="50" type="image/png" width="50"/>
          </p>
        </simpleAssociableChoice>
        <simpleAssociableChoice identifier="SAC-13184" matchMax="1">
          <p>
            <object data="../images/flowers-purpose-stem2@2x_b818940b36.png" height="50" type="image/png" width="50"/>
          </p>
        </simpleAssociableChoice>
      </simpleMatchSet>
      <simpleMatchSet>
        <simpleAssociableChoice identifier="SAC-11877" matchMax="1">
          <p>Cut the roots.</p>
        </simpleAssociableChoice>
        <simpleAssociableChoice identifier="SAC-11878" matchMax="1">
          <p>Cut the petals.</p>
        </simpleAssociableChoice>
        <simpleAssociableChoice identifier="SAC-11879" matchMax="1">
          <p>Hold the flower and water.</p>
        </simpleAssociableChoice>
        <simpleAssociableChoice identifier="SAC-11880" matchMax="1">
          <p>Carry the water to the petals.</p>
        </simpleAssociableChoice>
        <simpleAssociableChoice identifier="SAC-11881" matchMax="1">
          <p>Carry the water to the roots.</p>
        </simpleAssociableChoice>
        <simpleAssociableChoice identifier="SAC-11882" matchMax="1">
          <p>Change the color of the water.</p>
        </simpleAssociableChoice>
        <simpleAssociableChoice identifier="SAC-11883" matchMax="1">
          <p>Change the color of the roots.</p>
        </simpleAssociableChoice>
      </simpleMatchSet>
    </matchInteraction>
  </itemBody>
  <responseProcessing>
    <responseCondition>
      <responseIf>
        <isNull>
          <variable identifier="RESPONSE723"/>
        </isNull>
        <setOutcomeValue identifier="SCORE723">
          <baseValue baseType="float">0.0</baseValue>
        </setOutcomeValue>
      </responseIf>
      <responseElse>
        <setOutcomeValue identifier="SCORE723">
          <mapResponse identifier="RESPONSE723"/>
        </setOutcomeValue>
      </responseElse>
    </responseCondition>
    <setOutcomeValue identifier="SCORE">
      <sum>
        <variable identifier="SCORE723"/>
      </sum>
    </setOutcomeValue>
  </responseProcessing>
</assessmentItem>
