<?xml version="1.0"?>
<assessmentItem adaptive="false" identifier="ITEM-LOGIC-KS-821" timeDependent="false" title="Match each measure name to the correct measure for Riley's set of data." toolName="ItemLogic" toolVersion="2.0.0" xmlns="http://www.imsglobal.org/xsd/imsqti_v2p1" xmlns:m="http://www.w3.org/1998/Math/MathML" xmlns:xsi="http://www.w3.org/2001/XMLSchema-instance" xsi:schemaLocation="http://www.imsglobal.org/xsd/imsqti_v2p1  http://www.imsglobal.org/xsd/qti/qtiv2p1/imsqti_v2p1.xsd">
  <responseDeclaration baseType="directedPair" cardinality="multiple" identifier="RESPONSE819">
    <correctResponse>
      <value>SAC-13968 SAC-13978</value>
      <value>SAC-13969 SAC-13974</value>
      <value>SAC-13970 SAC-13979</value>
      <value>SAC-13971 SAC-13975</value>
    </correctResponse>
    <mapping defaultValue="0.00" lowerBound="0.00" upperBound="2.00">
      <mapEntry mapKey="SAC-13968 SAC-13978" mappedValue="0.50"/>
      <mapEntry mapKey="SAC-13969 SAC-13974" mappedValue="0.50"/>
      <mapEntry mapKey="SAC-13970 SAC-13979" mappedValue="0.50"/>
      <mapEntry mapKey="SAC-13971 SAC-13975" mappedValue="0.50"/>
    </mapping>
  </responseDeclaration>
  <outcomeDeclaration baseType="float" cardinality="single" identifier="SCORE819">
    <defaultValue>
      <value>0</value>
    </defaultValue>
  </outcomeDeclaration>
  <outcomeDeclaration baseType="float" cardinality="single" identifier="SCORE">
    <defaultValue>
      <value>0</value>
    </defaultValue>
  </outcomeDeclaration>
  <stylesheet href="../styles/bundled.css" type="text/css"/>
  <stylesheet href="../styles/inline.css" type="text/css"/>
  <itemBody>
    <rubricBlock use="stimulus" view="candidate author proctor scorer testConstructor tutor">
      <div>
        <p>Riley asks some students in her class how many siblings they have. She uses the data to make the dot plot shown.</p>
        <p>
          <object data="../images/numberline-siblings@2x_31642be60a.png" height="200" type="image/png" width="400"/>
        </p>
      </div>
    </rubricBlock>
    <matchInteraction maxAssociations="4" responseIdentifier="RESPONSE819" shuffle="false">
      <prompt>Match each measure name to the correct measure for Riley's set of data.<br/></prompt>
      <simpleMatchSet>
        <simpleAssociableChoice identifier="SAC-13968" matchMax="1">
          <p>mean</p>
        </simpleAssociableChoice>
        <simpleAssociableChoice identifier="SAC-13969" matchMax="1">
          <p>median</p>
        </simpleAssociableChoice>
        <simpleAssociableChoice identifier="SAC-13970" matchMax="1">
          <p>interquartile range</p>
        </simpleAssociableChoice>
        <simpleAssociableChoice identifier="SAC-13971" matchMax="1">
          <p>mean absolute deviation</p>
        </simpleAssociableChoice>
      </simpleMatchSet>
      <simpleMatchSet>
        <simpleAssociableChoice identifier="SAC-13972" matchMax="1">
          <p>0.8</p>
        </simpleAssociableChoice>
        <simpleAssociableChoice identifier="SAC-13973" matchMax="1">
          <p>0.9</p>
        </simpleAssociableChoice>
        <simpleAssociableChoice identifier="SAC-13974" matchMax="1">
          <p>1</p>
        </simpleAssociableChoice>
        <simpleAssociableChoice identifier="SAC-13975" matchMax="1">
          <p>1.12</p>
        </simpleAssociableChoice>
        <simpleAssociableChoice identifier="SAC-13976" matchMax="1">
          <p>1.13</p>
        </simpleAssociableChoice>
        <simpleAssociableChoice identifier="SAC-13977" matchMax="1">
          <p>1.4</p>
        </simpleAssociableChoice>
        <simpleAssociableChoice identifier="SAC-13978" matchMax="1">
          <p>1.6</p>
        </simpleAssociableChoice>
        <simpleAssociableChoice identifier="SAC-13979" matchMax="1">
          <p>2</p>
        </simpleAssociableChoice>
        <simpleAssociableChoice identifier="SAC-13980" matchMax="1">
          <p>3</p>
        </simpleAssociableChoice>
      </simpleMatchSet>
    </matchInteraction>
  </itemBody>
  <responseProcessing>
    <responseCondition>
      <responseIf>
        <isNull>
          <variable identifier="RESPONSE819"/>
        </isNull>
        <setOutcomeValue identifier="SCORE819">
          <baseValue baseType="float">0.0</baseValue>
        </setOutcomeValue>
      </responseIf>
      <responseElse>
        <setOutcomeValue identifier="SCORE819">
          <mapResponse identifier="RESPONSE819"/>
        </setOutcomeValue>
      </responseElse>
    </responseCondition>
    <setOutcomeValue identifier="SCORE">
      <sum>
        <variable identifier="SCORE819"/>
      </sum>
    </setOutcomeValue>
  </responseProcessing>
</assessmentItem>
