<?xml version="1.0"?>
<assessmentItem adaptive="false" identifier="ITEM-LOGIC-MP-403" timeDependent="false" title="Quinn used exactly 4 meters of yarn to make four different art projects. This table shows the amount" toolName="ItemLogic" toolVersion="2.0.0" xmlns="http://www.imsglobal.org/xsd/imsqti_v2p1" xmlns:m="http://www.w3.org/1998/Math/MathML" xmlns:xsi="http://www.w3.org/2001/XMLSchema-instance" xsi:schemaLocation="http://www.imsglobal.org/xsd/imsqti_v2p1  http://www.imsglobal.org/xsd/qti/qtiv2p1/imsqti_v2p1.xsd">
  <responseDeclaration baseType="identifier" cardinality="multiple" identifier="RESPONSE200">
    <correctResponse>
      <value>HT-10294</value>
      <value>HT-10296</value>
      <value>HT-10298</value>
      <value>HT-10299</value>
    </correctResponse>
  </responseDeclaration>
  <outcomeDeclaration baseType="float" cardinality="single" identifier="SCORE200">
    <defaultValue>
      <value>0</value>
    </defaultValue>
  </outcomeDeclaration>
  <outcomeDeclaration baseType="float" cardinality="single" identifier="SCORE">
    <defaultValue>
      <value>0</value>
    </defaultValue>
  </outcomeDeclaration>
  <stylesheet href="../styles/bundled.css" type="text/css"/>
  <stylesheet href="../styles/inline.css" type="text/css"/>
  <itemBody>
    <hottextInteraction maxChoices="0" responseIdentifier="RESPONSE200" xmlns:default="http://www.w3.org/1998/Math/MathML">
      <prompt>Quinn used exactly 4 meters of yarn to make four different art projects. This table shows the amount of yarn needed for each project. Select the four art projects Quinn made.<br/></prompt>
      <table class="style-a3f303f2f8a08e1dfaa5bdde04c0641d" xmlns:default="http://www.w3.org/1998/Math/MathML"> <tbody> <tr> <td class="style-0594fd93e2a95d4b5ade904927f9cdf8"><strong>Project</strong></td> <td class="style-0594fd93e2a95d4b5ade904927f9cdf8"><strong>Amount of Yarn</strong></td> </tr> <tr> <td class="style-25150780864b21cd93ec9cb82758edc1"><hottext identifier="HT-10294">Key Chain</hottext></td> <td class="style-25150780864b21cd93ec9cb82758edc1"><m:math xmlns="http://www.w3.org/1998/Math/MathML">   <m:mn>1</m:mn>   <m:mfrac>     <m:mn>1</m:mn>     <m:mn>2</m:mn>   </m:mfrac> </m:math>meters</td> </tr> <tr> <td class="style-25150780864b21cd93ec9cb82758edc1"><hottext identifier="HT-10295">Doll</hottext></td> <td class="style-25150780864b21cd93ec9cb82758edc1">2 meters, 5 centimeters</td> </tr> <tr> <td class="style-25150780864b21cd93ec9cb82758edc1"><hottext identifier="HT-10296">Lion</hottext></td> <td class="style-25150780864b21cd93ec9cb82758edc1"><m:math xmlns="http://www.w3.org/1998/Math/MathML">   <m:mfrac>     <m:mn>1</m:mn>     <m:mn>2</m:mn>   </m:mfrac> </m:math> meter, 10 centimeters</td> </tr> <tr> <td class="style-25150780864b21cd93ec9cb82758edc1"><hottext identifier="HT-10297">Bookmark</hottext></td> <td class="style-25150780864b21cd93ec9cb82758edc1"><m:math xmlns="http://www.w3.org/1998/Math/MathML">   <m:mfrac>     <m:mn>1</m:mn>     <m:mn>2</m:mn>   </m:mfrac> </m:math> meter</td> </tr> <tr> <td class="style-25150780864b21cd93ec9cb82758edc1"><hottext identifier="HT-10298">Bracelet</hottext></td> <td class="style-25150780864b21cd93ec9cb82758edc1">1 meter, 20 centimeters</td> </tr> <tr> <td class="style-25150780864b21cd93ec9cb82758edc1"><hottext identifier="HT-10299">Spider Web</hottext></td> <td class="style-25150780864b21cd93ec9cb82758edc1"><m:math xmlns="http://www.w3.org/1998/Math/MathML">   <m:mfrac>     <m:mn>1</m:mn>     <m:mn>2</m:mn>   </m:mfrac> </m:math> meter, 20 centimeters</td> </tr> </tbody> </table>
    </hottextInteraction>
  </itemBody>
  <responseProcessing>
    <responseCondition>
      <responseIf>
        <match>
          <variable identifier="RESPONSE200"/>
          <correct identifier="RESPONSE200"/>
        </match>
        <setOutcomeValue identifier="SCORE200">
          <baseValue baseType="float">1</baseValue>
        </setOutcomeValue>
      </responseIf>
      <responseElse>
        <setOutcomeValue identifier="SCORE200">
          <baseValue baseType="float">0</baseValue>
        </setOutcomeValue>
      </responseElse>
    </responseCondition>
    <setOutcomeValue identifier="SCORE">
      <sum>
        <variable identifier="SCORE200"/>
      </sum>
    </setOutcomeValue>
  </responseProcessing>
</assessmentItem>
