<?xml version="1.0"?>
<assessmentItem adaptive="false" identifier="ITEM-LOGIC-KS-768" timeDependent="false" title="Put the events below in the order that they occur in the passage." toolName="ItemLogic" toolVersion="2.0.0" xmlns="http://www.imsglobal.org/xsd/imsqti_v2p1" xmlns:m="http://www.w3.org/1998/Math/MathML" xmlns:xsi="http://www.w3.org/2001/XMLSchema-instance" xsi:schemaLocation="http://www.imsglobal.org/xsd/imsqti_v2p1  http://www.imsglobal.org/xsd/qti/qtiv2p1/imsqti_v2p1.xsd">
  <responseDeclaration baseType="identifier" cardinality="ordered" identifier="RESPONSE730">
    <correctResponse>
      <value>SC-12250</value>
      <value>SC-12251</value>
      <value>SC-12249</value>
      <value>SC-12248</value>
      <value>SC-12253</value>
      <value>SC-12252</value>
    </correctResponse>
  </responseDeclaration>
  <outcomeDeclaration baseType="float" cardinality="single" identifier="SCORE730">
    <defaultValue>
      <value>0</value>
    </defaultValue>
  </outcomeDeclaration>
  <outcomeDeclaration baseType="float" cardinality="single" identifier="SCORE">
    <defaultValue>
      <value>0</value>
    </defaultValue>
  </outcomeDeclaration>
  <stylesheet href="../styles/bundled.css" type="text/css"/>
  <stylesheet href="../styles/inline.css" type="text/css"/>
  <itemBody>
    <rubricBlock use="context" view="candidate author proctor scorer testConstructor tutor">
      <div>
        <object data="../passages/RSC-LOGIC-KS-2175.html" type="text/html"/>
      </div>
    </rubricBlock>
    <rubricBlock use="stimulus" view="candidate author proctor scorer testConstructor tutor">
      <div>
        <p>The passage, <em>The Crate</em>, has a clear beginning, middle, and end.</p>
      </div>
    </rubricBlock>
    <orderInteraction orientation="vertical" responseIdentifier="RESPONSE730" shuffle="false">
      <prompt>Put the events below in the order that they occur in the passage.<br/></prompt>
      <simpleChoice identifier="SC-12248">
        <p>Annie hears a noise coming from the crate.</p>
      </simpleChoice>
      <simpleChoice identifier="SC-12252">
        <p>Annie's mystery is solved.</p>
      </simpleChoice>
      <simpleChoice identifier="SC-12249">
        <p>Annie and mom play a card game.</p>
      </simpleChoice>
      <simpleChoice identifier="SC-12251">
        <p>The lady in the orange coat sits down.</p>
      </simpleChoice>
      <simpleChoice identifier="SC-12253">
        <p>The lady in the orange coat shakes her finger at the crate.</p>
      </simpleChoice>
      <simpleChoice identifier="SC-12250">
        <p>Annie and mom find their seats.</p>
      </simpleChoice>
    </orderInteraction>
  </itemBody>
  <responseProcessing>
    <responseCondition>
      <responseIf>
        <match>
          <variable identifier="RESPONSE730"/>
          <correct identifier="RESPONSE730"/>
        </match>
        <setOutcomeValue identifier="SCORE730">
          <baseValue baseType="float">1</baseValue>
        </setOutcomeValue>
      </responseIf>
      <responseElse>
        <setOutcomeValue identifier="SCORE730">
          <baseValue baseType="float">0</baseValue>
        </setOutcomeValue>
      </responseElse>
    </responseCondition>
    <setOutcomeValue identifier="SCORE">
      <sum>
        <variable identifier="SCORE730"/>
      </sum>
    </setOutcomeValue>
  </responseProcessing>
</assessmentItem>
