<?xml version="1.0"?>
<assessmentItem adaptive="false" identifier="ITEM-LOGIC-KS-792" timeDependent="false" title="Click all the pieces of fabric Ella can use for her art project." toolName="ItemLogic" toolVersion="2.0.0" xmlns="http://www.imsglobal.org/xsd/imsqti_v2p1" xmlns:m="http://www.w3.org/1998/Math/MathML" xmlns:xsi="http://www.w3.org/2001/XMLSchema-instance" xsi:schemaLocation="http://www.imsglobal.org/xsd/imsqti_v2p1  http://www.imsglobal.org/xsd/qti/qtiv2p1/imsqti_v2p1.xsd">
  <responseDeclaration baseType="identifier" cardinality="multiple" identifier="RESPONSE770">
    <correctResponse>
      <value>HS-13048</value>
      <value>HS-13049</value>
      <value>HS-13046</value>
    </correctResponse>
  </responseDeclaration>
  <responseDeclaration baseType="identifier" cardinality="single" identifier="RESPONSE771">
    <correctResponse>
      <value>SC-12419</value>
    </correctResponse>
  </responseDeclaration>
  <outcomeDeclaration baseType="float" cardinality="single" identifier="SCORE770">
    <defaultValue>
      <value>0</value>
    </defaultValue>
  </outcomeDeclaration>
  <outcomeDeclaration baseType="float" cardinality="single" identifier="SCORE771">
    <defaultValue>
      <value>0</value>
    </defaultValue>
  </outcomeDeclaration>
  <outcomeDeclaration baseType="float" cardinality="single" identifier="SCORE">
    <defaultValue>
      <value>0</value>
    </defaultValue>
  </outcomeDeclaration>
  <stylesheet href="../styles/bundled.css" type="text/css"/>
  <stylesheet href="../styles/inline.css" type="text/css"/>
  <itemBody>
    <rubricBlock use="stimulus" view="candidate author proctor scorer testConstructor tutor">
      <div>
        <p>Ella needs a piece of cloth with an area of exactly 20 square inches for an art project.</p>
      </div>
    </rubricBlock>
    <hotspotInteraction maxChoices="0" responseIdentifier="RESPONSE770">
      <prompt>Click all the pieces of fabric Ella can use for her art project.<br/></prompt>
      <object data="../images/fabric-canvas@2x_o_20ab166e51.png" height="405" type="image/png" width="500"/>
      <hotspotChoice coords="2,2,177,142" identifier="HS-13045" shape="rect"/>
      <hotspotChoice coords="235,15,495,105" identifier="HS-13046" shape="rect"/>
      <hotspotChoice coords="206,128,386,268" identifier="HS-13047" shape="rect"/>
      <hotspotChoice coords="11,204,191,364" identifier="HS-13048" shape="rect"/>
      <hotspotChoice coords="318,280,478,400" identifier="HS-13049" shape="rect"/>
    </hotspotInteraction>
    <choiceInteraction maxChoices="1" responseIdentifier="RESPONSE771" shuffle="false">
      <prompt>Ella uses 3 pieces of fabric with an area of 20 square inches each. What is the total area, in square inches, that Ella uses?<br/></prompt>
      <simpleChoice fixed="true" identifier="SC-12417">
        <p>23</p>
      </simpleChoice>
      <simpleChoice fixed="true" identifier="SC-12420">
        <p>32</p>
      </simpleChoice>
      <simpleChoice fixed="true" identifier="SC-12418">
        <p>40</p>
      </simpleChoice>
      <simpleChoice fixed="true" identifier="SC-12419">
        <p>60</p>
      </simpleChoice>
    </choiceInteraction>
  </itemBody>
  <responseProcessing>
    <responseCondition>
      <responseIf>
        <match>
          <variable identifier="RESPONSE770"/>
          <correct identifier="RESPONSE770"/>
        </match>
        <setOutcomeValue identifier="SCORE770">
          <baseValue baseType="float">1</baseValue>
        </setOutcomeValue>
      </responseIf>
      <responseElse>
        <setOutcomeValue identifier="SCORE770">
          <baseValue baseType="float">0</baseValue>
        </setOutcomeValue>
      </responseElse>
    </responseCondition>
    <responseCondition>
      <responseIf>
        <match>
          <variable identifier="RESPONSE771"/>
          <correct identifier="RESPONSE771"/>
        </match>
        <setOutcomeValue identifier="SCORE771">
          <baseValue baseType="float">1</baseValue>
        </setOutcomeValue>
      </responseIf>
      <responseElse>
        <setOutcomeValue identifier="SCORE771">
          <baseValue baseType="float">0</baseValue>
        </setOutcomeValue>
      </responseElse>
    </responseCondition>
    <setOutcomeValue identifier="SCORE">
      <sum>
        <variable identifier="SCORE770"/>
        <variable identifier="SCORE771"/>
      </sum>
    </setOutcomeValue>
  </responseProcessing>
</assessmentItem>
