<?xml version="1.0"?>
<assessmentItem adaptive="false" identifier="ITEM-LOGIC-MP-559" timeDependent="false" title="Select four events that led to the development of Sequoyah&#x2019;s system. Put them in the correct order" toolName="ItemLogic" toolVersion="2.0.0" xmlns="http://www.imsglobal.org/xsd/imsqti_v2p1" xmlns:m="http://www.w3.org/1998/Math/MathML" xmlns:xsi="http://www.w3.org/2001/XMLSchema-instance" xsi:schemaLocation="http://www.imsglobal.org/xsd/imsqti_v2p1  http://www.imsglobal.org/xsd/qti/qtiv2p1/imsqti_v2p1.xsd">
  <responseDeclaration baseType="directedPair" cardinality="multiple" identifier="RESPONSE442">
    <correctResponse>
      <value>GI-9564 HS-13760</value>
      <value>GI-13759 HS-13761</value>
      <value>GI-9563 HS-13762</value>
      <value>GI-9559 HS-13763</value>
    </correctResponse>
  </responseDeclaration>
  <outcomeDeclaration baseType="float" cardinality="single" identifier="SCORE442">
    <defaultValue>
      <value>0</value>
    </defaultValue>
  </outcomeDeclaration>
  <outcomeDeclaration baseType="float" cardinality="single" identifier="SCORE">
    <defaultValue>
      <value>0</value>
    </defaultValue>
  </outcomeDeclaration>
  <stylesheet href="../styles/bundled.css" type="text/css"/>
  <stylesheet href="../styles/inline.css" type="text/css"/>
  <itemBody>
    <rubricBlock use="context" view="candidate author proctor scorer testConstructor tutor">
      <div>
        <object data="../passages/RSC-LOGIC-MP-1671.html" type="text/html"/>
      </div>
    </rubricBlock>
    <graphicGapMatchInteraction responseIdentifier="RESPONSE442">
      <prompt>Select <strong>four</strong> events that led to the development of Sequoyah&#x2019;s system. Put them in the correct order in the chart.<br/></prompt>
      <object data="../images/sequoyah-canvas_o_fb7bd104ce.png" height="300" type="image/png" width="500"/>
      <gapImg identifier="GI-9559" matchMax="1">
        <object data="../images/sequoyah-choice1_o_39271c2cbd.png" height="55" type="image/png" width="220"/>
      </gapImg>
      <gapImg identifier="GI-9564" matchMax="1">
        <object data="../images/sequoyah-choice2_o_1b2f27bc51.png" height="55" type="image/png" width="220"/>
      </gapImg>
      <gapImg identifier="GI-9560" matchMax="1">
        <object data="../images/sequoyah-choice3_o_ff6fbb678f.png" height="55" type="image/png" width="220"/>
      </gapImg>
      <gapImg identifier="GI-9561" matchMax="1">
        <object data="../images/sequoyah-choice4_o_6c85354e38.png" height="55" type="image/png" width="220"/>
      </gapImg>
      <gapImg identifier="GI-9563" matchMax="1">
        <object data="../images/sequoyah-choice5_o_6b2f13e4d0.png" height="55" type="image/png" width="220"/>
      </gapImg>
      <gapImg identifier="GI-13759" matchMax="1">
        <object data="../images/sequoyah-choice6_o_6651344bd5.png" height="55" type="image/png" width="220"/>
      </gapImg>
      <associableHotspot coords="52,16,412,71" identifier="HS-13760" matchMax="1" shape="rect"/>
      <associableHotspot coords="52,88,412,143" identifier="HS-13761" matchMax="1" shape="rect"/>
      <associableHotspot coords="52,158,412,213" identifier="HS-13762" matchMax="1" shape="rect"/>
      <associableHotspot coords="52,229,412,284" identifier="HS-13763" matchMax="1" shape="rect"/>
    </graphicGapMatchInteraction>
  </itemBody>
  <responseProcessing>
    <responseCondition>
      <responseIf>
        <match>
          <variable identifier="RESPONSE442"/>
          <correct identifier="RESPONSE442"/>
        </match>
        <setOutcomeValue identifier="SCORE442">
          <baseValue baseType="float">1</baseValue>
        </setOutcomeValue>
      </responseIf>
      <responseElse>
        <setOutcomeValue identifier="SCORE442">
          <baseValue baseType="float">0</baseValue>
        </setOutcomeValue>
      </responseElse>
    </responseCondition>
    <setOutcomeValue identifier="SCORE">
      <sum>
        <variable identifier="SCORE442"/>
      </sum>
    </setOutcomeValue>
  </responseProcessing>
</assessmentItem>
