<?xml version="1.0"?>
<assessmentItem adaptive="false" identifier="ITEM-LOGIC-KS-833" timeDependent="false" title="Complete each sentence to show how the individuals and groups are connected to one another through N" toolName="ItemLogic" toolVersion="2.0.0" xmlns="http://www.imsglobal.org/xsd/imsqti_v2p1" xmlns:m="http://www.w3.org/1998/Math/MathML" xmlns:xsi="http://www.w3.org/2001/XMLSchema-instance" xsi:schemaLocation="http://www.imsglobal.org/xsd/imsqti_v2p1  http://www.imsglobal.org/xsd/qti/qtiv2p1/imsqti_v2p1.xsd">
  <responseDeclaration baseType="identifier" cardinality="single" identifier="RESPONSE840">
    <correctResponse>
      <value>IC-15317</value>
    </correctResponse>
    <mapping>
      <mapEntry mapKey="IC-15317" mappedValue="0.50"/>
    </mapping>
  </responseDeclaration>
  <responseDeclaration baseType="identifier" cardinality="single" identifier="RESPONSE841">
    <correctResponse>
      <value>IC-15402</value>
    </correctResponse>
    <mapping>
      <mapEntry mapKey="IC-15402" mappedValue="0.50"/>
    </mapping>
  </responseDeclaration>
  <responseDeclaration baseType="identifier" cardinality="single" identifier="RESPONSE842">
    <correctResponse>
      <value>IC-15330</value>
    </correctResponse>
    <mapping>
      <mapEntry mapKey="IC-15330" mappedValue="0.50"/>
    </mapping>
  </responseDeclaration>
  <responseDeclaration baseType="identifier" cardinality="single" identifier="RESPONSE843">
    <correctResponse>
      <value>IC-15332</value>
    </correctResponse>
    <mapping>
      <mapEntry mapKey="IC-15332" mappedValue="0.50"/>
    </mapping>
  </responseDeclaration>
  <outcomeDeclaration baseType="float" cardinality="single" identifier="SCORE840">
    <defaultValue>
      <value>0</value>
    </defaultValue>
  </outcomeDeclaration>
  <outcomeDeclaration baseType="float" cardinality="single" identifier="SCORE841">
    <defaultValue>
      <value>0</value>
    </defaultValue>
  </outcomeDeclaration>
  <outcomeDeclaration baseType="float" cardinality="single" identifier="SCORE842">
    <defaultValue>
      <value>0</value>
    </defaultValue>
  </outcomeDeclaration>
  <outcomeDeclaration baseType="float" cardinality="single" identifier="SCORE843">
    <defaultValue>
      <value>0</value>
    </defaultValue>
  </outcomeDeclaration>
  <outcomeDeclaration baseType="float" cardinality="single" identifier="SCORE">
    <defaultValue>
      <value>0</value>
    </defaultValue>
  </outcomeDeclaration>
  <stylesheet href="../styles/bundled.css" type="text/css"/>
  <stylesheet href="../styles/inline.css" type="text/css"/>
  <itemBody>
    <rubricBlock use="context" view="candidate author proctor scorer testConstructor tutor">
      <div>
        <object data="../passages/RSC-LOGIC-KS-3873.html" type="text/html"/>
      </div>
    </rubricBlock>
    <rubricBlock use="stimulus" view="candidate author proctor scorer testConstructor tutor">
      <div>
        <p>The individuals and groups in <em>Nani's Story</em> are connected by their interaction with Nani.</p>
      </div>
    </rubricBlock>
    <div class="stem stem_inline">
      <div class="stem_prompt">
        <p>Complete each sentence to show how the individuals and groups are connected to one another through Nani.</p>
      </div>
      <p>The rescue team is connected to the local veterinarian&#xA0;because they both met Nani's need for <inlineChoiceInteraction responseIdentifier="RESPONSE840" shuffle="false"><inlineChoice identifier="IC-15317">immediate, lifesaving care</inlineChoice><inlineChoice identifier="IC-15320">long-term, daily care</inlineChoice></inlineChoiceInteraction>.</p>
      <p>The caregiver relied on <inlineChoiceInteraction responseIdentifier="RESPONSE841" shuffle="false"><inlineChoice identifier="IC-15402">the hospital medical team</inlineChoice><inlineChoice identifier="IC-15403">visiting veterinarians from all over Australia</inlineChoice></inlineChoiceInteraction> to reestablish successful healing.</p>
      <p>Because of Nani's care, visiting veterinarians from all over Australia now depend on <inlineChoiceInteraction responseIdentifier="RESPONSE842" shuffle="false"><inlineChoice identifier="IC-15338">rescue teams</inlineChoice><inlineChoice identifier="IC-15330">the hospital medical team</inlineChoice></inlineChoiceInteraction> to provide <inlineChoiceInteraction responseIdentifier="RESPONSE843" shuffle="false"><inlineChoice identifier="IC-15339">specialized ointments and mittens</inlineChoice><inlineChoice identifier="IC-15332">opportunities to learn about injured koalas</inlineChoice></inlineChoiceInteraction>.</p>
    </div>
  </itemBody>
  <responseProcessing>
    <responseCondition>
      <responseIf>
        <isNull>
          <variable identifier="RESPONSE840"/>
        </isNull>
        <setOutcomeValue identifier="SCORE840">
          <baseValue baseType="float">0.0</baseValue>
        </setOutcomeValue>
      </responseIf>
      <responseElse>
        <setOutcomeValue identifier="SCORE840">
          <mapResponse identifier="RESPONSE840"/>
        </setOutcomeValue>
      </responseElse>
    </responseCondition>
    <responseCondition>
      <responseIf>
        <isNull>
          <variable identifier="RESPONSE841"/>
        </isNull>
        <setOutcomeValue identifier="SCORE841">
          <baseValue baseType="float">0.0</baseValue>
        </setOutcomeValue>
      </responseIf>
      <responseElse>
        <setOutcomeValue identifier="SCORE841">
          <mapResponse identifier="RESPONSE841"/>
        </setOutcomeValue>
      </responseElse>
    </responseCondition>
    <responseCondition>
      <responseIf>
        <isNull>
          <variable identifier="RESPONSE842"/>
        </isNull>
        <setOutcomeValue identifier="SCORE842">
          <baseValue baseType="float">0.0</baseValue>
        </setOutcomeValue>
      </responseIf>
      <responseElse>
        <setOutcomeValue identifier="SCORE842">
          <mapResponse identifier="RESPONSE842"/>
        </setOutcomeValue>
      </responseElse>
    </responseCondition>
    <responseCondition>
      <responseIf>
        <isNull>
          <variable identifier="RESPONSE843"/>
        </isNull>
        <setOutcomeValue identifier="SCORE843">
          <baseValue baseType="float">0.0</baseValue>
        </setOutcomeValue>
      </responseIf>
      <responseElse>
        <setOutcomeValue identifier="SCORE843">
          <mapResponse identifier="RESPONSE843"/>
        </setOutcomeValue>
      </responseElse>
    </responseCondition>
    <setOutcomeValue identifier="SCORE">
      <sum>
        <variable identifier="SCORE840"/>
        <variable identifier="SCORE841"/>
        <variable identifier="SCORE842"/>
        <variable identifier="SCORE843"/>
      </sum>
    </setOutcomeValue>
  </responseProcessing>
</assessmentItem>
