<?xml version="1.0"?>
<assessmentItem adaptive="false" identifier="ITEM-LOGIC-MP-247" timeDependent="false" title="Based on the information provided by the authors,&#xA0; compare and contrast the features of Speak On an" toolName="ItemLogic" toolVersion="2.0.0" xmlns="http://www.imsglobal.org/xsd/imsqti_v2p1" xmlns:m="http://www.w3.org/1998/Math/MathML" xmlns:xsi="http://www.w3.org/2001/XMLSchema-instance" xsi:schemaLocation="http://www.imsglobal.org/xsd/imsqti_v2p1  http://www.imsglobal.org/xsd/qti/qtiv2p1/imsqti_v2p1.xsd">
  <responseDeclaration baseType="identifier" cardinality="multiple" identifier="RESPONSE99">
    <correctResponse>
      <value>HT-3933</value>
      <value>HT-3934</value>
      <value>HT-3939</value>
      <value>HT-3941</value>
      <value>HT-3944</value>
    </correctResponse>
  </responseDeclaration>
  <outcomeDeclaration baseType="float" cardinality="single" identifier="SCORE99">
    <defaultValue>
      <value>0</value>
    </defaultValue>
  </outcomeDeclaration>
  <outcomeDeclaration baseType="float" cardinality="single" identifier="SCORE">
    <defaultValue>
      <value>0</value>
    </defaultValue>
  </outcomeDeclaration>
  <stylesheet href="../styles/bundled.css" type="text/css"/>
  <stylesheet href="../styles/inline.css" type="text/css"/>
  <itemBody>
    <rubricBlock use="context" view="candidate author proctor scorer testConstructor tutor">
      <div>
        <object data="../passages/RSC-LOGIC-MP-480.html" type="text/html"/>
      </div>
      <div>
        <object data="../passages/RSC-LOGIC-MP-481.html" type="text/html"/>
      </div>
    </rubricBlock>
    <hottextInteraction maxChoices="0" responseIdentifier="RESPONSE99">
      <prompt>Based on the information provided by the authors,  compare and contrast the features of Speak On and Unicorn Software.<br/></prompt>
      <table class="style-4ff3962f1359145afd3e27ef776a0fd2"> <tbody> <tr> <td class="style-25150780864b21cd93ec9cb82758edc1">converts speech to text</td> <td class="style-020463708b9d5452dff034889dd6f3cc"><hottext identifier="HT-3931">Speak On</hottext></td> <td class="style-020463708b9d5452dff034889dd6f3cc"><hottext identifier="HT-3932">Unicorn Software</hottext></td> <td class="style-020463708b9d5452dff034889dd6f3cc"><hottext identifier="HT-3933">Both</hottext></td> </tr> <tr> <td class="style-25150780864b21cd93ec9cb82758edc1">adapts to the way the speaker talks</td> <td class="style-25150780864b21cd93ec9cb82758edc1"><hottext identifier="HT-3934">Speak On</hottext></td> <td class="style-25150780864b21cd93ec9cb82758edc1"><hottext identifier="HT-3935">Unicorn Software</hottext></td> <td class="style-25150780864b21cd93ec9cb82758edc1"><hottext identifier="HT-3936">Both</hottext></td> </tr> <tr> <td class="style-25150780864b21cd93ec9cb82758edc1">recognizes the voice of the speaker</td> <td class="style-25150780864b21cd93ec9cb82758edc1"><hottext identifier="HT-3937">Speak On</hottext></td> <td class="style-25150780864b21cd93ec9cb82758edc1"><hottext identifier="HT-3938">Unicorn Software</hottext></td> <td class="style-25150780864b21cd93ec9cb82758edc1"><hottext identifier="HT-3939">Both</hottext></td> </tr> <tr> <td class="style-25150780864b21cd93ec9cb82758edc1">records the voice of the speaker</td> <td class="style-25150780864b21cd93ec9cb82758edc1"><hottext identifier="HT-3940">Speak On</hottext></td> <td class="style-25150780864b21cd93ec9cb82758edc1"><hottext identifier="HT-3941">Unicorn Software</hottext></td> <td class="style-25150780864b21cd93ec9cb82758edc1"><hottext identifier="HT-3942">Both</hottext></td> </tr> <tr> <td class="style-25150780864b21cd93ec9cb82758edc1">saves messages to send when signal is available</td> <td class="style-25150780864b21cd93ec9cb82758edc1"><hottext identifier="HT-3943">Speak On</hottext></td> <td class="style-25150780864b21cd93ec9cb82758edc1"><hottext identifier="HT-3944">Unicorn Software</hottext></td> <td class="style-25150780864b21cd93ec9cb82758edc1"><hottext identifier="HT-3945">Both</hottext></td> </tr> </tbody> </table>
    </hottextInteraction>
  </itemBody>
  <responseProcessing>
    <responseCondition>
      <responseIf>
        <match>
          <variable identifier="RESPONSE99"/>
          <correct identifier="RESPONSE99"/>
        </match>
        <setOutcomeValue identifier="SCORE99">
          <baseValue baseType="float">1</baseValue>
        </setOutcomeValue>
      </responseIf>
      <responseElse>
        <setOutcomeValue identifier="SCORE99">
          <baseValue baseType="float">0</baseValue>
        </setOutcomeValue>
      </responseElse>
    </responseCondition>
    <setOutcomeValue identifier="SCORE">
      <sum>
        <variable identifier="SCORE99"/>
      </sum>
    </setOutcomeValue>
  </responseProcessing>
</assessmentItem>
