<?xml version="1.0"?>
<assessmentItem adaptive="false" identifier="ITEM-LOGIC-MP-666" timeDependent="false" title="Part A:The central idea of &quot;Mayan Mathematics&quot; is that the Mayan culture" toolName="ItemLogic" toolVersion="2.0.0" xmlns="http://www.imsglobal.org/xsd/imsqti_v2p1" xmlns:m="http://www.w3.org/1998/Math/MathML" xmlns:xsi="http://www.w3.org/2001/XMLSchema-instance" xsi:schemaLocation="http://www.imsglobal.org/xsd/imsqti_v2p1  http://www.imsglobal.org/xsd/qti/qtiv2p1/imsqti_v2p1.xsd">
  <responseDeclaration baseType="identifier" cardinality="single" identifier="RESPONSE579">
    <correctResponse>
      <value>SC-9218</value>
    </correctResponse>
  </responseDeclaration>
  <responseDeclaration baseType="identifier" cardinality="multiple" identifier="RESPONSE580">
    <correctResponse>
      <value>HT-10513</value>
    </correctResponse>
  </responseDeclaration>
  <outcomeDeclaration baseType="float" cardinality="single" identifier="SCORE579">
    <defaultValue>
      <value>0</value>
    </defaultValue>
  </outcomeDeclaration>
  <outcomeDeclaration baseType="float" cardinality="single" identifier="SCORE580">
    <defaultValue>
      <value>0</value>
    </defaultValue>
  </outcomeDeclaration>
  <outcomeDeclaration baseType="float" cardinality="single" identifier="SCORE">
    <defaultValue>
      <value>0</value>
    </defaultValue>
  </outcomeDeclaration>
  <stylesheet href="../styles/bundled.css" type="text/css"/>
  <stylesheet href="../styles/inline.css" type="text/css"/>
  <itemBody>
    <rubricBlock use="context" view="candidate author proctor scorer testConstructor tutor">
      <div>
        <object data="../passages/RSC-LOGIC-MP-1682.html" type="text/html"/>
      </div>
    </rubricBlock>
    <choiceInteraction maxChoices="1" responseIdentifier="RESPONSE579" shuffle="false">
      <prompt>Part A:<br/>The central idea of "Mayan Mathematics" is that the Mayan culture<br/></prompt>
      <simpleChoice fixed="true" identifier="SC-9214">
        <p>used math to create its unique calendars.</p>
      </simpleChoice>
      <simpleChoice fixed="true" identifier="SC-9215">
        <p>realized that certain numbers have special significance in math.</p>
      </simpleChoice>
      <simpleChoice fixed="true" identifier="SC-9216">
        <p>created a simple math system so the uneducated could understand it.</p>
      </simpleChoice>
      <simpleChoice fixed="true" identifier="SC-9218">
        <p>developed one of the most advanced math systems in the ancient world.</p>
      </simpleChoice>
    </choiceInteraction>
    <hottextInteraction maxChoices="0" responseIdentifier="RESPONSE580"><prompt>Part B:<br/>Select the one piece of evidence that best supports the answer in Part A.<br/></prompt><p><hottext identifier="HT-10512">These three symbols were used in various combinations, to keep track of calendar events both past and future, and so that even uneducated people could do the simple arithmetic needed for trade and commerce.</hottext></p> <p><hottext identifier="HT-10513">That the Maya understood the value of zero is remarkable -&#xAD; most of the world's civilizations had no concept of zero at that time.</hottext></p> <div class="num_para_text"> </div> <div class="num_para_text"><hottext identifier="HT-10514">The Maya used the vigesimal system for their calculations -&#xAD; a system based on 20 rather than 10.</hottext></div> <div class="num_para_text"> </div> <div class="num_para_text"> </div> <div class="num_para_text"><hottext identifier="HT-10515">This means that instead of the 1, 10, 100, 1,000 and 10,000 of our mathematical system, the Maya used 1, 20, 400, 8,000 and 160,000.</hottext><span class="para_number"/></div> <div class="num_para_text"> </div> <div class="num_para_text"> </div> <div class="num_para_text"><hottext identifier="HT-10516">Maya numbers, including calendar dates, were written from bottom to top, rather than horizontally.</hottext></div></hottextInteraction>
  </itemBody>
  <responseProcessing>
    <responseCondition>
      <responseIf>
        <match>
          <variable identifier="RESPONSE579"/>
          <correct identifier="RESPONSE579"/>
        </match>
        <setOutcomeValue identifier="SCORE579">
          <baseValue baseType="float">1</baseValue>
        </setOutcomeValue>
      </responseIf>
      <responseElse>
        <setOutcomeValue identifier="SCORE579">
          <baseValue baseType="float">0</baseValue>
        </setOutcomeValue>
      </responseElse>
    </responseCondition>
    <responseCondition>
      <responseIf>
        <match>
          <variable identifier="RESPONSE580"/>
          <correct identifier="RESPONSE580"/>
        </match>
        <setOutcomeValue identifier="SCORE580">
          <baseValue baseType="float">1</baseValue>
        </setOutcomeValue>
      </responseIf>
      <responseElse>
        <setOutcomeValue identifier="SCORE580">
          <baseValue baseType="float">0</baseValue>
        </setOutcomeValue>
      </responseElse>
    </responseCondition>
    <setOutcomeValue identifier="SCORE">
      <sum>
        <variable identifier="SCORE579"/>
        <variable identifier="SCORE580"/>
      </sum>
    </setOutcomeValue>
  </responseProcessing>
</assessmentItem>
