<?xml version="1.0"?>
<assessmentItem adaptive="false" identifier="ITEM-LOGIC-MP-214" timeDependent="false" title="Select the phrase that best completes the sentence." toolName="ItemLogic" toolVersion="2.0.0" xmlns="http://www.imsglobal.org/xsd/imsqti_v2p1" xmlns:m="http://www.w3.org/1998/Math/MathML" xmlns:xsi="http://www.w3.org/2001/XMLSchema-instance" xsi:schemaLocation="http://www.imsglobal.org/xsd/imsqti_v2p1  http://www.imsglobal.org/xsd/qti/qtiv2p1/imsqti_v2p1.xsd">
  <responseDeclaration baseType="identifier" cardinality="single" identifier="RESPONSE46">
    <correctResponse>
      <value>IC-2246</value>
    </correctResponse>
  </responseDeclaration>
  <outcomeDeclaration baseType="float" cardinality="single" identifier="SCORE46">
    <defaultValue>
      <value>0</value>
    </defaultValue>
  </outcomeDeclaration>
  <outcomeDeclaration baseType="float" cardinality="single" identifier="SCORE">
    <defaultValue>
      <value>0</value>
    </defaultValue>
  </outcomeDeclaration>
  <stylesheet href="../styles/bundled.css" type="text/css"/>
  <stylesheet href="../styles/inline.css" type="text/css"/>
  <itemBody>
    <rubricBlock use="context" view="candidate author proctor scorer testConstructor tutor">
      <div>
        <object data="../passages/RSC-LOGIC-MP-331.html" type="text/html"/>
      </div>
      <div>
        <object data="../passages/RSC-LOGIC-MP-424.html" type="text/html"/>
      </div>
    </rubricBlock>
    <div class="stem stem_inline">
      <div class="stem_prompt">
        <p>Select the phrase that <strong>best</strong> completes the sentence.</p>
      </div>
      <p>Both selections discuss the fact that many inventors are trying to <inlineChoiceInteraction responseIdentifier="RESPONSE46" shuffle="false"><inlineChoice identifier="IC-2244">win competitions</inlineChoice><inlineChoice identifier="IC-2245">repair items</inlineChoice><inlineChoice identifier="IC-2246">solve problems</inlineChoice><inlineChoice identifier="IC-2247">become famous</inlineChoice><inlineChoice identifier="IC-2248">protect people</inlineChoice></inlineChoiceInteraction>.</p>
    </div>
  </itemBody>
  <responseProcessing>
    <responseCondition>
      <responseIf>
        <match>
          <variable identifier="RESPONSE46"/>
          <correct identifier="RESPONSE46"/>
        </match>
        <setOutcomeValue identifier="SCORE46">
          <baseValue baseType="float">1</baseValue>
        </setOutcomeValue>
      </responseIf>
      <responseElse>
        <setOutcomeValue identifier="SCORE46">
          <baseValue baseType="float">0</baseValue>
        </setOutcomeValue>
      </responseElse>
    </responseCondition>
    <setOutcomeValue identifier="SCORE">
      <sum>
        <variable identifier="SCORE46"/>
      </sum>
    </setOutcomeValue>
  </responseProcessing>
</assessmentItem>
