<?xml version="1.0"?>
<assessmentItem adaptive="false" identifier="ITEM-LOGIC-MP-429" timeDependent="false" title="Part A Which theme best describes how Lila faces a challenge in the selection?" toolName="ItemLogic" toolVersion="2.0.0" xmlns="http://www.imsglobal.org/xsd/imsqti_v2p1" xmlns:m="http://www.w3.org/1998/Math/MathML" xmlns:xsi="http://www.w3.org/2001/XMLSchema-instance" xsi:schemaLocation="http://www.imsglobal.org/xsd/imsqti_v2p1  http://www.imsglobal.org/xsd/qti/qtiv2p1/imsqti_v2p1.xsd">
  <responseDeclaration baseType="identifier" cardinality="single" identifier="RESPONSE250">
    <correctResponse>
      <value>SC-5259</value>
    </correctResponse>
  </responseDeclaration>
  <responseDeclaration baseType="identifier" cardinality="multiple" identifier="RESPONSE251">
    <correctResponse>
      <value>HT-10875</value>
    </correctResponse>
  </responseDeclaration>
  <outcomeDeclaration baseType="float" cardinality="single" identifier="SCORE250">
    <defaultValue>
      <value>0</value>
    </defaultValue>
  </outcomeDeclaration>
  <outcomeDeclaration baseType="float" cardinality="single" identifier="SCORE251">
    <defaultValue>
      <value>0</value>
    </defaultValue>
  </outcomeDeclaration>
  <outcomeDeclaration baseType="float" cardinality="single" identifier="SCORE">
    <defaultValue>
      <value>0</value>
    </defaultValue>
  </outcomeDeclaration>
  <stylesheet href="../styles/bundled.css" type="text/css"/>
  <stylesheet href="../styles/inline.css" type="text/css"/>
  <itemBody>
    <rubricBlock use="context" view="candidate author proctor scorer testConstructor tutor">
      <div>
        <object data="../passages/RSC-LOGIC-MP-986.html" type="text/html"/>
      </div>
    </rubricBlock>
    <choiceInteraction maxChoices="1" responseIdentifier="RESPONSE250" shuffle="false">
      <prompt>Part A<br/> Which theme <strong>best</strong> describes how Lila faces a challenge in the selection? <br/></prompt>
      <simpleChoice fixed="true" identifier="SC-5258">
        <p>Books can provide an escape from reality.</p>
      </simpleChoice>
      <simpleChoice fixed="true" identifier="SC-5259">
        <p>
          <span class="style-9a6b2f1c152ed63441e9037431e2e1eb">Keeping busy helps to make worries disappear.</span>
        </p>
      </simpleChoice>
      <simpleChoice fixed="true" identifier="SC-5260">
        <p>Being organized helps to avoid confusion.</p>
      </simpleChoice>
      <simpleChoice fixed="true" identifier="SC-5261">
        <p>It&#x2019;s never wise to pretend to be someone else.</p>
      </simpleChoice>
    </choiceInteraction>
    <hottextInteraction maxChoices="0" responseIdentifier="RESPONSE251"><prompt>Part B<br/> Select the detail from the selection that <strong>best</strong> supports the answer to Part A.<br/></prompt><p class="style-5e403a038863513e67891d0531e6ce85"><strong>1        </strong>Today it was a library. <hottext identifier="HT-10873">As I sat there, all the plans I&#x2019;d made for playing library rushed back into my head.</hottext> First I was going to be somebody who came into the library to check out books. I&#x2019;d have to fill out one of the slips for every book I checked out. <hottext identifier="HT-10874">Then I was going to be the librarian and tell stories.</hottext> Maybe I&#x2019;d have a crafts time too&#x2014;bookmarks would be fun to make.</p> <p class="style-5e403a038863513e67891d0531e6ce85"><strong>2       </strong>&#x201C;I do have something better to do.&#x201D;  It was true, but still . . .</p> <p class="style-5e403a038863513e67891d0531e6ce85"><strong>3        </strong>I sighed and reached for one of the slips of paper. I&#x2019;d check out a book. <hottext identifier="HT-10875">Maybe by the time I was finished reading it, I really wouldn&#x2019;t care that I was playing by myself instead of with Amy, Alan, and Jon.</hottext></p> <p><strong><span class="style-62ffb78eb226e94293a86263b97cd020">4       </span></strong><span class="style-67be1f3b875d94bf598b790dada2477d">The landing* window was open, and I heard Amy laughing at something. I winced and  made myself concentrate on what I was doing. <hottext identifier="HT-10876">When I finished filling out the slip, I put it in the slot on the lid of the shoe box.</hottext> <hottext identifier="HT-10877">Then I settled back in my chair and opened the book I&#x2019;d taken from between the bookends.</hottext></span></p></hottextInteraction>
  </itemBody>
  <responseProcessing>
    <responseCondition>
      <responseIf>
        <match>
          <variable identifier="RESPONSE250"/>
          <correct identifier="RESPONSE250"/>
        </match>
        <setOutcomeValue identifier="SCORE250">
          <baseValue baseType="float">1</baseValue>
        </setOutcomeValue>
      </responseIf>
      <responseElse>
        <setOutcomeValue identifier="SCORE250">
          <baseValue baseType="float">0</baseValue>
        </setOutcomeValue>
      </responseElse>
    </responseCondition>
    <responseCondition>
      <responseIf>
        <match>
          <variable identifier="RESPONSE251"/>
          <correct identifier="RESPONSE251"/>
        </match>
        <setOutcomeValue identifier="SCORE251">
          <baseValue baseType="float">1</baseValue>
        </setOutcomeValue>
      </responseIf>
      <responseElse>
        <setOutcomeValue identifier="SCORE251">
          <baseValue baseType="float">0</baseValue>
        </setOutcomeValue>
      </responseElse>
    </responseCondition>
    <setOutcomeValue identifier="SCORE">
      <sum>
        <variable identifier="SCORE250"/>
        <variable identifier="SCORE251"/>
      </sum>
    </setOutcomeValue>
  </responseProcessing>
</assessmentItem>
