<?xml version="1.0"?>
<assessmentItem adaptive="false" identifier="ITEM-LOGIC-MP-679" timeDependent="false" title="Match each expression to the statement that is true about its value." toolName="ItemLogic" toolVersion="2.0.0" xmlns="http://www.imsglobal.org/xsd/imsqti_v2p1" xmlns:m="http://www.w3.org/1998/Math/MathML" xmlns:xsi="http://www.w3.org/2001/XMLSchema-instance" xsi:schemaLocation="http://www.imsglobal.org/xsd/imsqti_v2p1  http://www.imsglobal.org/xsd/qti/qtiv2p1/imsqti_v2p1.xsd">
  <responseDeclaration baseType="directedPair" cardinality="multiple" identifier="RESPONSE608">
    <correctResponse>
      <value>SAC-9404 SAC-9411</value>
      <value>SAC-9405 SAC-9408</value>
      <value>SAC-9406 SAC-9410</value>
      <value>SAC-9407 SAC-9409</value>
    </correctResponse>
    <mapping defaultValue="-0.50" lowerBound="0.00" upperBound="2.00">
      <mapEntry mapKey="SAC-9404 SAC-9411" mappedValue="0.50"/>
      <mapEntry mapKey="SAC-9405 SAC-9408" mappedValue="0.50"/>
      <mapEntry mapKey="SAC-9406 SAC-9410" mappedValue="0.50"/>
      <mapEntry mapKey="SAC-9407 SAC-9409" mappedValue="0.50"/>
    </mapping>
  </responseDeclaration>
  <outcomeDeclaration baseType="float" cardinality="single" identifier="SCORE608">
    <defaultValue>
      <value>0</value>
    </defaultValue>
  </outcomeDeclaration>
  <outcomeDeclaration baseType="float" cardinality="single" identifier="SCORE">
    <defaultValue>
      <value>0</value>
    </defaultValue>
  </outcomeDeclaration>
  <stylesheet href="../styles/bundled.css" type="text/css"/>
  <stylesheet href="../styles/inline.css" type="text/css"/>
  <itemBody>
    <matchInteraction maxAssociations="4" responseIdentifier="RESPONSE608" shuffle="false">
      <prompt>Match each expression to the statement that is true about its value.<br/></prompt>
      <simpleMatchSet>
        <simpleAssociableChoice identifier="SAC-9404" matchMax="1">
          <p xmlns:default="http://www.w3.org/1998/Math/MathML">
            <m:math xmlns="http://www.w3.org/1998/Math/MathML">   <m:mn>7</m:mn>   <m:mo>&#xD7;<!-- × --></m:mo>   <m:mfrac>     <m:mn>4</m:mn>     <m:mn>3</m:mn>   </m:mfrac> </m:math>
          </p>
        </simpleAssociableChoice>
        <simpleAssociableChoice identifier="SAC-9405" matchMax="1">
          <m:math xmlns="http://www.w3.org/1998/Math/MathML">   <m:mn>7</m:mn>   <m:mo>&#xD7;<!-- Ã— --></m:mo>   <m:mfrac>     <m:mn>1</m:mn>     <m:mn>2</m:mn>   </m:mfrac> </m:math>
        </simpleAssociableChoice>
        <simpleAssociableChoice identifier="SAC-9406" matchMax="1">
          <p xmlns:default="http://www.w3.org/1998/Math/MathML">
            <m:math xmlns="http://www.w3.org/1998/Math/MathML">   <m:mn>7</m:mn>   <m:mo>&#xD7;<!-- × --></m:mo>   <m:mfrac>     <m:mn>6</m:mn>     <m:mn>5</m:mn>   </m:mfrac> </m:math>
          </p>
        </simpleAssociableChoice>
        <simpleAssociableChoice identifier="SAC-9407" matchMax="1">
          <m:math xmlns="http://www.w3.org/1998/Math/MathML">   <m:mn>7</m:mn>   <m:mo>&#xD7;<!-- Ã— --></m:mo>   <m:mfrac>     <m:mn>3</m:mn>     <m:mn>4</m:mn>   </m:mfrac> </m:math>
        </simpleAssociableChoice>
      </simpleMatchSet>
      <simpleMatchSet>
        <simpleAssociableChoice identifier="SAC-9408" matchMax="1">
          <p>The value is between 3 and 4.</p>
        </simpleAssociableChoice>
        <simpleAssociableChoice identifier="SAC-9409" matchMax="1">
          <p>The value is between 5 and 6.</p>
        </simpleAssociableChoice>
        <simpleAssociableChoice identifier="SAC-9410" matchMax="1">
          <p>The value is between 8 and 9.</p>
        </simpleAssociableChoice>
        <simpleAssociableChoice identifier="SAC-9411" matchMax="1">
          <p>The value is between 9 and 10.</p>
        </simpleAssociableChoice>
      </simpleMatchSet>
    </matchInteraction>
  </itemBody>
  <responseProcessing>
    <responseCondition>
      <responseIf>
        <isNull>
          <variable identifier="RESPONSE608"/>
        </isNull>
        <setOutcomeValue identifier="SCORE608">
          <baseValue baseType="float">0.0</baseValue>
        </setOutcomeValue>
      </responseIf>
      <responseElse>
        <setOutcomeValue identifier="SCORE608">
          <mapResponse identifier="RESPONSE608"/>
        </setOutcomeValue>
      </responseElse>
    </responseCondition>
    <setOutcomeValue identifier="SCORE">
      <sum>
        <variable identifier="SCORE608"/>
      </sum>
    </setOutcomeValue>
  </responseProcessing>
</assessmentItem>
