<?xml version="1.0"?>
<assessmentItem adaptive="false" identifier="ITEM-LOGIC-MP-636" timeDependent="false" title="Summarize the text by placing the following events from &quot;Ellis Island Interview&quot;&#xA0;in the order in wh" toolName="ItemLogic" toolVersion="2.0.0" xmlns="http://www.imsglobal.org/xsd/imsqti_v2p1" xmlns:m="http://www.w3.org/1998/Math/MathML" xmlns:xsi="http://www.w3.org/2001/XMLSchema-instance" xsi:schemaLocation="http://www.imsglobal.org/xsd/imsqti_v2p1  http://www.imsglobal.org/xsd/qti/qtiv2p1/imsqti_v2p1.xsd">
  <responseDeclaration baseType="identifier" cardinality="ordered" identifier="RESPONSE544">
    <correctResponse>
      <value>SC-8837</value>
      <value>SC-8841</value>
      <value>SC-8840</value>
      <value>SC-8838</value>
    </correctResponse>
  </responseDeclaration>
  <outcomeDeclaration baseType="float" cardinality="single" identifier="SCORE544">
    <defaultValue>
      <value>0</value>
    </defaultValue>
  </outcomeDeclaration>
  <outcomeDeclaration baseType="float" cardinality="single" identifier="SCORE">
    <defaultValue>
      <value>0</value>
    </defaultValue>
  </outcomeDeclaration>
  <stylesheet href="../styles/bundled.css" type="text/css"/>
  <stylesheet href="../styles/inline.css" type="text/css"/>
  <itemBody>
    <rubricBlock use="context" view="candidate author proctor scorer testConstructor tutor">
      <div>
        <object data="../passages/RSC-LOGIC-MP-1657.html" type="text/html"/>
      </div>
    </rubricBlock>
    <orderInteraction maxChoices="2" minChoices="1" orientation="vertical" responseIdentifier="RESPONSE544" shuffle="false">
      <prompt>Summarize the text by placing the following events from "Ellis Island Interview" in the order in which they occurred during Manny's first day in America.<br/></prompt>
      <simpleChoice identifier="SC-8837">
        <p>Manny reaches Battery Park.</p>
      </simpleChoice>
      <simpleChoice identifier="SC-8838">
        <p>Manny watches other immigrants enter America from Ellis Island.</p>
      </simpleChoice>
      <simpleChoice identifier="SC-8840">
        <p>Manny sees a hot dog cart and buys his first hot dog.</p>
      </simpleChoice>
      <simpleChoice identifier="SC-8841">
        <p>Manny realizes others cannot tell he is a new immigrant.</p>
      </simpleChoice>
    </orderInteraction>
  </itemBody>
  <responseProcessing>
    <responseCondition>
      <responseIf>
        <match>
          <variable identifier="RESPONSE544"/>
          <correct identifier="RESPONSE544"/>
        </match>
        <setOutcomeValue identifier="SCORE544">
          <baseValue baseType="float">1</baseValue>
        </setOutcomeValue>
      </responseIf>
      <responseElse>
        <setOutcomeValue identifier="SCORE544">
          <baseValue baseType="float">0</baseValue>
        </setOutcomeValue>
      </responseElse>
    </responseCondition>
    <setOutcomeValue identifier="SCORE">
      <sum>
        <variable identifier="SCORE544"/>
      </sum>
    </setOutcomeValue>
  </responseProcessing>
</assessmentItem>
