<?xml version="1.0"?>
<assessmentItem adaptive="false" identifier="ITEM-LOGIC-MP-675" timeDependent="false" title="Select the best phrase to complete each sentence to help Molly solve the equation." toolName="ItemLogic" toolVersion="2.0.0" xmlns="http://www.imsglobal.org/xsd/imsqti_v2p1" xmlns:m="http://www.w3.org/1998/Math/MathML" xmlns:xsi="http://www.w3.org/2001/XMLSchema-instance" xsi:schemaLocation="http://www.imsglobal.org/xsd/imsqti_v2p1  http://www.imsglobal.org/xsd/qti/qtiv2p1/imsqti_v2p1.xsd">
  <responseDeclaration baseType="identifier" cardinality="single" identifier="RESPONSE599">
    <correctResponse>
      <value>IC-9387</value>
    </correctResponse>
  </responseDeclaration>
  <responseDeclaration baseType="identifier" cardinality="single" identifier="RESPONSE601">
    <correctResponse>
      <value>IC-9393</value>
    </correctResponse>
  </responseDeclaration>
  <outcomeDeclaration baseType="float" cardinality="single" identifier="SCORE599">
    <defaultValue>
      <value>0</value>
    </defaultValue>
  </outcomeDeclaration>
  <outcomeDeclaration baseType="float" cardinality="single" identifier="SCORE601">
    <defaultValue>
      <value>0</value>
    </defaultValue>
  </outcomeDeclaration>
  <outcomeDeclaration baseType="float" cardinality="single" identifier="SCORE">
    <defaultValue>
      <value>0</value>
    </defaultValue>
  </outcomeDeclaration>
  <stylesheet href="../styles/bundled.css" type="text/css"/>
  <stylesheet href="../styles/inline.css" type="text/css"/>
  <itemBody>
    <rubricBlock use="stimulus" view="candidate author proctor scorer testConstructor tutor" xmlns:default="http://www.w3.org/1998/Math/MathML">
      <div><p>Molly wants to know the number of quarters that is equal to $16. She will solve this equation, where <em>x</em> represents the number of quarters.</p> <p><m:math xmlns="http://www.w3.org/1998/Math/MathML">   <m:mn>0.25</m:mn>   <m:mi>x</m:mi>   <m:mo>=</m:mo>   <m:mn>16</m:mn> </m:math></p></div>
    </rubricBlock>
    <div class="stem stem_inline">
      <div class="stem_prompt">
        <p>Select the best phrase to complete each sentence to help Molly solve the equation.</p>
      </div>
      <p>I have a total of $16. I got my answer by <inlineChoiceInteraction responseIdentifier="RESPONSE599" shuffle="false"><inlineChoice identifier="IC-9384">adding 16 and 0.25.</inlineChoice><inlineChoice identifier="IC-9385">subtracting 0.25 from 16.</inlineChoice><inlineChoice identifier="IC-9386">multiplying 0.25 by 16. </inlineChoice><inlineChoice identifier="IC-9387">dividing 16 by 0.25.</inlineChoice></inlineChoiceInteraction></p>
    </div>
    <div class="stem stem_inline">
      <p>Substituting <inlineChoiceInteraction responseIdentifier="RESPONSE601" shuffle="false"><inlineChoice identifier="IC-9390">4</inlineChoice><inlineChoice identifier="IC-14773">15.75</inlineChoice><inlineChoice identifier="IC-14774">16.25</inlineChoice><inlineChoice identifier="IC-9393">64</inlineChoice></inlineChoiceInteraction> for <em>x  </em>will make the equation true. </p>
    </div>
  </itemBody>
  <responseProcessing>
    <responseCondition>
      <responseIf>
        <match>
          <variable identifier="RESPONSE599"/>
          <correct identifier="RESPONSE599"/>
        </match>
        <setOutcomeValue identifier="SCORE599">
          <baseValue baseType="float">1</baseValue>
        </setOutcomeValue>
      </responseIf>
      <responseElse>
        <setOutcomeValue identifier="SCORE599">
          <baseValue baseType="float">0</baseValue>
        </setOutcomeValue>
      </responseElse>
    </responseCondition>
    <responseCondition>
      <responseIf>
        <match>
          <variable identifier="RESPONSE601"/>
          <correct identifier="RESPONSE601"/>
        </match>
        <setOutcomeValue identifier="SCORE601">
          <baseValue baseType="float">1</baseValue>
        </setOutcomeValue>
      </responseIf>
      <responseElse>
        <setOutcomeValue identifier="SCORE601">
          <baseValue baseType="float">0</baseValue>
        </setOutcomeValue>
      </responseElse>
    </responseCondition>
    <setOutcomeValue identifier="SCORE">
      <sum>
        <variable identifier="SCORE599"/>
        <variable identifier="SCORE601"/>
      </sum>
    </setOutcomeValue>
  </responseProcessing>
</assessmentItem>
