<?xml version="1.0"?>
<assessmentItem adaptive="false" identifier="ITEM-LOGIC-MP-681" timeDependent="false" title="Erin wants to rent a surfboard for 4 hours. Put the shops in order with the least expensive shop for" toolName="ItemLogic" toolVersion="2.0.0" xmlns="http://www.imsglobal.org/xsd/imsqti_v2p1" xmlns:m="http://www.w3.org/1998/Math/MathML" xmlns:xsi="http://www.w3.org/2001/XMLSchema-instance" xsi:schemaLocation="http://www.imsglobal.org/xsd/imsqti_v2p1  http://www.imsglobal.org/xsd/qti/qtiv2p1/imsqti_v2p1.xsd">
  <responseDeclaration baseType="identifier" cardinality="ordered" identifier="RESPONSE610">
    <correctResponse>
      <value>SC-9514</value>
      <value>SC-9515</value>
      <value>SC-9513</value>
    </correctResponse>
  </responseDeclaration>
  <outcomeDeclaration baseType="float" cardinality="single" identifier="SCORE610">
    <defaultValue>
      <value>0</value>
    </defaultValue>
  </outcomeDeclaration>
  <outcomeDeclaration baseType="float" cardinality="single" identifier="SCORE">
    <defaultValue>
      <value>0</value>
    </defaultValue>
  </outcomeDeclaration>
  <stylesheet href="../styles/bundled.css" type="text/css"/>
  <stylesheet href="../styles/inline.css" type="text/css"/>
  <itemBody>
    <rubricBlock use="stimulus" view="candidate author proctor scorer testConstructor tutor">
      <div>
        <p>These signs show the prices for renting a surfboard from three different surf shops.</p>
        <p>
          <object data="../images/surf-poster_f39e6ac642.png" height="350" type="image/png" width="500"/>
        </p>
      </div>
    </rubricBlock>
    <orderInteraction orientation="vertical" responseIdentifier="RESPONSE610" shuffle="false">
      <prompt>Erin wants to rent a surfboard for 4 hours. Put the shops in order with the least expensive shop for Erin to rent from at the top of the list to the most expensive shop for Erin to rent from at the bottom of the list.<br/></prompt>
      <simpleChoice identifier="SC-9513">
        <p>Swell Surf</p>
      </simpleChoice>
      <simpleChoice identifier="SC-9514">
        <p>Surf Riders</p>
      </simpleChoice>
      <simpleChoice identifier="SC-9515">
        <p>Rainbow Waves</p>
      </simpleChoice>
    </orderInteraction>
  </itemBody>
  <responseProcessing>
    <responseCondition>
      <responseIf>
        <match>
          <variable identifier="RESPONSE610"/>
          <correct identifier="RESPONSE610"/>
        </match>
        <setOutcomeValue identifier="SCORE610">
          <baseValue baseType="float">1</baseValue>
        </setOutcomeValue>
      </responseIf>
      <responseElse>
        <setOutcomeValue identifier="SCORE610">
          <baseValue baseType="float">0</baseValue>
        </setOutcomeValue>
      </responseElse>
    </responseCondition>
    <setOutcomeValue identifier="SCORE">
      <sum>
        <variable identifier="SCORE610"/>
      </sum>
    </setOutcomeValue>
  </responseProcessing>
</assessmentItem>
