<?xml version="1.0"?>
<assessmentItem adaptive="false" identifier="ITEM-LOGIC-MP-235" timeDependent="false" title="Choose the adjective that best describes how the author portrays each character." toolName="ItemLogic" toolVersion="2.0.0" xmlns="http://www.imsglobal.org/xsd/imsqti_v2p1" xmlns:m="http://www.w3.org/1998/Math/MathML" xmlns:xsi="http://www.w3.org/2001/XMLSchema-instance" xsi:schemaLocation="http://www.imsglobal.org/xsd/imsqti_v2p1  http://www.imsglobal.org/xsd/qti/qtiv2p1/imsqti_v2p1.xsd">
  <responseDeclaration baseType="directedPair" cardinality="multiple" identifier="RESPONSE73">
    <correctResponse>
      <value>GI-2713 HS-2717</value>
      <value>GI-2714 HS-2716</value>
      <value>GI-2715 HS-2719</value>
      <value>GI-4704 HS-2718</value>
    </correctResponse>
    <mapping defaultValue="0.00" lowerBound="0.00" upperBound="2.00">
      <mapEntry mapKey="GI-2713 HS-2717" mappedValue="0.50"/>
      <mapEntry mapKey="GI-2714 HS-2716" mappedValue="0.50"/>
      <mapEntry mapKey="GI-2715 HS-2719" mappedValue="0.50"/>
      <mapEntry mapKey="GI-4704 HS-2718" mappedValue="0.50"/>
    </mapping>
  </responseDeclaration>
  <outcomeDeclaration baseType="float" cardinality="single" identifier="SCORE73">
    <defaultValue>
      <value>0</value>
    </defaultValue>
  </outcomeDeclaration>
  <outcomeDeclaration baseType="float" cardinality="single" identifier="SCORE">
    <defaultValue>
      <value>0</value>
    </defaultValue>
  </outcomeDeclaration>
  <stylesheet href="../styles/bundled.css" type="text/css"/>
  <stylesheet href="../styles/inline.css" type="text/css"/>
  <itemBody>
    <rubricBlock use="context" view="candidate author proctor scorer testConstructor tutor">
      <div>
        <object data="../passages/RSC-LOGIC-MP-484.html" type="text/html"/>
      </div>
    </rubricBlock>
    <graphicGapMatchInteraction responseIdentifier="RESPONSE73">
      <prompt>Choose the adjective that <strong>best</strong> describes how the author portrays each character.<br/></prompt>
      <object data="../images/SENHEA235_characters_stem_01_o_d6fce691c9.png" height="110" type="image/png" width="152"/>
      <gapImg identifier="GI-4704" matchMax="1">
        <object data="../images/SENHEA235_characters_opt_A01_o_a2e4e67abb.png" height="14" type="image/png" width="56"/>
      </gapImg>
      <gapImg identifier="GI-2713" matchMax="1">
        <object data="../images/SENHEA235_characters_opt_02_o_0c02a5f646.png" height="18" type="image/png" width="64"/>
      </gapImg>
      <gapImg identifier="GI-2714" matchMax="1">
        <object data="../images/SENHEA235_characters_opt_03_o_467df88ba1.png" height="18" type="image/png" width="64"/>
      </gapImg>
      <gapImg identifier="GI-2715" matchMax="1">
        <object data="../images/SENHEA235_characters_opt_04_o_84676875e2.png" height="19" type="image/png" width="64"/>
      </gapImg>
      <associableHotspot coords="73,24,148,43" identifier="HS-2716" matchMax="1" shape="rect"/>
      <associableHotspot coords="72,44,147,63" identifier="HS-2717" matchMax="1" shape="rect"/>
      <associableHotspot coords="72,66,147,85" identifier="HS-2718" matchMax="1" shape="rect"/>
      <associableHotspot coords="73,89,148,108" identifier="HS-2719" matchMax="1" shape="rect"/>
    </graphicGapMatchInteraction>
  </itemBody>
  <responseProcessing>
    <responseCondition>
      <responseIf>
        <isNull>
          <variable identifier="RESPONSE73"/>
        </isNull>
        <setOutcomeValue identifier="SCORE73">
          <baseValue baseType="float">0.0</baseValue>
        </setOutcomeValue>
      </responseIf>
      <responseElse>
        <setOutcomeValue identifier="SCORE73">
          <mapResponse identifier="RESPONSE73"/>
        </setOutcomeValue>
      </responseElse>
    </responseCondition>
    <setOutcomeValue identifier="SCORE">
      <sum>
        <variable identifier="SCORE73"/>
      </sum>
    </setOutcomeValue>
  </responseProcessing>
</assessmentItem>
