<?xml version="1.0"?>
<assessmentItem adaptive="false" identifier="ITEM-LOGIC-MP-380" timeDependent="false" title="Match each expression to the fraction it represents." toolName="ItemLogic" toolVersion="2.0.0" xmlns="http://www.imsglobal.org/xsd/imsqti_v2p1" xmlns:m="http://www.w3.org/1998/Math/MathML" xmlns:xsi="http://www.w3.org/2001/XMLSchema-instance" xsi:schemaLocation="http://www.imsglobal.org/xsd/imsqti_v2p1  http://www.imsglobal.org/xsd/qti/qtiv2p1/imsqti_v2p1.xsd">
  <responseDeclaration baseType="directedPair" cardinality="multiple" identifier="RESPONSE164">
    <correctResponse>
      <value>SAC-5983 SAC-5988</value>
      <value>SAC-5984 SAC-5987</value>
      <value>SAC-5985 SAC-5990</value>
      <value>SAC-5986 SAC-5989</value>
    </correctResponse>
    <mapping defaultValue="0.00" lowerBound="0.00" upperBound="2.00">
      <mapEntry mapKey="SAC-5983 SAC-5988" mappedValue="0.50"/>
      <mapEntry mapKey="SAC-5984 SAC-5987" mappedValue="0.50"/>
      <mapEntry mapKey="SAC-5985 SAC-5990" mappedValue="0.50"/>
      <mapEntry mapKey="SAC-5986 SAC-5989" mappedValue="0.50"/>
    </mapping>
  </responseDeclaration>
  <outcomeDeclaration baseType="float" cardinality="single" identifier="SCORE164">
    <defaultValue>
      <value>0</value>
    </defaultValue>
  </outcomeDeclaration>
  <outcomeDeclaration baseType="float" cardinality="single" identifier="SCORE">
    <defaultValue>
      <value>0</value>
    </defaultValue>
  </outcomeDeclaration>
  <stylesheet href="../styles/bundled.css" type="text/css"/>
  <stylesheet href="../styles/inline.css" type="text/css"/>
  <itemBody>
    <matchInteraction maxAssociations="4" responseIdentifier="RESPONSE164" shuffle="false">
      <prompt>Match each expression to the fraction it represents.<br/></prompt>
      <simpleMatchSet>
        <simpleAssociableChoice identifier="SAC-5983" matchMax="1">
          <m:math xmlns="http://www.w3.org/1998/Math/MathML">   <m:mfrac>     <m:mn>4</m:mn>     <m:mn>10</m:mn>   </m:mfrac>   <m:mo>+</m:mo>   <m:mfrac>     <m:mn>40</m:mn>     <m:mn>100</m:mn>   </m:mfrac> </m:math>
        </simpleAssociableChoice>
        <simpleAssociableChoice identifier="SAC-5984" matchMax="1">
          <m:math xmlns="http://www.w3.org/1998/Math/MathML">   <m:mfrac>     <m:mn>4</m:mn>     <m:mn>100</m:mn>   </m:mfrac>   <m:mo>+</m:mo>   <m:mfrac>     <m:mn>4</m:mn>     <m:mn>10</m:mn>   </m:mfrac> </m:math>
        </simpleAssociableChoice>
        <simpleAssociableChoice identifier="SAC-5985" matchMax="1">
          <m:math xmlns="http://www.w3.org/1998/Math/MathML">   <m:mfrac>     <m:mn>1</m:mn>     <m:mn>10</m:mn>   </m:mfrac>   <m:mo>+</m:mo>   <m:mfrac>     <m:mn>14</m:mn>     <m:mn>100</m:mn>   </m:mfrac> </m:math>
        </simpleAssociableChoice>
        <simpleAssociableChoice identifier="SAC-5986" matchMax="1">
          <m:math xmlns="http://www.w3.org/1998/Math/MathML">   <m:mfrac>     <m:mn>1</m:mn>     <m:mn>10</m:mn>   </m:mfrac>   <m:mo>+</m:mo>   <m:mfrac>     <m:mn>4</m:mn>     <m:mn>100</m:mn>   </m:mfrac> </m:math>
        </simpleAssociableChoice>
      </simpleMatchSet>
      <simpleMatchSet>
        <simpleAssociableChoice identifier="SAC-5987" matchMax="1">
          <p xmlns:default="http://www.w3.org/1998/Math/MathML">
            <m:math xmlns="http://www.w3.org/1998/Math/MathML">   <m:mfrac>     <m:mn>44</m:mn>     <m:mn>100</m:mn>   </m:mfrac> </m:math>
          </p>
        </simpleAssociableChoice>
        <simpleAssociableChoice identifier="SAC-5988" matchMax="1">
          <p xmlns:default="http://www.w3.org/1998/Math/MathML">
            <m:math xmlns="http://www.w3.org/1998/Math/MathML">   <m:mfrac>     <m:mn>80</m:mn>     <m:mn>100</m:mn>   </m:mfrac> </m:math>
          </p>
        </simpleAssociableChoice>
        <simpleAssociableChoice identifier="SAC-5989" matchMax="1">
          <p xmlns:default="http://www.w3.org/1998/Math/MathML">
            <m:math xmlns="http://www.w3.org/1998/Math/MathML">   <m:mfrac>     <m:mn>14</m:mn>     <m:mn>100</m:mn>   </m:mfrac> </m:math>
          </p>
        </simpleAssociableChoice>
        <simpleAssociableChoice identifier="SAC-5990" matchMax="1">
          <p xmlns:default="http://www.w3.org/1998/Math/MathML">
            <m:math xmlns="http://www.w3.org/1998/Math/MathML">   <m:mfrac>     <m:mn>24</m:mn>     <m:mn>100</m:mn>   </m:mfrac> </m:math>
          </p>
        </simpleAssociableChoice>
      </simpleMatchSet>
    </matchInteraction>
  </itemBody>
  <responseProcessing>
    <responseCondition>
      <responseIf>
        <isNull>
          <variable identifier="RESPONSE164"/>
        </isNull>
        <setOutcomeValue identifier="SCORE164">
          <baseValue baseType="float">0.0</baseValue>
        </setOutcomeValue>
      </responseIf>
      <responseElse>
        <setOutcomeValue identifier="SCORE164">
          <mapResponse identifier="RESPONSE164"/>
        </setOutcomeValue>
      </responseElse>
    </responseCondition>
    <setOutcomeValue identifier="SCORE">
      <sum>
        <variable identifier="SCORE164"/>
      </sum>
    </setOutcomeValue>
  </responseProcessing>
</assessmentItem>
