<?xml version="1.0"?>
<assessmentItem adaptive="false" identifier="ITEM-LOGIC-MP-246" timeDependent="false" title="Select the phrase that best shows how the author of &quot;Unicorn Software&quot; regards the competition's pro" toolName="ItemLogic" toolVersion="2.0.0" xmlns="http://www.imsglobal.org/xsd/imsqti_v2p1" xmlns:m="http://www.w3.org/1998/Math/MathML" xmlns:xsi="http://www.w3.org/2001/XMLSchema-instance" xsi:schemaLocation="http://www.imsglobal.org/xsd/imsqti_v2p1  http://www.imsglobal.org/xsd/qti/qtiv2p1/imsqti_v2p1.xsd">
  <responseDeclaration baseType="identifier" cardinality="multiple" identifier="RESPONSE97">
    <correctResponse>
      <value>HT-6542</value>
    </correctResponse>
  </responseDeclaration>
  <outcomeDeclaration baseType="float" cardinality="single" identifier="SCORE97">
    <defaultValue>
      <value>0</value>
    </defaultValue>
  </outcomeDeclaration>
  <outcomeDeclaration baseType="float" cardinality="single" identifier="SCORE">
    <defaultValue>
      <value>0</value>
    </defaultValue>
  </outcomeDeclaration>
  <stylesheet href="../styles/bundled.css" type="text/css"/>
  <stylesheet href="../styles/inline.css" type="text/css"/>
  <itemBody>
    <rubricBlock use="context" view="candidate author proctor scorer testConstructor tutor">
      <div>
        <object data="../passages/RSC-LOGIC-MP-481.html" type="text/html"/>
      </div>
    </rubricBlock>
    <hottextInteraction maxChoices="0" responseIdentifier="RESPONSE97"><prompt>Select the phrase that <strong>best</strong> shows how the author of "Unicorn Software" regards the competition's product.<br/></prompt><p>The <hottext identifier="HT-6538">only reliable way</hottext> to text or update social media pages is to type. Plain and simple. But if you&#x2019;re looking for <hottext identifier="HT-6539">something that truly captures your voice</hottext>, why not get something magical . . . Unicorn Software not only has a voice recognition app that can convert your words to text and SAVE it to where you want to save it, but <hottext identifier="HT-6540">it records your voice,</hottext> and you can send that voice message to any text recipient you have programmed into your phone. If there is a cell phone signal, the voiced text gets sent immediately; if not, then the voice message gets saved and it <hottext identifier="HT-6541">sends when a signal comes through</hottext>.</p> <p><hottext identifier="HT-6542">Don&#x2019;t go through the hassle</hottext> of Speak On where your voice can be misunderstood. <hottext identifier="HT-6543">Say what you want to say</hottext> and send away . . .</p></hottextInteraction>
  </itemBody>
  <responseProcessing>
    <responseCondition>
      <responseIf>
        <match>
          <variable identifier="RESPONSE97"/>
          <correct identifier="RESPONSE97"/>
        </match>
        <setOutcomeValue identifier="SCORE97">
          <baseValue baseType="float">1</baseValue>
        </setOutcomeValue>
      </responseIf>
      <responseElse>
        <setOutcomeValue identifier="SCORE97">
          <baseValue baseType="float">0</baseValue>
        </setOutcomeValue>
      </responseElse>
    </responseCondition>
    <setOutcomeValue identifier="SCORE">
      <sum>
        <variable identifier="SCORE97"/>
      </sum>
    </setOutcomeValue>
  </responseProcessing>
</assessmentItem>
