<?xml version="1.0"?>
<assessmentItem adaptive="false" identifier="ITEM-LOGIC-MP-459" timeDependent="false" title="Select the table that could represent the proportional relationship for Jackson's snack." toolName="ItemLogic" toolVersion="2.0.0" xmlns="http://www.imsglobal.org/xsd/imsqti_v2p1" xmlns:m="http://www.w3.org/1998/Math/MathML" xmlns:xsi="http://www.w3.org/2001/XMLSchema-instance" xsi:schemaLocation="http://www.imsglobal.org/xsd/imsqti_v2p1  http://www.imsglobal.org/xsd/qti/qtiv2p1/imsqti_v2p1.xsd">
  <responseDeclaration baseType="identifier" cardinality="multiple" identifier="RESPONSE300">
    <correctResponse>
      <value>HT-10280</value>
    </correctResponse>
  </responseDeclaration>
  <outcomeDeclaration baseType="float" cardinality="single" identifier="SCORE300">
    <defaultValue>
      <value>0</value>
    </defaultValue>
  </outcomeDeclaration>
  <outcomeDeclaration baseType="float" cardinality="single" identifier="SCORE">
    <defaultValue>
      <value>0</value>
    </defaultValue>
  </outcomeDeclaration>
  <stylesheet href="../styles/bundled.css" type="text/css"/>
  <stylesheet href="../styles/inline.css" type="text/css"/>
  <itemBody>
    <rubricBlock use="stimulus" view="candidate author proctor scorer testConstructor tutor">
      <div>
        <p>Jackson is making a snack using chocolate chips and raisins. The number of cups of chocolate chips is proportional to the number of cups of raisins in his snack. He creates a table to show this relationship.</p>
      </div>
    </rubricBlock>
    <hottextInteraction maxChoices="2" responseIdentifier="RESPONSE300"><prompt>Select the table that could represent the proportional relationship for Jackson's snack.<em><br/></em><br/></prompt><div> <div class="style-002132d24b4a4e709dba33005ea76970"> <p><strong><hottext identifier="HT-10279">Table 1:</hottext> </strong></p> <table class="style-fa15be8628ae47654b358364630082ed"> <tbody> <tr> <td class="style-25150780864b21cd93ec9cb82758edc1"> <p class="style-ebabe05ff5581c41810c218dc297d4be"><strong>Chocolate Chips<br/></strong><strong class="style-9a6b2f1c152ed63441e9037431e2e1eb">(cups)</strong></p> </td> <td class="style-25150780864b21cd93ec9cb82758edc1"> <p class="style-ebabe05ff5581c41810c218dc297d4be"><strong>Raisins<br/></strong><strong class="style-9a6b2f1c152ed63441e9037431e2e1eb">(cups)</strong></p> </td> </tr> <tr> <td class="style-0594fd93e2a95d4b5ade904927f9cdf8">4</td> <td class="style-0594fd93e2a95d4b5ade904927f9cdf8">2</td> </tr> <tr> <td class="style-0594fd93e2a95d4b5ade904927f9cdf8">6</td> <td class="style-0594fd93e2a95d4b5ade904927f9cdf8">4</td> </tr> <tr> <td class="style-0594fd93e2a95d4b5ade904927f9cdf8">8</td> <td class="style-0594fd93e2a95d4b5ade904927f9cdf8">5</td> </tr> </tbody> </table> </div> <div class="style-ef4f0a2be461e9a43501d3061e018d5c"> <p><strong><hottext identifier="HT-10280">Table 2:</hottext></strong></p> <table class="style-fa15be8628ae47654b358364630082ed"> <tbody> <tr> <td class="style-0594fd93e2a95d4b5ade904927f9cdf8"> <p><strong>Chocolate Chips<br/></strong><strong class="style-9a6b2f1c152ed63441e9037431e2e1eb">(cups)</strong></p> </td> <td class="style-0594fd93e2a95d4b5ade904927f9cdf8"> <p><strong>Raisins<br/></strong><strong class="style-9a6b2f1c152ed63441e9037431e2e1eb">(cups)</strong></p> </td> </tr> <tr> <td class="style-0594fd93e2a95d4b5ade904927f9cdf8">4</td> <td class="style-0594fd93e2a95d4b5ade904927f9cdf8">2</td> </tr> <tr> <td class="style-0594fd93e2a95d4b5ade904927f9cdf8">6</td> <td class="style-0594fd93e2a95d4b5ade904927f9cdf8">3</td> </tr> <tr> <td class="style-0594fd93e2a95d4b5ade904927f9cdf8">8</td> <td class="style-0594fd93e2a95d4b5ade904927f9cdf8">4</td> </tr> </tbody> </table> </div> </div> <div class="style-f0cdb32a66caa1d146d974d042573962"> <div class="style-002132d24b4a4e709dba33005ea76970"> <p><strong><hottext identifier="HT-10281">Table 3:</hottext></strong></p> <table class="style-fa15be8628ae47654b358364630082ed"> <tbody> <tr> <td class="style-0594fd93e2a95d4b5ade904927f9cdf8"> <p><strong>Chocolate Chips<br/></strong><strong class="style-9a6b2f1c152ed63441e9037431e2e1eb">(cups)</strong></p> </td> <td class="style-0594fd93e2a95d4b5ade904927f9cdf8"> <p><strong>Raisins<br/></strong><strong class="style-9a6b2f1c152ed63441e9037431e2e1eb">(cups)</strong></p> </td> </tr> <tr> <td class="style-0594fd93e2a95d4b5ade904927f9cdf8">4</td> <td class="style-0594fd93e2a95d4b5ade904927f9cdf8">9</td> </tr> <tr> <td class="style-0594fd93e2a95d4b5ade904927f9cdf8">6</td> <td class="style-0594fd93e2a95d4b5ade904927f9cdf8">12</td> </tr> <tr> <td class="style-0594fd93e2a95d4b5ade904927f9cdf8">8</td> <td class="style-0594fd93e2a95d4b5ade904927f9cdf8">16</td> </tr> </tbody> </table> </div> <div class="style-ef4f0a2be461e9a43501d3061e018d5c"> <p><strong><hottext identifier="HT-10282">Table 4:</hottext></strong></p> <table class="style-fa15be8628ae47654b358364630082ed"> <tbody> <tr> <td class="style-0594fd93e2a95d4b5ade904927f9cdf8"> <p><strong>Chocolate Chips<br/></strong><strong class="style-9a6b2f1c152ed63441e9037431e2e1eb">(cups)</strong></p> </td> <td class="style-0594fd93e2a95d4b5ade904927f9cdf8"> <p><strong>Raisins<br/></strong><strong class="style-9a6b2f1c152ed63441e9037431e2e1eb">(cups)</strong></p> </td> </tr> <tr> <td class="style-0594fd93e2a95d4b5ade904927f9cdf8">4</td> <td class="style-0594fd93e2a95d4b5ade904927f9cdf8">5</td> </tr> <tr> <td class="style-0594fd93e2a95d4b5ade904927f9cdf8">6</td> <td class="style-0594fd93e2a95d4b5ade904927f9cdf8">7</td> </tr> <tr> <td class="style-0594fd93e2a95d4b5ade904927f9cdf8">8</td> <td class="style-0594fd93e2a95d4b5ade904927f9cdf8">10</td> </tr> </tbody> </table> </div> </div></hottextInteraction>
  </itemBody>
  <responseProcessing>
    <responseCondition>
      <responseIf>
        <match>
          <variable identifier="RESPONSE300"/>
          <correct identifier="RESPONSE300"/>
        </match>
        <setOutcomeValue identifier="SCORE300">
          <baseValue baseType="float">1</baseValue>
        </setOutcomeValue>
      </responseIf>
      <responseElse>
        <setOutcomeValue identifier="SCORE300">
          <baseValue baseType="float">0</baseValue>
        </setOutcomeValue>
      </responseElse>
    </responseCondition>
    <setOutcomeValue identifier="SCORE">
      <sum>
        <variable identifier="SCORE300"/>
      </sum>
    </setOutcomeValue>
  </responseProcessing>
</assessmentItem>
