<?xml version="1.0"?>
<assessmentItem adaptive="false" identifier="ITEM-LOGIC-MP-560" timeDependent="false" title="Based on the selection, there are many things that affect waves. Complete the chart by placing the c" toolName="ItemLogic" toolVersion="2.0.0" xmlns="http://www.imsglobal.org/xsd/imsqti_v2p1" xmlns:m="http://www.w3.org/1998/Math/MathML" xmlns:xsi="http://www.w3.org/2001/XMLSchema-instance" xsi:schemaLocation="http://www.imsglobal.org/xsd/imsqti_v2p1  http://www.imsglobal.org/xsd/qti/qtiv2p1/imsqti_v2p1.xsd">
  <responseDeclaration baseType="directedPair" cardinality="multiple" identifier="RESPONSE443">
    <correctResponse>
      <value>GI-9522 HS-11696</value>
      <value>GI-9523 HS-11693</value>
      <value>GI-9524 HS-11694</value>
      <value>GI-9525 HS-11695</value>
    </correctResponse>
    <mapping defaultValue="-0.50" lowerBound="0.00" upperBound="2.00">
      <mapEntry mapKey="GI-9522 HS-11696" mappedValue="0.50"/>
      <mapEntry mapKey="GI-9523 HS-11693" mappedValue="0.50"/>
      <mapEntry mapKey="GI-9524 HS-11694" mappedValue="0.50"/>
      <mapEntry mapKey="GI-9525 HS-11695" mappedValue="0.50"/>
    </mapping>
  </responseDeclaration>
  <outcomeDeclaration baseType="float" cardinality="single" identifier="SCORE443">
    <defaultValue>
      <value>0</value>
    </defaultValue>
  </outcomeDeclaration>
  <outcomeDeclaration baseType="float" cardinality="single" identifier="SCORE">
    <defaultValue>
      <value>0</value>
    </defaultValue>
  </outcomeDeclaration>
  <stylesheet href="../styles/bundled.css" type="text/css"/>
  <stylesheet href="../styles/inline.css" type="text/css"/>
  <itemBody>
    <rubricBlock use="context" view="candidate author proctor scorer testConstructor tutor">
      <div>
        <object data="../passages/RSC-LOGIC-MP-1669.html" type="text/html"/>
      </div>
    </rubricBlock>
    <graphicGapMatchInteraction responseIdentifier="RESPONSE443">
      <prompt>
        <span>Based on the selection, there are many things that affect waves. Complete the chart by placing the correct effect next to the cause in the chart.</span>
        <br/>
      </prompt>
      <object data="../images/FROERI560_Catch_wave_stem_01_o_d8a57ec4ed.png" height="397" type="image/png" width="500"/>
      <gapImg identifier="GI-9522" matchMax="1">
        <object data="../images/FROERI560_Catch_wave_opt_a01_o_007a325e87.png" height="47" type="image/png" width="160"/>
      </gapImg>
      <gapImg identifier="GI-9523" matchMax="1">
        <object data="../images/FROERI560_Catch_wave_opt_b01_o_f1eb7d253a.png" height="48" type="image/png" width="160"/>
      </gapImg>
      <gapImg identifier="GI-9524" matchMax="1">
        <object data="../images/FROERI560_Catch_wave_opt_c01_o_cf5a5e958a.png" height="47" type="image/png" width="160"/>
      </gapImg>
      <gapImg identifier="GI-9525" matchMax="1">
        <object data="../images/FROERI560_Catch_wave_opt_d01_o_ab2d43cc49.png" height="47" type="image/png" width="160"/>
      </gapImg>
      <associableHotspot coords="316,59,476,107" identifier="HS-11693" matchMax="1" shape="rect"/>
      <associableHotspot coords="317,148,477,196" identifier="HS-11694" matchMax="1" shape="rect"/>
      <associableHotspot coords="317,237,477,285" identifier="HS-11695" matchMax="1" shape="rect"/>
      <associableHotspot coords="318,327,478,375" identifier="HS-11696" matchMax="1" shape="rect"/>
    </graphicGapMatchInteraction>
  </itemBody>
  <responseProcessing>
    <responseCondition>
      <responseIf>
        <isNull>
          <variable identifier="RESPONSE443"/>
        </isNull>
        <setOutcomeValue identifier="SCORE443">
          <baseValue baseType="float">0.0</baseValue>
        </setOutcomeValue>
      </responseIf>
      <responseElse>
        <setOutcomeValue identifier="SCORE443">
          <mapResponse identifier="RESPONSE443"/>
        </setOutcomeValue>
      </responseElse>
    </responseCondition>
    <setOutcomeValue identifier="SCORE">
      <sum>
        <variable identifier="SCORE443"/>
      </sum>
    </setOutcomeValue>
  </responseProcessing>
</assessmentItem>
