<?xml version="1.0"?>
<assessmentItem adaptive="false" identifier="ITEM-LOGIC-KS-803" timeDependent="false" title="Order the heights of the mountains from shortest to tallest." toolName="ItemLogic" toolVersion="2.0.0" xmlns="http://www.imsglobal.org/xsd/imsqti_v2p1" xmlns:m="http://www.w3.org/1998/Math/MathML" xmlns:xsi="http://www.w3.org/2001/XMLSchema-instance" xsi:schemaLocation="http://www.imsglobal.org/xsd/imsqti_v2p1  http://www.imsglobal.org/xsd/qti/qtiv2p1/imsqti_v2p1.xsd">
  <responseDeclaration baseType="identifier" cardinality="ordered" identifier="RESPONSE789">
    <correctResponse>
      <value>SC-12735</value>
      <value>SC-12736</value>
      <value>SC-12733</value>
      <value>SC-12732</value>
      <value>SC-12734</value>
    </correctResponse>
  </responseDeclaration>
  <responseDeclaration baseType="identifier" cardinality="single" identifier="RESPONSE790">
    <correctResponse>
      <value>SC-12743</value>
    </correctResponse>
  </responseDeclaration>
  <outcomeDeclaration baseType="float" cardinality="single" identifier="SCORE789">
    <defaultValue>
      <value>0</value>
    </defaultValue>
  </outcomeDeclaration>
  <outcomeDeclaration baseType="float" cardinality="single" identifier="SCORE790">
    <defaultValue>
      <value>0</value>
    </defaultValue>
  </outcomeDeclaration>
  <outcomeDeclaration baseType="float" cardinality="single" identifier="SCORE">
    <defaultValue>
      <value>0</value>
    </defaultValue>
  </outcomeDeclaration>
  <stylesheet href="../styles/bundled.css" type="text/css"/>
  <stylesheet href="../styles/inline.css" type="text/css"/>
  <itemBody>
    <rubricBlock use="stimulus" view="candidate author proctor scorer testConstructor tutor">
      <div>
        <p>The heights of several mountains are shown.</p>
        <p>
          <object data="../images/mountains@2x_1b8f84e77c.png" height="310" type="image/png" width="400"/>
        </p>
      </div>
    </rubricBlock>
    <orderInteraction orientation="vertical" responseIdentifier="RESPONSE789" shuffle="false">
      <prompt>Order the heights of the mountains from shortest to tallest.<br/></prompt>
      <simpleChoice identifier="SC-12732">
        <p>Mount McKinley</p>
      </simpleChoice>
      <simpleChoice identifier="SC-12733">
        <p>San Juan</p>
      </simpleChoice>
      <simpleChoice identifier="SC-12734">
        <p>K2</p>
      </simpleChoice>
      <simpleChoice identifier="SC-12735">
        <p>Mount Keith</p>
      </simpleChoice>
      <simpleChoice identifier="SC-12736">
        <p>Mount Saint Elias</p>
      </simpleChoice>
    </orderInteraction>
    <choiceInteraction maxChoices="1" responseIdentifier="RESPONSE790" shuffle="false">
      <prompt>The tallest mountain in the world, Everest, is 29,035 feet tall. What is another way to write the number 29,035?<br/></prompt>
      <simpleChoice fixed="true" identifier="SC-12743">
        <p>twenty-nine thousand thirty-five</p>
      </simpleChoice>
      <simpleChoice fixed="true" identifier="SC-12745">
        <p>two thousand nine hundred thirty-five</p>
      </simpleChoice>
      <simpleChoice fixed="true" identifier="SC-12746">
        <p>two hundred nine thousand thirty-five</p>
      </simpleChoice>
      <simpleChoice fixed="true" identifier="SC-12744">
        <p>twenty-nine thousand three hundred fifty</p>
      </simpleChoice>
    </choiceInteraction>
  </itemBody>
  <responseProcessing>
    <responseCondition>
      <responseIf>
        <match>
          <variable identifier="RESPONSE789"/>
          <correct identifier="RESPONSE789"/>
        </match>
        <setOutcomeValue identifier="SCORE789">
          <baseValue baseType="float">1</baseValue>
        </setOutcomeValue>
      </responseIf>
      <responseElse>
        <setOutcomeValue identifier="SCORE789">
          <baseValue baseType="float">0</baseValue>
        </setOutcomeValue>
      </responseElse>
    </responseCondition>
    <responseCondition>
      <responseIf>
        <match>
          <variable identifier="RESPONSE790"/>
          <correct identifier="RESPONSE790"/>
        </match>
        <setOutcomeValue identifier="SCORE790">
          <baseValue baseType="float">1</baseValue>
        </setOutcomeValue>
      </responseIf>
      <responseElse>
        <setOutcomeValue identifier="SCORE790">
          <baseValue baseType="float">0</baseValue>
        </setOutcomeValue>
      </responseElse>
    </responseCondition>
    <setOutcomeValue identifier="SCORE">
      <sum>
        <variable identifier="SCORE789"/>
        <variable identifier="SCORE790"/>
      </sum>
    </setOutcomeValue>
  </responseProcessing>
</assessmentItem>
