<?xml version="1.0"?>
<assessmentItem adaptive="false" identifier="ITEM-LOGIC-MP-225" timeDependent="false" title="Drag the numbers next to the length, width, and height of the box that Ben could have built." toolName="ItemLogic" toolVersion="2.0.0" xmlns="http://www.imsglobal.org/xsd/imsqti_v2p1" xmlns:m="http://www.w3.org/1998/Math/MathML" xmlns:xsi="http://www.w3.org/2001/XMLSchema-instance" xsi:schemaLocation="http://www.imsglobal.org/xsd/imsqti_v2p1  http://www.imsglobal.org/xsd/qti/qtiv2p1/imsqti_v2p1.xsd">
  <responseDeclaration baseType="directedPair" cardinality="multiple" identifier="RESPONSE61">
    <correctResponse>
      <value>GI-3622 HS-3958</value>
      <value>GI-3624 HS-3960</value>
    </correctResponse>
  </responseDeclaration>
  <outcomeDeclaration baseType="float" cardinality="single" identifier="SCORE61">
    <defaultValue>
      <value>0</value>
    </defaultValue>
  </outcomeDeclaration>
  <outcomeDeclaration baseType="float" cardinality="single" identifier="SCORE">
    <defaultValue>
      <value>0</value>
    </defaultValue>
  </outcomeDeclaration>
  <stylesheet href="../styles/bundled.css" type="text/css"/>
  <stylesheet href="../styles/inline.css" type="text/css"/>
  <itemBody>
    <rubricBlock use="stimulus" view="candidate author proctor scorer testConstructor tutor">
      <div>
        <p>Ben built a box with a volume of 24 cubic units. The width of the box is shorter than the height of the box.</p>
      </div>
    </rubricBlock>
    <graphicGapMatchInteraction responseIdentifier="RESPONSE61">
      <prompt>Drag the numbers next to the width and height of the box that Ben could have built.<br/></prompt>
      <object data="../images/FROERI023_Right_Rectprism_stem_01_o_e1c172233d.png" height="117" type="image/png" width="259"/>
      <gapImg identifier="GI-3622" matchMax="1">
        <object data="../images/FROERI023_Right_Rectprism_opt_01_o_07eeb026f4.png" height="21" type="image/png" width="25"/>
      </gapImg>
      <gapImg identifier="GI-3623" matchMax="1">
        <object data="../images/FROERI023_Right_Rectprism_opt_02_o_ed14a2dc89.png" height="21" type="image/png" width="25"/>
      </gapImg>
      <gapImg identifier="GI-3624" matchMax="1">
        <object data="../images/FROERI023_Right_Rectprism_opt_03_o_1d8713e5bc.png" height="21" type="image/png" width="25"/>
      </gapImg>
      <gapImg identifier="GI-3625" matchMax="1">
        <object data="../images/FROERI023_Right_Rectprism_opt_04_o_6fd90a04be.png" height="21" type="image/png" width="25"/>
      </gapImg>
      <gapImg identifier="GI-3626" matchMax="1">
        <object data="../images/FROERI023_Right_Rectprism_opt_05_o_e0e48ef6be.png" height="21" type="image/png" width="25"/>
      </gapImg>
      <gapImg identifier="GI-3627" matchMax="1">
        <object data="../images/FROERI023_Right_Rectprism_opt_06_o_7e8e12dc78.png" height="21" type="image/png" width="25"/>
      </gapImg>
      <gapImg identifier="GI-3628" matchMax="1">
        <object data="../images/FROERI023_Right_Rectprism_opt_07_o_245f322236.png" height="21" type="image/png" width="25"/>
      </gapImg>
      <gapImg identifier="GI-3629" matchMax="1">
        <object data="../images/FROERI023_Right_Rectprism_opt_08_o_f0b9c69b6b.png" height="21" type="image/png" width="25"/>
      </gapImg>
      <gapImg identifier="GI-3630" matchMax="1">
        <object data="../images/FROERI023_Right_Rectprism_opt_09_o_adf8d94bb1.png" height="21" type="image/png" width="25"/>
      </gapImg>
      <gapImg identifier="GI-3631" matchMax="1">
        <object data="../images/FROERI023_Right_Rectprism_opt_10_o_0be9b7eb97.png" height="21" type="image/png" width="25"/>
      </gapImg>
      <associableHotspot coords="168,73,193,94" identifier="HS-3958" matchMax="1" shape="rect"/>
      <associableHotspot coords="185,19,210,40" identifier="HS-3960" matchMax="1" shape="rect"/>
    </graphicGapMatchInteraction>
  </itemBody>
  <responseProcessing>
    <responseCondition>
      <responseIf>
        <match>
          <variable identifier="RESPONSE61"/>
          <correct identifier="RESPONSE61"/>
        </match>
        <setOutcomeValue identifier="SCORE61">
          <baseValue baseType="float">1</baseValue>
        </setOutcomeValue>
      </responseIf>
      <responseElse>
        <setOutcomeValue identifier="SCORE61">
          <baseValue baseType="float">0</baseValue>
        </setOutcomeValue>
      </responseElse>
    </responseCondition>
    <setOutcomeValue identifier="SCORE">
      <sum>
        <variable identifier="SCORE61"/>
      </sum>
    </setOutcomeValue>
  </responseProcessing>
</assessmentItem>
