<?xml version="1.0"?>
<assessmentItem adaptive="false" identifier="ITEM-LOGIC-KS-795" timeDependent="false" title="Select whether each detail from the text supports the author's statement or does not support it." toolName="ItemLogic" toolVersion="2.0.0" xmlns="http://www.imsglobal.org/xsd/imsqti_v2p1" xmlns:m="http://www.w3.org/1998/Math/MathML" xmlns:xsi="http://www.w3.org/2001/XMLSchema-instance" xsi:schemaLocation="http://www.imsglobal.org/xsd/imsqti_v2p1  http://www.imsglobal.org/xsd/qti/qtiv2p1/imsqti_v2p1.xsd">
  <responseDeclaration baseType="directedPair" cardinality="multiple" identifier="RESPONSE775">
    <correctResponse>
      <value>SAC-12657 SAC-12652</value>
      <value>SAC-12671 SAC-12654</value>
      <value>SAC-12672 SAC-12652</value>
      <value>SAC-12673 SAC-12654</value>
    </correctResponse>
    <mapping defaultValue="0.00" lowerBound="0.00" upperBound="2.00">
      <mapEntry mapKey="SAC-12657 SAC-12652" mappedValue="0.50"/>
      <mapEntry mapKey="SAC-12657 SAC-12654" mappedValue="0.00"/>
      <mapEntry mapKey="SAC-12671 SAC-12652" mappedValue="0.00"/>
      <mapEntry mapKey="SAC-12671 SAC-12654" mappedValue="0.50"/>
      <mapEntry mapKey="SAC-12672 SAC-12652" mappedValue="0.50"/>
      <mapEntry mapKey="SAC-12672 SAC-12654" mappedValue="0.00"/>
      <mapEntry mapKey="SAC-12673 SAC-12652" mappedValue="0.00"/>
      <mapEntry mapKey="SAC-12673 SAC-12654" mappedValue="0.50"/>
    </mapping>
  </responseDeclaration>
  <outcomeDeclaration baseType="float" cardinality="single" identifier="SCORE775">
    <defaultValue>
      <value>0</value>
    </defaultValue>
  </outcomeDeclaration>
  <outcomeDeclaration baseType="float" cardinality="single" identifier="SCORE">
    <defaultValue>
      <value>0</value>
    </defaultValue>
  </outcomeDeclaration>
  <stylesheet href="../styles/bundled.css" type="text/css"/>
  <stylesheet href="../styles/inline.css" type="text/css"/>
  <itemBody>
    <rubricBlock use="context" view="candidate author proctor scorer testConstructor tutor">
      <div>
        <object data="../passages/RSC-LOGIC-KS-2172.html" type="text/html"/>
      </div>
    </rubricBlock>
    <rubricBlock use="stimulus" view="candidate author proctor scorer testConstructor tutor">
      <div>
        <p>The author of <em>April Fools</em>&#xA0; states, <span>"Some April Fools tricks are much bigger than telling a simple joke."</span></p>
      </div>
    </rubricBlock>
    <matchInteraction class="table" maxAssociations="8" responseIdentifier="RESPONSE775" shuffle="false">
      <prompt>Select whether each detail from the text supports the author's statement or does <strong>not</strong> support it.<br/></prompt>
      <simpleMatchSet>
        <simpleAssociableChoice identifier="SAC-12657" matchMax="1">
          <p>
            <span>People from all over the country called a local TV station about its pasta tree story.</span>
          </p>
        </simpleAssociableChoice>
        <simpleAssociableChoice identifier="SAC-12671" matchMax="1">
          <p>Tricks and jokes don&#x2019;t need to be big to make people laugh.</p>
        </simpleAssociableChoice>
        <simpleAssociableChoice identifier="SAC-12672" matchMax="1">
          <p>One entire town believed Thomas Edison's prank for many days.</p>
        </simpleAssociableChoice>
        <simpleAssociableChoice identifier="SAC-12673" matchMax="1">
          <p>Many people end their joke by saying, "April Fools!"</p>
        </simpleAssociableChoice>
      </simpleMatchSet>
      <simpleMatchSet>
        <simpleAssociableChoice identifier="SAC-12652" matchMax="4">
          <p>Supports</p>
        </simpleAssociableChoice>
        <simpleAssociableChoice identifier="SAC-12654" matchMax="4">
          <p>Does Not Support</p>
        </simpleAssociableChoice>
      </simpleMatchSet>
    </matchInteraction>
  </itemBody>
  <responseProcessing>
    <responseCondition>
      <responseIf>
        <isNull>
          <variable identifier="RESPONSE775"/>
        </isNull>
        <setOutcomeValue identifier="SCORE775">
          <baseValue baseType="float">0.0</baseValue>
        </setOutcomeValue>
      </responseIf>
      <responseElse>
        <setOutcomeValue identifier="SCORE775">
          <mapResponse identifier="RESPONSE775"/>
        </setOutcomeValue>
      </responseElse>
    </responseCondition>
    <setOutcomeValue identifier="SCORE">
      <sum>
        <variable identifier="SCORE775"/>
      </sum>
    </setOutcomeValue>
  </responseProcessing>
</assessmentItem>
