<?xml version="1.0"?>
<assessmentItem adaptive="false" identifier="ITEM-LOGIC-KS-965" timeDependent="false" title="Complete the sentence about the change in James' point of view." toolName="ItemLogic" toolVersion="2.0.0" xmlns="http://www.imsglobal.org/xsd/imsqti_v2p1" xmlns:m="http://www.w3.org/1998/Math/MathML" xmlns:xsi="http://www.w3.org/2001/XMLSchema-instance" xsi:schemaLocation="http://www.imsglobal.org/xsd/imsqti_v2p1  http://www.imsglobal.org/xsd/qti/qtiv2p1/imsqti_v2p1.xsd">
  <responseDeclaration baseType="identifier" cardinality="single" identifier="RESPONSE960">
    <correctResponse>
      <value>IC-17751</value>
    </correctResponse>
  </responseDeclaration>
  <responseDeclaration baseType="identifier" cardinality="single" identifier="RESPONSE961">
    <correctResponse>
      <value>IC-17753</value>
    </correctResponse>
  </responseDeclaration>
  <outcomeDeclaration baseType="float" cardinality="single" identifier="SCORE960">
    <defaultValue>
      <value>0</value>
    </defaultValue>
  </outcomeDeclaration>
  <outcomeDeclaration baseType="float" cardinality="single" identifier="SCORE961">
    <defaultValue>
      <value>0</value>
    </defaultValue>
  </outcomeDeclaration>
  <outcomeDeclaration baseType="float" cardinality="single" identifier="SCORE">
    <defaultValue>
      <value>0</value>
    </defaultValue>
  </outcomeDeclaration>
  <stylesheet href="../styles/bundled.css" type="text/css"/>
  <stylesheet href="../styles/inline.css" type="text/css"/>
  <itemBody>
    <rubricBlock use="context" view="candidate author proctor scorer testConstructor tutor">
      <div>
        <object data="../passages/RSC-LOGIC-KS-7202.html" type="text/html"/>
      </div>
    </rubricBlock>
    <rubricBlock use="stimulus" view="candidate author proctor scorer testConstructor tutor">
      <div>
        <p>James' point of view changes d<span>uring the story,&#xA0;</span><em>Buckets of Berries.</em></p>
      </div>
    </rubricBlock>
    <div class="stem stem_inline">
      <div class="stem_prompt">
        <p>Complete the sentence about the change in James' point of view.</p>
      </div>
      <p>James goes from feeling <inlineChoiceInteraction responseIdentifier="RESPONSE960" shuffle="false"><inlineChoice identifier="IC-17751">sure about his own skills and strength</inlineChoice><inlineChoice identifier="IC-17754">sorry for being mean to his little brothers</inlineChoice><inlineChoice identifier="IC-17755">excited about helping his brothers pick berries</inlineChoice></inlineChoiceInteraction> to knowing that <inlineChoiceInteraction responseIdentifier="RESPONSE961" shuffle="false"><inlineChoice identifier="IC-17756">working alone is easy and pleasant</inlineChoice><inlineChoice identifier="IC-17757">working with children is sometimes difficult</inlineChoice><inlineChoice identifier="IC-17753">working with others can make a job more fun</inlineChoice></inlineChoiceInteraction>.</p>
    </div>
  </itemBody>
  <responseProcessing>
    <responseCondition>
      <responseIf>
        <match>
          <variable identifier="RESPONSE960"/>
          <correct identifier="RESPONSE960"/>
        </match>
        <setOutcomeValue identifier="SCORE960">
          <baseValue baseType="float">1</baseValue>
        </setOutcomeValue>
      </responseIf>
      <responseElse>
        <setOutcomeValue identifier="SCORE960">
          <baseValue baseType="float">0</baseValue>
        </setOutcomeValue>
      </responseElse>
    </responseCondition>
    <responseCondition>
      <responseIf>
        <match>
          <variable identifier="RESPONSE961"/>
          <correct identifier="RESPONSE961"/>
        </match>
        <setOutcomeValue identifier="SCORE961">
          <baseValue baseType="float">1</baseValue>
        </setOutcomeValue>
      </responseIf>
      <responseElse>
        <setOutcomeValue identifier="SCORE961">
          <baseValue baseType="float">0</baseValue>
        </setOutcomeValue>
      </responseElse>
    </responseCondition>
    <setOutcomeValue identifier="SCORE">
      <sum>
        <variable identifier="SCORE960"/>
        <variable identifier="SCORE961"/>
      </sum>
    </setOutcomeValue>
  </responseProcessing>
</assessmentItem>
