<?xml version="1.0"?>
<assessmentItem adaptive="false" identifier="ITEM-LOGIC-MP-575" timeDependent="false" title="A theme presented in both poems is the desire for the arrival of a new season. Select one detail fro" toolName="ItemLogic" toolVersion="2.0.0" xmlns="http://www.imsglobal.org/xsd/imsqti_v2p1" xmlns:m="http://www.w3.org/1998/Math/MathML" xmlns:xsi="http://www.w3.org/2001/XMLSchema-instance" xsi:schemaLocation="http://www.imsglobal.org/xsd/imsqti_v2p1  http://www.imsglobal.org/xsd/qti/qtiv2p1/imsqti_v2p1.xsd">
  <responseDeclaration baseType="identifier" cardinality="multiple" identifier="RESPONSE465">
    <correctResponse>
      <value>HT-16381</value>
      <value>HT-16383</value>
    </correctResponse>
  </responseDeclaration>
  <outcomeDeclaration baseType="float" cardinality="single" identifier="SCORE465">
    <defaultValue>
      <value>0</value>
    </defaultValue>
  </outcomeDeclaration>
  <outcomeDeclaration baseType="float" cardinality="single" identifier="SCORE">
    <defaultValue>
      <value>0</value>
    </defaultValue>
  </outcomeDeclaration>
  <stylesheet href="../styles/bundled.css" type="text/css"/>
  <stylesheet href="../styles/inline.css" type="text/css"/>
  <itemBody>
    <rubricBlock use="context" view="candidate author proctor scorer testConstructor tutor">
      <div>
        <object data="../passages/RSC-LOGIC-MP-1643.html" type="text/html"/>
      </div>
      <div>
        <object data="../passages/RSC-LOGIC-MP-1644.html" type="text/html"/>
      </div>
    </rubricBlock>
    <hottextInteraction maxChoices="0" responseIdentifier="RESPONSE465"><prompt>A theme presented in both poems is the desire for the arrival of a new season. Select one detail from each poem that <strong>best</strong> supports this theme.<br/></prompt><p><strong>&#xA0; &#xA0; &#xA0; &#xA0; &#xA0; &#xA0; &#xA0; &#xA0; &#xA0; &#xA0;&#xA0;</strong><strong>April</strong></p> <p><hottext identifier="HT-16378">The roofs are shining from the rain,</hottext></p> <p><hottext identifier="HT-16379">And with a windy April grace / The little clouds go by.</hottext></p> <p><hottext identifier="HT-16380">With only one unchanging tree&#x2014;</hottext></p> <p><hottext identifier="HT-16381">I could not be sure of Spring / Save that it sings in me.</hottext></p> <p><strong><span>&#xA0;&#xA0;&#xA0;&#xA0;&#xA0;&#xA0;&#xA0;&#xA0;&#xA0;&#xA0;&#xA0;&#xA0;&#xA0;&#xA0; November Rain</span></strong></p> <p><span><hottext identifier="HT-16382">This autumn rainfall / Is no shower</hottext></span></p> <p><span><hottext identifier="HT-16383">That freshens grass / And brings the flower.</hottext></span></p> <p><span><hottext identifier="HT-16384">This rain is long / And cold and gray,</hottext></span></p> <p><span><hottext identifier="HT-16385">Trees and bushes, / Nearly bare</hottext></span></p> <p><span><hottext identifier="HT-16386">Along each twig. / Some clear beads fall.</hottext></span></p></hottextInteraction>
  </itemBody>
  <responseProcessing>
    <responseCondition>
      <responseIf>
        <match>
          <variable identifier="RESPONSE465"/>
          <correct identifier="RESPONSE465"/>
        </match>
        <setOutcomeValue identifier="SCORE465">
          <baseValue baseType="float">1</baseValue>
        </setOutcomeValue>
      </responseIf>
      <responseElse>
        <setOutcomeValue identifier="SCORE465">
          <baseValue baseType="float">0</baseValue>
        </setOutcomeValue>
      </responseElse>
    </responseCondition>
    <setOutcomeValue identifier="SCORE">
      <sum>
        <variable identifier="SCORE465"/>
      </sum>
    </setOutcomeValue>
  </responseProcessing>
</assessmentItem>
