<?xml version="1.0"?>
<assessmentItem adaptive="false" identifier="ITEM-LOGIC-KS-985" timeDependent="false" title="Part AChoose the sentence that is the main topic of the passage." toolName="ItemLogic" toolVersion="2.0.0" xmlns="http://www.imsglobal.org/xsd/imsqti_v2p1" xmlns:m="http://www.w3.org/1998/Math/MathML" xmlns:xsi="http://www.w3.org/2001/XMLSchema-instance" xsi:schemaLocation="http://www.imsglobal.org/xsd/imsqti_v2p1  http://www.imsglobal.org/xsd/qti/qtiv2p1/imsqti_v2p1.xsd">
  <responseDeclaration baseType="identifier" cardinality="multiple" identifier="RESPONSE1007">
    <correctResponse>
      <value>HT-17456</value>
    </correctResponse>
  </responseDeclaration>
  <responseDeclaration baseType="identifier" cardinality="single" identifier="RESPONSE1009">
    <correctResponse>
      <value>IC-17487</value>
    </correctResponse>
  </responseDeclaration>
  <outcomeDeclaration baseType="float" cardinality="single" identifier="SCORE1007">
    <defaultValue>
      <value>0</value>
    </defaultValue>
  </outcomeDeclaration>
  <outcomeDeclaration baseType="float" cardinality="single" identifier="SCORE1009">
    <defaultValue>
      <value>0</value>
    </defaultValue>
  </outcomeDeclaration>
  <outcomeDeclaration baseType="float" cardinality="single" identifier="SCORE">
    <defaultValue>
      <value>0</value>
    </defaultValue>
  </outcomeDeclaration>
  <stylesheet href="../styles/bundled.css" type="text/css"/>
  <stylesheet href="../styles/inline.css" type="text/css"/>
  <itemBody>
    <rubricBlock use="context" view="candidate author proctor scorer testConstructor tutor">
      <div>
        <object data="../passages/RSC-LOGIC-KS-7323.html" type="text/html"/>
      </div>
    </rubricBlock>
    <rubricBlock use="stimulus" view="candidate author proctor scorer testConstructor tutor">
      <div>
        <p>The main topic of <em>Food Chains</em> is supported by many details.</p>
      </div>
    </rubricBlock>
    <hottextInteraction maxChoices="0" responseIdentifier="RESPONSE1007">
      <prompt>Part A<br/>Choose the sentence that is the <strong>main</strong> topic of the passage.<br/></prompt>
      <p>
        <hottext identifier="HT-17797">Grass is an important part of all food chains.</hottext>
      </p>
      <p>
        <hottext identifier="HT-17456">Producers and consumers are important to food chains.</hottext>
      </p>
      <p>
        <hottext identifier="HT-17481">The food chain of an owl may include a mouse and an insect.</hottext>
      </p>
    </hottextInteraction>
    <div class="stem stem_inline">
      <div class="stem_prompt"><p>Part B</p> <p>Complete the sentence to support the correct answer in Part A.</p></div>
      <p>Food chains show how <inlineChoiceInteraction responseIdentifier="RESPONSE1009" shuffle="false"><inlineChoice identifier="IC-17488">grass gets its energy from bugs and other consumers</inlineChoice><inlineChoice identifier="IC-17490">owls hunt for mice and insects only during nighttime hours</inlineChoice><inlineChoice identifier="IC-17487">energy is passed from one producer or consumer to another</inlineChoice></inlineChoiceInteraction>.</p>
    </div>
  </itemBody>
  <responseProcessing>
    <responseCondition>
      <responseIf>
        <match>
          <variable identifier="RESPONSE1007"/>
          <correct identifier="RESPONSE1007"/>
        </match>
        <setOutcomeValue identifier="SCORE1007">
          <baseValue baseType="float">1</baseValue>
        </setOutcomeValue>
      </responseIf>
      <responseElse>
        <setOutcomeValue identifier="SCORE1007">
          <baseValue baseType="float">0</baseValue>
        </setOutcomeValue>
      </responseElse>
    </responseCondition>
    <responseCondition>
      <responseIf>
        <match>
          <variable identifier="RESPONSE1009"/>
          <correct identifier="RESPONSE1009"/>
        </match>
        <setOutcomeValue identifier="SCORE1009">
          <baseValue baseType="float">1</baseValue>
        </setOutcomeValue>
      </responseIf>
      <responseElse>
        <setOutcomeValue identifier="SCORE1009">
          <baseValue baseType="float">0</baseValue>
        </setOutcomeValue>
      </responseElse>
    </responseCondition>
    <setOutcomeValue identifier="SCORE">
      <sum>
        <variable identifier="SCORE1007"/>
        <variable identifier="SCORE1009"/>
      </sum>
    </setOutcomeValue>
  </responseProcessing>
</assessmentItem>
