<?xml version="1.0"?>
<assessmentItem adaptive="false" identifier="ITEM-LOGIC-MP-425" timeDependent="false" title="Match each section of the selection with its main idea.&#xA0;" toolName="ItemLogic" toolVersion="2.0.0" xmlns="http://www.imsglobal.org/xsd/imsqti_v2p1" xmlns:m="http://www.w3.org/1998/Math/MathML" xmlns:xsi="http://www.w3.org/2001/XMLSchema-instance" xsi:schemaLocation="http://www.imsglobal.org/xsd/imsqti_v2p1  http://www.imsglobal.org/xsd/qti/qtiv2p1/imsqti_v2p1.xsd">
  <responseDeclaration baseType="directedPair" cardinality="multiple" identifier="RESPONSE239">
    <correctResponse>
      <value>SAC-5206 SAC-5221</value>
      <value>SAC-5207 SAC-5220</value>
      <value>SAC-5208 SAC-5219</value>
      <value>SAC-5217 SAC-5218</value>
    </correctResponse>
    <mapping defaultValue="-1.00" lowerBound="0.00" upperBound="2.00">
      <mapEntry mapKey="SAC-5206 SAC-5221" mappedValue="0.50"/>
      <mapEntry mapKey="SAC-5207 SAC-5220" mappedValue="0.50"/>
      <mapEntry mapKey="SAC-5208 SAC-5219" mappedValue="0.50"/>
      <mapEntry mapKey="SAC-5217 SAC-5218" mappedValue="0.50"/>
    </mapping>
  </responseDeclaration>
  <outcomeDeclaration baseType="float" cardinality="single" identifier="SCORE239">
    <defaultValue>
      <value>0</value>
    </defaultValue>
  </outcomeDeclaration>
  <outcomeDeclaration baseType="float" cardinality="single" identifier="SCORE">
    <defaultValue>
      <value>0</value>
    </defaultValue>
  </outcomeDeclaration>
  <stylesheet href="../styles/bundled.css" type="text/css"/>
  <stylesheet href="../styles/inline.css" type="text/css"/>
  <itemBody>
    <rubricBlock use="context" view="candidate author proctor scorer testConstructor tutor">
      <div>
        <object data="../passages/RSC-LOGIC-MP-985.html" type="text/html"/>
      </div>
    </rubricBlock>
    <matchInteraction maxAssociations="4" responseIdentifier="RESPONSE239" shuffle="false">
      <prompt>Match each section of the selection with its main idea. <br/></prompt>
      <simpleMatchSet>
        <simpleAssociableChoice identifier="SAC-5206" matchMax="1">
          <p class="MsoNormal">
            <strong>How to Make a Platypus Comfortable</strong>
          </p>
        </simpleAssociableChoice>
        <simpleAssociableChoice identifier="SAC-5207" matchMax="1">
          <p class="MsoNormal">
            <strong>Who&#x2019;re You Calling Slothful?</strong>
          </p>
        </simpleAssociableChoice>
        <simpleAssociableChoice identifier="SAC-5208" matchMax="1">
          <p class="MsoNormal">
            <strong>The Lion Sleeps Today</strong>
          </p>
        </simpleAssociableChoice>
        <simpleAssociableChoice identifier="SAC-5217" matchMax="1">
          <p class="MsoNormal">
            <strong>Drifting to Sleep</strong>
          </p>
        </simpleAssociableChoice>
      </simpleMatchSet>
      <simpleMatchSet>
        <simpleAssociableChoice identifier="SAC-5218" matchMax="1">
          <p>Some animals can be asleep and awake at the same time.</p>
        </simpleAssociableChoice>
        <simpleAssociableChoice identifier="SAC-5219" matchMax="1">
          <p>Sleep patterns of some animals can affect survival.</p>
        </simpleAssociableChoice>
        <simpleAssociableChoice identifier="SAC-5220" matchMax="1">
          <p>Some animals sleep better after being captured.</p>
        </simpleAssociableChoice>
        <simpleAssociableChoice identifier="SAC-5221" matchMax="1">
          <p>A caring environment produces better sleep for some animals.</p>
        </simpleAssociableChoice>
      </simpleMatchSet>
    </matchInteraction>
  </itemBody>
  <responseProcessing>
    <responseCondition>
      <responseIf>
        <isNull>
          <variable identifier="RESPONSE239"/>
        </isNull>
        <setOutcomeValue identifier="SCORE239">
          <baseValue baseType="float">0.0</baseValue>
        </setOutcomeValue>
      </responseIf>
      <responseElse>
        <setOutcomeValue identifier="SCORE239">
          <mapResponse identifier="RESPONSE239"/>
        </setOutcomeValue>
      </responseElse>
    </responseCondition>
    <setOutcomeValue identifier="SCORE">
      <sum>
        <variable identifier="SCORE239"/>
      </sum>
    </setOutcomeValue>
  </responseProcessing>
</assessmentItem>
