<?xml version="1.0"?>
<assessmentItem adaptive="false" identifier="ITEM-LOGIC-KS-964" timeDependent="false" title="Match each event or challenge from the story to the character's response." toolName="ItemLogic" toolVersion="2.0.0" xmlns="http://www.imsglobal.org/xsd/imsqti_v2p1" xmlns:m="http://www.w3.org/1998/Math/MathML" xmlns:xsi="http://www.w3.org/2001/XMLSchema-instance" xsi:schemaLocation="http://www.imsglobal.org/xsd/imsqti_v2p1  http://www.imsglobal.org/xsd/qti/qtiv2p1/imsqti_v2p1.xsd">
  <responseDeclaration baseType="directedPair" cardinality="multiple" identifier="RESPONSE959">
    <correctResponse>
      <value>SAC-16933 SAC-16932</value>
      <value>SAC-16931 SAC-16935</value>
      <value>SAC-16938 SAC-16937</value>
      <value>SAC-16934 SAC-16936</value>
    </correctResponse>
    <mapping defaultValue="0.00" lowerBound="0.00" upperBound="2.00">
      <mapEntry mapKey="SAC-16933 SAC-16932" mappedValue="0.50"/>
      <mapEntry mapKey="SAC-16931 SAC-16935" mappedValue="0.50"/>
      <mapEntry mapKey="SAC-16938 SAC-16937" mappedValue="0.50"/>
      <mapEntry mapKey="SAC-16934 SAC-16936" mappedValue="0.50"/>
    </mapping>
  </responseDeclaration>
  <outcomeDeclaration baseType="float" cardinality="single" identifier="SCORE959">
    <defaultValue>
      <value>0</value>
    </defaultValue>
  </outcomeDeclaration>
  <outcomeDeclaration baseType="float" cardinality="single" identifier="SCORE">
    <defaultValue>
      <value>0</value>
    </defaultValue>
  </outcomeDeclaration>
  <stylesheet href="../styles/bundled.css" type="text/css"/>
  <stylesheet href="../styles/inline.css" type="text/css"/>
  <itemBody>
    <rubricBlock use="context" view="candidate author proctor scorer testConstructor tutor">
      <div>
        <object data="../passages/RSC-LOGIC-KS-7201.html" type="text/html"/>
      </div>
    </rubricBlock>
    <rubricBlock use="stimulus" view="candidate author proctor scorer testConstructor tutor">
      <div>
        <p>Tortoise and Hare each responded to challenges and events in the story.</p>
      </div>
    </rubricBlock>
    <matchInteraction maxAssociations="4" responseIdentifier="RESPONSE959" shuffle="false">
      <prompt>Match each event or challenge from the story to the character's response.<br/></prompt>
      <simpleMatchSet>
        <simpleAssociableChoice identifier="SAC-16933" matchMax="1">
          <p>Tortoise was slow.</p>
        </simpleAssociableChoice>
        <simpleAssociableChoice identifier="SAC-16931" matchMax="1">
          <p>Tortoise was teased.</p>
        </simpleAssociableChoice>
        <simpleAssociableChoice identifier="SAC-16934" matchMax="1">
          <p>Hare realized why the animals were cheering.</p>
        </simpleAssociableChoice>
        <simpleAssociableChoice identifier="SAC-16938" matchMax="1">
          <p>Hare realized Tortoise was very far behind him.</p>
        </simpleAssociableChoice>
      </simpleMatchSet>
      <simpleMatchSet>
        <simpleAssociableChoice identifier="SAC-16937" matchMax="1">
          <p>He decided to rest for a while.</p>
        </simpleAssociableChoice>
        <simpleAssociableChoice identifier="SAC-16936" matchMax="1">
          <p>He began running very quickly.</p>
        </simpleAssociableChoice>
        <simpleAssociableChoice identifier="SAC-16932" matchMax="1">
          <p>He did not stop to take any breaks.</p>
        </simpleAssociableChoice>
        <simpleAssociableChoice identifier="SAC-16935" matchMax="1">
          <p>He demanded a chance to prove himself a winner.</p>
        </simpleAssociableChoice>
      </simpleMatchSet>
    </matchInteraction>
  </itemBody>
  <responseProcessing>
    <responseCondition>
      <responseIf>
        <isNull>
          <variable identifier="RESPONSE959"/>
        </isNull>
        <setOutcomeValue identifier="SCORE959">
          <baseValue baseType="float">0.0</baseValue>
        </setOutcomeValue>
      </responseIf>
      <responseElse>
        <setOutcomeValue identifier="SCORE959">
          <mapResponse identifier="RESPONSE959"/>
        </setOutcomeValue>
      </responseElse>
    </responseCondition>
    <setOutcomeValue identifier="SCORE">
      <sum>
        <variable identifier="SCORE959"/>
      </sum>
    </setOutcomeValue>
  </responseProcessing>
</assessmentItem>
