<?xml version="1.0"?>
<assessmentItem adaptive="false" identifier="ITEM-LOGIC-MP-532" timeDependent="false" title="Match each sample to the equation in terms of t." toolName="ItemLogic" toolVersion="2.0.0" xmlns="http://www.imsglobal.org/xsd/imsqti_v2p1" xmlns:m="http://www.w3.org/1998/Math/MathML" xmlns:xsi="http://www.w3.org/2001/XMLSchema-instance" xsi:schemaLocation="http://www.imsglobal.org/xsd/imsqti_v2p1  http://www.imsglobal.org/xsd/qti/qtiv2p1/imsqti_v2p1.xsd">
  <responseDeclaration baseType="directedPair" cardinality="multiple" identifier="RESPONSE415">
    <correctResponse>
      <value>SAC-7421 SAC-7430</value>
      <value>SAC-7422 SAC-7429</value>
      <value>SAC-7423 SAC-7427</value>
      <value>SAC-7424 SAC-7426</value>
    </correctResponse>
    <mapping defaultValue="-0.50" lowerBound="0.00" upperBound="2.00">
      <mapEntry mapKey="SAC-7421 SAC-7430" mappedValue="0.50"/>
      <mapEntry mapKey="SAC-7422 SAC-7429" mappedValue="0.50"/>
      <mapEntry mapKey="SAC-7423 SAC-7427" mappedValue="0.50"/>
      <mapEntry mapKey="SAC-7424 SAC-7426" mappedValue="0.50"/>
    </mapping>
  </responseDeclaration>
  <outcomeDeclaration baseType="float" cardinality="single" identifier="SCORE415">
    <defaultValue>
      <value>0</value>
    </defaultValue>
  </outcomeDeclaration>
  <outcomeDeclaration baseType="float" cardinality="single" identifier="SCORE">
    <defaultValue>
      <value>0</value>
    </defaultValue>
  </outcomeDeclaration>
  <stylesheet href="../styles/bundled.css" type="text/css"/>
  <stylesheet href="../styles/inline.css" type="text/css"/>
  <itemBody>
    <rubricBlock use="stimulus" view="candidate author proctor scorer testConstructor tutor" xmlns:default="http://www.w3.org/1998/Math/MathML">
      <div>
        <p>A scientist has four samples of radioactive materials. Each sample has been tested for a different amount of time. The formula used to determine <em>t</em>, the time in hours the sample has been tested, is shown for each sample.</p>
        <p xmlns:default="http://www.w3.org/1998/Math/MathML">Plutonium-243: <m:math xmlns="http://www.w3.org/1998/Math/MathML">   <m:mn>30</m:mn>   <m:mo>=</m:mo>   <m:mn>90</m:mn>   <m:mo stretchy="false">(</m:mo>   <m:mn>2</m:mn>   <m:msup>     <m:mo stretchy="false">)</m:mo>     <m:mrow class="MJX-TeXAtom-ORD">       <m:mo>&#x2212;<!-- âˆ’ --></m:mo>       <m:mn>0.2</m:mn>       <m:mi>t</m:mi>     </m:mrow>   </m:msup> </m:math></p>
        <p xmlns:default="http://www.w3.org/1998/Math/MathML">Yttrium-93: <m:math xmlns="http://www.w3.org/1998/Math/MathML">   <m:mn>30</m:mn>   <m:mo>=</m:mo>   <m:mn>90</m:mn>   <m:mo stretchy="false">(</m:mo>   <m:mn>2</m:mn>   <m:msup>     <m:mo stretchy="false">)</m:mo>     <m:mrow class="MJX-TeXAtom-ORD">       <m:mo>&#x2212;<!-- âˆ’ --></m:mo>       <m:mn>0.1</m:mn>       <m:mi>t</m:mi>     </m:mrow>   </m:msup> </m:math></p>
        <p xmlns:default="http://www.w3.org/1998/Math/MathML">Copper-61: <m:math xmlns="http://www.w3.org/1998/Math/MathML">   <m:mn>30</m:mn>   <m:mo>=</m:mo>   <m:mn>90</m:mn>   <m:msup>     <m:mi>e</m:mi>     <m:mrow class="MJX-TeXAtom-ORD">       <m:mo>&#x2212;<!-- âˆ’ --></m:mo>       <m:mn>0.2</m:mn>       <m:mi>t</m:mi>     </m:mrow>   </m:msup> </m:math></p>
        <p xmlns:default="http://www.w3.org/1998/Math/MathML">Protactinium-234: <m:math xmlns="http://www.w3.org/1998/Math/MathML">   <m:mn>30</m:mn>   <m:mo>=</m:mo>   <m:mn>90</m:mn>   <m:msup>     <m:mi>e</m:mi>     <m:mrow class="MJX-TeXAtom-ORD">       <m:mo>&#x2212;<!-- âˆ’ --></m:mo>       <m:mn>0.1</m:mn>       <m:mi>t</m:mi>     </m:mrow>   </m:msup> </m:math></p>
      </div>
    </rubricBlock>
    <matchInteraction maxAssociations="4" responseIdentifier="RESPONSE415" shuffle="false">
      <prompt>Match each sample to the equation in terms of <em>t.</em><br/></prompt>
      <simpleMatchSet>
        <simpleAssociableChoice identifier="SAC-7421" matchMax="1">
          <p>Plutonium - 243</p>
        </simpleAssociableChoice>
        <simpleAssociableChoice identifier="SAC-7422" matchMax="1">
          <p>Yttrium - 93</p>
        </simpleAssociableChoice>
        <simpleAssociableChoice identifier="SAC-7423" matchMax="1">
          <p>Copper - 61</p>
        </simpleAssociableChoice>
        <simpleAssociableChoice identifier="SAC-7424" matchMax="1">
          <p>Protactinium - 234</p>
        </simpleAssociableChoice>
      </simpleMatchSet>
      <simpleMatchSet>
        <simpleAssociableChoice identifier="SAC-7425" matchMax="1">
          <p xmlns:default="http://www.w3.org/1998/Math/MathML">
            <m:math xmlns="http://www.w3.org/1998/Math/MathML">   <m:mi>t</m:mi>   <m:mo>=</m:mo>   <m:mfrac>     <m:mrow>       <m:mi>l</m:mi>       <m:mi>n</m:mi>       <m:mn>3</m:mn>     </m:mrow>     <m:mn>0.05</m:mn>   </m:mfrac> </m:math>
          </p>
        </simpleAssociableChoice>
        <simpleAssociableChoice identifier="SAC-7426" matchMax="1">
          <p xmlns:default="http://www.w3.org/1998/Math/MathML">
            <m:math xmlns="http://www.w3.org/1998/Math/MathML">   <m:mi>t</m:mi>   <m:mo>=</m:mo>   <m:mfrac>     <m:mrow>       <m:mi>l</m:mi>       <m:mi>n</m:mi>       <m:mn>3</m:mn>     </m:mrow>     <m:mn>0.1</m:mn>   </m:mfrac> </m:math>
          </p>
        </simpleAssociableChoice>
        <simpleAssociableChoice identifier="SAC-7427" matchMax="1">
          <p xmlns:default="http://www.w3.org/1998/Math/MathML">
            <m:math xmlns="http://www.w3.org/1998/Math/MathML">   <m:mi>t</m:mi>   <m:mo>=</m:mo>   <m:mfrac>     <m:mrow>       <m:mi>l</m:mi>       <m:mi>n</m:mi>       <m:mn>3</m:mn>     </m:mrow>     <m:mn>0.2</m:mn>   </m:mfrac> </m:math>
          </p>
        </simpleAssociableChoice>
        <simpleAssociableChoice identifier="SAC-7428" matchMax="1">
          <p xmlns:default="http://www.w3.org/1998/Math/MathML">
            <m:math xmlns="http://www.w3.org/1998/Math/MathML">   <m:mi>t</m:mi>   <m:mo>=</m:mo>   <m:mfrac>     <m:mrow>       <m:mi>l</m:mi>       <m:mi>n</m:mi>       <m:mn>3</m:mn>     </m:mrow>     <m:mrow>       <m:mn>0.05</m:mn>       <m:mi>l</m:mi>       <m:mi>n</m:mi>       <m:mn>2</m:mn>     </m:mrow>   </m:mfrac> </m:math>
          </p>
        </simpleAssociableChoice>
        <simpleAssociableChoice identifier="SAC-7429" matchMax="1">
          <p xmlns:default="http://www.w3.org/1998/Math/MathML">
            <m:math xmlns="http://www.w3.org/1998/Math/MathML">   <m:mi>t</m:mi>   <m:mo>=</m:mo>   <m:mfrac>     <m:mrow>       <m:mi>l</m:mi>       <m:mi>n</m:mi>       <m:mn>3</m:mn>     </m:mrow>     <m:mrow>       <m:mn>0.1</m:mn>       <m:mi>l</m:mi>       <m:mi>n</m:mi>       <m:mn>2</m:mn>     </m:mrow>   </m:mfrac> </m:math>
          </p>
        </simpleAssociableChoice>
        <simpleAssociableChoice identifier="SAC-7430" matchMax="1">
          <m:math xmlns="http://www.w3.org/1998/Math/MathML">   <m:mi>t</m:mi>   <m:mo>=</m:mo>   <m:mfrac>     <m:mrow>       <m:mi>l</m:mi>       <m:mi>n</m:mi>       <m:mn>3</m:mn>     </m:mrow>     <m:mrow>       <m:mn>0.2</m:mn>       <m:mi>l</m:mi>       <m:mi>n</m:mi>       <m:mn>2</m:mn>     </m:mrow>   </m:mfrac> </m:math>
        </simpleAssociableChoice>
      </simpleMatchSet>
    </matchInteraction>
  </itemBody>
  <responseProcessing>
    <responseCondition>
      <responseIf>
        <isNull>
          <variable identifier="RESPONSE415"/>
        </isNull>
        <setOutcomeValue identifier="SCORE415">
          <baseValue baseType="float">0.0</baseValue>
        </setOutcomeValue>
      </responseIf>
      <responseElse>
        <setOutcomeValue identifier="SCORE415">
          <mapResponse identifier="RESPONSE415"/>
        </setOutcomeValue>
      </responseElse>
    </responseCondition>
    <setOutcomeValue identifier="SCORE">
      <sum>
        <variable identifier="SCORE415"/>
      </sum>
    </setOutcomeValue>
  </responseProcessing>
</assessmentItem>
