<?xml version="1.0"?>
<assessmentItem adaptive="false" identifier="ITEM-LOGIC-MP-216" timeDependent="false" title="Match each inventor to his or her invention. Not all inventions will have a match." toolName="ItemLogic" toolVersion="2.0.0" xmlns="http://www.imsglobal.org/xsd/imsqti_v2p1" xmlns:m="http://www.w3.org/1998/Math/MathML" xmlns:xsi="http://www.w3.org/2001/XMLSchema-instance" xsi:schemaLocation="http://www.imsglobal.org/xsd/imsqti_v2p1  http://www.imsglobal.org/xsd/qti/qtiv2p1/imsqti_v2p1.xsd">
  <responseDeclaration baseType="directedPair" cardinality="multiple" identifier="RESPONSE49">
    <correctResponse>
      <value>GI-2693 HS-4710</value>
      <value>GI-2694 HS-4708</value>
      <value>GI-2696 HS-4706</value>
      <value>GI-2697 HS-4709</value>
      <value>GI-2698 HS-4707</value>
    </correctResponse>
  </responseDeclaration>
  <outcomeDeclaration baseType="float" cardinality="single" identifier="SCORE49">
    <defaultValue>
      <value>0</value>
    </defaultValue>
  </outcomeDeclaration>
  <outcomeDeclaration baseType="float" cardinality="single" identifier="SCORE">
    <defaultValue>
      <value>0</value>
    </defaultValue>
  </outcomeDeclaration>
  <stylesheet href="../styles/bundled.css" type="text/css"/>
  <stylesheet href="../styles/inline.css" type="text/css"/>
  <itemBody>
    <rubricBlock use="context" view="candidate author proctor scorer testConstructor tutor">
      <div>
        <object data="../passages/RSC-LOGIC-MP-331.html" type="text/html"/>
      </div>
      <div>
        <object data="../passages/RSC-LOGIC-MP-424.html" type="text/html"/>
      </div>
    </rubricBlock>
    <graphicGapMatchInteraction responseIdentifier="RESPONSE49">
      <prompt>Match each inventor to his or her invention. Not all inventions will have a match.<br/></prompt>
      <object data="../images/SENHEA216_Inventors_stem_01_o_50f332c3df.png" height="134" type="image/png" width="293"/>
      <gapImg identifier="GI-2693" matchMax="1">
        <object data="../images/SENHEA216_Inventors_opt_A01_o_b1033493a5.png" height="19" type="image/png" width="132"/>
      </gapImg>
      <gapImg identifier="GI-2694" matchMax="1">
        <object data="../images/SENHEA216_Inventors_opt_B01_o_cbd2dba6d0.png" height="19" type="image/png" width="132"/>
      </gapImg>
      <gapImg identifier="GI-2695" matchMax="1">
        <object data="../images/SENHEA216_Inventors_opt_C01_o_0656c0404a.png" height="19" type="image/png" width="132"/>
      </gapImg>
      <gapImg identifier="GI-2696" matchMax="1">
        <object data="../images/SENHEA216_Inventors_opt_D01_o_b6f462f996.png" height="19" type="image/png" width="132"/>
      </gapImg>
      <gapImg identifier="GI-2697" matchMax="1">
        <object data="../images/SENHEA216_Inventors_opt_E01_o_446c809b4d.png" height="19" type="image/png" width="132"/>
      </gapImg>
      <gapImg identifier="GI-2698" matchMax="1">
        <object data="../images/SENHEA216_Inventors_opt_F01_o_13177aa0b1.png" height="19" type="image/png" width="132"/>
      </gapImg>
      <associableHotspot coords="152,27,284,46" identifier="HS-4706" matchMax="1" shape="rect"/>
      <associableHotspot coords="153,47,285,66" identifier="HS-4707" matchMax="1" shape="rect"/>
      <associableHotspot coords="154,68,286,87" identifier="HS-4708" matchMax="1" shape="rect"/>
      <associableHotspot coords="153,88,285,107" identifier="HS-4709" matchMax="1" shape="rect"/>
      <associableHotspot coords="152,112,284,131" identifier="HS-4710" matchMax="1" shape="rect"/>
    </graphicGapMatchInteraction>
  </itemBody>
  <responseProcessing>
    <responseCondition>
      <responseIf>
        <match>
          <variable identifier="RESPONSE49"/>
          <correct identifier="RESPONSE49"/>
        </match>
        <setOutcomeValue identifier="SCORE49">
          <baseValue baseType="float">1</baseValue>
        </setOutcomeValue>
      </responseIf>
      <responseElse>
        <setOutcomeValue identifier="SCORE49">
          <baseValue baseType="float">0</baseValue>
        </setOutcomeValue>
      </responseElse>
    </responseCondition>
    <setOutcomeValue identifier="SCORE">
      <sum>
        <variable identifier="SCORE49"/>
      </sum>
    </setOutcomeValue>
  </responseProcessing>
</assessmentItem>
