<?xml version="1.0"?>
<assessmentItem adaptive="false" identifier="ITEM-LOGIC-MP-343" timeDependent="false" title="What is a central idea presented in paragraphs 1-8 of the selection?" toolName="ItemLogic" toolVersion="2.0.0" xmlns="http://www.imsglobal.org/xsd/imsqti_v2p1" xmlns:m="http://www.w3.org/1998/Math/MathML" xmlns:xsi="http://www.w3.org/2001/XMLSchema-instance" xsi:schemaLocation="http://www.imsglobal.org/xsd/imsqti_v2p1  http://www.imsglobal.org/xsd/qti/qtiv2p1/imsqti_v2p1.xsd">
  <responseDeclaration baseType="identifier" cardinality="single" identifier="RESPONSE123">
    <correctResponse>
      <value>SC-4720</value>
    </correctResponse>
  </responseDeclaration>
  <responseDeclaration baseType="identifier" cardinality="multiple" identifier="RESPONSE124">
    <correctResponse>
      <value>HT-6562</value>
    </correctResponse>
  </responseDeclaration>
  <outcomeDeclaration baseType="float" cardinality="single" identifier="SCORE123">
    <defaultValue>
      <value>0</value>
    </defaultValue>
  </outcomeDeclaration>
  <outcomeDeclaration baseType="float" cardinality="single" identifier="SCORE124">
    <defaultValue>
      <value>0</value>
    </defaultValue>
  </outcomeDeclaration>
  <outcomeDeclaration baseType="float" cardinality="single" identifier="SCORE">
    <defaultValue>
      <value>0</value>
    </defaultValue>
  </outcomeDeclaration>
  <stylesheet href="../styles/bundled.css" type="text/css"/>
  <stylesheet href="../styles/inline.css" type="text/css"/>
  <itemBody>
    <rubricBlock use="context" view="candidate author proctor scorer testConstructor tutor">
      <div>
        <object data="../passages/RSC-LOGIC-MP-955.html" type="text/html"/>
      </div>
    </rubricBlock>
    <choiceInteraction maxChoices="1" responseIdentifier="RESPONSE123" shuffle="false">
      <prompt>What is a central idea presented in paragraphs 1-8 of the selection?<br/></prompt>
      <simpleChoice fixed="true" identifier="SC-4722">
        <p>One must respect wiser individuals.</p>
      </simpleChoice>
      <simpleChoice fixed="true" identifier="SC-4721">
        <p>It is all right to be different.</p>
      </simpleChoice>
      <simpleChoice fixed="true" identifier="SC-4720">
        <p>Families must stick together.</p>
      </simpleChoice>
      <simpleChoice fixed="true" identifier="SC-4723">
        <p>Everyone has unique qualities.</p>
      </simpleChoice>
    </choiceInteraction>
    <hottextInteraction maxChoices="0" responseIdentifier="RESPONSE124"><prompt>Which evidence from the story supports the answer to Part A?<br/></prompt><p><hottext identifier="HT-6560">"Why, it could not even find food alone,"</hottext></p> <p><hottext identifier="HT-6561">"'What good will he be to the tribe? None; only a burden.'"</hottext></p> <p><hottext identifier="HT-6562">"Kala threatened to run away from the tribe if they did not leave her in peace with the child"</hottext></p> <p><hottext identifier="HT-6563">"for Kala was a fine clean-limbed young female, and they did not wish to lose her."</hottext></p></hottextInteraction>
  </itemBody>
  <responseProcessing>
    <responseCondition>
      <responseIf>
        <match>
          <variable identifier="RESPONSE123"/>
          <correct identifier="RESPONSE123"/>
        </match>
        <setOutcomeValue identifier="SCORE123">
          <baseValue baseType="float">1</baseValue>
        </setOutcomeValue>
      </responseIf>
      <responseElse>
        <setOutcomeValue identifier="SCORE123">
          <baseValue baseType="float">0</baseValue>
        </setOutcomeValue>
      </responseElse>
    </responseCondition>
    <responseCondition>
      <responseIf>
        <match>
          <variable identifier="RESPONSE124"/>
          <correct identifier="RESPONSE124"/>
        </match>
        <setOutcomeValue identifier="SCORE124">
          <baseValue baseType="float">1</baseValue>
        </setOutcomeValue>
      </responseIf>
      <responseElse>
        <setOutcomeValue identifier="SCORE124">
          <baseValue baseType="float">0</baseValue>
        </setOutcomeValue>
      </responseElse>
    </responseCondition>
    <setOutcomeValue identifier="SCORE">
      <sum>
        <variable identifier="SCORE123"/>
        <variable identifier="SCORE124"/>
      </sum>
    </setOutcomeValue>
  </responseProcessing>
</assessmentItem>
