<?xml version="1.0"?>
<assessmentItem adaptive="false" identifier="ITEM-LOGIC-KS-822" timeDependent="false" title="Evan is going to spin the spinner one time. Click on the incorrect word or group of words in the fol" toolName="ItemLogic" toolVersion="2.0.0" xmlns="http://www.imsglobal.org/xsd/imsqti_v2p1" xmlns:m="http://www.w3.org/1998/Math/MathML" xmlns:xsi="http://www.w3.org/2001/XMLSchema-instance" xsi:schemaLocation="http://www.imsglobal.org/xsd/imsqti_v2p1  http://www.imsglobal.org/xsd/qti/qtiv2p1/imsqti_v2p1.xsd">
  <responseDeclaration baseType="identifier" cardinality="multiple" identifier="RESPONSE820">
    <correctResponse>
      <value>HT-13996</value>
    </correctResponse>
  </responseDeclaration>
  <responseDeclaration baseType="identifier" cardinality="single" identifier="RESPONSE822">
    <correctResponse>
      <value>SC-13999</value>
    </correctResponse>
  </responseDeclaration>
  <outcomeDeclaration baseType="float" cardinality="single" identifier="SCORE820">
    <defaultValue>
      <value>0</value>
    </defaultValue>
  </outcomeDeclaration>
  <outcomeDeclaration baseType="float" cardinality="single" identifier="SCORE822">
    <defaultValue>
      <value>0</value>
    </defaultValue>
  </outcomeDeclaration>
  <outcomeDeclaration baseType="float" cardinality="single" identifier="SCORE">
    <defaultValue>
      <value>0</value>
    </defaultValue>
  </outcomeDeclaration>
  <stylesheet href="../styles/bundled.css" type="text/css"/>
  <stylesheet href="../styles/inline.css" type="text/css"/>
  <itemBody>
    <rubricBlock use="stimulus" view="candidate author proctor scorer testConstructor tutor">
      <div>
        <p>All of the sections on the spinner shown are the same size.</p>
        <p>
          <object data="../images/spinner@2x_2c08513461.png" height="350" type="image/png" width="350"/>
        </p>
      </div>
    </rubricBlock>
    <hottextInteraction maxChoices="0" responseIdentifier="RESPONSE820">
      <prompt>Evan is going to spin the spinner one time. Click on the incorrect word or group of words in the following paragraph.<br/></prompt>
      <p>It is <hottext identifier="HT-13995">unlikely</hottext>that the spinner will land on a yellow section. It is <hottext identifier="HT-13996">likely</hottext>that the spinner will land on a blue section. It is <hottext identifier="HT-13997">neither likely nor unlikely</hottext> that the spinner will land on a red section. It is <hottext identifier="HT-13998">likely</hottext>&#xA0;that the spinner will land on a section that is <strong>not</strong> green.</p>
    </hottextInteraction>
    <choiceInteraction maxChoices="1" responseIdentifier="RESPONSE822" shuffle="false">
      <prompt>Which two colors have equal probabilities?<br/></prompt>
      <simpleChoice fixed="true" identifier="SC-14005">
        <p>red and blue</p>
      </simpleChoice>
      <simpleChoice fixed="true" identifier="SC-14001">
        <p>red and green</p>
      </simpleChoice>
      <simpleChoice fixed="true" identifier="SC-14003">
        <p>yellow and blue</p>
      </simpleChoice>
      <simpleChoice fixed="true" identifier="SC-13999">
        <p>yellow and green</p>
      </simpleChoice>
    </choiceInteraction>
  </itemBody>
  <responseProcessing>
    <responseCondition>
      <responseIf>
        <match>
          <variable identifier="RESPONSE820"/>
          <correct identifier="RESPONSE820"/>
        </match>
        <setOutcomeValue identifier="SCORE820">
          <baseValue baseType="float">1</baseValue>
        </setOutcomeValue>
      </responseIf>
      <responseElse>
        <setOutcomeValue identifier="SCORE820">
          <baseValue baseType="float">0</baseValue>
        </setOutcomeValue>
      </responseElse>
    </responseCondition>
    <responseCondition>
      <responseIf>
        <match>
          <variable identifier="RESPONSE822"/>
          <correct identifier="RESPONSE822"/>
        </match>
        <setOutcomeValue identifier="SCORE822">
          <baseValue baseType="float">1</baseValue>
        </setOutcomeValue>
      </responseIf>
      <responseElse>
        <setOutcomeValue identifier="SCORE822">
          <baseValue baseType="float">0</baseValue>
        </setOutcomeValue>
      </responseElse>
    </responseCondition>
    <setOutcomeValue identifier="SCORE">
      <sum>
        <variable identifier="SCORE820"/>
        <variable identifier="SCORE822"/>
      </sum>
    </setOutcomeValue>
  </responseProcessing>
</assessmentItem>
