<?xml version="1.0"?>
<assessmentItem adaptive="false" identifier="ITEM-LOGIC-MP-411" timeDependent="false" title="Part A What is the main idea of paragraph 7 in the selection?" toolName="ItemLogic" toolVersion="2.0.0" xmlns="http://www.imsglobal.org/xsd/imsqti_v2p1" xmlns:m="http://www.w3.org/1998/Math/MathML" xmlns:xsi="http://www.w3.org/2001/XMLSchema-instance" xsi:schemaLocation="http://www.imsglobal.org/xsd/imsqti_v2p1  http://www.imsglobal.org/xsd/qti/qtiv2p1/imsqti_v2p1.xsd">
  <responseDeclaration baseType="identifier" cardinality="single" identifier="RESPONSE209">
    <correctResponse>
      <value>SC-5034</value>
    </correctResponse>
  </responseDeclaration>
  <responseDeclaration baseType="identifier" cardinality="multiple" identifier="RESPONSE210">
    <correctResponse>
      <value>HT-8034</value>
    </correctResponse>
  </responseDeclaration>
  <outcomeDeclaration baseType="float" cardinality="single" identifier="SCORE209">
    <defaultValue>
      <value>0</value>
    </defaultValue>
  </outcomeDeclaration>
  <outcomeDeclaration baseType="float" cardinality="single" identifier="SCORE210">
    <defaultValue>
      <value>0</value>
    </defaultValue>
  </outcomeDeclaration>
  <outcomeDeclaration baseType="float" cardinality="single" identifier="SCORE">
    <defaultValue>
      <value>0</value>
    </defaultValue>
  </outcomeDeclaration>
  <stylesheet href="../styles/bundled.css" type="text/css"/>
  <stylesheet href="../styles/inline.css" type="text/css"/>
  <itemBody>
    <rubricBlock use="context" view="candidate author proctor scorer testConstructor tutor">
      <div>
        <object data="../passages/RSC-LOGIC-MP-971.html" type="text/html"/>
      </div>
    </rubricBlock>
    <choiceInteraction maxChoices="1" responseIdentifier="RESPONSE209" shuffle="false">
      <prompt>Part A<br/> What is the main idea of paragraph 7 in the selection?<br/></prompt>
      <simpleChoice fixed="true" identifier="SC-5032">
        <p>Scientists find studying exoplanets to be a problem.</p>
      </simpleChoice>
      <simpleChoice fixed="true" identifier="SC-5033">
        <p>Scientists look at the light that planets discharge.</p>
      </simpleChoice>
      <simpleChoice fixed="true" identifier="SC-5034">
        <p>Scientists use different ways to study exoplanets directly.</p>
      </simpleChoice>
      <simpleChoice fixed="true" identifier="SC-5035">
        <p>Scientists are able to make a star's light less bright.</p>
      </simpleChoice>
    </choiceInteraction>
    <hottextInteraction maxChoices="0" responseIdentifier="RESPONSE210"><prompt>Part B<br/> Select the detail in the box titled <strong>Hubble's Planet Picture</strong> that best supports the answer to Part A.<br/></prompt><p class="MsoNormal"><strong><span>Hubble&#x2019;s Planet Picture</span></strong></p> <p class="MsoNormal"><span/><span><hottext identifier="HT-8031">Scientists find most planets by studying them indirectly.</hottext> But the Hubble Space Telescope (HST) was the first telescope to photograph an exoplanet in visible light.</span><span> <hottext identifier="HT-8032">Astronomers suspected that the star Fomalhaut might have had a planet orbiting it.</hottext> A ring of gas and dust surrounded it.</span></p> <p class="MsoNormal"><span>  Astronomers pointed HST to look into this ring. Between 2004 and 2006, the scientists studying images from HST noticed a spot in the ring. (see below).</span></p> <p class="MsoNormal"><span>  <hottext identifier="HT-8033">The spot moved in a path that looked like an orbit.</hottext> <hottext identifier="HT-8034">Hubble had taken the first photographs of an exoplanet orbiting a star outside our solar system.</hottext></span></p></hottextInteraction>
  </itemBody>
  <responseProcessing>
    <responseCondition>
      <responseIf>
        <match>
          <variable identifier="RESPONSE209"/>
          <correct identifier="RESPONSE209"/>
        </match>
        <setOutcomeValue identifier="SCORE209">
          <baseValue baseType="float">1</baseValue>
        </setOutcomeValue>
      </responseIf>
      <responseElse>
        <setOutcomeValue identifier="SCORE209">
          <baseValue baseType="float">0</baseValue>
        </setOutcomeValue>
      </responseElse>
    </responseCondition>
    <responseCondition>
      <responseIf>
        <match>
          <variable identifier="RESPONSE210"/>
          <correct identifier="RESPONSE210"/>
        </match>
        <setOutcomeValue identifier="SCORE210">
          <baseValue baseType="float">1</baseValue>
        </setOutcomeValue>
      </responseIf>
      <responseElse>
        <setOutcomeValue identifier="SCORE210">
          <baseValue baseType="float">0</baseValue>
        </setOutcomeValue>
      </responseElse>
    </responseCondition>
    <setOutcomeValue identifier="SCORE">
      <sum>
        <variable identifier="SCORE209"/>
        <variable identifier="SCORE210"/>
      </sum>
    </setOutcomeValue>
  </responseProcessing>
</assessmentItem>
