<?xml version="1.0"?>
<assessmentItem adaptive="false" identifier="ITEM-LOGIC-KS-977" timeDependent="false" title="Place the events in the order in which they occur in Day and Night." toolName="ItemLogic" toolVersion="2.0.0" xmlns="http://www.imsglobal.org/xsd/imsqti_v2p1" xmlns:m="http://www.w3.org/1998/Math/MathML" xmlns:xsi="http://www.w3.org/2001/XMLSchema-instance" xsi:schemaLocation="http://www.imsglobal.org/xsd/imsqti_v2p1  http://www.imsglobal.org/xsd/qti/qtiv2p1/imsqti_v2p1.xsd">
  <responseDeclaration baseType="identifier" cardinality="ordered" identifier="RESPONSE990">
    <correctResponse>
      <value>SC-17190</value>
      <value>SC-17191</value>
      <value>SC-17193</value>
      <value>SC-17194</value>
    </correctResponse>
  </responseDeclaration>
  <outcomeDeclaration baseType="float" cardinality="single" identifier="SCORE990">
    <defaultValue>
      <value>0</value>
    </defaultValue>
  </outcomeDeclaration>
  <outcomeDeclaration baseType="float" cardinality="single" identifier="SCORE">
    <defaultValue>
      <value>0</value>
    </defaultValue>
  </outcomeDeclaration>
  <stylesheet href="../styles/bundled.css" type="text/css"/>
  <stylesheet href="../styles/inline.css" type="text/css"/>
  <itemBody>
    <rubricBlock use="context" view="candidate author proctor scorer testConstructor tutor">
      <div>
        <object data="../passages/RSC-LOGIC-KS-7312.html" type="text/html"/>
      </div>
    </rubricBlock>
    <rubricBlock use="stimulus" view="candidate author proctor scorer testConstructor tutor">
      <div>
        <p>Many events happened in the story, <em>Day and Nigh</em>t.</p>
      </div>
    </rubricBlock>
    <orderInteraction orientation="vertical" responseIdentifier="RESPONSE990" shuffle="false">
      <prompt>Place the events in the order in which they occur in <em>Day and Night</em>.<br/></prompt>
      <simpleChoice identifier="SC-17194">
        <p>Cam was no longer afraid.</p>
      </simpleChoice>
      <simpleChoice identifier="SC-17191">
        <p>
          <span>Lola heard Cam barking loudly.</span>
        </p>
      </simpleChoice>
      <simpleChoice identifier="SC-17190">
        <p>Cam saw the owner making dinner.</p>
      </simpleChoice>
      <simpleChoice identifier="SC-17193">
        <p>Cam and Lola watched the fireflies.</p>
      </simpleChoice>
    </orderInteraction>
  </itemBody>
  <responseProcessing>
    <responseCondition>
      <responseIf>
        <match>
          <variable identifier="RESPONSE990"/>
          <correct identifier="RESPONSE990"/>
        </match>
        <setOutcomeValue identifier="SCORE990">
          <baseValue baseType="float">1</baseValue>
        </setOutcomeValue>
      </responseIf>
      <responseElse>
        <setOutcomeValue identifier="SCORE990">
          <baseValue baseType="float">0</baseValue>
        </setOutcomeValue>
      </responseElse>
    </responseCondition>
    <setOutcomeValue identifier="SCORE">
      <sum>
        <variable identifier="SCORE990"/>
      </sum>
    </setOutcomeValue>
  </responseProcessing>
</assessmentItem>
