<?xml version="1.0"?>
<assessmentItem adaptive="false" identifier="ITEM-LOGIC-KS-751" timeDependent="false" title="Select the portion of the report that has an error." toolName="ItemLogic" toolVersion="2.0.0" xmlns="http://www.imsglobal.org/xsd/imsqti_v2p1" xmlns:m="http://www.w3.org/1998/Math/MathML" xmlns:xsi="http://www.w3.org/2001/XMLSchema-instance" xsi:schemaLocation="http://www.imsglobal.org/xsd/imsqti_v2p1  http://www.imsglobal.org/xsd/qti/qtiv2p1/imsqti_v2p1.xsd">
  <responseDeclaration baseType="identifier" cardinality="multiple" identifier="RESPONSE706">
    <correctResponse>
      <value>HT-12974</value>
    </correctResponse>
  </responseDeclaration>
  <responseDeclaration baseType="identifier" cardinality="single" identifier="RESPONSE708">
    <correctResponse>
      <value>SC-14856</value>
    </correctResponse>
  </responseDeclaration>
  <outcomeDeclaration baseType="float" cardinality="single" identifier="SCORE706">
    <defaultValue>
      <value>0</value>
    </defaultValue>
  </outcomeDeclaration>
  <outcomeDeclaration baseType="float" cardinality="single" identifier="SCORE708">
    <defaultValue>
      <value>0</value>
    </defaultValue>
  </outcomeDeclaration>
  <outcomeDeclaration baseType="float" cardinality="single" identifier="SCORE">
    <defaultValue>
      <value>0</value>
    </defaultValue>
  </outcomeDeclaration>
  <stylesheet href="../styles/bundled.css" type="text/css"/>
  <stylesheet href="../styles/inline.css" type="text/css"/>
  <itemBody>
    <rubricBlock use="stimulus" view="candidate author proctor scorer testConstructor tutor">
      <div>
        <p>The Neighborhood Bakery sells slices of pie. On Monday, they have fractions of an apple pie, a cherry pie, a peach pie, and a blueberry pie. The picture shows the fraction of each pie they have.</p>
        <p>
          <object data="../images/pies@2x_e1828738af.png" height="180" type="image/png" width="500"/>
        </p>
        <p>The baker writes a report about the pies they have, but he makes an error.</p>
      </div>
    </rubricBlock>
    <hottextInteraction maxChoices="0" responseIdentifier="RESPONSE706">
      <prompt>Select the portion of the report that has an error.<br/></prompt>
      <p>The Neighborhood Bakery has the same fraction of an&#xA0;<hottext identifier="HT-12974">apple</hottext> pie as a peach pie. They have a&#xA0;<hottext identifier="HT-12975">greater</hottext> fraction of a cherry pie than an apple pie. They have a greater fraction of a&#xA0;<hottext identifier="HT-12976">blueberry</hottext> pie than a peach pie. They have the <span><hottext identifier="HT-12977">least</hottext>&#xA0;</span>fraction of an apple pie.</p>
    </hottextInteraction>
    <choiceInteraction maxChoices="1" responseIdentifier="RESPONSE708" shuffle="false" xmlns:default="http://www.w3.org/1998/Math/MathML">
      <prompt xmlns:default="http://www.w3.org/1998/Math/MathML">The Neighborhood Bakery has <m:math xmlns="http://www.w3.org/1998/Math/MathML">   <m:mfrac>     <m:mn>3</m:mn>     <m:mn>4</m:mn>   </m:mfrac> </m:math>&#xA0;of which pie?<br/></prompt>
      <simpleChoice fixed="true" identifier="SC-14853">
        <p>apple</p>
      </simpleChoice>
      <simpleChoice fixed="true" identifier="SC-14856">
        <p>blueberry</p>
      </simpleChoice>
      <simpleChoice fixed="true" identifier="SC-14854">
        <p>cherry</p>
      </simpleChoice>
      <simpleChoice fixed="true" identifier="SC-14855">
        <p>peach</p>
      </simpleChoice>
    </choiceInteraction>
  </itemBody>
  <responseProcessing>
    <responseCondition>
      <responseIf>
        <match>
          <variable identifier="RESPONSE706"/>
          <correct identifier="RESPONSE706"/>
        </match>
        <setOutcomeValue identifier="SCORE706">
          <baseValue baseType="float">1</baseValue>
        </setOutcomeValue>
      </responseIf>
      <responseElse>
        <setOutcomeValue identifier="SCORE706">
          <baseValue baseType="float">0</baseValue>
        </setOutcomeValue>
      </responseElse>
    </responseCondition>
    <responseCondition>
      <responseIf>
        <match>
          <variable identifier="RESPONSE708"/>
          <correct identifier="RESPONSE708"/>
        </match>
        <setOutcomeValue identifier="SCORE708">
          <baseValue baseType="float">1</baseValue>
        </setOutcomeValue>
      </responseIf>
      <responseElse>
        <setOutcomeValue identifier="SCORE708">
          <baseValue baseType="float">0</baseValue>
        </setOutcomeValue>
      </responseElse>
    </responseCondition>
    <setOutcomeValue identifier="SCORE">
      <sum>
        <variable identifier="SCORE706"/>
        <variable identifier="SCORE708"/>
      </sum>
    </setOutcomeValue>
  </responseProcessing>
</assessmentItem>
