<?xml version="1.0"?>
<assessmentItem adaptive="false" identifier="ITEM-LOGIC-MP-457" timeDependent="false" title="Drag the missing numbers into the expression to show the expanded form of 509.37 ." toolName="ItemLogic" toolVersion="2.0.0" xmlns="http://www.imsglobal.org/xsd/imsqti_v2p1" xmlns:m="http://www.w3.org/1998/Math/MathML" xmlns:xsi="http://www.w3.org/2001/XMLSchema-instance" xsi:schemaLocation="http://www.imsglobal.org/xsd/imsqti_v2p1  http://www.imsglobal.org/xsd/qti/qtiv2p1/imsqti_v2p1.xsd">
  <responseDeclaration baseType="directedPair" cardinality="multiple" identifier="RESPONSE299">
    <correctResponse>
      <value>GI-7557 HS-7562</value>
      <value>GI-7559 HS-7563</value>
    </correctResponse>
  </responseDeclaration>
  <outcomeDeclaration baseType="float" cardinality="single" identifier="SCORE299">
    <defaultValue>
      <value>0</value>
    </defaultValue>
  </outcomeDeclaration>
  <outcomeDeclaration baseType="float" cardinality="single" identifier="SCORE">
    <defaultValue>
      <value>0</value>
    </defaultValue>
  </outcomeDeclaration>
  <stylesheet href="../styles/bundled.css" type="text/css"/>
  <stylesheet href="../styles/inline.css" type="text/css"/>
  <itemBody>
    <graphicGapMatchInteraction responseIdentifier="RESPONSE299">
      <prompt>Drag the missing numbers into the expression to show the expanded form of 509.37 .<br/></prompt>
      <object data="../images/FROERI457_Expanded_Form_stem_02_o_29bdb57460.png" height="47" type="image/png" width="396"/>
      <gapImg identifier="GI-7556" matchMax="1">
        <object data="../images/FROERI457_Expanded_Form_opt_A01_o_29bf7c1b9c.png" height="34" type="image/png" width="46"/>
      </gapImg>
      <gapImg identifier="GI-7557" matchMax="1">
        <object data="../images/FROERI457_Expanded_Form_opt_B01_o_153b27e389.png" height="33" type="image/png" width="46"/>
      </gapImg>
      <gapImg identifier="GI-7558" matchMax="1">
        <object data="../images/FROERI457_Expanded_Form_opt_C01_o_ec85219217.png" height="33" type="image/png" width="46"/>
      </gapImg>
      <gapImg identifier="GI-7559" matchMax="1">
        <object data="../images/FROERI457_Expanded_Form_opt_D01_o_a63a9f4dd8.png" height="34" type="image/png" width="46"/>
      </gapImg>
      <gapImg identifier="GI-7560" matchMax="1">
        <object data="../images/FROERI457_Expanded_Form_opt_E01_o_fc6500246c.png" height="34" type="image/png" width="46"/>
      </gapImg>
      <gapImg identifier="GI-7561" matchMax="1">
        <object data="../images/FROERI457_Expanded_Form_opt_F01_o_346f793fe7.png" height="34" type="image/png" width="46"/>
      </gapImg>
      <associableHotspot coords="132,6,178,40" identifier="HS-7562" matchMax="1" shape="rect"/>
      <associableHotspot coords="252,6,298,40" identifier="HS-7563" matchMax="1" shape="rect"/>
    </graphicGapMatchInteraction>
  </itemBody>
  <responseProcessing>
    <responseCondition>
      <responseIf>
        <match>
          <variable identifier="RESPONSE299"/>
          <correct identifier="RESPONSE299"/>
        </match>
        <setOutcomeValue identifier="SCORE299">
          <baseValue baseType="float">1</baseValue>
        </setOutcomeValue>
      </responseIf>
      <responseElse>
        <setOutcomeValue identifier="SCORE299">
          <baseValue baseType="float">0</baseValue>
        </setOutcomeValue>
      </responseElse>
    </responseCondition>
    <setOutcomeValue identifier="SCORE">
      <sum>
        <variable identifier="SCORE299"/>
      </sum>
    </setOutcomeValue>
  </responseProcessing>
</assessmentItem>
