<?xml version="1.0"?>
<assessmentItem adaptive="false" identifier="ITEM-LOGIC-KS-753" timeDependent="false" title="Drag the four points to the number line to show the fraction of an hour each student read." toolName="ItemLogic" toolVersion="2.0.0" xmlns="http://www.imsglobal.org/xsd/imsqti_v2p1" xmlns:m="http://www.w3.org/1998/Math/MathML" xmlns:xsi="http://www.w3.org/2001/XMLSchema-instance" xsi:schemaLocation="http://www.imsglobal.org/xsd/imsqti_v2p1  http://www.imsglobal.org/xsd/qti/qtiv2p1/imsqti_v2p1.xsd">
  <responseDeclaration baseType="directedPair" cardinality="multiple" identifier="RESPONSE710">
    <correctResponse>
      <value>GI-11436 HS-11446</value>
      <value>GI-11437 HS-11443</value>
      <value>GI-11438 HS-11441</value>
      <value>GI-11439 HS-11444</value>
    </correctResponse>
    <mapping defaultValue="0.00" lowerBound="0.00" upperBound="2.00">
      <mapEntry mapKey="GI-11436 HS-11446" mappedValue="0.50"/>
      <mapEntry mapKey="GI-11437 HS-11443" mappedValue="0.50"/>
      <mapEntry mapKey="GI-11438 HS-11441" mappedValue="0.50"/>
      <mapEntry mapKey="GI-11439 HS-11444" mappedValue="0.50"/>
    </mapping>
  </responseDeclaration>
  <outcomeDeclaration baseType="float" cardinality="single" identifier="SCORE710">
    <defaultValue>
      <value>0</value>
    </defaultValue>
  </outcomeDeclaration>
  <outcomeDeclaration baseType="float" cardinality="single" identifier="SCORE">
    <defaultValue>
      <value>0</value>
    </defaultValue>
  </outcomeDeclaration>
  <stylesheet href="../styles/bundled.css" type="text/css"/>
  <stylesheet href="../styles/inline.css" type="text/css"/>
  <itemBody>
    <rubricBlock use="stimulus" view="candidate author proctor scorer testConstructor tutor" xmlns:default="http://www.w3.org/1998/Math/MathML">
      <div>
        <p>Three students read last night.</p>
        <ul xmlns:default="http://www.w3.org/1998/Math/MathML"> <li>Kira read for <m:math xmlns="http://www.w3.org/1998/Math/MathML">   <m:mfrac>     <m:mn>1</m:mn>     <m:mn>6</m:mn>   </m:mfrac> </m:math> hour.</li> <li>Lee read for <m:math xmlns="http://www.w3.org/1998/Math/MathML">   <m:mfrac>     <m:mn>4</m:mn>     <m:mn>6</m:mn>   </m:mfrac> </m:math> hour.</li> <li>Ali read for <m:math xmlns="http://www.w3.org/1998/Math/MathML">   <m:mfrac>     <m:mn>6</m:mn>     <m:mn>6</m:mn>   </m:mfrac> </m:math> hour.</li> <li>Jeff read for <m:math xmlns="http://www.w3.org/1998/Math/MathML">   <m:mfrac>     <m:mn>1</m:mn>     <m:mn>2</m:mn>   </m:mfrac> </m:math> hour.</li> </ul>
      </div>
    </rubricBlock>
    <graphicGapMatchInteraction responseIdentifier="RESPONSE710">
      <prompt>Drag the four points to the number line to show the fraction of an hour each student read.<br/></prompt>
      <object data="../images/reading-numline@2x_o_ad7a08d6e0.png" height="150" type="image/png" width="500"/>
      <gapImg identifier="GI-11438" matchMax="1">
        <object data="../images/reading-numline-marker-kira@2x_o_e38dc258fa.png" height="61" type="image/png" width="43"/>
      </gapImg>
      <gapImg identifier="GI-11439" matchMax="1">
        <object data="../images/reading-numline-marker-lee@2x_o_fb8bd94eb8.png" height="61" type="image/png" width="43"/>
      </gapImg>
      <gapImg identifier="GI-11436" matchMax="1">
        <object data="../images/reading-numline-marker-ali@2x_o_7c65ebce6e.png" height="61" type="image/png" width="43"/>
      </gapImg>
      <gapImg identifier="GI-11437" matchMax="1">
        <object data="../images/reading-numline-marker-jeff@2x_o_82c8068089.png" height="61" type="image/png" width="43"/>
      </gapImg>
      <associableHotspot coords="21,45,64,106" identifier="HS-11440" matchMax="1" shape="rect"/>
      <associableHotspot coords="90,44,133,105" identifier="HS-11441" matchMax="1" shape="rect"/>
      <associableHotspot coords="159,44,202,105" identifier="HS-11442" matchMax="1" shape="rect"/>
      <associableHotspot coords="229,44,272,105" identifier="HS-11443" matchMax="1" shape="rect"/>
      <associableHotspot coords="299,44,342,105" identifier="HS-11444" matchMax="1" shape="rect"/>
      <associableHotspot coords="368,44,411,105" identifier="HS-11445" matchMax="1" shape="rect"/>
      <associableHotspot coords="438,44,481,105" identifier="HS-11446" matchMax="1" shape="rect"/>
    </graphicGapMatchInteraction>
  </itemBody>
  <responseProcessing>
    <responseCondition>
      <responseIf>
        <isNull>
          <variable identifier="RESPONSE710"/>
        </isNull>
        <setOutcomeValue identifier="SCORE710">
          <baseValue baseType="float">0.0</baseValue>
        </setOutcomeValue>
      </responseIf>
      <responseElse>
        <setOutcomeValue identifier="SCORE710">
          <mapResponse identifier="RESPONSE710"/>
        </setOutcomeValue>
      </responseElse>
    </responseCondition>
    <setOutcomeValue identifier="SCORE">
      <sum>
        <variable identifier="SCORE710"/>
      </sum>
    </setOutcomeValue>
  </responseProcessing>
</assessmentItem>
