<?xml version="1.0"?>
<assessmentItem adaptive="false" identifier="ITEM-LOGIC-MP-569" timeDependent="false" title="Order these facts by their values from least to greatest. Begin with the fact that has the least val" toolName="ItemLogic" toolVersion="2.0.0" xmlns="http://www.imsglobal.org/xsd/imsqti_v2p1" xmlns:m="http://www.w3.org/1998/Math/MathML" xmlns:xsi="http://www.w3.org/2001/XMLSchema-instance" xsi:schemaLocation="http://www.imsglobal.org/xsd/imsqti_v2p1  http://www.imsglobal.org/xsd/qti/qtiv2p1/imsqti_v2p1.xsd">
  <responseDeclaration baseType="identifier" cardinality="ordered" identifier="RESPONSE462">
    <correctResponse>
      <value>SC-8176</value>
      <value>SC-8178</value>
      <value>SC-8181</value>
      <value>SC-8182</value>
      <value>SC-8177</value>
      <value>SC-8180</value>
    </correctResponse>
  </responseDeclaration>
  <outcomeDeclaration baseType="float" cardinality="single" identifier="SCORE462">
    <defaultValue>
      <value>0</value>
    </defaultValue>
  </outcomeDeclaration>
  <outcomeDeclaration baseType="float" cardinality="single" identifier="SCORE">
    <defaultValue>
      <value>0</value>
    </defaultValue>
  </outcomeDeclaration>
  <stylesheet href="../styles/bundled.css" type="text/css"/>
  <stylesheet href="../styles/inline.css" type="text/css"/>
  <itemBody>
    <orderInteraction orientation="vertical" responseIdentifier="RESPONSE462" shuffle="false" xmlns:default="http://www.w3.org/1998/Math/MathML">
      <prompt>Order these facts by their values from least to greatest. Begin with the fact that has the<strong> least</strong> value at the top of the list. <br/></prompt>
      <simpleChoice identifier="SC-8177" xmlns:default="http://www.w3.org/1998/Math/MathML">
        <m:math xmlns="http://www.w3.org/1998/Math/MathML">   <m:mn>72</m:mn>   <m:mo>&#xF7;<!-- Ã· --></m:mo>   <m:mn>8</m:mn> </m:math>
      </simpleChoice>
      <simpleChoice identifier="SC-8176" xmlns:default="http://www.w3.org/1998/Math/MathML">
        <m:math xmlns="http://www.w3.org/1998/Math/MathML">   <m:mn>8</m:mn>   <m:mo>&#xF7;<!-- Ã· --></m:mo>   <m:mn>4</m:mn> </m:math>
      </simpleChoice>
      <simpleChoice identifier="SC-8180" xmlns:default="http://www.w3.org/1998/Math/MathML">
        <p xmlns:default="http://www.w3.org/1998/Math/MathML">
          <m:math xmlns="http://www.w3.org/1998/Math/MathML">   <m:mn>4</m:mn>   <m:mo>&#xD7;<!-- Ã— --></m:mo>   <m:mn>5</m:mn> </m:math>
        </p>
      </simpleChoice>
      <simpleChoice identifier="SC-8178" xmlns:default="http://www.w3.org/1998/Math/MathML">
        <m:math xmlns="http://www.w3.org/1998/Math/MathML">   <m:mn>24</m:mn>   <m:mo>&#xF7;<!-- Ã· --></m:mo>   <m:mn>6</m:mn> </m:math>
      </simpleChoice>
      <simpleChoice identifier="SC-8181" xmlns:default="http://www.w3.org/1998/Math/MathML">
        <m:math xmlns="http://www.w3.org/1998/Math/MathML">   <m:mn>2</m:mn>   <m:mo>&#xD7;<!-- Ã— --></m:mo>   <m:mn>3</m:mn> </m:math>
      </simpleChoice>
      <simpleChoice identifier="SC-8182" xmlns:default="http://www.w3.org/1998/Math/MathML">
        <m:math xmlns="http://www.w3.org/1998/Math/MathML">   <m:mn>1</m:mn>   <m:mo>&#xD7;<!-- Ã— --></m:mo>   <m:mn>8</m:mn> </m:math>
      </simpleChoice>
    </orderInteraction>
  </itemBody>
  <responseProcessing>
    <responseCondition>
      <responseIf>
        <match>
          <variable identifier="RESPONSE462"/>
          <correct identifier="RESPONSE462"/>
        </match>
        <setOutcomeValue identifier="SCORE462">
          <baseValue baseType="float">1</baseValue>
        </setOutcomeValue>
      </responseIf>
      <responseElse>
        <setOutcomeValue identifier="SCORE462">
          <baseValue baseType="float">0</baseValue>
        </setOutcomeValue>
      </responseElse>
    </responseCondition>
    <setOutcomeValue identifier="SCORE">
      <sum>
        <variable identifier="SCORE462"/>
      </sum>
    </setOutcomeValue>
  </responseProcessing>
</assessmentItem>
