<?xml version="1.0"?>
<assessmentItem adaptive="false" identifier="ITEM-LOGIC-MP-612" timeDependent="false" title="Match each statement to the shape it best describes." toolName="ItemLogic" toolVersion="2.0.0" xmlns="http://www.imsglobal.org/xsd/imsqti_v2p1" xmlns:m="http://www.w3.org/1998/Math/MathML" xmlns:xsi="http://www.w3.org/2001/XMLSchema-instance" xsi:schemaLocation="http://www.imsglobal.org/xsd/imsqti_v2p1  http://www.imsglobal.org/xsd/qti/qtiv2p1/imsqti_v2p1.xsd">
  <responseDeclaration baseType="directedPair" cardinality="multiple" identifier="RESPONSE508">
    <correctResponse>
      <value>SAC-8597 SAC-8600</value>
      <value>SAC-8599 SAC-8602</value>
      <value>SAC-8598 SAC-8601</value>
    </correctResponse>
  </responseDeclaration>
  <outcomeDeclaration baseType="float" cardinality="single" identifier="SCORE508">
    <defaultValue>
      <value>0</value>
    </defaultValue>
  </outcomeDeclaration>
  <outcomeDeclaration baseType="float" cardinality="single" identifier="SCORE">
    <defaultValue>
      <value>0</value>
    </defaultValue>
  </outcomeDeclaration>
  <stylesheet href="../styles/bundled.css" type="text/css"/>
  <stylesheet href="../styles/inline.css" type="text/css"/>
  <itemBody>
    <matchInteraction maxAssociations="3" responseIdentifier="RESPONSE508" shuffle="false">
      <prompt>Match each statement to the shape it best describes.<br/></prompt>
      <simpleMatchSet>
        <simpleAssociableChoice identifier="SAC-8597" matchMax="1">
          <p>A four-sided shape that has exactly one set of parallel sides.</p>
        </simpleAssociableChoice>
        <simpleAssociableChoice identifier="SAC-8599" matchMax="1">
          <p>A quadrilateral that has four equal sides and no right angles.</p>
        </simpleAssociableChoice>
        <simpleAssociableChoice identifier="SAC-8598" matchMax="1">
          <p>A rectangle that has four sides that are the same length.</p>
        </simpleAssociableChoice>
      </simpleMatchSet>
      <simpleMatchSet>
        <simpleAssociableChoice identifier="SAC-8600" matchMax="1">
          <p>trapezoid</p>
        </simpleAssociableChoice>
        <simpleAssociableChoice identifier="SAC-8601" matchMax="1">
          <p>square</p>
        </simpleAssociableChoice>
        <simpleAssociableChoice identifier="SAC-8602" matchMax="1">
          <p>rhombus</p>
        </simpleAssociableChoice>
      </simpleMatchSet>
    </matchInteraction>
  </itemBody>
  <responseProcessing>
    <responseCondition>
      <responseIf>
        <match>
          <variable identifier="RESPONSE508"/>
          <correct identifier="RESPONSE508"/>
        </match>
        <setOutcomeValue identifier="SCORE508">
          <baseValue baseType="float">1</baseValue>
        </setOutcomeValue>
      </responseIf>
      <responseElse>
        <setOutcomeValue identifier="SCORE508">
          <baseValue baseType="float">0</baseValue>
        </setOutcomeValue>
      </responseElse>
    </responseCondition>
    <setOutcomeValue identifier="SCORE">
      <sum>
        <variable identifier="SCORE508"/>
      </sum>
    </setOutcomeValue>
  </responseProcessing>
</assessmentItem>
