<?xml version="1.0"?>
<assessmentItem adaptive="false" identifier="ITEM-LOGIC-MP-394" timeDependent="false" title="Organize the following ideas based on the chronological structure the author uses in &quot;What Is Pluto?" toolName="ItemLogic" toolVersion="2.0.0" xmlns="http://www.imsglobal.org/xsd/imsqti_v2p1" xmlns:m="http://www.w3.org/1998/Math/MathML" xmlns:xsi="http://www.w3.org/2001/XMLSchema-instance" xsi:schemaLocation="http://www.imsglobal.org/xsd/imsqti_v2p1  http://www.imsglobal.org/xsd/qti/qtiv2p1/imsqti_v2p1.xsd">
  <responseDeclaration baseType="identifier" cardinality="ordered" identifier="RESPONSE187">
    <correctResponse>
      <value>SC-4803</value>
      <value>SC-4807</value>
      <value>SC-4804</value>
      <value>SC-4805</value>
      <value>SC-4806</value>
    </correctResponse>
  </responseDeclaration>
  <outcomeDeclaration baseType="float" cardinality="single" identifier="SCORE187">
    <defaultValue>
      <value>0</value>
    </defaultValue>
  </outcomeDeclaration>
  <outcomeDeclaration baseType="float" cardinality="single" identifier="SCORE">
    <defaultValue>
      <value>0</value>
    </defaultValue>
  </outcomeDeclaration>
  <stylesheet href="../styles/bundled.css" type="text/css"/>
  <stylesheet href="../styles/inline.css" type="text/css"/>
  <itemBody>
    <rubricBlock use="context" view="candidate author proctor scorer testConstructor tutor">
      <div>
        <object data="../passages/RSC-LOGIC-MP-966.html" type="text/html"/>
      </div>
    </rubricBlock>
    <orderInteraction orientation="vertical" responseIdentifier="RESPONSE187" shuffle="false">
      <prompt>Organize the following ideas based on the chronological structure the author uses in "What Is Pluto?"<br/></prompt>
      <simpleChoice identifier="SC-4807">
        <p>In 2003, an astronomer discovered Eris, which was larger than Pluto.</p>
      </simpleChoice>
      <simpleChoice identifier="SC-4806">
        <p>New Horizons will arrive at Pluto.</p>
      </simpleChoice>
      <simpleChoice identifier="SC-4804">
        <p>The discovery of Eris began the discussions of what makes a planet a "planet."</p>
      </simpleChoice>
      <simpleChoice identifier="SC-4805">
        <p>NASA launched the first mission to Pluto.</p>
      </simpleChoice>
      <simpleChoice identifier="SC-4803">
        <p>In 1930, an astronomer from the United States discovered Pluto.</p>
      </simpleChoice>
    </orderInteraction>
  </itemBody>
  <responseProcessing>
    <responseCondition>
      <responseIf>
        <match>
          <variable identifier="RESPONSE187"/>
          <correct identifier="RESPONSE187"/>
        </match>
        <setOutcomeValue identifier="SCORE187">
          <baseValue baseType="float">1</baseValue>
        </setOutcomeValue>
      </responseIf>
      <responseElse>
        <setOutcomeValue identifier="SCORE187">
          <baseValue baseType="float">0</baseValue>
        </setOutcomeValue>
      </responseElse>
    </responseCondition>
    <setOutcomeValue identifier="SCORE">
      <sum>
        <variable identifier="SCORE187"/>
      </sum>
    </setOutcomeValue>
  </responseProcessing>
</assessmentItem>
