<?xml version="1.0"?>
<assessmentItem adaptive="false" identifier="ITEM-LOGIC-MP-439" timeDependent="false" title="Match a word that describes each character and a word that describes both characters." toolName="ItemLogic" toolVersion="2.0.0" xmlns="http://www.imsglobal.org/xsd/imsqti_v2p1" xmlns:m="http://www.w3.org/1998/Math/MathML" xmlns:xsi="http://www.w3.org/2001/XMLSchema-instance" xsi:schemaLocation="http://www.imsglobal.org/xsd/imsqti_v2p1  http://www.imsglobal.org/xsd/qti/qtiv2p1/imsqti_v2p1.xsd">
  <responseDeclaration baseType="directedPair" cardinality="multiple" identifier="RESPONSE269">
    <correctResponse>
      <value>SAC-5407 SAC-5410</value>
      <value>SAC-5408 SAC-5413</value>
      <value>SAC-5409 SAC-5411</value>
    </correctResponse>
  </responseDeclaration>
  <outcomeDeclaration baseType="float" cardinality="single" identifier="SCORE269">
    <defaultValue>
      <value>0</value>
    </defaultValue>
  </outcomeDeclaration>
  <outcomeDeclaration baseType="float" cardinality="single" identifier="SCORE">
    <defaultValue>
      <value>0</value>
    </defaultValue>
  </outcomeDeclaration>
  <stylesheet href="../styles/bundled.css" type="text/css"/>
  <stylesheet href="../styles/inline.css" type="text/css"/>
  <itemBody>
    <rubricBlock use="context" view="candidate author proctor scorer testConstructor tutor">
      <div>
        <object data="../passages/RSC-LOGIC-MP-977.html" type="text/html"/>
      </div>
    </rubricBlock>
    <matchInteraction maxAssociations="3" responseIdentifier="RESPONSE269" shuffle="false">
      <prompt> Match a word that describes each character and a word that describes both characters.<br/></prompt>
      <simpleMatchSet>
        <simpleAssociableChoice identifier="SAC-5407" matchMax="1">
          <p>Alice</p>
        </simpleAssociableChoice>
        <simpleAssociableChoice identifier="SAC-5408" matchMax="1">
          <p>Allegra</p>
        </simpleAssociableChoice>
        <simpleAssociableChoice identifier="SAC-5409" matchMax="1">
          <p>Both Allegra and Alice</p>
        </simpleAssociableChoice>
      </simpleMatchSet>
      <simpleMatchSet>
        <simpleAssociableChoice identifier="SAC-5411" matchMax="1">
          <p>adoring</p>
        </simpleAssociableChoice>
        <simpleAssociableChoice identifier="SAC-5412" matchMax="1">
          <p>fearful</p>
        </simpleAssociableChoice>
        <simpleAssociableChoice identifier="SAC-5410" matchMax="1">
          <p>serious</p>
        </simpleAssociableChoice>
        <simpleAssociableChoice identifier="SAC-5413" matchMax="1">
          <p>cheerful</p>
        </simpleAssociableChoice>
        <simpleAssociableChoice identifier="SAC-5414" matchMax="1">
          <p>childish</p>
        </simpleAssociableChoice>
        <simpleAssociableChoice identifier="SAC-5415" matchMax="1">
          <p>troublesome</p>
        </simpleAssociableChoice>
      </simpleMatchSet>
    </matchInteraction>
  </itemBody>
  <responseProcessing>
    <responseCondition>
      <responseIf>
        <match>
          <variable identifier="RESPONSE269"/>
          <correct identifier="RESPONSE269"/>
        </match>
        <setOutcomeValue identifier="SCORE269">
          <baseValue baseType="float">1</baseValue>
        </setOutcomeValue>
      </responseIf>
      <responseElse>
        <setOutcomeValue identifier="SCORE269">
          <baseValue baseType="float">0</baseValue>
        </setOutcomeValue>
      </responseElse>
    </responseCondition>
    <setOutcomeValue identifier="SCORE">
      <sum>
        <variable identifier="SCORE269"/>
      </sum>
    </setOutcomeValue>
  </responseProcessing>
</assessmentItem>
