<?xml version="1.0"?>
<assessmentItem adaptive="false" identifier="ITEM-LOGIC-MP-595" timeDependent="false" title="Part A Which is a central idea of &quot;Seeking 'New Worlds?'&quot;" toolName="ItemLogic" toolVersion="2.0.0" xmlns="http://www.imsglobal.org/xsd/imsqti_v2p1" xmlns:m="http://www.w3.org/1998/Math/MathML" xmlns:xsi="http://www.w3.org/2001/XMLSchema-instance" xsi:schemaLocation="http://www.imsglobal.org/xsd/imsqti_v2p1  http://www.imsglobal.org/xsd/qti/qtiv2p1/imsqti_v2p1.xsd">
  <responseDeclaration baseType="identifier" cardinality="single" identifier="RESPONSE499">
    <correctResponse>
      <value>SC-8615</value>
    </correctResponse>
  </responseDeclaration>
  <responseDeclaration baseType="identifier" cardinality="multiple" identifier="RESPONSE500">
    <correctResponse>
      <value>HT-16163</value>
      <value>HT-16166</value>
    </correctResponse>
  </responseDeclaration>
  <outcomeDeclaration baseType="float" cardinality="single" identifier="SCORE499">
    <defaultValue>
      <value>0</value>
    </defaultValue>
  </outcomeDeclaration>
  <outcomeDeclaration baseType="float" cardinality="single" identifier="SCORE500">
    <defaultValue>
      <value>0</value>
    </defaultValue>
  </outcomeDeclaration>
  <outcomeDeclaration baseType="float" cardinality="single" identifier="SCORE">
    <defaultValue>
      <value>0</value>
    </defaultValue>
  </outcomeDeclaration>
  <stylesheet href="../styles/bundled.css" type="text/css"/>
  <stylesheet href="../styles/inline.css" type="text/css"/>
  <itemBody>
    <rubricBlock use="context" view="candidate author proctor scorer testConstructor tutor">
      <div>
        <object data="../passages/RSC-LOGIC-MP-1676.html" type="text/html"/>
      </div>
    </rubricBlock>
    <choiceInteraction maxChoices="1" responseIdentifier="RESPONSE499" shuffle="false">
      <prompt>Part A<br/> Which is a central idea of "Seeking 'New Worlds?'"<br/></prompt>
      <simpleChoice fixed="true" identifier="SC-8615">
        <p>Making the journey to the New World required many preparations and overcoming various obstacles and dangers.</p>
      </simpleChoice>
      <simpleChoice fixed="true" identifier="SC-8616">
        <p>The journey to the New World was considered necessary because of the numerous natural resources offered there.</p>
      </simpleChoice>
      <simpleChoice fixed="true" identifier="SC-8618">
        <p>The <em>Speedwell</em> was ultimately unable to make the journey to the New World, causing difficulties for everyone on the <em>Mayflower</em>.</p>
      </simpleChoice>
      <simpleChoice fixed="true" identifier="SC-8619">
        <p>The journey of the <em>Mayflower</em> was not that significant because other successful trips to the New World had been made previously.</p>
      </simpleChoice>
    </choiceInteraction>
    <hottextInteraction maxChoices="0" responseIdentifier="RESPONSE500">
      <prompt>Part B<br/>Select two pieces of evidence that <strong>best</strong> support the answer in Part A.<br/></prompt>
      <p><br/>6 Once on the ship, the Billingtons must have gone belowdecks to survey the small space allotted to them.<hottext identifier="HT-16163">Along with 70 or 80 other passengers, they had to work out their own accommodations in the orlop, a large open under-deck meant for carrying freight.</hottext> Some built small cabins, no bigger than a large bed, while others simply placed straw-filled mattresses on the deck.<br/> 7 Before setting out to sea, <em>Mayflower</em>&#x2019;s master, Christopher Jones, had his crew work the vessel along the south coast of England to Southampton. There they took on more supplies and passengers and met up with a smaller ship, <em>Speedwell</em>, which was coming from Holland to join them in sailing to America.<br/> 8 In early August 1620, <em>Mayflower</em> and <em>Speedwell</em> put to sea. <hottext identifier="HT-16164">The officers shouted out orders from the half deck.</hottext> The mariners swarmed in the rigging. The mates ordered young sailors, not much older than Francis, up the masts to set the topsails. Older mariners prepared to haul up the anchor. When all was ready, Master Jones called out to set sail. <hottext identifier="HT-16165">As &lt;em&gt;Mayflower&lt;/em&gt; surged through the water, the sound of the bow wave curling away from the hull echoed between the decks.</hottext><br/> 9 The passengers had little time to adjust to the motion of the sea before Master Reynolds of <em>Speedwell</em> signaled trouble. His ship was taking on water. It had to return to harbor twice, first at Dartmouth, then at Plymouth. <hottext identifier="HT-16166">The colonists finally decided not to risk an ocean crossing in such an untrustworthy vessel.</hottext> They would make do with just <em>Mayflower</em>.<br/><br/></p>
    </hottextInteraction>
  </itemBody>
  <responseProcessing>
    <responseCondition>
      <responseIf>
        <match>
          <variable identifier="RESPONSE499"/>
          <correct identifier="RESPONSE499"/>
        </match>
        <setOutcomeValue identifier="SCORE499">
          <baseValue baseType="float">1</baseValue>
        </setOutcomeValue>
      </responseIf>
      <responseElse>
        <setOutcomeValue identifier="SCORE499">
          <baseValue baseType="float">0</baseValue>
        </setOutcomeValue>
      </responseElse>
    </responseCondition>
    <responseCondition>
      <responseIf>
        <match>
          <variable identifier="RESPONSE500"/>
          <correct identifier="RESPONSE500"/>
        </match>
        <setOutcomeValue identifier="SCORE500">
          <baseValue baseType="float">1</baseValue>
        </setOutcomeValue>
      </responseIf>
      <responseElse>
        <setOutcomeValue identifier="SCORE500">
          <baseValue baseType="float">0</baseValue>
        </setOutcomeValue>
      </responseElse>
    </responseCondition>
    <setOutcomeValue identifier="SCORE">
      <sum>
        <variable identifier="SCORE499"/>
        <variable identifier="SCORE500"/>
      </sum>
    </setOutcomeValue>
  </responseProcessing>
</assessmentItem>
