<?xml version="1.0"?>
<assessmentItem adaptive="false" identifier="ITEM-LOGIC-MP-557" timeDependent="false" title="For each technique the author uses in the play, select one effect." toolName="ItemLogic" toolVersion="2.0.0" xmlns="http://www.imsglobal.org/xsd/imsqti_v2p1" xmlns:m="http://www.w3.org/1998/Math/MathML" xmlns:xsi="http://www.w3.org/2001/XMLSchema-instance" xsi:schemaLocation="http://www.imsglobal.org/xsd/imsqti_v2p1  http://www.imsglobal.org/xsd/qti/qtiv2p1/imsqti_v2p1.xsd">
  <responseDeclaration baseType="directedPair" cardinality="multiple" identifier="RESPONSE437">
    <correctResponse>
      <value>SAC-8752 SAC-8756</value>
      <value>SAC-8753 SAC-8758</value>
    </correctResponse>
  </responseDeclaration>
  <outcomeDeclaration baseType="float" cardinality="single" identifier="SCORE437">
    <defaultValue>
      <value>0</value>
    </defaultValue>
  </outcomeDeclaration>
  <outcomeDeclaration baseType="float" cardinality="single" identifier="SCORE">
    <defaultValue>
      <value>0</value>
    </defaultValue>
  </outcomeDeclaration>
  <stylesheet href="../styles/bundled.css" type="text/css"/>
  <stylesheet href="../styles/inline.css" type="text/css"/>
  <itemBody>
    <rubricBlock use="context" view="candidate author proctor scorer testConstructor tutor">
      <div>
        <object data="../passages/RSC-LOGIC-MP-1662.html" type="text/html"/>
      </div>
      <div>
        <object data="../passages/RSC-LOGIC-MP-1663.html" type="text/html"/>
      </div>
    </rubricBlock>
    <matchInteraction maxAssociations="2" responseIdentifier="RESPONSE437" shuffle="false">
      <prompt>
        <span>For each technique the author uses in the play, select one effect.</span>
        <br/>
      </prompt>
      <simpleMatchSet>
        <simpleAssociableChoice identifier="SAC-8752" matchMax="1">
          <p>Introduces multiple characters in a short time span</p>
        </simpleAssociableChoice>
        <simpleAssociableChoice identifier="SAC-8753" matchMax="1">
          <p>Presents a challenge at the end of the scene</p>
        </simpleAssociableChoice>
      </simpleMatchSet>
      <simpleMatchSet>
        <simpleAssociableChoice identifier="SAC-8755" matchMax="1">
          <p>Sets a comedic tone for the play<span><br/></span></p>
        </simpleAssociableChoice>
        <simpleAssociableChoice identifier="SAC-8756" matchMax="1">
          <p>Allows The Note Taker to display his talent <span><br/></span></p>
        </simpleAssociableChoice>
        <simpleAssociableChoice identifier="SAC-8757" matchMax="1">
          <p>Highlights The Flower Girl's unfortunate situation<span><br/></span></p>
        </simpleAssociableChoice>
        <simpleAssociableChoice identifier="SAC-8758" matchMax="1">
          <p class="MsoListParagraph">Foreshadows future interactions between two main characters<span><br/></span></p>
        </simpleAssociableChoice>
      </simpleMatchSet>
    </matchInteraction>
  </itemBody>
  <responseProcessing>
    <responseCondition>
      <responseIf>
        <match>
          <variable identifier="RESPONSE437"/>
          <correct identifier="RESPONSE437"/>
        </match>
        <setOutcomeValue identifier="SCORE437">
          <baseValue baseType="float">1</baseValue>
        </setOutcomeValue>
      </responseIf>
      <responseElse>
        <setOutcomeValue identifier="SCORE437">
          <baseValue baseType="float">0</baseValue>
        </setOutcomeValue>
      </responseElse>
    </responseCondition>
    <setOutcomeValue identifier="SCORE">
      <sum>
        <variable identifier="SCORE437"/>
      </sum>
    </setOutcomeValue>
  </responseProcessing>
</assessmentItem>
