<?xml version="1.0"?>
<assessmentItem adaptive="false" identifier="ITEM-LOGIC-KS-976" timeDependent="false" title="Complete the sentence." toolName="ItemLogic" toolVersion="2.0.0" xmlns="http://www.imsglobal.org/xsd/imsqti_v2p1" xmlns:m="http://www.w3.org/1998/Math/MathML" xmlns:xsi="http://www.w3.org/2001/XMLSchema-instance" xsi:schemaLocation="http://www.imsglobal.org/xsd/imsqti_v2p1  http://www.imsglobal.org/xsd/qti/qtiv2p1/imsqti_v2p1.xsd">
  <responseDeclaration baseType="string" cardinality="single" identifier="RESPONSE988">
    <correctResponse>
      <value>.04</value>
    </correctResponse>
  </responseDeclaration>
  <outcomeDeclaration baseType="float" cardinality="single" identifier="SCORE988">
    <defaultValue>
      <value>0</value>
    </defaultValue>
  </outcomeDeclaration>
  <outcomeDeclaration baseType="float" cardinality="single" identifier="SCORE">
    <defaultValue>
      <value>0</value>
    </defaultValue>
  </outcomeDeclaration>
  <stylesheet href="../styles/bundled.css" type="text/css"/>
  <stylesheet href="../styles/inline.css" type="text/css"/>
  <itemBody>
    <rubricBlock use="stimulus" view="candidate author proctor scorer testConstructor tutor">
      <div>
        <p>
          <span>A game involves 5 stacks of 6 cards that have been shuffled. Each stack has 4 cards with a picture of heart and 2 cards with a picture of a star. The cards are placed face down so that the player cannot see the cards. A player removes one card from each stack and wins a prize if 4 or more of the removed cards have a picture of a star.</span>
        </p>
        <p>
          <object data="../images/cards-stimulus@2x_1a32336e54.png" height="313" type="image/png" width="400"/>
        </p>
      </div>
    </rubricBlock>
    <div class="stem stem_inline">
      <div class="stem_prompt">
        <p>Complete the sentence.</p>
      </div>
      <p>To the nearest hundredth, the probability of the player winning a prize is&#xA0;<textEntryInteraction responseIdentifier="RESPONSE988"/>&#xA0;.</p>
    </div>
  </itemBody>
  <responseProcessing>
    <responseCondition>
      <responseIf>
        <match>
          <variable identifier="RESPONSE988"/>
          <correct identifier="RESPONSE988"/>
        </match>
        <setOutcomeValue identifier="SCORE988">
          <baseValue baseType="float">1</baseValue>
        </setOutcomeValue>
      </responseIf>
      <responseElse>
        <setOutcomeValue identifier="SCORE988">
          <baseValue baseType="float">0</baseValue>
        </setOutcomeValue>
      </responseElse>
    </responseCondition>
    <setOutcomeValue identifier="SCORE">
      <sum>
        <variable identifier="SCORE988"/>
      </sum>
    </setOutcomeValue>
  </responseProcessing>
</assessmentItem>
