<?xml version="1.0"?>
<assessmentItem adaptive="false" identifier="ITEM-LOGIC-MP-421" timeDependent="false" title="Chris rounded a number to the nearest ten and his answer was 800. Click on each number that could be" toolName="ItemLogic" toolVersion="2.0.0" xmlns="http://www.imsglobal.org/xsd/imsqti_v2p1" xmlns:m="http://www.w3.org/1998/Math/MathML" xmlns:xsi="http://www.w3.org/2001/XMLSchema-instance" xsi:schemaLocation="http://www.imsglobal.org/xsd/imsqti_v2p1  http://www.imsglobal.org/xsd/qti/qtiv2p1/imsqti_v2p1.xsd">
  <responseDeclaration baseType="identifier" cardinality="multiple" identifier="RESPONSE231">
    <correctResponse>
      <value>HT-6196</value>
      <value>HT-6199</value>
    </correctResponse>
  </responseDeclaration>
  <outcomeDeclaration baseType="float" cardinality="single" identifier="SCORE231">
    <defaultValue>
      <value>0</value>
    </defaultValue>
  </outcomeDeclaration>
  <outcomeDeclaration baseType="float" cardinality="single" identifier="SCORE">
    <defaultValue>
      <value>0</value>
    </defaultValue>
  </outcomeDeclaration>
  <stylesheet href="../styles/bundled.css" type="text/css"/>
  <stylesheet href="../styles/inline.css" type="text/css"/>
  <itemBody>
    <hottextInteraction maxChoices="0" responseIdentifier="RESPONSE231">
      <prompt>Chris rounded a number to the nearest ten and his answer was 800. Select each number that could be the number Chris rounded.<br/></prompt>
      <p><hottext identifier="HT-6196">803</hottext>       <hottext identifier="HT-6197">794</hottext>      <hottext identifier="HT-6198">806</hottext>       <hottext identifier="HT-6199">798</hottext>       <hottext identifier="HT-6200">810</hottext>       <hottext identifier="HT-6201">790</hottext>       <hottext identifier="HT-6202">880</hottext></p>
    </hottextInteraction>
  </itemBody>
  <responseProcessing>
    <responseCondition>
      <responseIf>
        <match>
          <variable identifier="RESPONSE231"/>
          <correct identifier="RESPONSE231"/>
        </match>
        <setOutcomeValue identifier="SCORE231">
          <baseValue baseType="float">1</baseValue>
        </setOutcomeValue>
      </responseIf>
      <responseElse>
        <setOutcomeValue identifier="SCORE231">
          <baseValue baseType="float">0</baseValue>
        </setOutcomeValue>
      </responseElse>
    </responseCondition>
    <setOutcomeValue identifier="SCORE">
      <sum>
        <variable identifier="SCORE231"/>
      </sum>
    </setOutcomeValue>
  </responseProcessing>
</assessmentItem>
