<?xml version="1.0"?>
<assessmentItem adaptive="false" identifier="ITEM-LOGIC-MP-243" timeDependent="false" title="Julie is creating this ratio table. The table shows the number of miles that she walks for different" toolName="ItemLogic" toolVersion="2.0.0" xmlns="http://www.imsglobal.org/xsd/imsqti_v2p1" xmlns:m="http://www.w3.org/1998/Math/MathML" xmlns:xsi="http://www.w3.org/2001/XMLSchema-instance" xsi:schemaLocation="http://www.imsglobal.org/xsd/imsqti_v2p1  http://www.imsglobal.org/xsd/qti/qtiv2p1/imsqti_v2p1.xsd">
  <responseDeclaration baseType="string" cardinality="single" identifier="RESPONSE88">
    <correctResponse>
      <value>6.75</value>
    </correctResponse>
  </responseDeclaration>
  <responseDeclaration baseType="string" cardinality="single" identifier="RESPONSE89">
    <correctResponse>
      <value>13.5</value>
    </correctResponse>
  </responseDeclaration>
  <responseDeclaration baseType="string" cardinality="single" identifier="RESPONSE91">
    <correctResponse>
      <value>7.76</value>
    </correctResponse>
  </responseDeclaration>
  <outcomeDeclaration baseType="float" cardinality="single" identifier="SCORE88">
    <defaultValue>
      <value>0</value>
    </defaultValue>
  </outcomeDeclaration>
  <outcomeDeclaration baseType="float" cardinality="single" identifier="SCORE89">
    <defaultValue>
      <value>0</value>
    </defaultValue>
  </outcomeDeclaration>
  <outcomeDeclaration baseType="float" cardinality="single" identifier="SCORE91">
    <defaultValue>
      <value>0</value>
    </defaultValue>
  </outcomeDeclaration>
  <outcomeDeclaration baseType="float" cardinality="single" identifier="SCORE">
    <defaultValue>
      <value>0</value>
    </defaultValue>
  </outcomeDeclaration>
  <stylesheet href="../styles/bundled.css" type="text/css"/>
  <stylesheet href="../styles/inline.css" type="text/css"/>
  <itemBody>
    <div class="stem stem_inline">
      <div class="stem_prompt">
        <p>Julie is creating this ratio table. The table shows the number of miles that she walks for different numbers of hours if she walks at a constant rate. Fill in the table with the missing values.</p>
      </div>
      <table class="style-a3f303f2f8a08e1dfaa5bdde04c0641d"> <tbody> <tr> <td class="style-0594fd93e2a95d4b5ade904927f9cdf8"><strong>Number <br/>of Hours<br/></strong></td> <td class="style-0594fd93e2a95d4b5ade904927f9cdf8">1</td> <td class="style-0594fd93e2a95d4b5ade904927f9cdf8">1.5</td> <td class="style-0594fd93e2a95d4b5ade904927f9cdf8">2</td> <td class="style-0594fd93e2a95d4b5ade904927f9cdf8">2.5</td> <td class="style-0594fd93e2a95d4b5ade904927f9cdf8">3</td> </tr> <tr> <td class="style-0594fd93e2a95d4b5ade904927f9cdf8"><strong>Number <br/>of Miles<br/></strong></td> <td class="style-0594fd93e2a95d4b5ade904927f9cdf8">4.5</td> <td class="style-0594fd93e2a95d4b5ade904927f9cdf8"><textEntryInteraction responseIdentifier="RESPONSE88"/></td> <td class="style-0594fd93e2a95d4b5ade904927f9cdf8">9</td> <td class="style-0594fd93e2a95d4b5ade904927f9cdf8">11.25</td> <td class="style-0594fd93e2a95d4b5ade904927f9cdf8"><textEntryInteraction responseIdentifier="RESPONSE89"/></td> </tr> </tbody> </table>
    </div>
    <div class="stem stem_inline">
      <div class="stem_prompt">
        <p>Julie can bike 15% more miles per hour than she can walk. How many miles does she bike after 1.5 hours? Round to the nearest hundredth.</p>
      </div>
      <p><textEntryInteraction responseIdentifier="RESPONSE91"/> miles</p>
    </div>
  </itemBody>
  <responseProcessing>
    <responseCondition>
      <responseIf>
        <match>
          <variable identifier="RESPONSE88"/>
          <correct identifier="RESPONSE88"/>
        </match>
        <setOutcomeValue identifier="SCORE88">
          <baseValue baseType="float">1</baseValue>
        </setOutcomeValue>
      </responseIf>
      <responseElse>
        <setOutcomeValue identifier="SCORE88">
          <baseValue baseType="float">0</baseValue>
        </setOutcomeValue>
      </responseElse>
    </responseCondition>
    <responseCondition>
      <responseIf>
        <match>
          <variable identifier="RESPONSE89"/>
          <correct identifier="RESPONSE89"/>
        </match>
        <setOutcomeValue identifier="SCORE89">
          <baseValue baseType="float">1</baseValue>
        </setOutcomeValue>
      </responseIf>
      <responseElse>
        <setOutcomeValue identifier="SCORE89">
          <baseValue baseType="float">0</baseValue>
        </setOutcomeValue>
      </responseElse>
    </responseCondition>
    <responseCondition>
      <responseIf>
        <match>
          <variable identifier="RESPONSE91"/>
          <correct identifier="RESPONSE91"/>
        </match>
        <setOutcomeValue identifier="SCORE91">
          <baseValue baseType="float">1</baseValue>
        </setOutcomeValue>
      </responseIf>
      <responseElse>
        <setOutcomeValue identifier="SCORE91">
          <baseValue baseType="float">0</baseValue>
        </setOutcomeValue>
      </responseElse>
    </responseCondition>
    <setOutcomeValue identifier="SCORE">
      <sum>
        <variable identifier="SCORE88"/>
        <variable identifier="SCORE89"/>
        <variable identifier="SCORE91"/>
      </sum>
    </setOutcomeValue>
  </responseProcessing>
</assessmentItem>
