<?xml version="1.0"?>
<assessmentItem adaptive="false" identifier="ITEM-LOGIC-MP-420" timeDependent="false" title="Order the total number of rocks in each group from least to greatest." toolName="ItemLogic" toolVersion="2.0.0" xmlns="http://www.imsglobal.org/xsd/imsqti_v2p1" xmlns:m="http://www.w3.org/1998/Math/MathML" xmlns:xsi="http://www.w3.org/2001/XMLSchema-instance" xsi:schemaLocation="http://www.imsglobal.org/xsd/imsqti_v2p1  http://www.imsglobal.org/xsd/qti/qtiv2p1/imsqti_v2p1.xsd">
  <responseDeclaration baseType="identifier" cardinality="ordered" identifier="RESPONSE230">
    <correctResponse>
      <value>SC-7520</value>
      <value>SC-7522</value>
      <value>SC-7519</value>
      <value>SC-7521</value>
    </correctResponse>
  </responseDeclaration>
  <outcomeDeclaration baseType="float" cardinality="single" identifier="SCORE230">
    <defaultValue>
      <value>0</value>
    </defaultValue>
  </outcomeDeclaration>
  <outcomeDeclaration baseType="float" cardinality="single" identifier="SCORE">
    <defaultValue>
      <value>0</value>
    </defaultValue>
  </outcomeDeclaration>
  <stylesheet href="../styles/bundled.css" type="text/css"/>
  <stylesheet href="../styles/inline.css" type="text/css"/>
  <itemBody>
    <rubricBlock use="stimulus" view="candidate author proctor scorer testConstructor tutor">
      <div>
        <p>Jacyn collected rocks. He put the rocks into different groups.</p>
      </div>
    </rubricBlock>
    <orderInteraction maxChoices="2" orientation="vertical" responseIdentifier="RESPONSE230" shuffle="false">
      <prompt>Order the total number of rocks in each group from least to greatest.<br/></prompt>
      <simpleChoice identifier="SC-7519">
        <p><strong> Marble</strong> - 4 groups of 6</p>
      </simpleChoice>
      <simpleChoice identifier="SC-7520">
        <p><strong>Slate</strong> - 3 groups of 5</p>
      </simpleChoice>
      <simpleChoice identifier="SC-7521">
        <p><strong>Soapstone</strong> - 5 groups of 6</p>
      </simpleChoice>
      <simpleChoice identifier="SC-7522">
        <p><strong>Quartz </strong>- 10 groups of 2</p>
      </simpleChoice>
    </orderInteraction>
  </itemBody>
  <responseProcessing>
    <responseCondition>
      <responseIf>
        <match>
          <variable identifier="RESPONSE230"/>
          <correct identifier="RESPONSE230"/>
        </match>
        <setOutcomeValue identifier="SCORE230">
          <baseValue baseType="float">1</baseValue>
        </setOutcomeValue>
      </responseIf>
      <responseElse>
        <setOutcomeValue identifier="SCORE230">
          <baseValue baseType="float">0</baseValue>
        </setOutcomeValue>
      </responseElse>
    </responseCondition>
    <setOutcomeValue identifier="SCORE">
      <sum>
        <variable identifier="SCORE230"/>
      </sum>
    </setOutcomeValue>
  </responseProcessing>
</assessmentItem>
