<?xml version="1.0"?>
<assessmentItem adaptive="false" identifier="ITEM-LOGIC-MP-239" timeDependent="false" title="In paragraph 19, Mrs. Sappleton gives Framton &#x201C;only a fragment of her attention.&#x201D;&#x9D; Complete the" toolName="ItemLogic" toolVersion="2.0.0" xmlns="http://www.imsglobal.org/xsd/imsqti_v2p1" xmlns:m="http://www.w3.org/1998/Math/MathML" xmlns:xsi="http://www.w3.org/2001/XMLSchema-instance" xsi:schemaLocation="http://www.imsglobal.org/xsd/imsqti_v2p1  http://www.imsglobal.org/xsd/qti/qtiv2p1/imsqti_v2p1.xsd">
  <responseDeclaration baseType="directedPair" cardinality="multiple" identifier="RESPONSE79">
    <correctResponse>
      <value>GI-2755 HS-2763</value>
      <value>GI-2760 HS-2764</value>
    </correctResponse>
  </responseDeclaration>
  <outcomeDeclaration baseType="float" cardinality="single" identifier="SCORE79">
    <defaultValue>
      <value>0</value>
    </defaultValue>
  </outcomeDeclaration>
  <outcomeDeclaration baseType="float" cardinality="single" identifier="SCORE">
    <defaultValue>
      <value>0</value>
    </defaultValue>
  </outcomeDeclaration>
  <stylesheet href="../styles/bundled.css" type="text/css"/>
  <stylesheet href="../styles/inline.css" type="text/css"/>
  <itemBody>
    <rubricBlock use="context" view="candidate author proctor scorer testConstructor tutor">
      <div>
        <object data="../passages/RSC-LOGIC-MP-330.html" type="text/html"/>
      </div>
    </rubricBlock>
    <graphicGapMatchInteraction responseIdentifier="RESPONSE79">
      <prompt>In paragraph 19, Mrs. Sappleton gives Framton &#x201C;only a <strong>fragment</strong> of her attention.&#x201D;  Complete the dictionary entry below to show what <strong>fragment</strong> means and how it is used in the selection.<br/></prompt>
      <object data="../images/SENHEA239_dictionary_stem_01_o_1f61fc887d.png" height="82" type="image/png" width="393"/>
      <gapImg identifier="GI-2755" matchMax="1">
        <object data="../images/SENHEA239_dictionary_opt_01_o_ad2a3dc684.png" height="24" type="image/png" width="37"/>
      </gapImg>
      <gapImg identifier="GI-2756" matchMax="1">
        <object data="../images/SENHEA239_dictionary_opt_02_o_5977402f73.png" height="23" type="image/png" width="37"/>
      </gapImg>
      <gapImg identifier="GI-2757" matchMax="1">
        <object data="../images/SENHEA239_dictionary_opt_03_o_9a7ce5e2e0.png" height="24" type="image/png" width="37"/>
      </gapImg>
      <gapImg identifier="GI-2758" matchMax="1">
        <object data="../images/SENHEA239_dictionary_opt_04_o_de4fad75d8.png" height="23" type="image/png" width="37"/>
      </gapImg>
      <gapImg identifier="GI-2759" matchMax="1">
        <object data="../images/SENHEA239_dictionary_opt_05_o_ded2510a8e.png" height="24" type="image/png" width="165"/>
      </gapImg>
      <gapImg identifier="GI-2760" matchMax="1">
        <object data="../images/SENHEA239_dictionary_opt_06_o_db8d70e859.png" height="23" type="image/png" width="165"/>
      </gapImg>
      <gapImg identifier="GI-2761" matchMax="1">
        <object data="../images/SENHEA239_dictionary_opt_07_o_8b9f4de521.png" height="24" type="image/png" width="165"/>
      </gapImg>
      <gapImg identifier="GI-2762" matchMax="1">
        <object data="../images/SENHEA239_dictionary_opt_08_o_9b9a2ab3c3.png" height="23" type="image/png" width="165"/>
      </gapImg>
      <associableHotspot coords="113,48,150,73" identifier="HS-2763" matchMax="1" shape="rect"/>
      <associableHotspot coords="190,47,355,72" identifier="HS-2764" matchMax="1" shape="rect"/>
    </graphicGapMatchInteraction>
  </itemBody>
  <responseProcessing>
    <responseCondition>
      <responseIf>
        <match>
          <variable identifier="RESPONSE79"/>
          <correct identifier="RESPONSE79"/>
        </match>
        <setOutcomeValue identifier="SCORE79">
          <baseValue baseType="float">1</baseValue>
        </setOutcomeValue>
      </responseIf>
      <responseElse>
        <setOutcomeValue identifier="SCORE79">
          <baseValue baseType="float">0</baseValue>
        </setOutcomeValue>
      </responseElse>
    </responseCondition>
    <setOutcomeValue identifier="SCORE">
      <sum>
        <variable identifier="SCORE79"/>
      </sum>
    </setOutcomeValue>
  </responseProcessing>
</assessmentItem>
