<?xml version="1.0"?>
<assessmentItem adaptive="false" identifier="ITEM-LOGIC-MP-536" timeDependent="false" title="Select the correct numbers in the table for the number of boys in chorus and the number of girls in " toolName="ItemLogic" toolVersion="2.0.0" xmlns="http://www.imsglobal.org/xsd/imsqti_v2p1" xmlns:m="http://www.w3.org/1998/Math/MathML" xmlns:xsi="http://www.w3.org/2001/XMLSchema-instance" xsi:schemaLocation="http://www.imsglobal.org/xsd/imsqti_v2p1  http://www.imsglobal.org/xsd/qti/qtiv2p1/imsqti_v2p1.xsd">
  <responseDeclaration baseType="identifier" cardinality="single" identifier="RESPONSE427">
    <correctResponse>
      <value>IC-7930</value>
    </correctResponse>
  </responseDeclaration>
  <responseDeclaration baseType="identifier" cardinality="single" identifier="RESPONSE428">
    <correctResponse>
      <value>IC-7934</value>
    </correctResponse>
  </responseDeclaration>
  <outcomeDeclaration baseType="float" cardinality="single" identifier="SCORE427">
    <defaultValue>
      <value>0</value>
    </defaultValue>
  </outcomeDeclaration>
  <outcomeDeclaration baseType="float" cardinality="single" identifier="SCORE428">
    <defaultValue>
      <value>0</value>
    </defaultValue>
  </outcomeDeclaration>
  <outcomeDeclaration baseType="float" cardinality="single" identifier="SCORE">
    <defaultValue>
      <value>0</value>
    </defaultValue>
  </outcomeDeclaration>
  <stylesheet href="../styles/bundled.css" type="text/css"/>
  <stylesheet href="../styles/inline.css" type="text/css"/>
  <itemBody>
    <rubricBlock use="stimulus" view="candidate author proctor scorer testConstructor tutor">
      <div>
        <p>Elena counted the numbers of boys and girls in her school&#x2019;s chorus and her school&#x2019;s band. Use this information to complete the table:<br/>&#x201D;Of the members of the chorus, 60% are girls.<br/>&#x201D;Of the combined members of the chorus and band, 50% are girls.</p>
      </div>
    </rubricBlock>
    <div class="stem stem_inline">
      <div class="stem_prompt">
        <p>Select the correct numbers in the table for the number of boys in chorus and the number of girls in band.</p>
      </div>
      <table class="style-a3f303f2f8a08e1dfaa5bdde04c0641d"> <tbody> <tr> <td class="style-25150780864b21cd93ec9cb82758edc1"> </td> <td class="style-25150780864b21cd93ec9cb82758edc1"><strong>Chorus</strong></td> <td class="style-25150780864b21cd93ec9cb82758edc1"><strong>Band</strong></td> </tr> <tr> <td class="style-25150780864b21cd93ec9cb82758edc1"><strong>Boys</strong></td> <td class="style-25150780864b21cd93ec9cb82758edc1"><inlineChoiceInteraction responseIdentifier="RESPONSE427" shuffle="false"><inlineChoice identifier="IC-7928">12</inlineChoice><inlineChoice identifier="IC-7929">18</inlineChoice><inlineChoice identifier="IC-7930">20</inlineChoice><inlineChoice identifier="IC-7931">40</inlineChoice></inlineChoiceInteraction></td> <td class="style-25150780864b21cd93ec9cb82758edc1">   40</td> </tr> <tr> <td class="style-25150780864b21cd93ec9cb82758edc1"><strong>Girls</strong></td> <td class="style-25150780864b21cd93ec9cb82758edc1">     30</td> <td class="style-25150780864b21cd93ec9cb82758edc1"><inlineChoiceInteraction responseIdentifier="RESPONSE428" shuffle="false"><inlineChoice identifier="IC-7932">20</inlineChoice><inlineChoice identifier="IC-7933">26</inlineChoice><inlineChoice identifier="IC-7934">30</inlineChoice><inlineChoice identifier="IC-7935">35</inlineChoice></inlineChoiceInteraction></td> </tr> </tbody> </table>
    </div>
  </itemBody>
  <responseProcessing>
    <responseCondition>
      <responseIf>
        <match>
          <variable identifier="RESPONSE427"/>
          <correct identifier="RESPONSE427"/>
        </match>
        <setOutcomeValue identifier="SCORE427">
          <baseValue baseType="float">1</baseValue>
        </setOutcomeValue>
      </responseIf>
      <responseElse>
        <setOutcomeValue identifier="SCORE427">
          <baseValue baseType="float">0</baseValue>
        </setOutcomeValue>
      </responseElse>
    </responseCondition>
    <responseCondition>
      <responseIf>
        <match>
          <variable identifier="RESPONSE428"/>
          <correct identifier="RESPONSE428"/>
        </match>
        <setOutcomeValue identifier="SCORE428">
          <baseValue baseType="float">1</baseValue>
        </setOutcomeValue>
      </responseIf>
      <responseElse>
        <setOutcomeValue identifier="SCORE428">
          <baseValue baseType="float">0</baseValue>
        </setOutcomeValue>
      </responseElse>
    </responseCondition>
    <setOutcomeValue identifier="SCORE">
      <sum>
        <variable identifier="SCORE427"/>
        <variable identifier="SCORE428"/>
      </sum>
    </setOutcomeValue>
  </responseProcessing>
</assessmentItem>
