<?xml version="1.0"?>
<assessmentItem adaptive="false" identifier="ITEM-LOGIC-MP-464" timeDependent="false" title="Create a summary of how Buck learns to keep himself warm in the snow in &quot;Call of the Wild&quot;&#xA0;by placi" toolName="ItemLogic" toolVersion="2.0.0" xmlns="http://www.imsglobal.org/xsd/imsqti_v2p1" xmlns:m="http://www.w3.org/1998/Math/MathML" xmlns:xsi="http://www.w3.org/2001/XMLSchema-instance" xsi:schemaLocation="http://www.imsglobal.org/xsd/imsqti_v2p1  http://www.imsglobal.org/xsd/qti/qtiv2p1/imsqti_v2p1.xsd">
  <responseDeclaration baseType="identifier" cardinality="ordered" identifier="RESPONSE312">
    <correctResponse>
      <value>SC-5634</value>
      <value>SC-5631</value>
      <value>SC-5635</value>
      <value>SC-5633</value>
      <value>SC-5630</value>
      <value>SC-5632</value>
    </correctResponse>
  </responseDeclaration>
  <outcomeDeclaration baseType="float" cardinality="single" identifier="SCORE312">
    <defaultValue>
      <value>0</value>
    </defaultValue>
  </outcomeDeclaration>
  <outcomeDeclaration baseType="float" cardinality="single" identifier="SCORE">
    <defaultValue>
      <value>0</value>
    </defaultValue>
  </outcomeDeclaration>
  <stylesheet href="../styles/bundled.css" type="text/css"/>
  <stylesheet href="../styles/inline.css" type="text/css"/>
  <itemBody>
    <rubricBlock use="context" view="candidate author proctor scorer testConstructor tutor">
      <div>
        <object data="../passages/RSC-LOGIC-MP-990.html" type="text/html"/>
      </div>
    </rubricBlock>
    <orderInteraction orientation="vertical" responseIdentifier="RESPONSE312" shuffle="false">
      <prompt>Create a summary of how Buck learns to keep himself warm in the snow in "Call of the Wild" by placing the following events in the correct order.<br/></prompt>
      <simpleChoice identifier="SC-5630">
        <p>Buck smells something warm coming from under the snow and realizes it is another dog.</p>
      </simpleChoice>
      <simpleChoice identifier="SC-5631">
        <p>Buck circles the tent looking for the other dogs when suddenly he sinks down into the snow.</p>
      </simpleChoice>
      <simpleChoice identifier="SC-5632">
        <p>Buck is licked by the buried dog and comes to learn how to keep himself warm in the snow.</p>
      </simpleChoice>
      <simpleChoice identifier="SC-5633">
        <p>Buck hears a yelp coming from under the snow and decides to see what it is.</p>
      </simpleChoice>
      <simpleChoice identifier="SC-5634">
        <p>Buck searches for his team-mates after being thrown out of the tent.</p>
      </simpleChoice>
      <simpleChoice identifier="SC-5635">
        <p>Buck feels something wiggle beneath his feet, and it frightens him.</p>
      </simpleChoice>
    </orderInteraction>
  </itemBody>
  <responseProcessing>
    <responseCondition>
      <responseIf>
        <match>
          <variable identifier="RESPONSE312"/>
          <correct identifier="RESPONSE312"/>
        </match>
        <setOutcomeValue identifier="SCORE312">
          <baseValue baseType="float">1</baseValue>
        </setOutcomeValue>
      </responseIf>
      <responseElse>
        <setOutcomeValue identifier="SCORE312">
          <baseValue baseType="float">0</baseValue>
        </setOutcomeValue>
      </responseElse>
    </responseCondition>
    <setOutcomeValue identifier="SCORE">
      <sum>
        <variable identifier="SCORE312"/>
      </sum>
    </setOutcomeValue>
  </responseProcessing>
</assessmentItem>
