<?xml version="1.0"?>
<assessmentItem adaptive="false" identifier="ITEM-LOGIC-MP-578" timeDependent="false" title="Based on information in Selection 1, put the following events of the life cycle of penguins in the c" toolName="ItemLogic" toolVersion="2.0.0" xmlns="http://www.imsglobal.org/xsd/imsqti_v2p1" xmlns:m="http://www.w3.org/1998/Math/MathML" xmlns:xsi="http://www.w3.org/2001/XMLSchema-instance" xsi:schemaLocation="http://www.imsglobal.org/xsd/imsqti_v2p1  http://www.imsglobal.org/xsd/qti/qtiv2p1/imsqti_v2p1.xsd">
  <responseDeclaration baseType="identifier" cardinality="ordered" identifier="RESPONSE469">
    <correctResponse>
      <value>SC-8269</value>
      <value>SC-8266</value>
      <value>SC-8263</value>
      <value>SC-8267</value>
      <value>SC-8265</value>
      <value>SC-8264</value>
    </correctResponse>
  </responseDeclaration>
  <outcomeDeclaration baseType="float" cardinality="single" identifier="SCORE469">
    <defaultValue>
      <value>0</value>
    </defaultValue>
  </outcomeDeclaration>
  <outcomeDeclaration baseType="float" cardinality="single" identifier="SCORE">
    <defaultValue>
      <value>0</value>
    </defaultValue>
  </outcomeDeclaration>
  <stylesheet href="../styles/bundled.css" type="text/css"/>
  <stylesheet href="../styles/inline.css" type="text/css"/>
  <itemBody>
    <rubricBlock use="context" view="candidate author proctor scorer testConstructor tutor">
      <div>
        <object data="../passages/RSC-LOGIC-MP-1673.html" type="text/html"/>
      </div>
    </rubricBlock>
    <orderInteraction orientation="vertical" responseIdentifier="RESPONSE469" shuffle="false">
      <prompt>Based on information in Selection 1, put the following events of the life cycle of penguins in the correct order.<br/></prompt>
      <simpleChoice identifier="SC-8263">
        <p>The female penguin leaves to find food for herself.</p>
      </simpleChoice>
      <simpleChoice identifier="SC-8264">
        <p>The male returns to his mate and the cycle begins again.</p>
      </simpleChoice>
      <simpleChoice identifier="SC-8265">
        <p>The male leaves to find food for himself after the egg hatches.</p>
      </simpleChoice>
      <simpleChoice identifier="SC-8266">
        <p>The female penguin lays an egg and places it on the male&#x2019;s feet.</p>
      </simpleChoice>
      <simpleChoice identifier="SC-8267">
        <p>The male penguin cares for the egg and waits for the return of the female.</p>
      </simpleChoice>
      <simpleChoice identifier="SC-8269">
        <p>The male penguin selects his mate by offering her a rock.</p>
      </simpleChoice>
    </orderInteraction>
  </itemBody>
  <responseProcessing>
    <responseCondition>
      <responseIf>
        <match>
          <variable identifier="RESPONSE469"/>
          <correct identifier="RESPONSE469"/>
        </match>
        <setOutcomeValue identifier="SCORE469">
          <baseValue baseType="float">1</baseValue>
        </setOutcomeValue>
      </responseIf>
      <responseElse>
        <setOutcomeValue identifier="SCORE469">
          <baseValue baseType="float">0</baseValue>
        </setOutcomeValue>
      </responseElse>
    </responseCondition>
    <setOutcomeValue identifier="SCORE">
      <sum>
        <variable identifier="SCORE469"/>
      </sum>
    </setOutcomeValue>
  </responseProcessing>
</assessmentItem>
