<?xml version="1.0"?>
<assessmentItem adaptive="false" identifier="ITEM-LOGIC-MP-407" timeDependent="false" title="Drag the point and arrow onto the number line that matches the amount of money Sophie and Marco need" toolName="ItemLogic" toolVersion="2.0.0" xmlns="http://www.imsglobal.org/xsd/imsqti_v2p1" xmlns:m="http://www.w3.org/1998/Math/MathML" xmlns:xsi="http://www.w3.org/2001/XMLSchema-instance" xsi:schemaLocation="http://www.imsglobal.org/xsd/imsqti_v2p1  http://www.imsglobal.org/xsd/qti/qtiv2p1/imsqti_v2p1.xsd">
  <responseDeclaration baseType="directedPair" cardinality="multiple" identifier="RESPONSE205">
    <correctResponse>
      <value>GI-7088 HS-7095</value>
      <value>GI-7094 HS-7096</value>
    </correctResponse>
    <mapping defaultValue="0.00" lowerBound="0.00" upperBound="2.00">
      <mapEntry mapKey="GI-7088 HS-7095" mappedValue="1.00"/>
      <mapEntry mapKey="GI-7094 HS-7096" mappedValue="1.00"/>
    </mapping>
  </responseDeclaration>
  <outcomeDeclaration baseType="float" cardinality="single" identifier="SCORE205">
    <defaultValue>
      <value>0</value>
    </defaultValue>
  </outcomeDeclaration>
  <outcomeDeclaration baseType="float" cardinality="single" identifier="SCORE">
    <defaultValue>
      <value>0</value>
    </defaultValue>
  </outcomeDeclaration>
  <stylesheet href="../styles/bundled.css" type="text/css"/>
  <stylesheet href="../styles/inline.css" type="text/css"/>
  <itemBody>
    <rubricBlock use="stimulus" view="candidate author proctor scorer testConstructor tutor">
      <div>
        <p>Sophie and Marco are creating a budget for the school newspaper. They need to raise at least $200 to be able to print the newspaper this school year.</p>
      </div>
    </rubricBlock>
    <graphicGapMatchInteraction responseIdentifier="RESPONSE205">
      <prompt>Drag the point and arrow onto the number line that matches the amount of money Sophie and Marco need to raise. Then, label the graph with the inequality.<br/></prompt>
      <object data="../images/FROERI407_Number_Line_stem_01_o_485ba9f4f8.png" height="97" type="image/png" width="233"/>
      <gapImg identifier="GI-7087" matchMax="1">
        <object data="../images/FROERI407_Number_Line_opt_A01_o_6985a316f6.png" height="42" type="image/png" width="133"/>
      </gapImg>
      <gapImg identifier="GI-7088" matchMax="1">
        <object data="../images/FROERI407_Number_Line_opt_B01_o_0b130ef1f0.png" height="43" type="image/png" width="133"/>
      </gapImg>
      <gapImg identifier="GI-7089" matchMax="1">
        <object data="../images/FROERI407_Number_Line_opt_C01_o_78f2a1e4cd.png" height="43" type="image/png" width="133"/>
      </gapImg>
      <gapImg identifier="GI-7090" matchMax="1">
        <object data="../images/FROERI407_Number_Line_opt_D01_o_332a56cdd3.png" height="43" type="image/png" width="133"/>
      </gapImg>
      <gapImg identifier="GI-7091" matchMax="1">
        <object data="../images/FROERI407_Number_Line_opt_E01_o_68daa0825c.png" height="27" type="image/png" width="74"/>
      </gapImg>
      <gapImg identifier="GI-7092" matchMax="1">
        <object data="../images/FROERI407_Number_Line_opt_F01_o_08984b9c2a.png" height="28" type="image/png" width="74"/>
      </gapImg>
      <gapImg identifier="GI-7093" matchMax="1">
        <object data="../images/FROERI407_Number_Line_opt_G01_o_b6696ba011.png" height="27" type="image/png" width="74"/>
      </gapImg>
      <gapImg identifier="GI-7094" matchMax="1">
        <object data="../images/FROERI407_Number_Line_opt_H01_o_5b4fbe8398.png" height="27" type="image/png" width="74"/>
      </gapImg>
      <associableHotspot coords="48,8,181,51" identifier="HS-7095" matchMax="1" shape="rect"/>
      <associableHotspot coords="76,63,150,91" identifier="HS-7096" matchMax="1" shape="rect"/>
    </graphicGapMatchInteraction>
  </itemBody>
  <responseProcessing>
    <responseCondition>
      <responseIf>
        <isNull>
          <variable identifier="RESPONSE205"/>
        </isNull>
        <setOutcomeValue identifier="SCORE205">
          <baseValue baseType="float">0.0</baseValue>
        </setOutcomeValue>
      </responseIf>
      <responseElse>
        <setOutcomeValue identifier="SCORE205">
          <mapResponse identifier="RESPONSE205"/>
        </setOutcomeValue>
      </responseElse>
    </responseCondition>
    <setOutcomeValue identifier="SCORE">
      <sum>
        <variable identifier="SCORE205"/>
      </sum>
    </setOutcomeValue>
  </responseProcessing>
</assessmentItem>
