<?xml version="1.0"?>
<assessmentItem adaptive="false" identifier="ITEM-LOGIC-MP-495" timeDependent="false" title="Drag values next to the vectors so that the diagram correctly represents the situation. Decimals are" toolName="ItemLogic" toolVersion="2.0.0" xmlns="http://www.imsglobal.org/xsd/imsqti_v2p1" xmlns:m="http://www.w3.org/1998/Math/MathML" xmlns:xsi="http://www.w3.org/2001/XMLSchema-instance" xsi:schemaLocation="http://www.imsglobal.org/xsd/imsqti_v2p1  http://www.imsglobal.org/xsd/qti/qtiv2p1/imsqti_v2p1.xsd">
  <responseDeclaration baseType="directedPair" cardinality="multiple" identifier="RESPONSE355">
    <correctResponse>
      <value>GI-7362 HS-7364</value>
      <value>GI-7360 HS-7365</value>
    </correctResponse>
    <mapping defaultValue="0.00" lowerBound="0.00" upperBound="2.00">
      <mapEntry mapKey="GI-7362 HS-7364" mappedValue="1.00"/>
      <mapEntry mapKey="GI-7360 HS-7365" mappedValue="1.00"/>
    </mapping>
  </responseDeclaration>
  <outcomeDeclaration baseType="float" cardinality="single" identifier="SCORE355">
    <defaultValue>
      <value>0</value>
    </defaultValue>
  </outcomeDeclaration>
  <outcomeDeclaration baseType="float" cardinality="single" identifier="SCORE">
    <defaultValue>
      <value>0</value>
    </defaultValue>
  </outcomeDeclaration>
  <stylesheet href="../styles/bundled.css" type="text/css"/>
  <stylesheet href="../styles/inline.css" type="text/css"/>
  <itemBody>
    <rubricBlock use="stimulus" view="candidate author proctor scorer testConstructor tutor">
      <div>
        <p>A plane is traveling south at a velocity of 120 km/hr. It encounters a wind from the east blowing at a rate of 30 km/hr.</p>
      </div>
    </rubricBlock>
    <graphicGapMatchInteraction responseIdentifier="RESPONSE355">
      <prompt>Drag values next to the vectors so that the diagram correctly represents the situation. Decimals are rounded to the nearest tenth.<br/></prompt>
      <object data="../images/FROERI499_Vectors_stem_01_o_26a69f5964.png" height="197" type="image/png" width="447"/>
      <gapImg identifier="GI-7359" matchMax="1">
        <object data="../images/FROERI499_Vectors_opt_a01_o_743638c1b6.png" height="28" type="image/png" width="110"/>
      </gapImg>
      <gapImg identifier="GI-7360" matchMax="1">
        <object data="../images/FROERI499_Vectors_opt_b01_o_25ceba214b.png" height="28" type="image/png" width="110"/>
      </gapImg>
      <gapImg identifier="GI-7361" matchMax="1">
        <object data="../images/FROERI499_Vectors_opt_c01_o_9613b429b0.png" height="28" type="image/png" width="110"/>
      </gapImg>
      <gapImg identifier="GI-7362" matchMax="1">
        <object data="../images/FROERI499_Vectors_opt_d01_o_0af71aab72.png" height="28" type="image/png" width="110"/>
      </gapImg>
      <gapImg identifier="GI-7363" matchMax="1">
        <object data="../images/FROERI499_Vectors_opt_e01_o_0f0a5ea8d2.png" height="28" type="image/png" width="110"/>
      </gapImg>
      <associableHotspot coords="4,40,114,68" identifier="HS-7364" matchMax="1" shape="rect"/>
      <associableHotspot coords="71,165,181,193" identifier="HS-7365" matchMax="1" shape="rect"/>
    </graphicGapMatchInteraction>
  </itemBody>
  <responseProcessing>
    <responseCondition>
      <responseIf>
        <isNull>
          <variable identifier="RESPONSE355"/>
        </isNull>
        <setOutcomeValue identifier="SCORE355">
          <baseValue baseType="float">0.0</baseValue>
        </setOutcomeValue>
      </responseIf>
      <responseElse>
        <setOutcomeValue identifier="SCORE355">
          <mapResponse identifier="RESPONSE355"/>
        </setOutcomeValue>
      </responseElse>
    </responseCondition>
    <setOutcomeValue identifier="SCORE">
      <sum>
        <variable identifier="SCORE355"/>
      </sum>
    </setOutcomeValue>
  </responseProcessing>
</assessmentItem>
