<?xml version="1.0"?>
<assessmentItem adaptive="false" identifier="ITEM-LOGIC-MP-218" timeDependent="false" title="Complete the chart by selecting the name of the character that correctly answers each question." toolName="ItemLogic" toolVersion="2.0.0" xmlns="http://www.imsglobal.org/xsd/imsqti_v2p1" xmlns:m="http://www.w3.org/1998/Math/MathML" xmlns:xsi="http://www.w3.org/2001/XMLSchema-instance" xsi:schemaLocation="http://www.imsglobal.org/xsd/imsqti_v2p1  http://www.imsglobal.org/xsd/qti/qtiv2p1/imsqti_v2p1.xsd">
  <responseDeclaration baseType="identifier" cardinality="multiple" identifier="RESPONSE53">
    <correctResponse>
      <value>HT-2277</value>
      <value>HT-2278</value>
      <value>HT-2281</value>
      <value>HT-2283</value>
      <value>HT-2284</value>
    </correctResponse>
  </responseDeclaration>
  <outcomeDeclaration baseType="float" cardinality="single" identifier="SCORE53">
    <defaultValue>
      <value>0</value>
    </defaultValue>
  </outcomeDeclaration>
  <outcomeDeclaration baseType="float" cardinality="single" identifier="SCORE">
    <defaultValue>
      <value>0</value>
    </defaultValue>
  </outcomeDeclaration>
  <stylesheet href="../styles/bundled.css" type="text/css"/>
  <stylesheet href="../styles/inline.css" type="text/css"/>
  <itemBody>
    <rubricBlock use="context" view="candidate author proctor scorer testConstructor tutor">
      <div>
        <object data="../passages/RSC-LOGIC-MP-425.html" type="text/html"/>
      </div>
    </rubricBlock>
    <hottextInteraction maxChoices="0" responseIdentifier="RESPONSE53">
      <prompt>Complete the chart by selecting the name of the character that correctly answers each question.<br/></prompt>
      <table class="style-4ff3962f1359145afd3e27ef776a0fd2"> <tbody> <tr> <td class="style-25150780864b21cd93ec9cb82758edc1">Which character is frustrated that her sister keeps her awake at night?</td> <td class="style-020463708b9d5452dff034889dd6f3cc"><hottext identifier="HT-2276">Lily</hottext></td> <td class="style-020463708b9d5452dff034889dd6f3cc"><hottext identifier="HT-2277">Jane</hottext></td> </tr> <tr> <td class="style-25150780864b21cd93ec9cb82758edc1">Which character has been afraid of a snow monster?</td> <td class="style-25150780864b21cd93ec9cb82758edc1"><hottext identifier="HT-2278">Lily</hottext></td> <td class="style-25150780864b21cd93ec9cb82758edc1"><hottext identifier="HT-2279">Jane</hottext></td> </tr> <tr> <td class="style-25150780864b21cd93ec9cb82758edc1">Which character has been afraid of a closet monster?</td> <td class="style-25150780864b21cd93ec9cb82758edc1"><hottext identifier="HT-2280">Lily</hottext></td> <td class="style-25150780864b21cd93ec9cb82758edc1"><hottext identifier="HT-2281">Jane</hottext></td> </tr> <tr> <td class="style-25150780864b21cd93ec9cb82758edc1">Which character finds the solution to the main problem?</td> <td class="style-25150780864b21cd93ec9cb82758edc1"><hottext identifier="HT-2282">Lily</hottext></td> <td class="style-25150780864b21cd93ec9cb82758edc1"><hottext identifier="HT-2283">Jane</hottext></td> </tr> <tr> <td class="style-25150780864b21cd93ec9cb82758edc1">Which character is less afraid at the end of the story?</td> <td class="style-25150780864b21cd93ec9cb82758edc1"><hottext identifier="HT-2284">Lily</hottext></td> <td class="style-25150780864b21cd93ec9cb82758edc1"><hottext identifier="HT-2285">Jane</hottext></td> </tr> </tbody> </table>
    </hottextInteraction>
  </itemBody>
  <responseProcessing>
    <responseCondition>
      <responseIf>
        <match>
          <variable identifier="RESPONSE53"/>
          <correct identifier="RESPONSE53"/>
        </match>
        <setOutcomeValue identifier="SCORE53">
          <baseValue baseType="float">1</baseValue>
        </setOutcomeValue>
      </responseIf>
      <responseElse>
        <setOutcomeValue identifier="SCORE53">
          <baseValue baseType="float">0</baseValue>
        </setOutcomeValue>
      </responseElse>
    </responseCondition>
    <setOutcomeValue identifier="SCORE">
      <sum>
        <variable identifier="SCORE53"/>
      </sum>
    </setOutcomeValue>
  </responseProcessing>
</assessmentItem>
