<?xml version="1.0"?>
<assessmentItem adaptive="false" identifier="ITEM-LOGIC-KS-971" timeDependent="false" title="Click all of the statements that tell how Dylan can solve this problem." toolName="ItemLogic" toolVersion="2.0.0" xmlns="http://www.imsglobal.org/xsd/imsqti_v2p1" xmlns:m="http://www.w3.org/1998/Math/MathML" xmlns:xsi="http://www.w3.org/2001/XMLSchema-instance" xsi:schemaLocation="http://www.imsglobal.org/xsd/imsqti_v2p1  http://www.imsglobal.org/xsd/qti/qtiv2p1/imsqti_v2p1.xsd">
  <responseDeclaration baseType="identifier" cardinality="multiple" identifier="RESPONSE977">
    <correctResponse>
      <value>HT-16948</value>
      <value>HT-16950</value>
    </correctResponse>
  </responseDeclaration>
  <responseDeclaration baseType="identifier" cardinality="single" identifier="RESPONSE979">
    <correctResponse>
      <value>SC-16954</value>
    </correctResponse>
  </responseDeclaration>
  <outcomeDeclaration baseType="float" cardinality="single" identifier="SCORE977">
    <defaultValue>
      <value>0</value>
    </defaultValue>
  </outcomeDeclaration>
  <outcomeDeclaration baseType="float" cardinality="single" identifier="SCORE979">
    <defaultValue>
      <value>0</value>
    </defaultValue>
  </outcomeDeclaration>
  <outcomeDeclaration baseType="float" cardinality="single" identifier="SCORE">
    <defaultValue>
      <value>0</value>
    </defaultValue>
  </outcomeDeclaration>
  <stylesheet href="../styles/bundled.css" type="text/css"/>
  <stylesheet href="../styles/inline.css" type="text/css"/>
  <itemBody>
    <rubricBlock use="stimulus" view="candidate author proctor scorer testConstructor tutor" xmlns:default="http://www.w3.org/1998/Math/MathML">
      <div>
        <p>Dylan needs to solve the math problem shown.</p>
        <m:math xmlns="http://www.w3.org/1998/Math/MathML">   <m:mn>42</m:mn>   <m:mo>&#x2212;<!-- − --></m:mo>   <m:mn>18</m:mn>   <m:mo>=</m:mo>   <m:mo>?</m:mo> </m:math>
      </div>
    </rubricBlock>
    <hottextInteraction maxChoices="0" responseIdentifier="RESPONSE977"><prompt>Click all of the statements that tell how Dylan can solve this problem.<br/></prompt><p><hottext identifier="HT-16948">Dylan can subtract&#xA0;&lt;math xmlns="http://www.w3.org/1998/Math/MathML"&gt;   &lt;mn&gt;42&lt;/mn&gt;   &lt;mo&gt;&amp;#x2212;&lt;!-- &#x2212; --&gt;&lt;/mo&gt;   &lt;mn&gt;20&lt;/mn&gt;   &lt;mo&gt;=&lt;/mo&gt;   &lt;mn&gt;22&lt;/mn&gt; &lt;/math&gt;, then add&#xA0;&lt;math xmlns="http://www.w3.org/1998/Math/MathML"&gt;   &lt;mn&gt;22&lt;/mn&gt;   &lt;mo&gt;+&lt;/mo&gt;   &lt;mn&gt;2&lt;/mn&gt; &lt;/math&gt;.</hottext></p> <p><hottext identifier="HT-16949">Dylan can subtract&#xA0;&lt;math xmlns="http://www.w3.org/1998/Math/MathML"&gt;   &lt;mn&gt;42&lt;/mn&gt;   &lt;mo&gt;&amp;#x2212;&lt;!-- &#x2212; --&gt;&lt;/mo&gt;   &lt;mn&gt;10&lt;/mn&gt;   &lt;mo&gt;=&lt;/mo&gt;   &lt;mn&gt;32&lt;/mn&gt; &lt;/math&gt;, then add&#xA0;&lt;math xmlns="http://www.w3.org/1998/Math/MathML"&gt;   &lt;mn&gt;32&lt;/mn&gt;   &lt;mo&gt;+&lt;/mo&gt;   &lt;mn&gt;8&lt;/mn&gt; &lt;/math&gt;.</hottext></p> <p><hottext identifier="HT-16950">Dylan can subtract&#xA0;&lt;math xmlns="http://www.w3.org/1998/Math/MathML"&gt;   &lt;mn&gt;42&lt;/mn&gt;   &lt;mo&gt;&amp;#x2212;&lt;!-- &#x2212; --&gt;&lt;/mo&gt;   &lt;mn&gt;10&lt;/mn&gt;   &lt;mo&gt;=&lt;/mo&gt;   &lt;mn&gt;32&lt;/mn&gt; &lt;/math&gt;, then subtract&#xA0;&lt;math xmlns="http://www.w3.org/1998/Math/MathML"&gt;   &lt;mn&gt;32&lt;/mn&gt;   &lt;mo&gt;&amp;#x2212;&lt;!-- &#x2212; --&gt;&lt;/mo&gt;   &lt;mn&gt;8&lt;/mn&gt; &lt;/math&gt;.</hottext></p> <p><hottext identifier="HT-16951">Dylan can subtract&#xA0;&lt;math xmlns="http://www.w3.org/1998/Math/MathML"&gt;   &lt;mn&gt;42&lt;/mn&gt;   &lt;mo&gt;&amp;#x2212;&lt;!-- &#x2212; --&gt;&lt;/mo&gt;   &lt;mn&gt;20&lt;/mn&gt;   &lt;mo&gt;=&lt;/mo&gt;   &lt;mn&gt;22&lt;/mn&gt; &lt;/math&gt;, then subtract&#xA0;&lt;math xmlns="http://www.w3.org/1998/Math/MathML"&gt;   &lt;mn&gt;22&lt;/mn&gt;   &lt;mo&gt;&amp;#x2212;&lt;!-- &#x2212; --&gt;&lt;/mo&gt;   &lt;mn&gt;2&lt;/mn&gt; &lt;/math&gt;.</hottext></p></hottextInteraction>
    <choiceInteraction maxChoices="1" responseIdentifier="RESPONSE979" shuffle="false" xmlns:default="http://www.w3.org/1998/Math/MathML">
      <prompt>What is another problem that has the same answer as Dylan's problem?<br/></prompt>
      <simpleChoice fixed="true" identifier="SC-16954" xmlns:default="http://www.w3.org/1998/Math/MathML">
        <m:math xmlns="http://www.w3.org/1998/Math/MathML">   <m:mn>11</m:mn>   <m:mo>+</m:mo>   <m:mn>13</m:mn>   <m:mo>=</m:mo>   <m:mo>?</m:mo> </m:math>
      </simpleChoice>
      <simpleChoice fixed="true" identifier="SC-16955" xmlns:default="http://www.w3.org/1998/Math/MathML">
        <m:math xmlns="http://www.w3.org/1998/Math/MathML">   <m:mn>12</m:mn>   <m:mo>+</m:mo>   <m:mn>10</m:mn>   <m:mo>=</m:mo>   <m:mo>?</m:mo> </m:math>
      </simpleChoice>
      <simpleChoice fixed="true" identifier="SC-16958" xmlns:default="http://www.w3.org/1998/Math/MathML">
        <p xmlns:default="http://www.w3.org/1998/Math/MathML">
          <m:math xmlns="http://www.w3.org/1998/Math/MathML">   <m:mn>44</m:mn>   <m:mo>&#x2212;<!-- − --></m:mo>   <m:mn>16</m:mn>   <m:mo>=</m:mo>   <m:mo>?</m:mo> </m:math>
        </p>
      </simpleChoice>
      <simpleChoice fixed="true" identifier="SC-16960" xmlns:default="http://www.w3.org/1998/Math/MathML">
        <p xmlns:default="http://www.w3.org/1998/Math/MathML">
          <m:math xmlns="http://www.w3.org/1998/Math/MathML">   <m:mn>45</m:mn>   <m:mo>&#x2212;<!-- − --></m:mo>   <m:mn>15</m:mn>   <m:mo>=</m:mo>   <m:mo>?</m:mo> </m:math>
        </p>
      </simpleChoice>
    </choiceInteraction>
  </itemBody>
  <responseProcessing>
    <responseCondition>
      <responseIf>
        <match>
          <variable identifier="RESPONSE977"/>
          <correct identifier="RESPONSE977"/>
        </match>
        <setOutcomeValue identifier="SCORE977">
          <baseValue baseType="float">1</baseValue>
        </setOutcomeValue>
      </responseIf>
      <responseElse>
        <setOutcomeValue identifier="SCORE977">
          <baseValue baseType="float">0</baseValue>
        </setOutcomeValue>
      </responseElse>
    </responseCondition>
    <responseCondition>
      <responseIf>
        <match>
          <variable identifier="RESPONSE979"/>
          <correct identifier="RESPONSE979"/>
        </match>
        <setOutcomeValue identifier="SCORE979">
          <baseValue baseType="float">1</baseValue>
        </setOutcomeValue>
      </responseIf>
      <responseElse>
        <setOutcomeValue identifier="SCORE979">
          <baseValue baseType="float">0</baseValue>
        </setOutcomeValue>
      </responseElse>
    </responseCondition>
    <setOutcomeValue identifier="SCORE">
      <sum>
        <variable identifier="SCORE977"/>
        <variable identifier="SCORE979"/>
      </sum>
    </setOutcomeValue>
  </responseProcessing>
</assessmentItem>
