<?xml version="1.0"?>
<assessmentItem adaptive="false" identifier="ITEM-LOGIC-MP-187" timeDependent="false" title="She drew this model shown below to represent the area of the birdhouse. Place in the boxes the numbe" toolName="ItemLogic" toolVersion="2.0.0" xmlns="http://www.imsglobal.org/xsd/imsqti_v2p1" xmlns:m="http://www.w3.org/1998/Math/MathML" xmlns:xsi="http://www.w3.org/2001/XMLSchema-instance" xsi:schemaLocation="http://www.imsglobal.org/xsd/imsqti_v2p1  http://www.imsglobal.org/xsd/qti/qtiv2p1/imsqti_v2p1.xsd">
  <responseDeclaration baseType="directedPair" cardinality="multiple" identifier="RESPONSE12">
    <correctResponse>
      <value>GI-1773 HS-3713</value>
      <value>GI-1776 HS-3714</value>
    </correctResponse>
  </responseDeclaration>
  <outcomeDeclaration baseType="float" cardinality="single" identifier="SCORE12">
    <defaultValue>
      <value>0</value>
    </defaultValue>
  </outcomeDeclaration>
  <outcomeDeclaration baseType="float" cardinality="single" identifier="SCORE">
    <defaultValue>
      <value>0</value>
    </defaultValue>
  </outcomeDeclaration>
  <stylesheet href="../styles/bundled.css" type="text/css"/>
  <stylesheet href="../styles/inline.css" type="text/css"/>
  <itemBody>
    <rubricBlock use="stimulus" view="candidate author proctor scorer testConstructor tutor">
      <div>
        <p>Lisa is building a birdhouse.</p>
      </div>
    </rubricBlock>
    <graphicGapMatchInteraction responseIdentifier="RESPONSE12">
      <prompt>She drew this model shown below to represent the area of the birdhouse. Place in the boxes the numbers that represent the measures shown by the model.<br/></prompt>
      <object data="../images/FROERI_Bird_House_stem_01_o_4442dd9697.png" height="312" type="image/png" width="366"/>
      <gapImg identifier="GI-1769" matchMax="1">
        <object data="../images/FROERI_Bird_House_opt_A01_o_6395213d3b.png" height="29" type="image/png" width="29"/>
      </gapImg>
      <gapImg identifier="GI-1771" matchMax="1">
        <object data="../images/FROERI_Bird_House_opt_C01_o_68666421a3.png" height="29" type="image/png" width="29"/>
      </gapImg>
      <gapImg identifier="GI-1772" matchMax="1">
        <object data="../images/FROERI_Bird_House_opt_D01_o_cf47969cad.png" height="29" type="image/png" width="29"/>
      </gapImg>
      <gapImg identifier="GI-1773" matchMax="1">
        <object data="../images/FROERI_Bird_House_opt_E01_o_4f87b272f6.png" height="29" type="image/png" width="29"/>
      </gapImg>
      <gapImg identifier="GI-1774" matchMax="1">
        <object data="../images/FROERI_Bird_House_opt_G01_o_e54bea92d1.png" height="29" type="image/png" width="29"/>
      </gapImg>
      <gapImg identifier="GI-1775" matchMax="1">
        <object data="../images/FROERI_Bird_House_opt_H01_o_b20fdf1edb.png" height="29" type="image/png" width="29"/>
      </gapImg>
      <gapImg identifier="GI-1776" matchMax="1">
        <object data="../images/FROERI_Bird_House_opt_I01_o_ba314fa66a.png" height="29" type="image/png" width="29"/>
      </gapImg>
      <associableHotspot coords="4,139,33,168" identifier="HS-3713" matchMax="1" shape="rect"/>
      <associableHotspot coords="175,4,204,33" identifier="HS-3714" matchMax="1" shape="rect"/>
    </graphicGapMatchInteraction>
  </itemBody>
  <responseProcessing>
    <responseCondition>
      <responseIf>
        <match>
          <variable identifier="RESPONSE12"/>
          <correct identifier="RESPONSE12"/>
        </match>
        <setOutcomeValue identifier="SCORE12">
          <baseValue baseType="float">1</baseValue>
        </setOutcomeValue>
      </responseIf>
      <responseElse>
        <setOutcomeValue identifier="SCORE12">
          <baseValue baseType="float">0</baseValue>
        </setOutcomeValue>
      </responseElse>
    </responseCondition>
    <setOutcomeValue identifier="SCORE">
      <sum>
        <variable identifier="SCORE12"/>
      </sum>
    </setOutcomeValue>
  </responseProcessing>
</assessmentItem>
