<?xml version="1.0"?>
<assessmentItem adaptive="false" identifier="ITEM-LOGIC-MP-658" timeDependent="false" title="Match each equation to the fraction that makes it true." toolName="ItemLogic" toolVersion="2.0.0" xmlns="http://www.imsglobal.org/xsd/imsqti_v2p1" xmlns:m="http://www.w3.org/1998/Math/MathML" xmlns:xsi="http://www.w3.org/2001/XMLSchema-instance" xsi:schemaLocation="http://www.imsglobal.org/xsd/imsqti_v2p1  http://www.imsglobal.org/xsd/qti/qtiv2p1/imsqti_v2p1.xsd">
  <responseDeclaration baseType="directedPair" cardinality="multiple" identifier="RESPONSE571">
    <correctResponse>
      <value>SAC-9154 SAC-9155</value>
      <value>SAC-9156 SAC-9157</value>
      <value>SAC-9162 SAC-9164</value>
      <value>SAC-9167 SAC-9168</value>
    </correctResponse>
    <mapping defaultValue="-5.00" lowerBound="0.00" upperBound="2.00">
      <mapEntry mapKey="SAC-9154 SAC-9155" mappedValue="0.50"/>
      <mapEntry mapKey="SAC-9156 SAC-9157" mappedValue="0.50"/>
      <mapEntry mapKey="SAC-9162 SAC-9164" mappedValue="0.50"/>
      <mapEntry mapKey="SAC-9167 SAC-9168" mappedValue="0.50"/>
    </mapping>
  </responseDeclaration>
  <outcomeDeclaration baseType="float" cardinality="single" identifier="SCORE571">
    <defaultValue>
      <value>0</value>
    </defaultValue>
  </outcomeDeclaration>
  <outcomeDeclaration baseType="float" cardinality="single" identifier="SCORE">
    <defaultValue>
      <value>0</value>
    </defaultValue>
  </outcomeDeclaration>
  <stylesheet href="../styles/bundled.css" type="text/css"/>
  <stylesheet href="../styles/inline.css" type="text/css"/>
  <itemBody>
    <matchInteraction maxAssociations="4" responseIdentifier="RESPONSE571" shuffle="false">
      <prompt>Match each equation to the fraction that makes it true.<br/></prompt>
      <simpleMatchSet>
        <simpleAssociableChoice identifier="SAC-9162" matchMax="1">
          <p xmlns:default="http://www.w3.org/1998/Math/MathML">
            <m:math xmlns="http://www.w3.org/1998/Math/MathML">   <m:mo>?</m:mo>   <m:mo>+</m:mo>   <m:mfrac>     <m:mn>7</m:mn>     <m:mn>100</m:mn>   </m:mfrac>   <m:mo>=</m:mo>   <m:mfrac>     <m:mn>17</m:mn>     <m:mn>100</m:mn>   </m:mfrac> </m:math>
          </p>
        </simpleAssociableChoice>
        <simpleAssociableChoice identifier="SAC-9156" matchMax="1">
          <p xmlns:default="http://www.w3.org/1998/Math/MathML">
            <m:math xmlns="http://www.w3.org/1998/Math/MathML">   <m:mfrac>     <m:mn>1</m:mn>     <m:mn>10</m:mn>   </m:mfrac>   <m:mo>+</m:mo>   <m:mfrac>     <m:mn>6</m:mn>     <m:mn>10</m:mn>   </m:mfrac>   <m:mo>=</m:mo>   <m:mtext>&#xA0;</m:mtext>   <m:mo>?</m:mo> </m:math>
          </p>
        </simpleAssociableChoice>
        <simpleAssociableChoice identifier="SAC-9167" matchMax="1">
          <p xmlns:default="http://www.w3.org/1998/Math/MathML">
            <m:math xmlns="http://www.w3.org/1998/Math/MathML">   <m:mfrac>     <m:mn>1</m:mn>     <m:mn>100</m:mn>   </m:mfrac>   <m:mo>+</m:mo>   <m:mfrac>     <m:mn>7</m:mn>     <m:mn>10</m:mn>   </m:mfrac>   <m:mo>=</m:mo>   <m:mtext>&#xA0;</m:mtext>   <m:mo>?</m:mo> </m:math>
          </p>
        </simpleAssociableChoice>
        <simpleAssociableChoice identifier="SAC-9154" matchMax="1">
          <p xmlns:default="http://www.w3.org/1998/Math/MathML">
            <m:math xmlns="http://www.w3.org/1998/Math/MathML">   <m:mfrac>     <m:mn>6</m:mn>     <m:mn>10</m:mn>   </m:mfrac>   <m:mo>+</m:mo>   <m:mtext>&#xA0;</m:mtext>   <m:mo>?</m:mo>   <m:mo>=</m:mo>   <m:mfrac>     <m:mn>67</m:mn>     <m:mn>100</m:mn>   </m:mfrac> </m:math>
          </p>
        </simpleAssociableChoice>
      </simpleMatchSet>
      <simpleMatchSet>
        <simpleAssociableChoice identifier="SAC-9155" matchMax="1">
          <m:math xmlns="http://www.w3.org/1998/Math/MathML">   <m:mfrac>     <m:mn>7</m:mn>     <m:mn>100</m:mn>   </m:mfrac> </m:math>
        </simpleAssociableChoice>
        <simpleAssociableChoice identifier="SAC-9157" matchMax="1">
          <p xmlns:default="http://www.w3.org/1998/Math/MathML">
            <m:math xmlns="http://www.w3.org/1998/Math/MathML">   <m:mfrac>     <m:mn>7</m:mn>     <m:mn>10</m:mn>   </m:mfrac> </m:math>
          </p>
        </simpleAssociableChoice>
        <simpleAssociableChoice identifier="SAC-9164" matchMax="1">
          <m:math xmlns="http://www.w3.org/1998/Math/MathML">   <m:mfrac>     <m:mn>1</m:mn>     <m:mn>10</m:mn>   </m:mfrac> </m:math>
        </simpleAssociableChoice>
        <simpleAssociableChoice identifier="SAC-9168" matchMax="1">
          <m:math xmlns="http://www.w3.org/1998/Math/MathML">   <m:mfrac>     <m:mn>71</m:mn>     <m:mn>100</m:mn>   </m:mfrac> </m:math>
        </simpleAssociableChoice>
      </simpleMatchSet>
    </matchInteraction>
  </itemBody>
  <responseProcessing>
    <responseCondition>
      <responseIf>
        <isNull>
          <variable identifier="RESPONSE571"/>
        </isNull>
        <setOutcomeValue identifier="SCORE571">
          <baseValue baseType="float">0.0</baseValue>
        </setOutcomeValue>
      </responseIf>
      <responseElse>
        <setOutcomeValue identifier="SCORE571">
          <mapResponse identifier="RESPONSE571"/>
        </setOutcomeValue>
      </responseElse>
    </responseCondition>
    <setOutcomeValue identifier="SCORE">
      <sum>
        <variable identifier="SCORE571"/>
      </sum>
    </setOutcomeValue>
  </responseProcessing>
</assessmentItem>
