<?xml version="1.0"?>
<assessmentItem adaptive="false" identifier="ITEM-LOGIC-MP-574" timeDependent="false" title="Put these shapes in order from the shape with the fewest lines of symmetry first to the shape with t" toolName="ItemLogic" toolVersion="2.0.0" xmlns="http://www.imsglobal.org/xsd/imsqti_v2p1" xmlns:m="http://www.w3.org/1998/Math/MathML" xmlns:xsi="http://www.w3.org/2001/XMLSchema-instance" xsi:schemaLocation="http://www.imsglobal.org/xsd/imsqti_v2p1  http://www.imsglobal.org/xsd/qti/qtiv2p1/imsqti_v2p1.xsd">
  <responseDeclaration baseType="identifier" cardinality="ordered" identifier="RESPONSE464">
    <correctResponse>
      <value>SC-8210</value>
      <value>SC-8343</value>
      <value>SC-8209</value>
    </correctResponse>
  </responseDeclaration>
  <outcomeDeclaration baseType="float" cardinality="single" identifier="SCORE464">
    <defaultValue>
      <value>0</value>
    </defaultValue>
  </outcomeDeclaration>
  <outcomeDeclaration baseType="float" cardinality="single" identifier="SCORE">
    <defaultValue>
      <value>0</value>
    </defaultValue>
  </outcomeDeclaration>
  <stylesheet href="../styles/bundled.css" type="text/css"/>
  <stylesheet href="../styles/inline.css" type="text/css"/>
  <itemBody>
    <orderInteraction orientation="vertical" responseIdentifier="RESPONSE464" shuffle="false">
      <prompt>Put these shapes in order from the shape with the <strong>fewest </strong>lines of symmetry first to the shape with the <strong>most</strong> lines of symmetry last.<br/></prompt>
      <simpleChoice identifier="SC-8209">
        <p>a rhombus with four equal angles</p>
      </simpleChoice>
      <simpleChoice identifier="SC-8210">
        <p>a rectangle that is not a square</p>
      </simpleChoice>
      <simpleChoice identifier="SC-8343">
        <p>a triangle with three equal sides</p>
      </simpleChoice>
    </orderInteraction>
  </itemBody>
  <responseProcessing>
    <responseCondition>
      <responseIf>
        <match>
          <variable identifier="RESPONSE464"/>
          <correct identifier="RESPONSE464"/>
        </match>
        <setOutcomeValue identifier="SCORE464">
          <baseValue baseType="float">1</baseValue>
        </setOutcomeValue>
      </responseIf>
      <responseElse>
        <setOutcomeValue identifier="SCORE464">
          <baseValue baseType="float">0</baseValue>
        </setOutcomeValue>
      </responseElse>
    </responseCondition>
    <setOutcomeValue identifier="SCORE">
      <sum>
        <variable identifier="SCORE464"/>
      </sum>
    </setOutcomeValue>
  </responseProcessing>
</assessmentItem>
