<?xml version="1.0"?>
<assessmentItem adaptive="false" identifier="ITEM-LOGIC-MP-678" timeDependent="false" title="Larry followed four sets of directions to plot four points on a coordinate grid. Match each set of d" toolName="ItemLogic" toolVersion="2.0.0" xmlns="http://www.imsglobal.org/xsd/imsqti_v2p1" xmlns:m="http://www.w3.org/1998/Math/MathML" xmlns:xsi="http://www.w3.org/2001/XMLSchema-instance" xsi:schemaLocation="http://www.imsglobal.org/xsd/imsqti_v2p1  http://www.imsglobal.org/xsd/qti/qtiv2p1/imsqti_v2p1.xsd">
  <responseDeclaration baseType="directedPair" cardinality="multiple" identifier="RESPONSE607">
    <correctResponse>
      <value>SAC-9438 SAC-9443</value>
      <value>SAC-9440 SAC-9445</value>
      <value>SAC-9441 SAC-9446</value>
      <value>SAC-9439 SAC-9448</value>
    </correctResponse>
    <mapping defaultValue="-0.50" lowerBound="0.00" upperBound="2.00">
      <mapEntry mapKey="SAC-9438 SAC-9443" mappedValue="0.50"/>
      <mapEntry mapKey="SAC-9440 SAC-9445" mappedValue="0.50"/>
      <mapEntry mapKey="SAC-9441 SAC-9446" mappedValue="0.50"/>
      <mapEntry mapKey="SAC-9439 SAC-9448" mappedValue="0.50"/>
    </mapping>
  </responseDeclaration>
  <outcomeDeclaration baseType="float" cardinality="single" identifier="SCORE607">
    <defaultValue>
      <value>0</value>
    </defaultValue>
  </outcomeDeclaration>
  <outcomeDeclaration baseType="float" cardinality="single" identifier="SCORE">
    <defaultValue>
      <value>0</value>
    </defaultValue>
  </outcomeDeclaration>
  <stylesheet href="../styles/bundled.css" type="text/css"/>
  <stylesheet href="../styles/inline.css" type="text/css"/>
  <itemBody>
    <matchInteraction maxAssociations="4" responseIdentifier="RESPONSE607" shuffle="false">
      <prompt>Larry followed four sets of directions to plot four points on a coordinate grid. Match each set of directions to the coordinate pair Larry plotted.<br/></prompt>
      <simpleMatchSet>
        <simpleAssociableChoice identifier="SAC-9440" matchMax="1">
          <p>Starting at the origin, move 4 units right and 1 unit down.</p>
        </simpleAssociableChoice>
        <simpleAssociableChoice identifier="SAC-9438" matchMax="1">
          <p>Starting at the origin, move 4 units right and 1 unit up.</p>
        </simpleAssociableChoice>
        <simpleAssociableChoice identifier="SAC-9439" matchMax="1">
          <p>Starting at the origin, move 4 units left and 1 unit down.</p>
        </simpleAssociableChoice>
        <simpleAssociableChoice identifier="SAC-9441" matchMax="1">
          <p>Starting at the origin, move 4 units left and 1 unit up.</p>
        </simpleAssociableChoice>
      </simpleMatchSet>
      <simpleMatchSet>
        <simpleAssociableChoice identifier="SAC-9443" matchMax="1">
          <m:math xmlns="http://www.w3.org/1998/Math/MathML">   <m:mo stretchy="false">(</m:mo>   <m:mn>4</m:mn>   <m:mo>,</m:mo>   <m:mn>1</m:mn>   <m:mo stretchy="false">)</m:mo> </m:math>
        </simpleAssociableChoice>
        <simpleAssociableChoice identifier="SAC-9445" matchMax="1">
          <m:math xmlns="http://www.w3.org/1998/Math/MathML">   <m:mo stretchy="false">(</m:mo>   <m:mn>4</m:mn>   <m:mo>,</m:mo>   <m:mo>&#x2212;<!-- âˆ’ --></m:mo>   <m:mn>1</m:mn>   <m:mo stretchy="false">)</m:mo> </m:math>
        </simpleAssociableChoice>
        <simpleAssociableChoice identifier="SAC-9446" matchMax="1">
          <m:math xmlns="http://www.w3.org/1998/Math/MathML">   <m:mo stretchy="false">(</m:mo>   <m:mo>&#x2212;<!-- âˆ’ --></m:mo>   <m:mn>4</m:mn>   <m:mo>,</m:mo>   <m:mn>1</m:mn>   <m:mo stretchy="false">)</m:mo> </m:math>
        </simpleAssociableChoice>
        <simpleAssociableChoice identifier="SAC-9448" matchMax="1">
          <m:math xmlns="http://www.w3.org/1998/Math/MathML">   <m:mo stretchy="false">(</m:mo>   <m:mo>&#x2212;<!-- âˆ’ --></m:mo>   <m:mn>4</m:mn>   <m:mo>,</m:mo>   <m:mo>&#x2212;<!-- âˆ’ --></m:mo>   <m:mn>1</m:mn>   <m:mo stretchy="false">)</m:mo> </m:math>
        </simpleAssociableChoice>
      </simpleMatchSet>
    </matchInteraction>
  </itemBody>
  <responseProcessing>
    <responseCondition>
      <responseIf>
        <isNull>
          <variable identifier="RESPONSE607"/>
        </isNull>
        <setOutcomeValue identifier="SCORE607">
          <baseValue baseType="float">0.0</baseValue>
        </setOutcomeValue>
      </responseIf>
      <responseElse>
        <setOutcomeValue identifier="SCORE607">
          <mapResponse identifier="RESPONSE607"/>
        </setOutcomeValue>
      </responseElse>
    </responseCondition>
    <setOutcomeValue identifier="SCORE">
      <sum>
        <variable identifier="SCORE607"/>
      </sum>
    </setOutcomeValue>
  </responseProcessing>
</assessmentItem>
