<?xml version="1.0"?>
<assessmentItem adaptive="false" identifier="ITEM-LOGIC-MP-207" timeDependent="false" title="Select the option that correctly completes the sentence." toolName="ItemLogic" toolVersion="2.0.0" xmlns="http://www.imsglobal.org/xsd/imsqti_v2p1" xmlns:m="http://www.w3.org/1998/Math/MathML" xmlns:xsi="http://www.w3.org/2001/XMLSchema-instance" xsi:schemaLocation="http://www.imsglobal.org/xsd/imsqti_v2p1  http://www.imsglobal.org/xsd/qti/qtiv2p1/imsqti_v2p1.xsd">
  <responseDeclaration baseType="identifier" cardinality="single" identifier="RESPONSE34">
    <correctResponse>
      <value>IC-2172</value>
    </correctResponse>
  </responseDeclaration>
  <responseDeclaration baseType="identifier" cardinality="single" identifier="RESPONSE36">
    <correctResponse>
      <value>IC-2180</value>
    </correctResponse>
  </responseDeclaration>
  <outcomeDeclaration baseType="float" cardinality="single" identifier="SCORE34">
    <defaultValue>
      <value>0</value>
    </defaultValue>
  </outcomeDeclaration>
  <outcomeDeclaration baseType="float" cardinality="single" identifier="SCORE36">
    <defaultValue>
      <value>0</value>
    </defaultValue>
  </outcomeDeclaration>
  <outcomeDeclaration baseType="float" cardinality="single" identifier="SCORE">
    <defaultValue>
      <value>0</value>
    </defaultValue>
  </outcomeDeclaration>
  <stylesheet href="../styles/bundled.css" type="text/css"/>
  <stylesheet href="../styles/inline.css" type="text/css"/>
  <itemBody>
    <rubricBlock use="context" view="candidate author proctor scorer testConstructor tutor">
      <div>
        <object data="../passages/RSC-LOGIC-MP-356.html" type="text/html"/>
      </div>
      <div>
        <object data="../passages/RSC-LOGIC-MP-359.html" type="text/html"/>
      </div>
    </rubricBlock>
    <div class="stem stem_inline">
      <div class="stem_prompt">
        <p>Select the option that correctly completes the sentence.</p>
      </div>
      <p> <inlineChoiceInteraction responseIdentifier="RESPONSE34" shuffle="false"><inlineChoice identifier="IC-2172">"Working Women and Children"</inlineChoice><inlineChoice identifier="IC-2173">"Letter to the Editor"</inlineChoice><inlineChoice identifier="IC-2174">Both selections</inlineChoice></inlineChoiceInteraction>discuss(es) the history of people working for low pay in factories.</p>
    </div>
    <div class="stem stem_inline">
      <p> <inlineChoiceInteraction responseIdentifier="RESPONSE36" shuffle="false"><inlineChoice identifier="IC-2178">"Working Women and Children"</inlineChoice><inlineChoice identifier="IC-2179">"Letter to the Editor"</inlineChoice><inlineChoice identifier="IC-2180">Both selections</inlineChoice></inlineChoiceInteraction>show(s) the working conditions by using the words of people who were there at the time.</p>
    </div>
  </itemBody>
  <responseProcessing>
    <responseCondition>
      <responseIf>
        <match>
          <variable identifier="RESPONSE34"/>
          <correct identifier="RESPONSE34"/>
        </match>
        <setOutcomeValue identifier="SCORE34">
          <baseValue baseType="float">1</baseValue>
        </setOutcomeValue>
      </responseIf>
      <responseElse>
        <setOutcomeValue identifier="SCORE34">
          <baseValue baseType="float">0</baseValue>
        </setOutcomeValue>
      </responseElse>
    </responseCondition>
    <responseCondition>
      <responseIf>
        <match>
          <variable identifier="RESPONSE36"/>
          <correct identifier="RESPONSE36"/>
        </match>
        <setOutcomeValue identifier="SCORE36">
          <baseValue baseType="float">1</baseValue>
        </setOutcomeValue>
      </responseIf>
      <responseElse>
        <setOutcomeValue identifier="SCORE36">
          <baseValue baseType="float">0</baseValue>
        </setOutcomeValue>
      </responseElse>
    </responseCondition>
    <setOutcomeValue identifier="SCORE">
      <sum>
        <variable identifier="SCORE34"/>
        <variable identifier="SCORE36"/>
      </sum>
    </setOutcomeValue>
  </responseProcessing>
</assessmentItem>
