<?xml version="1.0"?>
<assessmentItem adaptive="false" identifier="ITEM-LOGIC-KS-791" timeDependent="false" title="Match each picture to the words that best describe the whole." toolName="ItemLogic" toolVersion="2.0.0" xmlns="http://www.imsglobal.org/xsd/imsqti_v2p1" xmlns:m="http://www.w3.org/1998/Math/MathML" xmlns:xsi="http://www.w3.org/2001/XMLSchema-instance" xsi:schemaLocation="http://www.imsglobal.org/xsd/imsqti_v2p1  http://www.imsglobal.org/xsd/qti/qtiv2p1/imsqti_v2p1.xsd">
  <responseDeclaration baseType="directedPair" cardinality="multiple" identifier="RESPONSE769">
    <correctResponse>
      <value>SAC-13008 SAC-12406</value>
      <value>SAC-13009 SAC-12405</value>
      <value>SAC-13010 SAC-12404</value>
      <value>SAC-13011 SAC-12406</value>
    </correctResponse>
    <mapping defaultValue="-0.50" lowerBound="0.00" upperBound="2.00">
      <mapEntry mapKey="SAC-13008 SAC-12406" mappedValue="0.50"/>
      <mapEntry mapKey="SAC-13009 SAC-12405" mappedValue="0.50"/>
      <mapEntry mapKey="SAC-13010 SAC-12404" mappedValue="0.50"/>
      <mapEntry mapKey="SAC-13011 SAC-12406" mappedValue="0.50"/>
    </mapping>
  </responseDeclaration>
  <outcomeDeclaration baseType="float" cardinality="single" identifier="SCORE769">
    <defaultValue>
      <value>0</value>
    </defaultValue>
  </outcomeDeclaration>
  <outcomeDeclaration baseType="float" cardinality="single" identifier="SCORE">
    <defaultValue>
      <value>0</value>
    </defaultValue>
  </outcomeDeclaration>
  <stylesheet href="../styles/bundled.css" type="text/css"/>
  <stylesheet href="../styles/inline.css" type="text/css"/>
  <itemBody>
    <matchInteraction maxAssociations="4" responseIdentifier="RESPONSE769" shuffle="false">
      <prompt>Match each picture to the words that best describe the whole.<br/></prompt>
      <simpleMatchSet>
        <simpleAssociableChoice identifier="SAC-13008" matchMax="1">
          <p>
            <object data="../images/shape-fractions-stem1@2x_9cc7174dcf.png" height="50" type="image/png" width="50"/>
          </p>
        </simpleAssociableChoice>
        <simpleAssociableChoice identifier="SAC-13009" matchMax="1">
          <p>
            <object data="../images/shape-fractions-stem2@2x_7971d77180.png" height="50" type="image/png" width="50"/>
          </p>
        </simpleAssociableChoice>
        <simpleAssociableChoice identifier="SAC-13010" matchMax="1">
          <p>
            <object data="../images/shape-fractions-stem3@2x_cad681f7df.png" height="50" type="image/png" width="50"/>
          </p>
        </simpleAssociableChoice>
        <simpleAssociableChoice identifier="SAC-13011" matchMax="1">
          <p>
            <object data="../images/shape-fractions-stem4@2x_7f249f7171.png" height="50" type="image/png" width="50"/>
          </p>
        </simpleAssociableChoice>
      </simpleMatchSet>
      <simpleMatchSet>
        <simpleAssociableChoice identifier="SAC-12404" matchMax="1">
          <p>two halves</p>
        </simpleAssociableChoice>
        <simpleAssociableChoice identifier="SAC-12405" matchMax="1">
          <p>three thirds</p>
        </simpleAssociableChoice>
        <simpleAssociableChoice identifier="SAC-12406" matchMax="1">
          <p>four fourths</p>
        </simpleAssociableChoice>
      </simpleMatchSet>
    </matchInteraction>
  </itemBody>
  <responseProcessing>
    <responseCondition>
      <responseIf>
        <isNull>
          <variable identifier="RESPONSE769"/>
        </isNull>
        <setOutcomeValue identifier="SCORE769">
          <baseValue baseType="float">0.0</baseValue>
        </setOutcomeValue>
      </responseIf>
      <responseElse>
        <setOutcomeValue identifier="SCORE769">
          <mapResponse identifier="RESPONSE769"/>
        </setOutcomeValue>
      </responseElse>
    </responseCondition>
    <setOutcomeValue identifier="SCORE">
      <sum>
        <variable identifier="SCORE769"/>
      </sum>
    </setOutcomeValue>
  </responseProcessing>
</assessmentItem>
