<?xml version="1.0"?>
<assessmentItem adaptive="false" identifier="ITEM-LOGIC-KS-1012" timeDependent="false" title="Part A Choose the main topic of Animal Homes." toolName="ItemLogic" toolVersion="2.0.0" xmlns="http://www.imsglobal.org/xsd/imsqti_v2p1" xmlns:m="http://www.w3.org/1998/Math/MathML" xmlns:xsi="http://www.w3.org/2001/XMLSchema-instance" xsi:schemaLocation="http://www.imsglobal.org/xsd/imsqti_v2p1  http://www.imsglobal.org/xsd/qti/qtiv2p1/imsqti_v2p1.xsd">
  <responseDeclaration baseType="identifier" cardinality="multiple" identifier="RESPONSE1071">
    <correctResponse>
      <value>HT-18212</value>
    </correctResponse>
  </responseDeclaration>
  <responseDeclaration baseType="directedPair" cardinality="multiple" identifier="RESPONSE1073">
    <correctResponse>
      <value>SAC-18228 SAC-18222</value>
      <value>SAC-18230 SAC-18220</value>
      <value>SAC-18229 SAC-18220</value>
    </correctResponse>
    <mapping defaultValue="0.00" lowerBound="0.00" upperBound="3.00">
      <mapEntry mapKey="SAC-18228 SAC-18220" mappedValue="-1.00"/>
      <mapEntry mapKey="SAC-18228 SAC-18222" mappedValue="1.00"/>
      <mapEntry mapKey="SAC-18230 SAC-18220" mappedValue="1.00"/>
      <mapEntry mapKey="SAC-18230 SAC-18222" mappedValue="-1.00"/>
      <mapEntry mapKey="SAC-18229 SAC-18220" mappedValue="1.00"/>
      <mapEntry mapKey="SAC-18229 SAC-18222" mappedValue="-1.00"/>
    </mapping>
  </responseDeclaration>
  <outcomeDeclaration baseType="float" cardinality="single" identifier="SCORE1071">
    <defaultValue>
      <value>0</value>
    </defaultValue>
  </outcomeDeclaration>
  <outcomeDeclaration baseType="float" cardinality="single" identifier="SCORE1073">
    <defaultValue>
      <value>0</value>
    </defaultValue>
  </outcomeDeclaration>
  <outcomeDeclaration baseType="float" cardinality="single" identifier="SCORE">
    <defaultValue>
      <value>0</value>
    </defaultValue>
  </outcomeDeclaration>
  <stylesheet href="../styles/bundled.css" type="text/css"/>
  <stylesheet href="../styles/inline.css" type="text/css"/>
  <itemBody>
    <rubricBlock use="context" view="candidate author proctor scorer testConstructor tutor">
      <div>
        <object data="../passages/RSC-LOGIC-KS-7366.html" type="text/html"/>
      </div>
    </rubricBlock>
    <rubricBlock use="stimulus" view="candidate author proctor scorer testConstructor tutor">
      <div>
        <p>The author of <em>Animal Homes</em> gives many details about the main topic.</p>
      </div>
    </rubricBlock>
    <hottextInteraction maxChoices="0" responseIdentifier="RESPONSE1071">
      <prompt>Part A<br/> Choose the <strong>main</strong> topic of <em>Animal Homes</em>.<br/></prompt>
      <p>
        <hottext identifier="HT-18216">Animals with warm fur live in icy regions.</hottext>
      </p>
      <p>
        <hottext identifier="HT-18212">Animals live in different kinds of habitats.</hottext>
      </p>
      <p>
        <hottext identifier="HT-18214">Animals must have dry land and fresh air.</hottext>
      </p>
    </hottextInteraction>
    <matchInteraction class="table" maxAssociations="6" responseIdentifier="RESPONSE1073" shuffle="false">
      <prompt>Part B<br/>Which details support the <strong>main</strong> topic of Animal Homes? Choose YES if the detail supports the <strong>main</strong> topic. Choose NO if the detail does not support it.<br/></prompt>
      <simpleMatchSet>
        <simpleAssociableChoice identifier="SAC-18228" matchMax="1">
          <p>It feels like winter all year long.</p>
        </simpleAssociableChoice>
        <simpleAssociableChoice identifier="SAC-18230" matchMax="1">
          <p>Animals live in the habitat that is best for them.</p>
        </simpleAssociableChoice>
        <simpleAssociableChoice identifier="SAC-18229" matchMax="1">
          <p>There are water habitats and land habitats.</p>
        </simpleAssociableChoice>
      </simpleMatchSet>
      <simpleMatchSet>
        <simpleAssociableChoice identifier="SAC-18220" matchMax="3">
          <p>YES</p>
        </simpleAssociableChoice>
        <simpleAssociableChoice identifier="SAC-18222" matchMax="3">
          <p>NO</p>
        </simpleAssociableChoice>
      </simpleMatchSet>
    </matchInteraction>
  </itemBody>
  <responseProcessing>
    <responseCondition>
      <responseIf>
        <match>
          <variable identifier="RESPONSE1071"/>
          <correct identifier="RESPONSE1071"/>
        </match>
        <setOutcomeValue identifier="SCORE1071">
          <baseValue baseType="float">1</baseValue>
        </setOutcomeValue>
      </responseIf>
      <responseElse>
        <setOutcomeValue identifier="SCORE1071">
          <baseValue baseType="float">0</baseValue>
        </setOutcomeValue>
      </responseElse>
    </responseCondition>
    <responseCondition>
      <responseIf>
        <isNull>
          <variable identifier="RESPONSE1073"/>
        </isNull>
        <setOutcomeValue identifier="SCORE1073">
          <baseValue baseType="float">0.0</baseValue>
        </setOutcomeValue>
      </responseIf>
      <responseElse>
        <setOutcomeValue identifier="SCORE1073">
          <mapResponse identifier="RESPONSE1073"/>
        </setOutcomeValue>
      </responseElse>
    </responseCondition>
    <setOutcomeValue identifier="SCORE">
      <sum>
        <variable identifier="SCORE1071"/>
        <variable identifier="SCORE1073"/>
      </sum>
    </setOutcomeValue>
  </responseProcessing>
</assessmentItem>
