<?xml version="1.0"?>
<assessmentItem adaptive="false" identifier="ITEM-LOGIC-MP-196" timeDependent="false" title="Select  the phrase that completes the sentence." toolName="ItemLogic" toolVersion="2.0.0" xmlns="http://www.imsglobal.org/xsd/imsqti_v2p1" xmlns:m="http://www.w3.org/1998/Math/MathML" xmlns:xsi="http://www.w3.org/2001/XMLSchema-instance" xsi:schemaLocation="http://www.imsglobal.org/xsd/imsqti_v2p1  http://www.imsglobal.org/xsd/qti/qtiv2p1/imsqti_v2p1.xsd">
  <responseDeclaration baseType="identifier" cardinality="single" identifier="RESPONSE17">
    <correctResponse>
      <value>IC-1998</value>
    </correctResponse>
  </responseDeclaration>
  <outcomeDeclaration baseType="float" cardinality="single" identifier="SCORE17">
    <defaultValue>
      <value>0</value>
    </defaultValue>
  </outcomeDeclaration>
  <outcomeDeclaration baseType="float" cardinality="single" identifier="SCORE">
    <defaultValue>
      <value>0</value>
    </defaultValue>
  </outcomeDeclaration>
  <stylesheet href="../styles/bundled.css" type="text/css"/>
  <stylesheet href="../styles/inline.css" type="text/css"/>
  <itemBody>
    <rubricBlock use="context" view="candidate author proctor scorer testConstructor tutor">
      <div>
        <object data="../passages/RSC-LOGIC-MP-330.html" type="text/html"/>
      </div>
    </rubricBlock>
    <div class="stem stem_inline">
      <div class="stem_prompt">
        <p>Select  the phrase that completes the sentence.</p>
      </div>
      <p>In "The Open Window," dramatic irony leads to humor when the reader <inlineChoiceInteraction responseIdentifier="RESPONSE17" shuffle="false"><inlineChoice identifier="IC-1998">knows the niece is lying, but the aunt does not.</inlineChoice><inlineChoice identifier="IC-1999">realizes the aunt and the man's sister had never met.</inlineChoice><inlineChoice identifier="IC-2000">understands that the tragedy the niece is describing has not happened yet.</inlineChoice><inlineChoice identifier="IC-2001">believes the visitor has seen a ghost, as does the visitor.</inlineChoice></inlineChoiceInteraction></p>
    </div>
  </itemBody>
  <responseProcessing>
    <responseCondition>
      <responseIf>
        <match>
          <variable identifier="RESPONSE17"/>
          <correct identifier="RESPONSE17"/>
        </match>
        <setOutcomeValue identifier="SCORE17">
          <baseValue baseType="float">1</baseValue>
        </setOutcomeValue>
      </responseIf>
      <responseElse>
        <setOutcomeValue identifier="SCORE17">
          <baseValue baseType="float">0</baseValue>
        </setOutcomeValue>
      </responseElse>
    </responseCondition>
    <setOutcomeValue identifier="SCORE">
      <sum>
        <variable identifier="SCORE17"/>
      </sum>
    </setOutcomeValue>
  </responseProcessing>
</assessmentItem>
