<?xml version="1.0"?>
<assessmentItem adaptive="false" identifier="ITEM-LOGIC-MP-451" timeDependent="false" title="Match each statement to the expression it represents." toolName="ItemLogic" toolVersion="2.0.0" xmlns="http://www.imsglobal.org/xsd/imsqti_v2p1" xmlns:m="http://www.w3.org/1998/Math/MathML" xmlns:xsi="http://www.w3.org/2001/XMLSchema-instance" xsi:schemaLocation="http://www.imsglobal.org/xsd/imsqti_v2p1  http://www.imsglobal.org/xsd/qti/qtiv2p1/imsqti_v2p1.xsd">
  <responseDeclaration baseType="directedPair" cardinality="multiple" identifier="RESPONSE287">
    <correctResponse>
      <value>SAC-5516 SAC-5520</value>
      <value>SAC-5517 SAC-5521</value>
      <value>SAC-5518 SAC-5522</value>
      <value>SAC-5519 SAC-5523</value>
    </correctResponse>
    <mapping defaultValue="0.00" lowerBound="0.00" upperBound="2.00">
      <mapEntry mapKey="SAC-5516 SAC-5520" mappedValue="0.50"/>
      <mapEntry mapKey="SAC-5517 SAC-5521" mappedValue="0.50"/>
      <mapEntry mapKey="SAC-5518 SAC-5522" mappedValue="0.50"/>
      <mapEntry mapKey="SAC-5519 SAC-5523" mappedValue="0.50"/>
    </mapping>
  </responseDeclaration>
  <outcomeDeclaration baseType="float" cardinality="single" identifier="SCORE287">
    <defaultValue>
      <value>0</value>
    </defaultValue>
  </outcomeDeclaration>
  <outcomeDeclaration baseType="float" cardinality="single" identifier="SCORE">
    <defaultValue>
      <value>0</value>
    </defaultValue>
  </outcomeDeclaration>
  <stylesheet href="../styles/bundled.css" type="text/css"/>
  <stylesheet href="../styles/inline.css" type="text/css"/>
  <itemBody>
    <matchInteraction maxAssociations="4" responseIdentifier="RESPONSE287" shuffle="false">
      <prompt>Match each statement to the expression it represents.<br/></prompt>
      <simpleMatchSet>
        <simpleAssociableChoice identifier="SAC-5516" matchMax="1">
          <p>Subtract 5 from 15 then divide by 2.</p>
        </simpleAssociableChoice>
        <simpleAssociableChoice identifier="SAC-5518" matchMax="1">
          <p>Add 5 and 2 then multiply by 15.</p>
        </simpleAssociableChoice>
        <simpleAssociableChoice identifier="SAC-5519" matchMax="1">
          <p>Subtract the sum of 5 and 2 from 15.</p>
        </simpleAssociableChoice>
        <simpleAssociableChoice identifier="SAC-5517" matchMax="1">
          <p>Divide 15 by 5 then add 2.</p>
        </simpleAssociableChoice>
      </simpleMatchSet>
      <simpleMatchSet>
        <simpleAssociableChoice identifier="SAC-5520" matchMax="1">
          <p xmlns:default="http://www.w3.org/1998/Math/MathML">
            <m:math xmlns="http://www.w3.org/1998/Math/MathML">   <m:mo stretchy="false">(</m:mo>   <m:mn>15</m:mn>   <m:mo>&#x2212;<!-- âˆ’ --></m:mo>   <m:mn>5</m:mn>   <m:mo stretchy="false">)</m:mo>   <m:mo>&#xF7;<!-- Ã· --></m:mo>   <m:mn>2</m:mn> </m:math>
          </p>
        </simpleAssociableChoice>
        <simpleAssociableChoice identifier="SAC-5521" matchMax="1">
          <p xmlns:default="http://www.w3.org/1998/Math/MathML">
            <m:math xmlns="http://www.w3.org/1998/Math/MathML">   <m:mo stretchy="false">(</m:mo>   <m:mn>15</m:mn>   <m:mo>&#xF7;<!-- Ã· --></m:mo>   <m:mn>5</m:mn>   <m:mo stretchy="false">)</m:mo>   <m:mo>+</m:mo>   <m:mn>2</m:mn> </m:math>
          </p>
        </simpleAssociableChoice>
        <simpleAssociableChoice identifier="SAC-5522" matchMax="1">
          <p xmlns:default="http://www.w3.org/1998/Math/MathML">
            <m:math xmlns="http://www.w3.org/1998/Math/MathML">   <m:mo stretchy="false">(</m:mo>   <m:mn>5</m:mn>   <m:mo>+</m:mo>   <m:mn>2</m:mn>   <m:mo stretchy="false">)</m:mo>   <m:mo>&#xD7;<!-- Ã— --></m:mo>   <m:mn>15</m:mn> </m:math>
          </p>
        </simpleAssociableChoice>
        <simpleAssociableChoice identifier="SAC-5523" matchMax="1">
          <p xmlns:default="http://www.w3.org/1998/Math/MathML">
            <m:math xmlns="http://www.w3.org/1998/Math/MathML">   <m:mn>15</m:mn>   <m:mo>&#x2212;<!-- âˆ’ --></m:mo>   <m:mo stretchy="false">(</m:mo>   <m:mn>5</m:mn>   <m:mo>+</m:mo>   <m:mn>2</m:mn>   <m:mo stretchy="false">)</m:mo> </m:math>
          </p>
        </simpleAssociableChoice>
      </simpleMatchSet>
    </matchInteraction>
  </itemBody>
  <responseProcessing>
    <responseCondition>
      <responseIf>
        <isNull>
          <variable identifier="RESPONSE287"/>
        </isNull>
        <setOutcomeValue identifier="SCORE287">
          <baseValue baseType="float">0.0</baseValue>
        </setOutcomeValue>
      </responseIf>
      <responseElse>
        <setOutcomeValue identifier="SCORE287">
          <mapResponse identifier="RESPONSE287"/>
        </setOutcomeValue>
      </responseElse>
    </responseCondition>
    <setOutcomeValue identifier="SCORE">
      <sum>
        <variable identifier="SCORE287"/>
      </sum>
    </setOutcomeValue>
  </responseProcessing>
</assessmentItem>
