<?xml version="1.0"?>
<assessmentItem adaptive="false" identifier="ITEM-LOGIC-MP-384" timeDependent="false" title="Select each word that is not true in the following statements." toolName="ItemLogic" toolVersion="2.0.0" xmlns="http://www.imsglobal.org/xsd/imsqti_v2p1" xmlns:m="http://www.w3.org/1998/Math/MathML" xmlns:xsi="http://www.w3.org/2001/XMLSchema-instance" xsi:schemaLocation="http://www.imsglobal.org/xsd/imsqti_v2p1  http://www.imsglobal.org/xsd/qti/qtiv2p1/imsqti_v2p1.xsd">
  <responseDeclaration baseType="identifier" cardinality="multiple" identifier="RESPONSE168">
    <correctResponse>
      <value>HT-6128</value>
      <value>HT-6129</value>
      <value>HT-6130</value>
    </correctResponse>
  </responseDeclaration>
  <outcomeDeclaration baseType="float" cardinality="single" identifier="SCORE168">
    <defaultValue>
      <value>0</value>
    </defaultValue>
  </outcomeDeclaration>
  <outcomeDeclaration baseType="float" cardinality="single" identifier="SCORE">
    <defaultValue>
      <value>0</value>
    </defaultValue>
  </outcomeDeclaration>
  <stylesheet href="../styles/bundled.css" type="text/css"/>
  <stylesheet href="../styles/inline.css" type="text/css"/>
  <itemBody>
    <hottextInteraction maxChoices="0" responseIdentifier="RESPONSE168" xmlns:default="http://www.w3.org/1998/Math/MathML"><prompt>Select each word that is not true in the following statements.<br/></prompt><p xmlns:default="http://www.w3.org/1998/Math/MathML"><m:math xmlns="http://www.w3.org/1998/Math/MathML">   <m:mo>&#x2212;<!-- âˆ’ --></m:mo>   <m:mn>1.</m:mn>   <m:mrow class="MJX-TeXAtom-ORD">     <m:mover>       <m:mn>6</m:mn>       <m:mo stretchy="false">&#xAF;<!-- Â¯ --></m:mo>     </m:mover>   </m:mrow>   <m:mo>&#xD7;<!-- Ã— --></m:mo>   <m:mn>4.5</m:mn> </m:math> is <hottext identifier="HT-6127">rational</hottext>.</p> <p><m:math xmlns="http://www.w3.org/1998/Math/MathML">   <m:mn>0</m:mn>   <m:mo>&#xD7;<!-- Ã— --></m:mo>   <m:mn>5</m:mn>   <m:msqrt>     <m:mn>2</m:mn>   </m:msqrt> </m:math> is <hottext identifier="HT-6128">irrational</hottext>.</p> <p><m:math xmlns="http://www.w3.org/1998/Math/MathML">   <m:mn>4</m:mn>   <m:mo>&#xD7;<!-- Ã— --></m:mo>   <m:mn>2</m:mn>   <m:msqrt>     <m:mn>5</m:mn>   </m:msqrt> </m:math> is <hottext identifier="HT-6129">rational</hottext>.</p> <p><m:math xmlns="http://www.w3.org/1998/Math/MathML">   <m:mi>&#x3C0;<!-- Ï€ --></m:mi>   <m:mo>&#xD7;<!-- Ã— --></m:mo>   <m:mo>&#x2212;<!-- âˆ’ --></m:mo>   <m:mn>3</m:mn>   <m:msqrt>     <m:mn>2</m:mn>   </m:msqrt> </m:math> is <hottext identifier="HT-6130">rational</hottext>.</p></hottextInteraction>
  </itemBody>
  <responseProcessing>
    <responseCondition>
      <responseIf>
        <match>
          <variable identifier="RESPONSE168"/>
          <correct identifier="RESPONSE168"/>
        </match>
        <setOutcomeValue identifier="SCORE168">
          <baseValue baseType="float">1</baseValue>
        </setOutcomeValue>
      </responseIf>
      <responseElse>
        <setOutcomeValue identifier="SCORE168">
          <baseValue baseType="float">0</baseValue>
        </setOutcomeValue>
      </responseElse>
    </responseCondition>
    <setOutcomeValue identifier="SCORE">
      <sum>
        <variable identifier="SCORE168"/>
      </sum>
    </setOutcomeValue>
  </responseProcessing>
</assessmentItem>
