<?xml version="1.0"?>
<assessmentItem adaptive="false" identifier="ITEM-LOGIC-KS-836" timeDependent="false" title="Select the character, Giraffe or Zebra, that each phrase best describes." toolName="ItemLogic" toolVersion="2.0.0" xmlns="http://www.imsglobal.org/xsd/imsqti_v2p1" xmlns:m="http://www.w3.org/1998/Math/MathML" xmlns:xsi="http://www.w3.org/2001/XMLSchema-instance" xsi:schemaLocation="http://www.imsglobal.org/xsd/imsqti_v2p1  http://www.imsglobal.org/xsd/qti/qtiv2p1/imsqti_v2p1.xsd">
  <responseDeclaration baseType="directedPair" cardinality="multiple" identifier="RESPONSE847">
    <correctResponse>
      <value>SAC-14225 SAC-14219</value>
      <value>SAC-14232 SAC-14221</value>
      <value>SAC-14233 SAC-14221</value>
      <value>SAC-14236 SAC-14219</value>
    </correctResponse>
    <mapping defaultValue="0.00" lowerBound="0.00" upperBound="2.00">
      <mapEntry mapKey="SAC-14225 SAC-14219" mappedValue="0.50"/>
      <mapEntry mapKey="SAC-14225 SAC-14221" mappedValue="0.00"/>
      <mapEntry mapKey="SAC-14232 SAC-14219" mappedValue="0.00"/>
      <mapEntry mapKey="SAC-14232 SAC-14221" mappedValue="0.50"/>
      <mapEntry mapKey="SAC-14233 SAC-14219" mappedValue="0.00"/>
      <mapEntry mapKey="SAC-14233 SAC-14221" mappedValue="0.50"/>
      <mapEntry mapKey="SAC-14236 SAC-14219" mappedValue="0.50"/>
      <mapEntry mapKey="SAC-14236 SAC-14221" mappedValue="0.00"/>
    </mapping>
  </responseDeclaration>
  <outcomeDeclaration baseType="float" cardinality="single" identifier="SCORE847">
    <defaultValue>
      <value>0</value>
    </defaultValue>
  </outcomeDeclaration>
  <outcomeDeclaration baseType="float" cardinality="single" identifier="SCORE">
    <defaultValue>
      <value>0</value>
    </defaultValue>
  </outcomeDeclaration>
  <stylesheet href="../styles/bundled.css" type="text/css"/>
  <stylesheet href="../styles/inline.css" type="text/css"/>
  <itemBody>
    <rubricBlock use="context" view="candidate author proctor scorer testConstructor tutor">
      <div>
        <object data="../passages/RSC-LOGIC-KS-3781.html" type="text/html"/>
      </div>
    </rubricBlock>
    <rubricBlock use="stimulus" view="candidate author proctor scorer testConstructor tutor">
      <div>
        <p>The author of <em>King's Chosen</em> offers many details about the two best friends, Giraffe and Zebra.</p>
      </div>
    </rubricBlock>
    <matchInteraction class="table" maxAssociations="8" responseIdentifier="RESPONSE847" shuffle="false">
      <prompt>Select the character, Giraffe or Zebra, that each phrase best describes.<br/></prompt>
      <simpleMatchSet>
        <simpleAssociableChoice identifier="SAC-14225" matchMax="1">
          <p>enjoys being playful and silly</p>
        </simpleAssociableChoice>
        <simpleAssociableChoice identifier="SAC-14232" matchMax="1">
          <p>confident in his ability to win</p>
        </simpleAssociableChoice>
        <simpleAssociableChoice identifier="SAC-14233" matchMax="1">
          <p>feels betrayed by his best friend</p>
        </simpleAssociableChoice>
        <simpleAssociableChoice identifier="SAC-14236" matchMax="1">
          <p>reveals himself to be a loyal friend</p>
        </simpleAssociableChoice>
      </simpleMatchSet>
      <simpleMatchSet>
        <simpleAssociableChoice identifier="SAC-14219" matchMax="4">
          <p>Giraffe</p>
        </simpleAssociableChoice>
        <simpleAssociableChoice identifier="SAC-14221" matchMax="4">
          <p>Zebra</p>
        </simpleAssociableChoice>
      </simpleMatchSet>
    </matchInteraction>
  </itemBody>
  <responseProcessing>
    <responseCondition>
      <responseIf>
        <isNull>
          <variable identifier="RESPONSE847"/>
        </isNull>
        <setOutcomeValue identifier="SCORE847">
          <baseValue baseType="float">0.0</baseValue>
        </setOutcomeValue>
      </responseIf>
      <responseElse>
        <setOutcomeValue identifier="SCORE847">
          <mapResponse identifier="RESPONSE847"/>
        </setOutcomeValue>
      </responseElse>
    </responseCondition>
    <setOutcomeValue identifier="SCORE">
      <sum>
        <variable identifier="SCORE847"/>
      </sum>
    </setOutcomeValue>
  </responseProcessing>
</assessmentItem>
