<?xml version="1.0"?>
<assessmentItem adaptive="false" identifier="ITEM-LOGIC-KS-970" timeDependent="false" title="Match each statement to the character that most likely has that point of view." toolName="ItemLogic" toolVersion="2.0.0" xmlns="http://www.imsglobal.org/xsd/imsqti_v2p1" xmlns:m="http://www.w3.org/1998/Math/MathML" xmlns:xsi="http://www.w3.org/2001/XMLSchema-instance" xsi:schemaLocation="http://www.imsglobal.org/xsd/imsqti_v2p1  http://www.imsglobal.org/xsd/qti/qtiv2p1/imsqti_v2p1.xsd">
  <responseDeclaration baseType="directedPair" cardinality="multiple" identifier="RESPONSE976">
    <correctResponse>
      <value>SAC-17641 SAC-17632</value>
      <value>SAC-17642 SAC-17630</value>
      <value>SAC-17643 SAC-17632</value>
      <value>SAC-18523 SAC-17630</value>
    </correctResponse>
    <mapping defaultValue="0.00" lowerBound="0.00" upperBound="2.00">
      <mapEntry mapKey="SAC-17641 SAC-17630" mappedValue="0.00"/>
      <mapEntry mapKey="SAC-17641 SAC-17632" mappedValue="0.50"/>
      <mapEntry mapKey="SAC-17642 SAC-17630" mappedValue="0.50"/>
      <mapEntry mapKey="SAC-17642 SAC-17632" mappedValue="0.00"/>
      <mapEntry mapKey="SAC-17643 SAC-17630" mappedValue="0.00"/>
      <mapEntry mapKey="SAC-17643 SAC-17632" mappedValue="0.50"/>
      <mapEntry mapKey="SAC-18523 SAC-17630" mappedValue="0.50"/>
      <mapEntry mapKey="SAC-18523 SAC-17632" mappedValue="0.00"/>
    </mapping>
  </responseDeclaration>
  <outcomeDeclaration baseType="float" cardinality="single" identifier="SCORE976">
    <defaultValue>
      <value>0</value>
    </defaultValue>
  </outcomeDeclaration>
  <outcomeDeclaration baseType="float" cardinality="single" identifier="SCORE">
    <defaultValue>
      <value>0</value>
    </defaultValue>
  </outcomeDeclaration>
  <stylesheet href="../styles/bundled.css" type="text/css"/>
  <stylesheet href="../styles/inline.css" type="text/css"/>
  <itemBody>
    <rubricBlock use="context" view="candidate author proctor scorer testConstructor tutor">
      <div>
        <object data="../passages/RSC-LOGIC-KS-7201.html" type="text/html"/>
      </div>
    </rubricBlock>
    <rubricBlock use="stimulus" view="candidate author proctor scorer testConstructor tutor">
      <div>
        <p>Hare and Tortoise have different points of view in the story.</p>
      </div>
    </rubricBlock>
    <matchInteraction class="table" maxAssociations="8" responseIdentifier="RESPONSE976" shuffle="false">
      <prompt>Match each statement to the character that most likely has that point of view.<br/></prompt>
      <simpleMatchSet>
        <simpleAssociableChoice identifier="SAC-17641" matchMax="1">
          <p>I am so wonderful.</p>
        </simpleAssociableChoice>
        <simpleAssociableChoice identifier="SAC-17642" matchMax="1">
          <p>I will try my very best.</p>
        </simpleAssociableChoice>
        <simpleAssociableChoice identifier="SAC-17643" matchMax="1">
          <p>I do not need to work hard.</p>
        </simpleAssociableChoice>
        <simpleAssociableChoice identifier="SAC-18523" matchMax="1">
          <p>I want to show someone they are wrong about me.</p>
        </simpleAssociableChoice>
      </simpleMatchSet>
      <simpleMatchSet>
        <simpleAssociableChoice identifier="SAC-17630" matchMax="4">
          <p>
            <object data="../images/tortoise-hare-headshots-tort@2x_fa8504ce22.png" height="100" type="image/png" width="100"/>
          </p>
        </simpleAssociableChoice>
        <simpleAssociableChoice identifier="SAC-17632" matchMax="4">
          <p>
            <object data="../images/tortoise-hare-headshots-hare@2x_8ee4d0c93b.png" height="100" type="image/png" width="100"/>
          </p>
        </simpleAssociableChoice>
      </simpleMatchSet>
    </matchInteraction>
  </itemBody>
  <responseProcessing>
    <responseCondition>
      <responseIf>
        <isNull>
          <variable identifier="RESPONSE976"/>
        </isNull>
        <setOutcomeValue identifier="SCORE976">
          <baseValue baseType="float">0.0</baseValue>
        </setOutcomeValue>
      </responseIf>
      <responseElse>
        <setOutcomeValue identifier="SCORE976">
          <mapResponse identifier="RESPONSE976"/>
        </setOutcomeValue>
      </responseElse>
    </responseCondition>
    <setOutcomeValue identifier="SCORE">
      <sum>
        <variable identifier="SCORE976"/>
      </sum>
    </setOutcomeValue>
  </responseProcessing>
</assessmentItem>
