<?xml version="1.0"?>
<assessmentItem adaptive="false" identifier="ITEM-LOGIC-KS-999" timeDependent="false" title="Choose the author's main purpose in writing this text." toolName="ItemLogic" toolVersion="2.0.0" xmlns="http://www.imsglobal.org/xsd/imsqti_v2p1" xmlns:m="http://www.w3.org/1998/Math/MathML" xmlns:xsi="http://www.w3.org/2001/XMLSchema-instance" xsi:schemaLocation="http://www.imsglobal.org/xsd/imsqti_v2p1  http://www.imsglobal.org/xsd/qti/qtiv2p1/imsqti_v2p1.xsd">
  <responseDeclaration baseType="identifier" cardinality="multiple" identifier="RESPONSE1037">
    <correctResponse>
      <value>HT-18675</value>
    </correctResponse>
  </responseDeclaration>
  <responseDeclaration baseType="identifier" cardinality="single" identifier="RESPONSE1039">
    <correctResponse>
      <value>IC-17826</value>
    </correctResponse>
  </responseDeclaration>
  <outcomeDeclaration baseType="float" cardinality="single" identifier="SCORE1037">
    <defaultValue>
      <value>0</value>
    </defaultValue>
  </outcomeDeclaration>
  <outcomeDeclaration baseType="float" cardinality="single" identifier="SCORE1039">
    <defaultValue>
      <value>0</value>
    </defaultValue>
  </outcomeDeclaration>
  <outcomeDeclaration baseType="float" cardinality="single" identifier="SCORE">
    <defaultValue>
      <value>0</value>
    </defaultValue>
  </outcomeDeclaration>
  <stylesheet href="../styles/bundled.css" type="text/css"/>
  <stylesheet href="../styles/inline.css" type="text/css"/>
  <itemBody>
    <rubricBlock use="context" view="candidate author proctor scorer testConstructor tutor">
      <div>
        <object data="../passages/RSC-LOGIC-KS-7326.html" type="text/html"/>
      </div>
    </rubricBlock>
    <rubricBlock use="stimulus" view="candidate author proctor scorer testConstructor tutor">
      <div>
        <p>The author of <em>A Human Food Chain</em> wrote this text and included illustrations for a purpose.</p>
      </div>
    </rubricBlock>
    <hottextInteraction maxChoices="0" responseIdentifier="RESPONSE1037">
      <prompt>Choose the author's main purpose in writing this text.<br/></prompt>
      <p>
        <hottext identifier="HT-17820">to help the reader understand why all top producers eat animals</hottext>
      </p>
      <p>
        <hottext identifier="HT-17822">to inform the reader that omnivores eat fish and apples for energy</hottext>
      </p>
      <p>
        <hottext identifier="HT-18675">to teach the reader how all parts of a human food chain work together</hottext>
      </p>
    </hottextInteraction>
    <div class="stem stem_inline">
      <div class="stem_prompt">
        <p>Complete the sentence to explain the author's purpose for including illustrations in paragraph 4.</p>
      </div>
      <p>The author's purpose for including illustrations in paragraph 4 is to <inlineChoiceInteraction responseIdentifier="RESPONSE1039" shuffle="false"><inlineChoice identifier="IC-17827">show that boys and girls like to eat different kinds of food</inlineChoice><inlineChoice identifier="IC-17828">show the size differences between consumers and top predators</inlineChoice><inlineChoice identifier="IC-17826">show how primary energy sources, primary consumers, and top predators are connected</inlineChoice></inlineChoiceInteraction>.</p>
    </div>
  </itemBody>
  <responseProcessing>
    <responseCondition>
      <responseIf>
        <match>
          <variable identifier="RESPONSE1037"/>
          <correct identifier="RESPONSE1037"/>
        </match>
        <setOutcomeValue identifier="SCORE1037">
          <baseValue baseType="float">1</baseValue>
        </setOutcomeValue>
      </responseIf>
      <responseElse>
        <setOutcomeValue identifier="SCORE1037">
          <baseValue baseType="float">0</baseValue>
        </setOutcomeValue>
      </responseElse>
    </responseCondition>
    <responseCondition>
      <responseIf>
        <match>
          <variable identifier="RESPONSE1039"/>
          <correct identifier="RESPONSE1039"/>
        </match>
        <setOutcomeValue identifier="SCORE1039">
          <baseValue baseType="float">1</baseValue>
        </setOutcomeValue>
      </responseIf>
      <responseElse>
        <setOutcomeValue identifier="SCORE1039">
          <baseValue baseType="float">0</baseValue>
        </setOutcomeValue>
      </responseElse>
    </responseCondition>
    <setOutcomeValue identifier="SCORE">
      <sum>
        <variable identifier="SCORE1037"/>
        <variable identifier="SCORE1039"/>
      </sum>
    </setOutcomeValue>
  </responseProcessing>
</assessmentItem>
