<?xml version="1.0"?>
<assessmentItem adaptive="false" identifier="ITEM-LOGIC-MP-517" timeDependent="false" title="Part A How does the narrator of &quot;Pygmalion&quot;&#xA0;challenge a central idea of &quot;Huckleberry Finn?&quot;" toolName="ItemLogic" toolVersion="2.0.0" xmlns="http://www.imsglobal.org/xsd/imsqti_v2p1" xmlns:m="http://www.w3.org/1998/Math/MathML" xmlns:xsi="http://www.w3.org/2001/XMLSchema-instance" xsi:schemaLocation="http://www.imsglobal.org/xsd/imsqti_v2p1  http://www.imsglobal.org/xsd/qti/qtiv2p1/imsqti_v2p1.xsd">
  <responseDeclaration baseType="identifier" cardinality="single" identifier="RESPONSE391">
    <correctResponse>
      <value>SC-6796</value>
    </correctResponse>
  </responseDeclaration>
  <responseDeclaration baseType="identifier" cardinality="multiple" identifier="RESPONSE392">
    <correctResponse>
      <value>HT-769543</value>
    </correctResponse>
  </responseDeclaration>
  <outcomeDeclaration baseType="float" cardinality="single" identifier="SCORE391">
    <defaultValue>
      <value>0</value>
    </defaultValue>
  </outcomeDeclaration>
  <outcomeDeclaration baseType="float" cardinality="single" identifier="SCORE392">
    <defaultValue>
      <value>0</value>
    </defaultValue>
  </outcomeDeclaration>
  <outcomeDeclaration baseType="float" cardinality="single" identifier="SCORE">
    <defaultValue>
      <value>0</value>
    </defaultValue>
  </outcomeDeclaration>
  <stylesheet href="../styles/bundled.css" type="text/css"/>
  <stylesheet href="../styles/inline.css" type="text/css"/>
  <itemBody>
    <rubricBlock use="context" view="candidate author proctor scorer testConstructor tutor">
      <div>
        <object data="../passages/RSC-LOGIC-MP-978.html" type="text/html"/>
      </div>
      <div>
        <object data="../passages/RSC-LOGIC-MP-983.html" type="text/html"/>
      </div>
    </rubricBlock>
    <choiceInteraction maxChoices="1" responseIdentifier="RESPONSE391" shuffle="false">
      <prompt>Part A<br/> How does the narrator of "Pygmalion" challenge a central idea of "Huckleberry Finn?"<br/></prompt>
      <simpleChoice fixed="true" identifier="SC-6794">
        <p>He proposes that reading is the true key to upward mobility.</p>
      </simpleChoice>
      <simpleChoice fixed="true" identifier="SC-6795">
        <p>He suggests that a life of adventure is preferable to a life of tranquility.</p>
      </simpleChoice>
      <simpleChoice fixed="true" identifier="SC-6796">
        <p>He indicates that it is difficult to adapt one's identity to new circumstances.</p>
      </simpleChoice>
      <simpleChoice fixed="true" identifier="SC-6797">
        <p>He theorizes that deception is a natural part of everyday communication.</p>
      </simpleChoice>
    </choiceInteraction>
    <hottextInteraction maxChoices="0" responseIdentifier="RESPONSE392">
      <prompt>Part B<br/> Select the evidence from "Huckleberry Finn" that best supports the answer in Part A.<br/></prompt>
      <p>
        <hottext identifier="HT-769542">"That book was made by Mr. Mark Twain, and he told the truth, mainly. There was things which he stretched, but mainly he told the truth."</hottext>
      </p>
      <p>
        <hottext identifier="HT-769543">"The Widow Douglas she took me for her son, and allowed she would sivilize me; but it was rough living in the house all the time, considering how dismal regular and decent the widow was"</hottext>
      </p>
      <p>
        <hottext identifier="HT-769544">"But Tom Sawyer he hunted me up and said he was going to start a band of robbers, and I might join if I would go back to the widow and be respectable."</hottext>
      </p>
      <p>
        <hottext identifier="HT-769545">"After supper she got out her book and learned me about Moses and the Bulrushers, and I was in a sweat to find out all about him;"</hottext>
      </p>
    </hottextInteraction>
  </itemBody>
  <responseProcessing>
    <responseCondition>
      <responseIf>
        <match>
          <variable identifier="RESPONSE391"/>
          <correct identifier="RESPONSE391"/>
        </match>
        <setOutcomeValue identifier="SCORE391">
          <baseValue baseType="float">1</baseValue>
        </setOutcomeValue>
      </responseIf>
      <responseElse>
        <setOutcomeValue identifier="SCORE391">
          <baseValue baseType="float">0</baseValue>
        </setOutcomeValue>
      </responseElse>
    </responseCondition>
    <responseCondition>
      <responseIf>
        <match>
          <variable identifier="RESPONSE392"/>
          <correct identifier="RESPONSE392"/>
        </match>
        <setOutcomeValue identifier="SCORE392">
          <baseValue baseType="float">1</baseValue>
        </setOutcomeValue>
      </responseIf>
      <responseElse>
        <setOutcomeValue identifier="SCORE392">
          <baseValue baseType="float">0</baseValue>
        </setOutcomeValue>
      </responseElse>
    </responseCondition>
    <setOutcomeValue identifier="SCORE">
      <sum>
        <variable identifier="SCORE391"/>
        <variable identifier="SCORE392"/>
      </sum>
    </setOutcomeValue>
  </responseProcessing>
</assessmentItem>
