<?xml version="1.0"?>
<assessmentItem adaptive="false" identifier="ITEM-LOGIC-KS-981" timeDependent="false" title="Part A Choose the lesson Joanne and Erin learn." toolName="ItemLogic" toolVersion="2.0.0" xmlns="http://www.imsglobal.org/xsd/imsqti_v2p1" xmlns:m="http://www.w3.org/1998/Math/MathML" xmlns:xsi="http://www.w3.org/2001/XMLSchema-instance" xsi:schemaLocation="http://www.imsglobal.org/xsd/imsqti_v2p1  http://www.imsglobal.org/xsd/qti/qtiv2p1/imsqti_v2p1.xsd">
  <responseDeclaration baseType="identifier" cardinality="multiple" identifier="RESPONSE1000">
    <correctResponse>
      <value>HT-18603</value>
    </correctResponse>
  </responseDeclaration>
  <responseDeclaration baseType="identifier" cardinality="multiple" identifier="RESPONSE1002">
    <correctResponse>
      <value>HT-18611</value>
    </correctResponse>
  </responseDeclaration>
  <outcomeDeclaration baseType="float" cardinality="single" identifier="SCORE1000">
    <defaultValue>
      <value>0</value>
    </defaultValue>
  </outcomeDeclaration>
  <outcomeDeclaration baseType="float" cardinality="single" identifier="SCORE1002">
    <defaultValue>
      <value>0</value>
    </defaultValue>
  </outcomeDeclaration>
  <outcomeDeclaration baseType="float" cardinality="single" identifier="SCORE">
    <defaultValue>
      <value>0</value>
    </defaultValue>
  </outcomeDeclaration>
  <stylesheet href="../styles/bundled.css" type="text/css"/>
  <stylesheet href="../styles/inline.css" type="text/css"/>
  <itemBody>
    <rubricBlock use="context" view="candidate author proctor scorer testConstructor tutor">
      <div>
        <object data="../passages/RSC-LOGIC-KS-7322.html" type="text/html"/>
      </div>
    </rubricBlock>
    <rubricBlock use="stimulus" view="candidate author proctor scorer testConstructor tutor">
      <div>
        <p>In the story,&#xA0;<em>Too Crowded</em>, the characters learn a lesson.</p>
      </div>
    </rubricBlock>
    <hottextInteraction maxChoices="0" responseIdentifier="RESPONSE1000">
      <prompt>Part A<br/> Choose the lesson Joanne and Erin learn.<br/></prompt>
      <p>
        <hottext identifier="HT-17787">The first plan is always the best plan.</hottext>
      </p>
      <p>
        <hottext identifier="HT-17789">Making a plan is not usually worth the time.</hottext>
      </p>
      <p>
        <hottext identifier="HT-18603">When a plan does not work out, a new plan can be fun.</hottext>
      </p>
    </hottextInteraction>
    <hottextInteraction maxChoices="0" responseIdentifier="RESPONSE1002">
      <prompt>Part B<br/> How do Joanne and Erin learn the lesson in Part A?<br/></prompt>
      <p>
        <hottext identifier="HT-18610">They walk for a long time, but then have fun at the pool.</hottext>
      </p>
      <p>
        <hottext identifier="HT-18609">They hear happy pool noises, but find that the pool is not fun.</hottext>
      </p>
      <p>
        <hottext identifier="HT-18611">They find that the pool is crowded, but then have fun at the lake.</hottext>
      </p>
    </hottextInteraction>
  </itemBody>
  <responseProcessing>
    <responseCondition>
      <responseIf>
        <match>
          <variable identifier="RESPONSE1000"/>
          <correct identifier="RESPONSE1000"/>
        </match>
        <setOutcomeValue identifier="SCORE1000">
          <baseValue baseType="float">1</baseValue>
        </setOutcomeValue>
      </responseIf>
      <responseElse>
        <setOutcomeValue identifier="SCORE1000">
          <baseValue baseType="float">0</baseValue>
        </setOutcomeValue>
      </responseElse>
    </responseCondition>
    <responseCondition>
      <responseIf>
        <match>
          <variable identifier="RESPONSE1002"/>
          <correct identifier="RESPONSE1002"/>
        </match>
        <setOutcomeValue identifier="SCORE1002">
          <baseValue baseType="float">1</baseValue>
        </setOutcomeValue>
      </responseIf>
      <responseElse>
        <setOutcomeValue identifier="SCORE1002">
          <baseValue baseType="float">0</baseValue>
        </setOutcomeValue>
      </responseElse>
    </responseCondition>
    <setOutcomeValue identifier="SCORE">
      <sum>
        <variable identifier="SCORE1000"/>
        <variable identifier="SCORE1002"/>
      </sum>
    </setOutcomeValue>
  </responseProcessing>
</assessmentItem>
