<?xml version="1.0"?>
<assessmentItem adaptive="false" identifier="ITEM-LOGIC-MP-631" timeDependent="false" title="Choose the correct number to complete the sentence." toolName="ItemLogic" toolVersion="2.0.0" xmlns="http://www.imsglobal.org/xsd/imsqti_v2p1" xmlns:m="http://www.w3.org/1998/Math/MathML" xmlns:xsi="http://www.w3.org/2001/XMLSchema-instance" xsi:schemaLocation="http://www.imsglobal.org/xsd/imsqti_v2p1  http://www.imsglobal.org/xsd/qti/qtiv2p1/imsqti_v2p1.xsd">
  <responseDeclaration baseType="identifier" cardinality="single" identifier="RESPONSE538">
    <correctResponse>
      <value>IC-13178</value>
    </correctResponse>
  </responseDeclaration>
  <outcomeDeclaration baseType="float" cardinality="single" identifier="SCORE538">
    <defaultValue>
      <value>0</value>
    </defaultValue>
  </outcomeDeclaration>
  <outcomeDeclaration baseType="float" cardinality="single" identifier="SCORE">
    <defaultValue>
      <value>0</value>
    </defaultValue>
  </outcomeDeclaration>
  <stylesheet href="../styles/bundled.css" type="text/css"/>
  <stylesheet href="../styles/inline.css" type="text/css"/>
  <itemBody>
    <rubricBlock use="stimulus" view="candidate author proctor scorer testConstructor tutor" xmlns:default="http://www.w3.org/1998/Math/MathML">
      <div>
        <p xmlns:default="http://www.w3.org/1998/Math/MathML">The shaded area of this model represents <m:math xmlns="http://www.w3.org/1998/Math/MathML">   <m:mn>7</m:mn>   <m:mo>&#xD7;<!-- × --></m:mo>   <m:mfrac>     <m:mn>1</m:mn>     <m:mn>4</m:mn>   </m:mfrac> </m:math>.</p>
        <p>
          <object data="../images/IGOMOL631_fraction_bar_c3e2d799ef.png" height="116" type="image/png" width="326"/>
        </p>
      </div>
    </rubricBlock>
    <div class="stem stem_inline" xmlns:default="http://www.w3.org/1998/Math/MathML">
      <div class="stem_prompt">
        <p>Choose the correct number to complete the sentence.</p>
      </div>
      <p xmlns:default="http://www.w3.org/1998/Math/MathML">The value of <m:math xmlns="http://www.w3.org/1998/Math/MathML">   <m:mn>7</m:mn>   <m:mo>&#xD7;<!-- Ã— --></m:mo>   <m:mfrac>     <m:mn>1</m:mn>     <m:mn>4</m:mn>   </m:mfrac> </m:math> is <inlineChoiceInteraction responseIdentifier="RESPONSE538" shuffle="false"><inlineChoice identifier="IC-8801">one-fourth</inlineChoice><inlineChoice identifier="IC-8803">four-sevenths</inlineChoice><inlineChoice identifier="IC-13177">seven-eighths</inlineChoice><inlineChoice identifier="IC-8804">four-thirds</inlineChoice><inlineChoice identifier="IC-13178">seven-fourths</inlineChoice></inlineChoiceInteraction>.</p>
    </div>
  </itemBody>
  <responseProcessing>
    <responseCondition>
      <responseIf>
        <match>
          <variable identifier="RESPONSE538"/>
          <correct identifier="RESPONSE538"/>
        </match>
        <setOutcomeValue identifier="SCORE538">
          <baseValue baseType="float">1</baseValue>
        </setOutcomeValue>
      </responseIf>
      <responseElse>
        <setOutcomeValue identifier="SCORE538">
          <baseValue baseType="float">0</baseValue>
        </setOutcomeValue>
      </responseElse>
    </responseCondition>
    <setOutcomeValue identifier="SCORE">
      <sum>
        <variable identifier="SCORE538"/>
      </sum>
    </setOutcomeValue>
  </responseProcessing>
</assessmentItem>
