<?xml version="1.0"?>
<assessmentItem adaptive="false" identifier="ITEM-LOGIC-KS-807" timeDependent="false" title="Click on all of Kia's shapes that have at least one line of symmetry." toolName="ItemLogic" toolVersion="2.0.0" xmlns="http://www.imsglobal.org/xsd/imsqti_v2p1" xmlns:m="http://www.w3.org/1998/Math/MathML" xmlns:xsi="http://www.w3.org/2001/XMLSchema-instance" xsi:schemaLocation="http://www.imsglobal.org/xsd/imsqti_v2p1  http://www.imsglobal.org/xsd/qti/qtiv2p1/imsqti_v2p1.xsd">
  <responseDeclaration baseType="identifier" cardinality="multiple" identifier="RESPONSE797">
    <correctResponse>
      <value>HS-13213</value>
      <value>HS-13214</value>
      <value>HS-13215</value>
    </correctResponse>
  </responseDeclaration>
  <responseDeclaration baseType="identifier" cardinality="single" identifier="RESPONSE798">
    <correctResponse>
      <value>SC-12805</value>
    </correctResponse>
  </responseDeclaration>
  <outcomeDeclaration baseType="float" cardinality="single" identifier="SCORE797">
    <defaultValue>
      <value>0</value>
    </defaultValue>
  </outcomeDeclaration>
  <outcomeDeclaration baseType="float" cardinality="single" identifier="SCORE798">
    <defaultValue>
      <value>0</value>
    </defaultValue>
  </outcomeDeclaration>
  <outcomeDeclaration baseType="float" cardinality="single" identifier="SCORE">
    <defaultValue>
      <value>0</value>
    </defaultValue>
  </outcomeDeclaration>
  <stylesheet href="../styles/bundled.css" type="text/css"/>
  <stylesheet href="../styles/inline.css" type="text/css"/>
  <itemBody>
    <rubricBlock use="stimulus" view="candidate author proctor scorer testConstructor tutor">
      <div>
        <p>Kia drew several shapes.</p>
      </div>
    </rubricBlock>
    <hotspotInteraction maxChoices="0" responseIdentifier="RESPONSE797">
      <prompt>Click on all of Kia's shapes that have at least one line of symmetry.<br/></prompt>
      <object data="../images/shapes-symmetrical@2x_o_87b26db549.png" height="335" type="image/png" width="500"/>
      <hotspotChoice coords="15,13,158,159" identifier="HS-13211" shape="rect"/>
      <hotspotChoice coords="179,13,322,159" identifier="HS-13212" shape="rect"/>
      <hotspotChoice coords="342,13,485,159" identifier="HS-13213" shape="rect"/>
      <hotspotChoice coords="15,177,158,323" identifier="HS-13214" shape="rect"/>
      <hotspotChoice coords="179,177,322,323" identifier="HS-13215" shape="rect"/>
      <hotspotChoice coords="341,176,484,322" identifier="HS-13216" shape="rect"/>
    </hotspotInteraction>
    <choiceInteraction maxChoices="1" responseIdentifier="RESPONSE798" shuffle="false">
      <prompt>How many of Kia's shapes have at least two lines of symmetry?<br/></prompt>
      <simpleChoice fixed="true" identifier="SC-13066">
        <p>0</p>
      </simpleChoice>
      <simpleChoice fixed="true" identifier="SC-12804">
        <p>1</p>
      </simpleChoice>
      <simpleChoice fixed="true" identifier="SC-12805">
        <p>2</p>
      </simpleChoice>
      <simpleChoice fixed="true" identifier="SC-12806">
        <p>3</p>
      </simpleChoice>
    </choiceInteraction>
  </itemBody>
  <responseProcessing>
    <responseCondition>
      <responseIf>
        <match>
          <variable identifier="RESPONSE797"/>
          <correct identifier="RESPONSE797"/>
        </match>
        <setOutcomeValue identifier="SCORE797">
          <baseValue baseType="float">1</baseValue>
        </setOutcomeValue>
      </responseIf>
      <responseElse>
        <setOutcomeValue identifier="SCORE797">
          <baseValue baseType="float">0</baseValue>
        </setOutcomeValue>
      </responseElse>
    </responseCondition>
    <responseCondition>
      <responseIf>
        <match>
          <variable identifier="RESPONSE798"/>
          <correct identifier="RESPONSE798"/>
        </match>
        <setOutcomeValue identifier="SCORE798">
          <baseValue baseType="float">1</baseValue>
        </setOutcomeValue>
      </responseIf>
      <responseElse>
        <setOutcomeValue identifier="SCORE798">
          <baseValue baseType="float">0</baseValue>
        </setOutcomeValue>
      </responseElse>
    </responseCondition>
    <setOutcomeValue identifier="SCORE">
      <sum>
        <variable identifier="SCORE797"/>
        <variable identifier="SCORE798"/>
      </sum>
    </setOutcomeValue>
  </responseProcessing>
</assessmentItem>
