<?xml version="1.0"?>
<assessmentItem adaptive="false" identifier="ITEM-LOGIC-MP-376" timeDependent="false" title="Based on &quot;An Excerpt from the Transcript of the Truman Doctrine,&quot;&#xA0;match the rhetorical technique wi" toolName="ItemLogic" toolVersion="2.0.0" xmlns="http://www.imsglobal.org/xsd/imsqti_v2p1" xmlns:m="http://www.w3.org/1998/Math/MathML" xmlns:xsi="http://www.w3.org/2001/XMLSchema-instance" xsi:schemaLocation="http://www.imsglobal.org/xsd/imsqti_v2p1  http://www.imsglobal.org/xsd/qti/qtiv2p1/imsqti_v2p1.xsd">
  <responseDeclaration baseType="directedPair" cardinality="multiple" identifier="RESPONSE157">
    <correctResponse>
      <value>SAC-4477 SAC-4484</value>
      <value>SAC-4478 SAC-4482</value>
      <value>SAC-4479 SAC-4483</value>
      <value>SAC-4480 SAC-4481</value>
    </correctResponse>
    <mapping defaultValue="-1.00" lowerBound="0.00" upperBound="2.00">
      <mapEntry mapKey="SAC-4477 SAC-4484" mappedValue="0.50"/>
      <mapEntry mapKey="SAC-4478 SAC-4482" mappedValue="0.50"/>
      <mapEntry mapKey="SAC-4479 SAC-4483" mappedValue="0.50"/>
      <mapEntry mapKey="SAC-4480 SAC-4481" mappedValue="0.50"/>
    </mapping>
  </responseDeclaration>
  <outcomeDeclaration baseType="float" cardinality="single" identifier="SCORE157">
    <defaultValue>
      <value>0</value>
    </defaultValue>
  </outcomeDeclaration>
  <outcomeDeclaration baseType="float" cardinality="single" identifier="SCORE">
    <defaultValue>
      <value>0</value>
    </defaultValue>
  </outcomeDeclaration>
  <stylesheet href="../styles/bundled.css" type="text/css"/>
  <stylesheet href="../styles/inline.css" type="text/css"/>
  <itemBody>
    <rubricBlock use="context" view="candidate author proctor scorer testConstructor tutor">
      <div>
        <object data="../passages/RSC-LOGIC-MP-959.html" type="text/html"/>
      </div>
    </rubricBlock>
    <matchInteraction maxAssociations="4" responseIdentifier="RESPONSE157" shuffle="false">
      <prompt>Based on "An Excerpt from the Transcript of the Truman Doctrine," match the rhetorical technique with the paragraph pair in which Truman uses that technique to advance his purpose.<br/></prompt>
      <simpleMatchSet>
        <simpleAssociableChoice identifier="SAC-4477" matchMax="1">
          <p>Paragraph 5</p>
        </simpleAssociableChoice>
        <simpleAssociableChoice identifier="SAC-4478" matchMax="1">
          <p>Paragraphs 8 and 9</p>
        </simpleAssociableChoice>
        <simpleAssociableChoice identifier="SAC-4479" matchMax="1">
          <p>Paragraphs 10, 11 and 12</p>
        </simpleAssociableChoice>
        <simpleAssociableChoice identifier="SAC-4480" matchMax="1">
          <p>Paragraphs 16 and 17</p>
        </simpleAssociableChoice>
      </simpleMatchSet>
      <simpleMatchSet>
        <simpleAssociableChoice identifier="SAC-4481" matchMax="1">
          <p>Emotional appeal</p>
        </simpleAssociableChoice>
        <simpleAssociableChoice identifier="SAC-4482" matchMax="1">
          <p>Comparison</p>
        </simpleAssociableChoice>
        <simpleAssociableChoice identifier="SAC-4486" matchMax="1">
          <p>Exaggeration</p>
        </simpleAssociableChoice>
        <simpleAssociableChoice identifier="SAC-4483" matchMax="1">
          <p>Parallelism</p>
        </simpleAssociableChoice>
        <simpleAssociableChoice identifier="SAC-4484" matchMax="1">
          <p>Figurative language</p>
        </simpleAssociableChoice>
        <simpleAssociableChoice identifier="SAC-7589" matchMax="1">
          <p>Understatement</p>
        </simpleAssociableChoice>
      </simpleMatchSet>
    </matchInteraction>
  </itemBody>
  <responseProcessing>
    <responseCondition>
      <responseIf>
        <isNull>
          <variable identifier="RESPONSE157"/>
        </isNull>
        <setOutcomeValue identifier="SCORE157">
          <baseValue baseType="float">0.0</baseValue>
        </setOutcomeValue>
      </responseIf>
      <responseElse>
        <setOutcomeValue identifier="SCORE157">
          <mapResponse identifier="RESPONSE157"/>
        </setOutcomeValue>
      </responseElse>
    </responseCondition>
    <setOutcomeValue identifier="SCORE">
      <sum>
        <variable identifier="SCORE157"/>
      </sum>
    </setOutcomeValue>
  </responseProcessing>
</assessmentItem>
