<?xml version="1.0"?>
<assessmentItem adaptive="false" identifier="ITEM-LOGIC-KS-935" timeDependent="false" title="Click the measurement that is correct." toolName="ItemLogic" toolVersion="2.0.0" xmlns="http://www.imsglobal.org/xsd/imsqti_v2p1" xmlns:m="http://www.w3.org/1998/Math/MathML" xmlns:xsi="http://www.w3.org/2001/XMLSchema-instance" xsi:schemaLocation="http://www.imsglobal.org/xsd/imsqti_v2p1  http://www.imsglobal.org/xsd/qti/qtiv2p1/imsqti_v2p1.xsd">
  <responseDeclaration baseType="identifier" cardinality="multiple" identifier="RESPONSE914">
    <correctResponse>
      <value>HT-16199</value>
    </correctResponse>
  </responseDeclaration>
  <responseDeclaration baseType="identifier" cardinality="single" identifier="RESPONSE916">
    <correctResponse>
      <value>SC-16206</value>
    </correctResponse>
  </responseDeclaration>
  <outcomeDeclaration baseType="float" cardinality="single" identifier="SCORE914">
    <defaultValue>
      <value>0</value>
    </defaultValue>
  </outcomeDeclaration>
  <outcomeDeclaration baseType="float" cardinality="single" identifier="SCORE916">
    <defaultValue>
      <value>0</value>
    </defaultValue>
  </outcomeDeclaration>
  <outcomeDeclaration baseType="float" cardinality="single" identifier="SCORE">
    <defaultValue>
      <value>0</value>
    </defaultValue>
  </outcomeDeclaration>
  <stylesheet href="../styles/bundled.css" type="text/css"/>
  <stylesheet href="../styles/inline.css" type="text/css"/>
  <itemBody>
    <rubricBlock use="stimulus" view="candidate author proctor scorer testConstructor tutor">
      <div>
        <p>Adam used blocks to measure the lengths of different shoes.</p>
        <p>
          <object data="../images/shoes-blocks@2x_1b7ebb9fcb.png" height="310" type="image/png" width="400"/>
        </p>
      </div>
    </rubricBlock>
    <hottextInteraction maxChoices="0" responseIdentifier="RESPONSE914">
      <prompt>Click the measurement that is correct.<br/></prompt>
      <p>The sneaker is exactly <hottext identifier="HT-16198">7 blocks</hottext> long. The sandal is exactly <hottext identifier="HT-16199">5 blocks</hottext> long. The rain boot is exactly <hottext identifier="HT-16200">4 blocks</hottext> long. The dress shoe is exactly <hottext identifier="HT-16201">5 blocks</hottext> long.</p>
    </hottextInteraction>
    <choiceInteraction maxChoices="1" responseIdentifier="RESPONSE916" shuffle="false">
      <prompt>Which is the shortest shoe Adam measured?<br/></prompt>
      <simpleChoice fixed="true" identifier="SC-16203">
        <p>sneaker</p>
      </simpleChoice>
      <simpleChoice fixed="true" identifier="SC-16204">
        <p>sandal</p>
      </simpleChoice>
      <simpleChoice fixed="true" identifier="SC-16205">
        <p>rain boot</p>
      </simpleChoice>
      <simpleChoice fixed="true" identifier="SC-16206">
        <p>dress shoe</p>
      </simpleChoice>
    </choiceInteraction>
  </itemBody>
  <responseProcessing>
    <responseCondition>
      <responseIf>
        <match>
          <variable identifier="RESPONSE914"/>
          <correct identifier="RESPONSE914"/>
        </match>
        <setOutcomeValue identifier="SCORE914">
          <baseValue baseType="float">1</baseValue>
        </setOutcomeValue>
      </responseIf>
      <responseElse>
        <setOutcomeValue identifier="SCORE914">
          <baseValue baseType="float">0</baseValue>
        </setOutcomeValue>
      </responseElse>
    </responseCondition>
    <responseCondition>
      <responseIf>
        <match>
          <variable identifier="RESPONSE916"/>
          <correct identifier="RESPONSE916"/>
        </match>
        <setOutcomeValue identifier="SCORE916">
          <baseValue baseType="float">1</baseValue>
        </setOutcomeValue>
      </responseIf>
      <responseElse>
        <setOutcomeValue identifier="SCORE916">
          <baseValue baseType="float">0</baseValue>
        </setOutcomeValue>
      </responseElse>
    </responseCondition>
    <setOutcomeValue identifier="SCORE">
      <sum>
        <variable identifier="SCORE914"/>
        <variable identifier="SCORE916"/>
      </sum>
    </setOutcomeValue>
  </responseProcessing>
</assessmentItem>
