<?xml version="1.0"?>
<assessmentItem adaptive="false" identifier="ITEM-LOGIC-MP-625" timeDependent="false" title="Match a word that describes the bird in &quot;Take-Off,&quot;&#xA0;a word that describes the two birds in &quot;Flight " toolName="ItemLogic" toolVersion="2.0.0" xmlns="http://www.imsglobal.org/xsd/imsqti_v2p1" xmlns:m="http://www.w3.org/1998/Math/MathML" xmlns:xsi="http://www.w3.org/2001/XMLSchema-instance" xsi:schemaLocation="http://www.imsglobal.org/xsd/imsqti_v2p1  http://www.imsglobal.org/xsd/qti/qtiv2p1/imsqti_v2p1.xsd">
  <responseDeclaration baseType="directedPair" cardinality="multiple" identifier="RESPONSE527">
    <correctResponse>
      <value>SAC-8705 SAC-8709</value>
      <value>SAC-8706 SAC-8710</value>
      <value>SAC-8707 SAC-8712</value>
    </correctResponse>
  </responseDeclaration>
  <outcomeDeclaration baseType="float" cardinality="single" identifier="SCORE527">
    <defaultValue>
      <value>0</value>
    </defaultValue>
  </outcomeDeclaration>
  <outcomeDeclaration baseType="float" cardinality="single" identifier="SCORE">
    <defaultValue>
      <value>0</value>
    </defaultValue>
  </outcomeDeclaration>
  <stylesheet href="../styles/bundled.css" type="text/css"/>
  <stylesheet href="../styles/inline.css" type="text/css"/>
  <itemBody>
    <rubricBlock use="context" view="candidate author proctor scorer testConstructor tutor">
      <div>
        <object data="../passages/RSC-LOGIC-MP-1648.html" type="text/html"/>
      </div>
      <div>
        <object data="../passages/RSC-LOGIC-MP-1677.html" type="text/html"/>
      </div>
    </rubricBlock>
    <matchInteraction maxAssociations="3" responseIdentifier="RESPONSE527" shuffle="false">
      <prompt>Match a word that describes the bird in "Take-Off," a word that describes the two birds in "Flight Practice," and a word that describes the birds in both selections.<br/></prompt>
      <simpleMatchSet>
        <simpleAssociableChoice identifier="SAC-8705" matchMax="1">
          <p>Young bird in "Takeoff?"</p>
        </simpleAssociableChoice>
        <simpleAssociableChoice identifier="SAC-8706" matchMax="1">
          <p>Two young birds in "Flight Practice"</p>
        </simpleAssociableChoice>
        <simpleAssociableChoice identifier="SAC-8707" matchMax="1">
          <p>The birds in both selections</p>
        </simpleAssociableChoice>
      </simpleMatchSet>
      <simpleMatchSet>
        <simpleAssociableChoice identifier="SAC-8708" matchMax="1">
          <p>talented</p>
        </simpleAssociableChoice>
        <simpleAssociableChoice identifier="SAC-8709" matchMax="1">
          <p>nervous</p>
        </simpleAssociableChoice>
        <simpleAssociableChoice identifier="SAC-8710" matchMax="1">
          <p>eager</p>
        </simpleAssociableChoice>
        <simpleAssociableChoice identifier="SAC-8711" matchMax="1">
          <p>overconfident</p>
        </simpleAssociableChoice>
        <simpleAssociableChoice identifier="SAC-8712" matchMax="1">
          <p>inexperienced</p>
        </simpleAssociableChoice>
        <simpleAssociableChoice identifier="SAC-8713" matchMax="1">
          <p>joyful</p>
        </simpleAssociableChoice>
      </simpleMatchSet>
    </matchInteraction>
  </itemBody>
  <responseProcessing>
    <responseCondition>
      <responseIf>
        <match>
          <variable identifier="RESPONSE527"/>
          <correct identifier="RESPONSE527"/>
        </match>
        <setOutcomeValue identifier="SCORE527">
          <baseValue baseType="float">1</baseValue>
        </setOutcomeValue>
      </responseIf>
      <responseElse>
        <setOutcomeValue identifier="SCORE527">
          <baseValue baseType="float">0</baseValue>
        </setOutcomeValue>
      </responseElse>
    </responseCondition>
    <setOutcomeValue identifier="SCORE">
      <sum>
        <variable identifier="SCORE527"/>
      </sum>
    </setOutcomeValue>
  </responseProcessing>
</assessmentItem>
