<?xml version="1.0"?>
<assessmentItem adaptive="false" identifier="ITEM-LOGIC-MP-523" timeDependent="false" title="Part A Select the option that completes the sentence." toolName="ItemLogic" toolVersion="2.0.0" xmlns="http://www.imsglobal.org/xsd/imsqti_v2p1" xmlns:m="http://www.w3.org/1998/Math/MathML" xmlns:xsi="http://www.w3.org/2001/XMLSchema-instance" xsi:schemaLocation="http://www.imsglobal.org/xsd/imsqti_v2p1  http://www.imsglobal.org/xsd/qti/qtiv2p1/imsqti_v2p1.xsd">
  <responseDeclaration baseType="identifier" cardinality="single" identifier="RESPONSE403">
    <correctResponse>
      <value>IC-7054</value>
    </correctResponse>
  </responseDeclaration>
  <responseDeclaration baseType="identifier" cardinality="multiple" identifier="RESPONSE405">
    <correctResponse>
      <value>HT-7942</value>
    </correctResponse>
  </responseDeclaration>
  <outcomeDeclaration baseType="float" cardinality="single" identifier="SCORE403">
    <defaultValue>
      <value>0</value>
    </defaultValue>
  </outcomeDeclaration>
  <outcomeDeclaration baseType="float" cardinality="single" identifier="SCORE405">
    <defaultValue>
      <value>0</value>
    </defaultValue>
  </outcomeDeclaration>
  <outcomeDeclaration baseType="float" cardinality="single" identifier="SCORE">
    <defaultValue>
      <value>0</value>
    </defaultValue>
  </outcomeDeclaration>
  <stylesheet href="../styles/bundled.css" type="text/css"/>
  <stylesheet href="../styles/inline.css" type="text/css"/>
  <itemBody>
    <rubricBlock use="context" view="candidate author proctor scorer testConstructor tutor">
      <div>
        <object data="../passages/RSC-LOGIC-MP-960.html" type="text/html"/>
      </div>
    </rubricBlock>
    <div class="stem stem_inline">
      <div class="stem_prompt"><p>Part A</p> <p>Select the option that completes the sentence.</p></div>
      <p>A central idea of "The Song of Hiawatha" is that <inlineChoiceInteraction responseIdentifier="RESPONSE403" shuffle="false"><inlineChoice identifier="IC-7055">nature is to be protected, not exploited.</inlineChoice><inlineChoice identifier="IC-7054">people have much in common despite cultural differences.</inlineChoice><inlineChoice identifier="IC-7057">the shortness of life gives meaning to individuals' endeavors.</inlineChoice><inlineChoice identifier="IC-7056">an essential aspect of heroism is sacrificing oneself for a cause.</inlineChoice></inlineChoiceInteraction></p>
    </div>
    <hottextInteraction maxChoices="0" responseIdentifier="RESPONSE405">
      <prompt>Part B<br/> Select the excerpt from "The Song of Hiawatha" that supports the answer in Part A.<br/></prompt>
      <p>
        <hottext identifier="HT-7940">"Sang his wondrous birth and being, / How he prayed and how he fasted,"</hottext>
      </p>
      <p>
        <hottext identifier="HT-7941">"Ye who love the haunts of Nature, / Love the sunshine of the meadow, / Love the shadow of the forest,"</hottext>
      </p>
      <p>
        <hottext identifier="HT-7942">"Who believe that in all ages, / Every human heart is human,"</hottext>
      </p>
      <p>
        <hottext identifier="HT-7943">"Pause by some neglected graveyard, / For a while to muse and ponder, / On a half-effaced inscription,"</hottext>
      </p>
    </hottextInteraction>
  </itemBody>
  <responseProcessing>
    <responseCondition>
      <responseIf>
        <match>
          <variable identifier="RESPONSE403"/>
          <correct identifier="RESPONSE403"/>
        </match>
        <setOutcomeValue identifier="SCORE403">
          <baseValue baseType="float">1</baseValue>
        </setOutcomeValue>
      </responseIf>
      <responseElse>
        <setOutcomeValue identifier="SCORE403">
          <baseValue baseType="float">0</baseValue>
        </setOutcomeValue>
      </responseElse>
    </responseCondition>
    <responseCondition>
      <responseIf>
        <match>
          <variable identifier="RESPONSE405"/>
          <correct identifier="RESPONSE405"/>
        </match>
        <setOutcomeValue identifier="SCORE405">
          <baseValue baseType="float">1</baseValue>
        </setOutcomeValue>
      </responseIf>
      <responseElse>
        <setOutcomeValue identifier="SCORE405">
          <baseValue baseType="float">0</baseValue>
        </setOutcomeValue>
      </responseElse>
    </responseCondition>
    <setOutcomeValue identifier="SCORE">
      <sum>
        <variable identifier="SCORE403"/>
        <variable identifier="SCORE405"/>
      </sum>
    </setOutcomeValue>
  </responseProcessing>
</assessmentItem>
