<?xml version="1.0"?>
<assessmentItem adaptive="false" identifier="ITEM-LOGIC-MP-621" timeDependent="false" title="Match the descriptions of the parts of a lever with the appropriate parts in the diagram from &quot;Lever" toolName="ItemLogic" toolVersion="2.0.0" xmlns="http://www.imsglobal.org/xsd/imsqti_v2p1" xmlns:m="http://www.w3.org/1998/Math/MathML" xmlns:xsi="http://www.w3.org/2001/XMLSchema-instance" xsi:schemaLocation="http://www.imsglobal.org/xsd/imsqti_v2p1  http://www.imsglobal.org/xsd/qti/qtiv2p1/imsqti_v2p1.xsd">
  <responseDeclaration baseType="directedPair" cardinality="multiple" identifier="RESPONSE520">
    <correctResponse>
      <value>GI-11746 HS-11778</value>
      <value>GI-11745 HS-11779</value>
      <value>GI-11747 HS-11781</value>
    </correctResponse>
  </responseDeclaration>
  <outcomeDeclaration baseType="float" cardinality="single" identifier="SCORE520">
    <defaultValue>
      <value>0</value>
    </defaultValue>
  </outcomeDeclaration>
  <outcomeDeclaration baseType="float" cardinality="single" identifier="SCORE">
    <defaultValue>
      <value>0</value>
    </defaultValue>
  </outcomeDeclaration>
  <stylesheet href="../styles/bundled.css" type="text/css"/>
  <stylesheet href="../styles/inline.css" type="text/css"/>
  <itemBody>
    <rubricBlock use="context" view="candidate author proctor scorer testConstructor tutor">
      <div>
        <object data="../passages/RSC-LOGIC-MP-1675.html" type="text/html"/>
      </div>
    </rubricBlock>
    <graphicGapMatchInteraction responseIdentifier="RESPONSE520">
      <prompt>Match the descriptions of the parts of a lever with the appropriate parts in the diagram from "Levers."<br/>.<br/></prompt>
      <object data="../images/FROERI621_Levers_stem_01_o_e731be7ed7.png" height="357" type="image/png" width="500"/>
      <gapImg identifier="GI-11745" matchMax="1">
        <object data="../images/FROERI621_Levers_opt_a01_o_9c23da8295.png" height="70" type="image/png" width="122"/>
      </gapImg>
      <gapImg identifier="GI-11746" matchMax="1">
        <object data="../images/FROERI621_Levers_opt_b01_o_fc44fb0ac1.png" height="70" type="image/png" width="122"/>
      </gapImg>
      <gapImg identifier="GI-11747" matchMax="1">
        <object data="../images/FROERI621_Levers_opt_c01_o_8d992c28e2.png" height="70" type="image/png" width="122"/>
      </gapImg>
      <associableHotspot coords="21,284,143,354" identifier="HS-11778" matchMax="1" shape="rect"/>
      <associableHotspot coords="146,44,268,114" identifier="HS-11779" matchMax="1" shape="rect"/>
      <associableHotspot coords="370,71,492,141" identifier="HS-11781" matchMax="1" shape="rect"/>
    </graphicGapMatchInteraction>
  </itemBody>
  <responseProcessing>
    <responseCondition>
      <responseIf>
        <match>
          <variable identifier="RESPONSE520"/>
          <correct identifier="RESPONSE520"/>
        </match>
        <setOutcomeValue identifier="SCORE520">
          <baseValue baseType="float">1</baseValue>
        </setOutcomeValue>
      </responseIf>
      <responseElse>
        <setOutcomeValue identifier="SCORE520">
          <baseValue baseType="float">0</baseValue>
        </setOutcomeValue>
      </responseElse>
    </responseCondition>
    <setOutcomeValue identifier="SCORE">
      <sum>
        <variable identifier="SCORE520"/>
      </sum>
    </setOutcomeValue>
  </responseProcessing>
</assessmentItem>
