<?xml version="1.0"?>
<assessmentItem adaptive="false" identifier="ITEM-LOGIC-MP-410" timeDependent="false" title="Based on the selection, complete the cause-and-effect chart by selecting the correct effect for each" toolName="ItemLogic" toolVersion="2.0.0" xmlns="http://www.imsglobal.org/xsd/imsqti_v2p1" xmlns:m="http://www.w3.org/1998/Math/MathML" xmlns:xsi="http://www.w3.org/2001/XMLSchema-instance" xsi:schemaLocation="http://www.imsglobal.org/xsd/imsqti_v2p1  http://www.imsglobal.org/xsd/qti/qtiv2p1/imsqti_v2p1.xsd">
  <responseDeclaration baseType="directedPair" cardinality="multiple" identifier="RESPONSE208">
    <correctResponse>
      <value>GI-5998 HS-6007</value>
      <value>GI-5999 HS-6003</value>
      <value>GI-6001 HS-6005</value>
      <value>GI-6002 HS-6006</value>
    </correctResponse>
    <mapping defaultValue="-1.00" lowerBound="1.00" upperBound="2.00">
      <mapEntry mapKey="GI-5998 HS-6007" mappedValue="0.50"/>
      <mapEntry mapKey="GI-5999 HS-6003" mappedValue="0.50"/>
      <mapEntry mapKey="GI-6001 HS-6005" mappedValue="0.50"/>
      <mapEntry mapKey="GI-6002 HS-6006" mappedValue="0.50"/>
    </mapping>
  </responseDeclaration>
  <outcomeDeclaration baseType="float" cardinality="single" identifier="SCORE208">
    <defaultValue>
      <value>0</value>
    </defaultValue>
  </outcomeDeclaration>
  <outcomeDeclaration baseType="float" cardinality="single" identifier="SCORE">
    <defaultValue>
      <value>0</value>
    </defaultValue>
  </outcomeDeclaration>
  <stylesheet href="../styles/bundled.css" type="text/css"/>
  <stylesheet href="../styles/inline.css" type="text/css"/>
  <itemBody>
    <rubricBlock use="context" view="candidate author proctor scorer testConstructor tutor">
      <div>
        <object data="../passages/RSC-LOGIC-MP-971.html" type="text/html"/>
      </div>
    </rubricBlock>
    <graphicGapMatchInteraction responseIdentifier="RESPONSE208">
      <prompt>Based on the selection, complete the cause-and-effect chart by selecting the correct effect for each cause.<br/></prompt>
      <object data="../images/HAMDEB410_New_Planets_stem_01_o_766688f489.png" height="268" type="image/png" width="494"/>
      <gapImg identifier="GI-5998" matchMax="1">
        <object data="../images/HAMDEB410_New_Planets_opt_A01_o_84175e51fd.png" height="53" type="image/png" width="211"/>
      </gapImg>
      <gapImg identifier="GI-5999" matchMax="1">
        <object data="../images/HAMDEB410_New_Planets_opt_B01_o_4779d134cc.png" height="52" type="image/png" width="211"/>
      </gapImg>
      <gapImg identifier="GI-6000" matchMax="1">
        <object data="../images/HAMDEB410_New_Planets_opt_C01_o_25a4943fe5.png" height="53" type="image/png" width="211"/>
      </gapImg>
      <gapImg identifier="GI-6001" matchMax="1">
        <object data="../images/HAMDEB410_New_Planets_opt_D01_o_9b676d7545.png" height="52" type="image/png" width="211"/>
      </gapImg>
      <gapImg identifier="GI-6002" matchMax="1">
        <object data="../images/HAMDEB410_New_Planets_opt_E01_o_be6aeca17d.png" height="52" type="image/png" width="211"/>
      </gapImg>
      <associableHotspot coords="275,36,486,89" identifier="HS-6003" matchMax="1" shape="rect"/>
      <associableHotspot coords="277,93,488,146" identifier="HS-6005" matchMax="1" shape="rect"/>
      <associableHotspot coords="277,150,488,203" identifier="HS-6006" matchMax="1" shape="rect"/>
      <associableHotspot coords="278,207,489,260" identifier="HS-6007" matchMax="1" shape="rect"/>
    </graphicGapMatchInteraction>
  </itemBody>
  <responseProcessing>
    <responseCondition>
      <responseIf>
        <isNull>
          <variable identifier="RESPONSE208"/>
        </isNull>
        <setOutcomeValue identifier="SCORE208">
          <baseValue baseType="float">0.0</baseValue>
        </setOutcomeValue>
      </responseIf>
      <responseElse>
        <setOutcomeValue identifier="SCORE208">
          <mapResponse identifier="RESPONSE208"/>
        </setOutcomeValue>
      </responseElse>
    </responseCondition>
    <setOutcomeValue identifier="SCORE">
      <sum>
        <variable identifier="SCORE208"/>
      </sum>
    </setOutcomeValue>
  </responseProcessing>
</assessmentItem>
