<?xml version="1.0"?>
<assessmentItem adaptive="false" identifier="ITEM-LOGIC-MP-350" timeDependent="false" title="Which text structure do the following paragraphs of &quot;The Rough Riders&quot; mainly use to present informa" toolName="ItemLogic" toolVersion="2.0.0" xmlns="http://www.imsglobal.org/xsd/imsqti_v2p1" xmlns:m="http://www.w3.org/1998/Math/MathML" xmlns:xsi="http://www.w3.org/2001/XMLSchema-instance" xsi:schemaLocation="http://www.imsglobal.org/xsd/imsqti_v2p1  http://www.imsglobal.org/xsd/qti/qtiv2p1/imsqti_v2p1.xsd">
  <responseDeclaration baseType="identifier" cardinality="single" identifier="RESPONSE133">
    <correctResponse>
      <value>IC-4316</value>
    </correctResponse>
  </responseDeclaration>
  <responseDeclaration baseType="identifier" cardinality="single" identifier="RESPONSE135">
    <correctResponse>
      <value>IC-4341</value>
    </correctResponse>
  </responseDeclaration>
  <outcomeDeclaration baseType="float" cardinality="single" identifier="SCORE133">
    <defaultValue>
      <value>0</value>
    </defaultValue>
  </outcomeDeclaration>
  <outcomeDeclaration baseType="float" cardinality="single" identifier="SCORE135">
    <defaultValue>
      <value>0</value>
    </defaultValue>
  </outcomeDeclaration>
  <outcomeDeclaration baseType="float" cardinality="single" identifier="SCORE">
    <defaultValue>
      <value>0</value>
    </defaultValue>
  </outcomeDeclaration>
  <stylesheet href="../styles/bundled.css" type="text/css"/>
  <stylesheet href="../styles/inline.css" type="text/css"/>
  <itemBody>
    <rubricBlock use="context" view="candidate author proctor scorer testConstructor tutor">
      <div>
        <object data="../passages/RSC-LOGIC-MP-957.html" type="text/html"/>
      </div>
    </rubricBlock>
    <div class="stem stem_inline">
      <div class="stem_prompt">
        <p>Which text structure do the following paragraphs of "The Rough Riders" <strong>mainly</strong> use to present information?</p>
      </div>
      <p>Paragraphs 1-3 use <inlineChoiceInteraction responseIdentifier="RESPONSE133" shuffle="false"><inlineChoice identifier="IC-4320">chronological order</inlineChoice><inlineChoice identifier="IC-4319">comparison</inlineChoice><inlineChoice identifier="IC-4321">problem and solution</inlineChoice><inlineChoice identifier="IC-4316">cause and effect</inlineChoice></inlineChoiceInteraction> to present information.</p>
    </div>
    <div class="stem stem_inline">
      <p>Paragraphs 4-8 use <inlineChoiceInteraction responseIdentifier="RESPONSE135" shuffle="false"><inlineChoice identifier="IC-4341">chronological order</inlineChoice><inlineChoice identifier="IC-4342">cause and effect</inlineChoice><inlineChoice identifier="IC-4343">comparison</inlineChoice><inlineChoice identifier="IC-4344">problem and solution</inlineChoice></inlineChoiceInteraction> to present information.</p>
    </div>
  </itemBody>
  <responseProcessing>
    <responseCondition>
      <responseIf>
        <match>
          <variable identifier="RESPONSE133"/>
          <correct identifier="RESPONSE133"/>
        </match>
        <setOutcomeValue identifier="SCORE133">
          <baseValue baseType="float">1</baseValue>
        </setOutcomeValue>
      </responseIf>
      <responseElse>
        <setOutcomeValue identifier="SCORE133">
          <baseValue baseType="float">0</baseValue>
        </setOutcomeValue>
      </responseElse>
    </responseCondition>
    <responseCondition>
      <responseIf>
        <match>
          <variable identifier="RESPONSE135"/>
          <correct identifier="RESPONSE135"/>
        </match>
        <setOutcomeValue identifier="SCORE135">
          <baseValue baseType="float">1</baseValue>
        </setOutcomeValue>
      </responseIf>
      <responseElse>
        <setOutcomeValue identifier="SCORE135">
          <baseValue baseType="float">0</baseValue>
        </setOutcomeValue>
      </responseElse>
    </responseCondition>
    <setOutcomeValue identifier="SCORE">
      <sum>
        <variable identifier="SCORE133"/>
        <variable identifier="SCORE135"/>
      </sum>
    </setOutcomeValue>
  </responseProcessing>
</assessmentItem>
