<?xml version="1.0"?>
<assessmentItem adaptive="false" identifier="ITEM-LOGIC-MP-617" timeDependent="false" title="Put the following events from &quot;Seeking 'New Worlds'&quot; in chronological order." toolName="ItemLogic" toolVersion="2.0.0" xmlns="http://www.imsglobal.org/xsd/imsqti_v2p1" xmlns:m="http://www.w3.org/1998/Math/MathML" xmlns:xsi="http://www.w3.org/2001/XMLSchema-instance" xsi:schemaLocation="http://www.imsglobal.org/xsd/imsqti_v2p1  http://www.imsglobal.org/xsd/qti/qtiv2p1/imsqti_v2p1.xsd">
  <responseDeclaration baseType="identifier" cardinality="ordered" identifier="RESPONSE514">
    <correctResponse>
      <value>SC-8642</value>
      <value>SC-8643</value>
      <value>SC-8641</value>
      <value>SC-8645</value>
      <value>SC-8644</value>
    </correctResponse>
  </responseDeclaration>
  <outcomeDeclaration baseType="float" cardinality="single" identifier="SCORE514">
    <defaultValue>
      <value>0</value>
    </defaultValue>
  </outcomeDeclaration>
  <outcomeDeclaration baseType="float" cardinality="single" identifier="SCORE">
    <defaultValue>
      <value>0</value>
    </defaultValue>
  </outcomeDeclaration>
  <stylesheet href="../styles/bundled.css" type="text/css"/>
  <stylesheet href="../styles/inline.css" type="text/css"/>
  <itemBody>
    <rubricBlock use="context" view="candidate author proctor scorer testConstructor tutor">
      <div>
        <object data="../passages/RSC-LOGIC-MP-1676.html" type="text/html"/>
      </div>
    </rubricBlock>
    <orderInteraction orientation="vertical" responseIdentifier="RESPONSE514" shuffle="false">
      <prompt>Put the following events from "Seeking 'New Worlds'" in chronological order.<br/></prompt>
      <simpleChoice identifier="SC-8641">
        <p>The <em>Mayflower</em> set sail in August of 1620.</p>
      </simpleChoice>
      <simpleChoice identifier="SC-8642">
        <p>Captain John Smith arrived in Jamestown, Virginia.</p>
      </simpleChoice>
      <simpleChoice identifier="SC-8643">
        <p>Christopher Jones went from the south coast of England to Southhampton.</p>
      </simpleChoice>
      <simpleChoice identifier="SC-8644">
        <p>William Bradford became governor of the new colony.</p>
      </simpleChoice>
      <simpleChoice identifier="SC-8645">
        <p>The <em>Speedwell</em> returned to harbor.</p>
      </simpleChoice>
    </orderInteraction>
  </itemBody>
  <responseProcessing>
    <responseCondition>
      <responseIf>
        <match>
          <variable identifier="RESPONSE514"/>
          <correct identifier="RESPONSE514"/>
        </match>
        <setOutcomeValue identifier="SCORE514">
          <baseValue baseType="float">1</baseValue>
        </setOutcomeValue>
      </responseIf>
      <responseElse>
        <setOutcomeValue identifier="SCORE514">
          <baseValue baseType="float">0</baseValue>
        </setOutcomeValue>
      </responseElse>
    </responseCondition>
    <setOutcomeValue identifier="SCORE">
      <sum>
        <variable identifier="SCORE514"/>
      </sum>
    </setOutcomeValue>
  </responseProcessing>
</assessmentItem>
