<?xml version="1.0"?>
<assessmentItem adaptive="false" identifier="ITEM-LOGIC-MP-616" timeDependent="false" title="Part A Select the option that completes the sentence." toolName="ItemLogic" toolVersion="2.0.0" xmlns="http://www.imsglobal.org/xsd/imsqti_v2p1" xmlns:m="http://www.w3.org/1998/Math/MathML" xmlns:xsi="http://www.w3.org/2001/XMLSchema-instance" xsi:schemaLocation="http://www.imsglobal.org/xsd/imsqti_v2p1  http://www.imsglobal.org/xsd/qti/qtiv2p1/imsqti_v2p1.xsd">
  <responseDeclaration baseType="identifier" cardinality="single" identifier="RESPONSE511">
    <correctResponse>
      <value>IC-10026</value>
    </correctResponse>
  </responseDeclaration>
  <responseDeclaration baseType="identifier" cardinality="single" identifier="RESPONSE513">
    <correctResponse>
      <value>SC-10032</value>
    </correctResponse>
  </responseDeclaration>
  <outcomeDeclaration baseType="float" cardinality="single" identifier="SCORE511">
    <defaultValue>
      <value>0</value>
    </defaultValue>
  </outcomeDeclaration>
  <outcomeDeclaration baseType="float" cardinality="single" identifier="SCORE513">
    <defaultValue>
      <value>0</value>
    </defaultValue>
  </outcomeDeclaration>
  <outcomeDeclaration baseType="float" cardinality="single" identifier="SCORE">
    <defaultValue>
      <value>0</value>
    </defaultValue>
  </outcomeDeclaration>
  <stylesheet href="../styles/bundled.css" type="text/css"/>
  <stylesheet href="../styles/inline.css" type="text/css"/>
  <itemBody>
    <rubricBlock use="context" view="candidate author proctor scorer testConstructor tutor">
      <div>
        <object data="../passages/RSC-LOGIC-MP-1659.html" type="text/html"/>
      </div>
    </rubricBlock>
    <div class="stem stem_inline">
      <div class="stem_prompt"><p>Part A</p> <p>Select the option that completes the sentence.</p></div>
      <p>The cultural experience <strong>most</strong> central to "The First Adventure" is <inlineChoiceInteraction responseIdentifier="RESPONSE511" shuffle="false"><inlineChoice identifier="IC-10024">the rituals created to treat unusual mental disorders.</inlineChoice><inlineChoice identifier="IC-10028">the custom of masters rewarding their servants for their loyalty.</inlineChoice><inlineChoice identifier="IC-10026">the legends of wandering heroes seeking renown through combat.</inlineChoice><inlineChoice identifier="IC-10025">the difficulty of rising from humble origins to achieve status and power.</inlineChoice></inlineChoiceInteraction></p>
    </div>
    <choiceInteraction maxChoices="1" responseIdentifier="RESPONSE513" shuffle="false">
      <prompt>Part B<br/> Select the evidence from "The First Adventure" that best supports the answer to Part A.<br/></prompt>
      <simpleChoice fixed="true" identifier="SC-10029">
        <p>"And now said Sancho Panza to his master, 'Your worship will take care, Senor Knight-errant, not to forget about the island you have promised me, for be it ever so big I'll be equal to governing it.'"</p>
      </simpleChoice>
      <simpleChoice fixed="true" identifier="SC-10040">
        <p>'"but if thou livest and I live, it may well be that before six days are over, I may have won some kingdom that has others dependent upon it, which will be just the thing to enable thee to be crowned king of one of them.'"</p>
      </simpleChoice>
      <simpleChoice fixed="true" identifier="SC-10030">
        <p>&#x201C;'Leave it to God, Sancho,' returned Don Quixote, 'for he will give her what suits her best; but do not undervalue thyself so much as to come to be content with anything less than being governor of a province.'"</p>
      </simpleChoice>
      <simpleChoice fixed="true" identifier="SC-10032">
        <p>"'look there, friend Sancho Panza, where thirty or more monstrous giants present themselves, all of whom I mean to engage in battle and slay, and with whose spoils we shall begin to make our fortunes;'"</p>
      </simpleChoice>
    </choiceInteraction>
  </itemBody>
  <responseProcessing>
    <responseCondition>
      <responseIf>
        <match>
          <variable identifier="RESPONSE511"/>
          <correct identifier="RESPONSE511"/>
        </match>
        <setOutcomeValue identifier="SCORE511">
          <baseValue baseType="float">1</baseValue>
        </setOutcomeValue>
      </responseIf>
      <responseElse>
        <setOutcomeValue identifier="SCORE511">
          <baseValue baseType="float">0</baseValue>
        </setOutcomeValue>
      </responseElse>
    </responseCondition>
    <responseCondition>
      <responseIf>
        <match>
          <variable identifier="RESPONSE513"/>
          <correct identifier="RESPONSE513"/>
        </match>
        <setOutcomeValue identifier="SCORE513">
          <baseValue baseType="float">1</baseValue>
        </setOutcomeValue>
      </responseIf>
      <responseElse>
        <setOutcomeValue identifier="SCORE513">
          <baseValue baseType="float">0</baseValue>
        </setOutcomeValue>
      </responseElse>
    </responseCondition>
    <setOutcomeValue identifier="SCORE">
      <sum>
        <variable identifier="SCORE511"/>
        <variable identifier="SCORE513"/>
      </sum>
    </setOutcomeValue>
  </responseProcessing>
</assessmentItem>
