<?xml version="1.0"?>
<assessmentItem adaptive="false" identifier="ITEM-LOGIC-MP-586" timeDependent="false" title="In the selection, how does the author support the idea that Nellie Bly was &#x201C;wild and visionary&#x201D;" toolName="ItemLogic" toolVersion="2.0.0" xmlns="http://www.imsglobal.org/xsd/imsqti_v2p1" xmlns:m="http://www.w3.org/1998/Math/MathML" xmlns:xsi="http://www.w3.org/2001/XMLSchema-instance" xsi:schemaLocation="http://www.imsglobal.org/xsd/imsqti_v2p1  http://www.imsglobal.org/xsd/qti/qtiv2p1/imsqti_v2p1.xsd">
  <responseDeclaration baseType="identifier" cardinality="multiple" identifier="RESPONSE481">
    <correctResponse>
      <value>HT-13498</value>
      <value>HT-13499</value>
      <value>HT-13500</value>
    </correctResponse>
  </responseDeclaration>
  <outcomeDeclaration baseType="float" cardinality="single" identifier="SCORE481">
    <defaultValue>
      <value>0</value>
    </defaultValue>
  </outcomeDeclaration>
  <outcomeDeclaration baseType="float" cardinality="single" identifier="SCORE">
    <defaultValue>
      <value>0</value>
    </defaultValue>
  </outcomeDeclaration>
  <stylesheet href="../styles/bundled.css" type="text/css"/>
  <stylesheet href="../styles/inline.css" type="text/css"/>
  <itemBody>
    <rubricBlock use="context" view="candidate author proctor scorer testConstructor tutor">
      <div>
        <object data="../passages/RSC-LOGIC-MP-1750.html" type="text/html"/>
      </div>
    </rubricBlock>
    <hottextInteraction maxChoices="0" responseIdentifier="RESPONSE481"><prompt>In the selection, how does the author support the idea that Nellie Bly was &#x201C;wild and visionary&#x201D; ? Select <strong>three</strong> pieces of evidence that support this idea.<br/></prompt><p><hottext identifier="HT-13497">"For one thing, Nellie Bly was young. She was just twenty-four years old."</hottext></p> <p><hottext identifier="HT-13498">"If someone told her, 'It can't be done, Nellie Bly,' she went right ahead and did it anyway."</hottext></p> <p><hottext identifier="HT-13499">"She considered the new railroad that stretched all the way across North America, from California to New Jersey."</hottext></p> <p><hottext identifier="HT-13500">"She decided that Phileas Fogg's record could be beaten. And that she was just the person to do it!"</hottext></p> <p><hottext identifier="HT-13501">"She said that she could write articles about it along the way and send them back to &lt;em&gt;The World &lt;/em&gt;to be published."</hottext></p> <p><hottext identifier="HT-13502">"Now all she had to do was get ready for an almost three-month-long trip in just three days!"</hottext></p></hottextInteraction>
  </itemBody>
  <responseProcessing>
    <responseCondition>
      <responseIf>
        <match>
          <variable identifier="RESPONSE481"/>
          <correct identifier="RESPONSE481"/>
        </match>
        <setOutcomeValue identifier="SCORE481">
          <baseValue baseType="float">1</baseValue>
        </setOutcomeValue>
      </responseIf>
      <responseElse>
        <setOutcomeValue identifier="SCORE481">
          <baseValue baseType="float">0</baseValue>
        </setOutcomeValue>
      </responseElse>
    </responseCondition>
    <setOutcomeValue identifier="SCORE">
      <sum>
        <variable identifier="SCORE481"/>
      </sum>
    </setOutcomeValue>
  </responseProcessing>
</assessmentItem>
