<?xml version="1.0"?>
<assessmentItem adaptive="false" identifier="ITEM-LOGIC-KS-993" timeDependent="false" title="Help Jamir label his measurements by matching the number to the correct unit." toolName="ItemLogic" toolVersion="2.0.0" xmlns="http://www.imsglobal.org/xsd/imsqti_v2p1" xmlns:m="http://www.w3.org/1998/Math/MathML" xmlns:xsi="http://www.w3.org/2001/XMLSchema-instance" xsi:schemaLocation="http://www.imsglobal.org/xsd/imsqti_v2p1  http://www.imsglobal.org/xsd/qti/qtiv2p1/imsqti_v2p1.xsd">
  <responseDeclaration baseType="directedPair" cardinality="multiple" identifier="RESPONSE1025">
    <correctResponse>
      <value>SAC-17218 SAC-17222</value>
      <value>SAC-17219 SAC-17223</value>
      <value>SAC-17220 SAC-17224</value>
    </correctResponse>
    <mapping defaultValue="-1.00" lowerBound="0.00" upperBound="3.00">
      <mapEntry mapKey="SAC-17218 SAC-17222" mappedValue="1.00"/>
      <mapEntry mapKey="SAC-17219 SAC-17223" mappedValue="1.00"/>
      <mapEntry mapKey="SAC-17220 SAC-17224" mappedValue="1.00"/>
    </mapping>
  </responseDeclaration>
  <responseDeclaration baseType="identifier" cardinality="single" identifier="RESPONSE1026">
    <correctResponse>
      <value>SC-17231</value>
    </correctResponse>
  </responseDeclaration>
  <outcomeDeclaration baseType="float" cardinality="single" identifier="SCORE1025">
    <defaultValue>
      <value>0</value>
    </defaultValue>
  </outcomeDeclaration>
  <outcomeDeclaration baseType="float" cardinality="single" identifier="SCORE1026">
    <defaultValue>
      <value>0</value>
    </defaultValue>
  </outcomeDeclaration>
  <outcomeDeclaration baseType="float" cardinality="single" identifier="SCORE">
    <defaultValue>
      <value>0</value>
    </defaultValue>
  </outcomeDeclaration>
  <stylesheet href="../styles/bundled.css" type="text/css"/>
  <stylesheet href="../styles/inline.css" type="text/css"/>
  <itemBody>
    <rubricBlock use="stimulus" view="candidate author proctor scorer testConstructor tutor">
      <div>
        <p>Jamir measured the same piece of string three times. He used a different unit each time he measured. He forgot to label his measurements with inches, feet, and centimeters.</p>
      </div>
    </rubricBlock>
    <matchInteraction maxAssociations="3" responseIdentifier="RESPONSE1025" shuffle="false">
      <prompt>Help Jamir label his measurements by matching the number to the correct unit.<br/></prompt>
      <simpleMatchSet>
        <simpleAssociableChoice identifier="SAC-17219" matchMax="1">
          <p>3</p>
        </simpleAssociableChoice>
        <simpleAssociableChoice identifier="SAC-17220" matchMax="1">
          <p>about 91</p>
        </simpleAssociableChoice>
        <simpleAssociableChoice identifier="SAC-17218" matchMax="1">
          <p>36</p>
        </simpleAssociableChoice>
      </simpleMatchSet>
      <simpleMatchSet>
        <simpleAssociableChoice identifier="SAC-17222" matchMax="1">
          <p>inches</p>
        </simpleAssociableChoice>
        <simpleAssociableChoice identifier="SAC-17223" matchMax="1">
          <p>feet</p>
        </simpleAssociableChoice>
        <simpleAssociableChoice identifier="SAC-17224" matchMax="1">
          <p>centimeters</p>
        </simpleAssociableChoice>
      </simpleMatchSet>
    </matchInteraction>
    <choiceInteraction maxChoices="1" responseIdentifier="RESPONSE1026" shuffle="false">
      <prompt>Jamir wants to cut the string into as many pieces as possible. Which size should he cut each piece?<br/></prompt>
      <simpleChoice fixed="true" identifier="SC-17231">
        <p>1 centimeter</p>
      </simpleChoice>
      <simpleChoice fixed="true" identifier="SC-17232">
        <p>1 meter</p>
      </simpleChoice>
      <simpleChoice fixed="true" identifier="SC-17233">
        <p>1 inch</p>
      </simpleChoice>
      <simpleChoice fixed="true" identifier="SC-17234">
        <p>1 foot</p>
      </simpleChoice>
    </choiceInteraction>
  </itemBody>
  <responseProcessing>
    <responseCondition>
      <responseIf>
        <isNull>
          <variable identifier="RESPONSE1025"/>
        </isNull>
        <setOutcomeValue identifier="SCORE1025">
          <baseValue baseType="float">0.0</baseValue>
        </setOutcomeValue>
      </responseIf>
      <responseElse>
        <setOutcomeValue identifier="SCORE1025">
          <mapResponse identifier="RESPONSE1025"/>
        </setOutcomeValue>
      </responseElse>
    </responseCondition>
    <responseCondition>
      <responseIf>
        <match>
          <variable identifier="RESPONSE1026"/>
          <correct identifier="RESPONSE1026"/>
        </match>
        <setOutcomeValue identifier="SCORE1026">
          <baseValue baseType="float">1</baseValue>
        </setOutcomeValue>
      </responseIf>
      <responseElse>
        <setOutcomeValue identifier="SCORE1026">
          <baseValue baseType="float">0</baseValue>
        </setOutcomeValue>
      </responseElse>
    </responseCondition>
    <setOutcomeValue identifier="SCORE">
      <sum>
        <variable identifier="SCORE1025"/>
        <variable identifier="SCORE1026"/>
      </sum>
    </setOutcomeValue>
  </responseProcessing>
</assessmentItem>
