<?xml version="1.0"?>
<assessmentItem adaptive="false" identifier="ITEM-LOGIC-KS-829" timeDependent="false" title="Drag measurements to the drawing to show the length and width of the actual playground." toolName="ItemLogic" toolVersion="2.0.0" xmlns="http://www.imsglobal.org/xsd/imsqti_v2p1" xmlns:m="http://www.w3.org/1998/Math/MathML" xmlns:xsi="http://www.w3.org/2001/XMLSchema-instance" xsi:schemaLocation="http://www.imsglobal.org/xsd/imsqti_v2p1  http://www.imsglobal.org/xsd/qti/qtiv2p1/imsqti_v2p1.xsd">
  <responseDeclaration baseType="directedPair" cardinality="multiple" identifier="RESPONSE832">
    <correctResponse>
      <value>GI-15582 HS-15585</value>
      <value>GI-15583 HS-15586</value>
    </correctResponse>
  </responseDeclaration>
  <responseDeclaration baseType="identifier" cardinality="single" identifier="RESPONSE833">
    <correctResponse>
      <value>SC-14103</value>
    </correctResponse>
  </responseDeclaration>
  <outcomeDeclaration baseType="float" cardinality="single" identifier="SCORE832">
    <defaultValue>
      <value>0</value>
    </defaultValue>
  </outcomeDeclaration>
  <outcomeDeclaration baseType="float" cardinality="single" identifier="SCORE833">
    <defaultValue>
      <value>0</value>
    </defaultValue>
  </outcomeDeclaration>
  <outcomeDeclaration baseType="float" cardinality="single" identifier="SCORE">
    <defaultValue>
      <value>0</value>
    </defaultValue>
  </outcomeDeclaration>
  <stylesheet href="../styles/bundled.css" type="text/css"/>
  <stylesheet href="../styles/inline.css" type="text/css"/>
  <itemBody>
    <rubricBlock use="stimulus" view="candidate author proctor scorer testConstructor tutor">
      <div>
        <p>A scale drawing of a playground is shown.</p>
        <p>
          <object data="../images/playground-stimulus@2x_a8fca09036.png" height="307" type="image/png" width="400"/>
        </p>
        <p>The scale of the drawing is 1 inch to 5 feet.</p>
      </div>
    </rubricBlock>
    <graphicGapMatchInteraction responseIdentifier="RESPONSE832">
      <prompt>Drag measurements to the drawing to show the length and width of the actual playground.<br/></prompt>
      <object data="../images/playground-bkgd@2x_o_98bb049ee1.png" height="373" type="image/png" width="500"/>
      <gapImg identifier="GI-15578" matchMax="1">
        <object data="../images/playground-token2@2x_o_67698972b9.png" height="41" type="image/png" width="86"/>
      </gapImg>
      <gapImg identifier="GI-15577" matchMax="1">
        <object data="../images/playground-token1@2x_o_20395dafd6.png" height="41" type="image/png" width="86"/>
      </gapImg>
      <gapImg identifier="GI-15579" matchMax="1">
        <object data="../images/playground-token3@2x_o_4f04829a8f.png" height="41" type="image/png" width="86"/>
      </gapImg>
      <gapImg identifier="GI-15580" matchMax="1">
        <object data="../images/playground-token4@2x_o_cb2d2173b6.png" height="41" type="image/png" width="86"/>
      </gapImg>
      <gapImg identifier="GI-15581" matchMax="1">
        <object data="../images/playground-token5@2x_o_ca9d38130e.png" height="41" type="image/png" width="86"/>
      </gapImg>
      <gapImg identifier="GI-15582" matchMax="1">
        <object data="../images/playground-token6@2x_o_5c091ce37c.png" height="41" type="image/png" width="86"/>
      </gapImg>
      <gapImg identifier="GI-15583" matchMax="1">
        <object data="../images/playground-token7@2x_o_efdcbc4d0a.png" height="41" type="image/png" width="86"/>
      </gapImg>
      <gapImg identifier="GI-15584" matchMax="1">
        <object data="../images/playground-token8@2x_o_697eeae17c.png" height="41" type="image/png" width="86"/>
      </gapImg>
      <associableHotspot coords="6,156,92,197" identifier="HS-15585" matchMax="1" shape="rect"/>
      <associableHotspot coords="224,323,310,364" identifier="HS-15586" matchMax="1" shape="rect"/>
    </graphicGapMatchInteraction>
    <choiceInteraction maxChoices="1" responseIdentifier="RESPONSE833" shuffle="false">
      <prompt>What is the area, in square feet, of the actual playground?<br/></prompt>
      <simpleChoice fixed="true" identifier="SC-14101">
        <p>24</p>
      </simpleChoice>
      <simpleChoice fixed="true" identifier="SC-14107">
        <p>120</p>
      </simpleChoice>
      <simpleChoice fixed="true" identifier="SC-14103">
        <p>600</p>
      </simpleChoice>
      <simpleChoice fixed="true" identifier="SC-14105">
        <p>700</p>
      </simpleChoice>
    </choiceInteraction>
  </itemBody>
  <responseProcessing>
    <responseCondition>
      <responseIf>
        <match>
          <variable identifier="RESPONSE832"/>
          <correct identifier="RESPONSE832"/>
        </match>
        <setOutcomeValue identifier="SCORE832">
          <baseValue baseType="float">1</baseValue>
        </setOutcomeValue>
      </responseIf>
      <responseElse>
        <setOutcomeValue identifier="SCORE832">
          <baseValue baseType="float">0</baseValue>
        </setOutcomeValue>
      </responseElse>
    </responseCondition>
    <responseCondition>
      <responseIf>
        <match>
          <variable identifier="RESPONSE833"/>
          <correct identifier="RESPONSE833"/>
        </match>
        <setOutcomeValue identifier="SCORE833">
          <baseValue baseType="float">1</baseValue>
        </setOutcomeValue>
      </responseIf>
      <responseElse>
        <setOutcomeValue identifier="SCORE833">
          <baseValue baseType="float">0</baseValue>
        </setOutcomeValue>
      </responseElse>
    </responseCondition>
    <setOutcomeValue identifier="SCORE">
      <sum>
        <variable identifier="SCORE832"/>
        <variable identifier="SCORE833"/>
      </sum>
    </setOutcomeValue>
  </responseProcessing>
</assessmentItem>
