<?xml version="1.0"?>
<assessmentItem adaptive="false" identifier="ITEM-LOGIC-MP-223" timeDependent="false" title="Drag the numbers into the boxes to complete a number sentence that matches Justin's model." toolName="ItemLogic" toolVersion="2.0.0" xmlns="http://www.imsglobal.org/xsd/imsqti_v2p1" xmlns:m="http://www.w3.org/1998/Math/MathML" xmlns:xsi="http://www.w3.org/2001/XMLSchema-instance" xsi:schemaLocation="http://www.imsglobal.org/xsd/imsqti_v2p1  http://www.imsglobal.org/xsd/qti/qtiv2p1/imsqti_v2p1.xsd">
  <responseDeclaration baseType="directedPair" cardinality="multiple" identifier="RESPONSE59">
    <correctResponse>
      <value>GI-2897 HS-3601</value>
      <value>GI-2895 HS-3602</value>
      <value>GI-2901 HS-3603</value>
    </correctResponse>
  </responseDeclaration>
  <outcomeDeclaration baseType="float" cardinality="single" identifier="SCORE59">
    <defaultValue>
      <value>0</value>
    </defaultValue>
  </outcomeDeclaration>
  <outcomeDeclaration baseType="float" cardinality="single" identifier="SCORE">
    <defaultValue>
      <value>0</value>
    </defaultValue>
  </outcomeDeclaration>
  <stylesheet href="../styles/bundled.css" type="text/css"/>
  <stylesheet href="../styles/inline.css" type="text/css"/>
  <itemBody>
    <rubricBlock use="stimulus" view="candidate author proctor scorer testConstructor tutor">
      <div>
        <p>Justin shaded the shapes below to model two equivalent fractions.</p>
      </div>
    </rubricBlock>
    <graphicGapMatchInteraction responseIdentifier="RESPONSE59">
      <prompt>Drag the numbers into the boxes to complete a number sentence that matches Justin's model.<br/></prompt>
      <object data="../images/FRO_ERI_016_FractionCircles_stem_01_o_da2cf5b0c1.png" height="181" type="image/png" width="234"/>
      <gapImg identifier="GI-2894" matchMax="1">
        <object data="../images/FRO_ERI_016_FractionCircles_opt_01_o_daec291efc.png" height="15" type="image/png" width="15"/>
      </gapImg>
      <gapImg identifier="GI-2895" matchMax="1">
        <object data="../images/FRO_ERI_016_FractionCircles_opt_02_o_514280d92c.png" height="15" type="image/png" width="15"/>
      </gapImg>
      <gapImg identifier="GI-2896" matchMax="1">
        <object data="../images/FRO_ERI_016_FractionCircles_opt_03_o_2d43977cd2.png" height="15" type="image/png" width="15"/>
      </gapImg>
      <gapImg identifier="GI-2897" matchMax="1">
        <object data="../images/FRO_ERI_016_FractionCircles_opt_04_o_512d8b8614.png" height="15" type="image/png" width="15"/>
      </gapImg>
      <gapImg identifier="GI-2898" matchMax="1">
        <object data="../images/FRO_ERI_016_FractionCircles_opt_05_o_5387321ef5.png" height="15" type="image/png" width="15"/>
      </gapImg>
      <gapImg identifier="GI-2899" matchMax="1">
        <object data="../images/FRO_ERI_016_FractionCircles_opt_06_o_794babaf33.png" height="15" type="image/png" width="15"/>
      </gapImg>
      <gapImg identifier="GI-2900" matchMax="1">
        <object data="../images/FRO_ERI_016_FractionCircles_opt_07_o_6af50090c9.png" height="15" type="image/png" width="15"/>
      </gapImg>
      <gapImg identifier="GI-2901" matchMax="1">
        <object data="../images/FRO_ERI_016_FractionCircles_opt_08_o_47c35c30d2.png" height="16" type="image/png" width="15"/>
      </gapImg>
      <gapImg identifier="GI-2902" matchMax="1">
        <object data="../images/FRO_ERI_016_FractionCircles_opt_09_o_d3093e380b.png" height="16" type="image/png" width="15"/>
      </gapImg>
      <gapImg identifier="GI-2903" matchMax="1">
        <object data="../images/FRO_ERI_016_FractionCircles_opt_10_o_1baed72d57.png" height="16" type="image/png" width="15"/>
      </gapImg>
      <associableHotspot coords="54,158,74,178" identifier="HS-3601" matchMax="1" shape="rect"/>
      <associableHotspot coords="119,130,139,150" identifier="HS-3602" matchMax="1" shape="rect"/>
      <associableHotspot coords="160,159,180,179" identifier="HS-3603" matchMax="1" shape="rect"/>
    </graphicGapMatchInteraction>
  </itemBody>
  <responseProcessing>
    <responseCondition>
      <responseIf>
        <match>
          <variable identifier="RESPONSE59"/>
          <correct identifier="RESPONSE59"/>
        </match>
        <setOutcomeValue identifier="SCORE59">
          <baseValue baseType="float">1</baseValue>
        </setOutcomeValue>
      </responseIf>
      <responseElse>
        <setOutcomeValue identifier="SCORE59">
          <baseValue baseType="float">0</baseValue>
        </setOutcomeValue>
      </responseElse>
    </responseCondition>
    <setOutcomeValue identifier="SCORE">
      <sum>
        <variable identifier="SCORE59"/>
      </sum>
    </setOutcomeValue>
  </responseProcessing>
</assessmentItem>
