<?xml version="1.0"?>
<assessmentItem adaptive="false" identifier="ITEM-LOGIC-MP-501" timeDependent="false" title="" toolName="ItemLogic" toolVersion="2.0.0" xmlns="http://www.imsglobal.org/xsd/imsqti_v2p1" xmlns:m="http://www.w3.org/1998/Math/MathML" xmlns:xsi="http://www.w3.org/2001/XMLSchema-instance" xsi:schemaLocation="http://www.imsglobal.org/xsd/imsqti_v2p1  http://www.imsglobal.org/xsd/qti/qtiv2p1/imsqti_v2p1.xsd">
  <responseDeclaration baseType="identifier" cardinality="ordered" identifier="RESPONSE364">
    <correctResponse>
      <value>SC-6290</value>
      <value>SC-6289</value>
      <value>SC-6291</value>
      <value>SC-6293</value>
    </correctResponse>
  </responseDeclaration>
  <outcomeDeclaration baseType="float" cardinality="single" identifier="SCORE364">
    <defaultValue>
      <value>0</value>
    </defaultValue>
  </outcomeDeclaration>
  <outcomeDeclaration baseType="float" cardinality="single" identifier="SCORE">
    <defaultValue>
      <value>0</value>
    </defaultValue>
  </outcomeDeclaration>
  <stylesheet href="../styles/bundled.css" type="text/css"/>
  <stylesheet href="../styles/inline.css" type="text/css"/>
  <itemBody>
    <orderInteraction orientation="vertical" responseIdentifier="RESPONSE364" shuffle="false" xmlns:default="http://www.w3.org/1998/Math/MathML">
      <prompt>Order these numbers from least to greatest.<br/></prompt>
      <simpleChoice identifier="SC-6289" xmlns:default="http://www.w3.org/1998/Math/MathML">
        <m:math xmlns="http://www.w3.org/1998/Math/MathML">   <m:msqrt>     <m:mn>5</m:mn>   </m:msqrt> </m:math>
      </simpleChoice>
      <simpleChoice identifier="SC-6290">
        <p>2</p>
      </simpleChoice>
      <simpleChoice identifier="SC-6291" xmlns:default="http://www.w3.org/1998/Math/MathML">
        <m:math xmlns="http://www.w3.org/1998/Math/MathML">   <m:msqrt>     <m:mn>6</m:mn>   </m:msqrt> </m:math>
      </simpleChoice>
      <simpleChoice identifier="SC-6293">
        <p>2.5</p>
      </simpleChoice>
    </orderInteraction>
  </itemBody>
  <responseProcessing>
    <responseCondition>
      <responseIf>
        <match>
          <variable identifier="RESPONSE364"/>
          <correct identifier="RESPONSE364"/>
        </match>
        <setOutcomeValue identifier="SCORE364">
          <baseValue baseType="float">1</baseValue>
        </setOutcomeValue>
      </responseIf>
      <responseElse>
        <setOutcomeValue identifier="SCORE364">
          <baseValue baseType="float">0</baseValue>
        </setOutcomeValue>
      </responseElse>
    </responseCondition>
    <setOutcomeValue identifier="SCORE">
      <sum>
        <variable identifier="SCORE364"/>
      </sum>
    </setOutcomeValue>
  </responseProcessing>
</assessmentItem>
