<?xml version="1.0"?>
<assessmentItem adaptive="false" identifier="ITEM-LOGIC-MP-656" timeDependent="false" title="Order the measures by their values, from least to greatest." toolName="ItemLogic" toolVersion="2.0.0" xmlns="http://www.imsglobal.org/xsd/imsqti_v2p1" xmlns:m="http://www.w3.org/1998/Math/MathML" xmlns:xsi="http://www.w3.org/2001/XMLSchema-instance" xsi:schemaLocation="http://www.imsglobal.org/xsd/imsqti_v2p1  http://www.imsglobal.org/xsd/qti/qtiv2p1/imsqti_v2p1.xsd">
  <responseDeclaration baseType="identifier" cardinality="ordered" identifier="RESPONSE569">
    <correctResponse>
      <value>SC-9132</value>
      <value>SC-9133</value>
      <value>SC-9134</value>
      <value>SC-9131</value>
    </correctResponse>
  </responseDeclaration>
  <outcomeDeclaration baseType="float" cardinality="single" identifier="SCORE569">
    <defaultValue>
      <value>0</value>
    </defaultValue>
  </outcomeDeclaration>
  <outcomeDeclaration baseType="float" cardinality="single" identifier="SCORE">
    <defaultValue>
      <value>0</value>
    </defaultValue>
  </outcomeDeclaration>
  <stylesheet href="../styles/bundled.css" type="text/css"/>
  <stylesheet href="../styles/inline.css" type="text/css"/>
  <itemBody>
    <rubricBlock use="stimulus" view="candidate author proctor scorer testConstructor tutor">
      <div>
        <p>Mary organized a game for the students in her class. She placed the scores of all of the students in her class who played the game in this line plot.</p>
        <p>
          <object data="../images/FROERI656_Line_Plot_1c3d33e4c2.png" height="177" type="image/png" width="299"/>
        </p>
      </div>
    </rubricBlock>
    <orderInteraction orientation="vertical" responseIdentifier="RESPONSE569" shuffle="false">
      <prompt>Order the measures by their values, from <strong>least</strong> to <strong>greatest</strong>.<br/></prompt>
      <simpleChoice identifier="SC-9131">
        <p>the number of students who played the game</p>
      </simpleChoice>
      <simpleChoice identifier="SC-9132">
        <p>the mean of the data</p>
      </simpleChoice>
      <simpleChoice identifier="SC-9133">
        <p>the median of the data</p>
      </simpleChoice>
      <simpleChoice identifier="SC-9134">
        <p>the range of the data</p>
      </simpleChoice>
    </orderInteraction>
  </itemBody>
  <responseProcessing>
    <responseCondition>
      <responseIf>
        <match>
          <variable identifier="RESPONSE569"/>
          <correct identifier="RESPONSE569"/>
        </match>
        <setOutcomeValue identifier="SCORE569">
          <baseValue baseType="float">1</baseValue>
        </setOutcomeValue>
      </responseIf>
      <responseElse>
        <setOutcomeValue identifier="SCORE569">
          <baseValue baseType="float">0</baseValue>
        </setOutcomeValue>
      </responseElse>
    </responseCondition>
    <setOutcomeValue identifier="SCORE">
      <sum>
        <variable identifier="SCORE569"/>
      </sum>
    </setOutcomeValue>
  </responseProcessing>
</assessmentItem>
