<?xml version="1.0"?>
<assessmentItem adaptive="false" identifier="ITEM-LOGIC-KS-740" timeDependent="false" title="Match the evidence that supports each of the author&#x2019;s claims. You will not use all of the choices." toolName="ItemLogic" toolVersion="2.0.0" xmlns="http://www.imsglobal.org/xsd/imsqti_v2p1" xmlns:m="http://www.w3.org/1998/Math/MathML" xmlns:xsi="http://www.w3.org/2001/XMLSchema-instance" xsi:schemaLocation="http://www.imsglobal.org/xsd/imsqti_v2p1  http://www.imsglobal.org/xsd/qti/qtiv2p1/imsqti_v2p1.xsd">
  <responseDeclaration baseType="directedPair" cardinality="multiple" identifier="RESPONSE691">
    <correctResponse>
      <value>GI-11184 HS-11202</value>
      <value>GI-11185 HS-11203</value>
      <value>GI-11186 HS-11204</value>
      <value>GI-11189 HS-11205</value>
      <value>GI-11184 HS-11203</value>
      <value>GI-11185 HS-11202</value>
      <value>GI-11186 HS-11205</value>
      <value>GI-11189 HS-11204</value>
    </correctResponse>
    <mapping defaultValue="-0.50" lowerBound="0.00" upperBound="2.00">
      <mapEntry mapKey="GI-11184 HS-11202" mappedValue="0.50"/>
      <mapEntry mapKey="GI-11185 HS-11203" mappedValue="0.50"/>
      <mapEntry mapKey="GI-11186 HS-11204" mappedValue="0.50"/>
      <mapEntry mapKey="GI-11189 HS-11205" mappedValue="0.50"/>
      <mapEntry mapKey="GI-11184 HS-11203" mappedValue="0.50"/>
      <mapEntry mapKey="GI-11185 HS-11202" mappedValue="0.50"/>
      <mapEntry mapKey="GI-11186 HS-11205" mappedValue="0.50"/>
      <mapEntry mapKey="GI-11189 HS-11204" mappedValue="0.50"/>
    </mapping>
  </responseDeclaration>
  <outcomeDeclaration baseType="float" cardinality="single" identifier="SCORE691">
    <defaultValue>
      <value>0</value>
    </defaultValue>
  </outcomeDeclaration>
  <outcomeDeclaration baseType="float" cardinality="single" identifier="SCORE">
    <defaultValue>
      <value>0</value>
    </defaultValue>
  </outcomeDeclaration>
  <stylesheet href="../styles/bundled.css" type="text/css"/>
  <stylesheet href="../styles/inline.css" type="text/css"/>
  <itemBody>
    <rubricBlock use="context" view="candidate author proctor scorer testConstructor tutor">
      <div>
        <object data="../passages/RSC-LOGIC-KS-2174.html" type="text/html"/>
      </div>
    </rubricBlock>
    <rubricBlock use="stimulus" view="candidate author proctor scorer testConstructor tutor">
      <div><p>The author of Skunk Spray makes these two claims:</p> <ol> <li>The chances of being sprayed by a skunk are very small.</li> <li>There are methods for discouraging skunk denning.</li> </ol></div>
    </rubricBlock>
    <graphicGapMatchInteraction responseIdentifier="RESPONSE691">
      <prompt>Match the evidence that supports each of the author&#x2019;s claims. You will not use all of the choices.<br/></prompt>
      <object data="../images/skunk-claims-stage@2x_o_497156b289.png" height="248" type="image/png" width="500"/>
      <gapImg identifier="GI-11183" matchMax="1">
        <object data="../images/skunk-claims-stem-1@2x_o_233becccb8.png" height="55" type="image/png" width="220"/>
      </gapImg>
      <gapImg identifier="GI-11184" matchMax="1">
        <object data="../images/skunk-claims-stem-2@2x_o_77f9435735.png" height="55" type="image/png" width="220"/>
      </gapImg>
      <gapImg identifier="GI-11185" matchMax="1">
        <object data="../images/skunk-claims-stem-3@2x_o_1924b1fd02.png" height="55" type="image/png" width="220"/>
      </gapImg>
      <gapImg identifier="GI-11186" matchMax="1">
        <object data="../images/skunk-claims-stem-4@2x_o_f02b8a3494.png" height="55" type="image/png" width="220"/>
      </gapImg>
      <gapImg identifier="GI-11187" matchMax="1">
        <object data="../images/skunk-claims-stem-5@2x_o_c45cea5f0a.png" height="55" type="image/png" width="220"/>
      </gapImg>
      <gapImg identifier="GI-11188" matchMax="1">
        <object data="../images/skunk-claims-stem-6@2x_o_912fd2d301.png" height="55" type="image/png" width="220"/>
      </gapImg>
      <gapImg identifier="GI-11189" matchMax="1">
        <object data="../images/skunk-claims-stem-7@2x_o_dc4c5f53d7.png" height="55" type="image/png" width="220"/>
      </gapImg>
      <gapImg identifier="GI-11190" matchMax="1">
        <object data="../images/skunk-claims-stem-8@2x_o_9e869bf214.png" height="55" type="image/png" width="220"/>
      </gapImg>
      <associableHotspot coords="16,98,236,158" identifier="HS-11202" matchMax="1" shape="rect"/>
      <associableHotspot coords="16,173,236,233" identifier="HS-11203" matchMax="1" shape="rect"/>
      <associableHotspot coords="264,98,484,158" identifier="HS-11204" matchMax="1" shape="rect"/>
      <associableHotspot coords="265,175,485,235" identifier="HS-11205" matchMax="1" shape="rect"/>
    </graphicGapMatchInteraction>
  </itemBody>
  <responseProcessing>
    <responseCondition>
      <responseIf>
        <isNull>
          <variable identifier="RESPONSE691"/>
        </isNull>
        <setOutcomeValue identifier="SCORE691">
          <baseValue baseType="float">0.0</baseValue>
        </setOutcomeValue>
      </responseIf>
      <responseElse>
        <setOutcomeValue identifier="SCORE691">
          <mapResponse identifier="RESPONSE691"/>
        </setOutcomeValue>
      </responseElse>
    </responseCondition>
    <setOutcomeValue identifier="SCORE">
      <sum>
        <variable identifier="SCORE691"/>
      </sum>
    </setOutcomeValue>
  </responseProcessing>
</assessmentItem>
