<?xml version="1.0"?>
<assessmentItem adaptive="false" identifier="ITEM-LOGIC-MP-613" timeDependent="false" title="Label the length and width of rectangle Z by dragging numbers to the correct boxes." toolName="ItemLogic" toolVersion="2.0.0" xmlns="http://www.imsglobal.org/xsd/imsqti_v2p1" xmlns:m="http://www.w3.org/1998/Math/MathML" xmlns:xsi="http://www.w3.org/2001/XMLSchema-instance" xsi:schemaLocation="http://www.imsglobal.org/xsd/imsqti_v2p1  http://www.imsglobal.org/xsd/qti/qtiv2p1/imsqti_v2p1.xsd">
  <responseDeclaration baseType="directedPair" cardinality="multiple" identifier="RESPONSE509">
    <correctResponse>
      <value>GI-15515 HS-15520</value>
      <value>GI-15518 HS-15521</value>
    </correctResponse>
    <mapping defaultValue="0.00" lowerBound="0.00" upperBound="2.00">
      <mapEntry mapKey="GI-15515 HS-15520" mappedValue="1.00"/>
      <mapEntry mapKey="GI-15518 HS-15521" mappedValue="1.00"/>
    </mapping>
  </responseDeclaration>
  <outcomeDeclaration baseType="float" cardinality="single" identifier="SCORE509">
    <defaultValue>
      <value>0</value>
    </defaultValue>
  </outcomeDeclaration>
  <outcomeDeclaration baseType="float" cardinality="single" identifier="SCORE">
    <defaultValue>
      <value>0</value>
    </defaultValue>
  </outcomeDeclaration>
  <stylesheet href="../styles/bundled.css" type="text/css"/>
  <stylesheet href="../styles/inline.css" type="text/css"/>
  <itemBody>
    <rubricBlock use="stimulus" view="candidate author proctor scorer testConstructor tutor">
      <div>
        <p>Rectangle <em>Y</em> and rectangle <em>Z</em> have the same perimeter. </p>
      </div>
    </rubricBlock>
    <graphicGapMatchInteraction responseIdentifier="RESPONSE509">
      <prompt>Label the length and width of rectangle <em>Z</em> by dragging numbers to the correct boxes.<br/></prompt>
      <object data="../images/dimension-fix_o_727557e80b.png" height="149" type="image/png" width="500"/>
      <gapImg identifier="GI-15515" matchMax="1">
        <object data="../images/FROERI613_Rectangle_Area_opt_a01_o_2988d0277f.png" height="32" type="image/png" width="32"/>
      </gapImg>
      <gapImg identifier="GI-15516" matchMax="1">
        <object data="../images/FROERI613_Rectangle_Area_opt_b01_o_b5751726f1.png" height="32" type="image/png" width="32"/>
      </gapImg>
      <gapImg identifier="GI-15517" matchMax="1">
        <object data="../images/FROERI613_Rectangle_Area_opt_c01_o_c5efb38f86.png" height="32" type="image/png" width="32"/>
      </gapImg>
      <gapImg identifier="GI-15518" matchMax="1">
        <object data="../images/FROERI613_Rectangle_Area_opt_d01_o_9c7e0fabdc.png" height="32" type="image/png" width="32"/>
      </gapImg>
      <gapImg identifier="GI-15519" matchMax="1">
        <object data="../images/FROERI613_Rectangle_Area_opt_e01_o_407cfea399.png" height="32" type="image/png" width="32"/>
      </gapImg>
      <associableHotspot coords="220,89,258,127" identifier="HS-15520" matchMax="1" shape="rect"/>
      <associableHotspot coords="362,42,400,80" identifier="HS-15521" matchMax="1" shape="rect"/>
    </graphicGapMatchInteraction>
  </itemBody>
  <responseProcessing>
    <responseCondition>
      <responseIf>
        <isNull>
          <variable identifier="RESPONSE509"/>
        </isNull>
        <setOutcomeValue identifier="SCORE509">
          <baseValue baseType="float">0.0</baseValue>
        </setOutcomeValue>
      </responseIf>
      <responseElse>
        <setOutcomeValue identifier="SCORE509">
          <mapResponse identifier="RESPONSE509"/>
        </setOutcomeValue>
      </responseElse>
    </responseCondition>
    <setOutcomeValue identifier="SCORE">
      <sum>
        <variable identifier="SCORE509"/>
      </sum>
    </setOutcomeValue>
  </responseProcessing>
</assessmentItem>
