<?xml version="1.0"?>
<assessmentItem adaptive="false" identifier="ITEM-LOGIC-MP-667" timeDependent="false" title="Match the symbols used by the Maya to the number each symbol represents." toolName="ItemLogic" toolVersion="2.0.0" xmlns="http://www.imsglobal.org/xsd/imsqti_v2p1" xmlns:m="http://www.w3.org/1998/Math/MathML" xmlns:xsi="http://www.w3.org/2001/XMLSchema-instance" xsi:schemaLocation="http://www.imsglobal.org/xsd/imsqti_v2p1  http://www.imsglobal.org/xsd/qti/qtiv2p1/imsqti_v2p1.xsd">
  <responseDeclaration baseType="directedPair" cardinality="multiple" identifier="RESPONSE582">
    <correctResponse>
      <value>GI-10848 HS-10854</value>
      <value>GI-10852 HS-10855</value>
      <value>GI-10849 HS-10856</value>
      <value>GI-10851 HS-10857</value>
    </correctResponse>
    <mapping defaultValue="-0.50" lowerBound="0.00" upperBound="5.00">
      <mapEntry mapKey="GI-10848 HS-10854" mappedValue="0.50"/>
      <mapEntry mapKey="GI-10852 HS-10855" mappedValue="0.50"/>
      <mapEntry mapKey="GI-10849 HS-10856" mappedValue="0.50"/>
      <mapEntry mapKey="GI-10851 HS-10857" mappedValue="0.50"/>
    </mapping>
  </responseDeclaration>
  <outcomeDeclaration baseType="float" cardinality="single" identifier="SCORE582">
    <defaultValue>
      <value>0</value>
    </defaultValue>
  </outcomeDeclaration>
  <outcomeDeclaration baseType="float" cardinality="single" identifier="SCORE">
    <defaultValue>
      <value>0</value>
    </defaultValue>
  </outcomeDeclaration>
  <stylesheet href="../styles/bundled.css" type="text/css"/>
  <stylesheet href="../styles/inline.css" type="text/css"/>
  <itemBody>
    <rubricBlock use="context" view="candidate author proctor scorer testConstructor tutor">
      <div>
        <object data="../passages/RSC-LOGIC-MP-1682.html" type="text/html"/>
      </div>
    </rubricBlock>
    <graphicGapMatchInteraction responseIdentifier="RESPONSE582">
      <prompt>Match the symbols used by the Maya to the number each symbol represents.<br/></prompt>
      <object data="../images/heiro-fix_o_88f04194cf.png" height="102" type="image/png" width="298"/>
      <gapImg identifier="GI-10846" matchMax="1">
        <object data="../images/667_Mayan_Mathematics_opt_A01_o_1b452bc06d.png" height="24" type="image/png" width="31"/>
      </gapImg>
      <gapImg identifier="GI-10847" matchMax="1">
        <object data="../images/667_Mayan_Mathematics_opt_B01_o_3384500c34.png" height="24" type="image/png" width="31"/>
      </gapImg>
      <gapImg identifier="GI-10848" matchMax="1">
        <object data="../images/667_Mayan_Mathematics_opt_C01_o_2b8094605e.png" height="23" type="image/png" width="31"/>
      </gapImg>
      <gapImg identifier="GI-10849" matchMax="1">
        <object data="../images/667_Mayan_Mathematics_opt_D01_o_30e05ae17e.png" height="24" type="image/png" width="31"/>
      </gapImg>
      <gapImg identifier="GI-10850" matchMax="1">
        <object data="../images/667_Mayan_Mathematics_opt_E01_o_2d990d8432.png" height="23" type="image/png" width="31"/>
      </gapImg>
      <gapImg identifier="GI-10851" matchMax="1">
        <object data="../images/667_Mayan_Mathematics_opt_F01_o_ce99e0055a.png" height="24" type="image/png" width="31"/>
      </gapImg>
      <gapImg identifier="GI-10852" matchMax="1">
        <object data="../images/667_Mayan_Mathematics_opt_G01_o_d973d64a97.png" height="24" type="image/png" width="31"/>
      </gapImg>
      <associableHotspot coords="65,65,96,95" identifier="HS-10854" matchMax="1" shape="rect"/>
      <associableHotspot coords="127,65,158,95" identifier="HS-10855" matchMax="1" shape="rect"/>
      <associableHotspot coords="194,65,225,95" identifier="HS-10856" matchMax="1" shape="rect"/>
      <associableHotspot coords="259,64,290,94" identifier="HS-10857" matchMax="1" shape="rect"/>
    </graphicGapMatchInteraction>
  </itemBody>
  <responseProcessing>
    <responseCondition>
      <responseIf>
        <isNull>
          <variable identifier="RESPONSE582"/>
        </isNull>
        <setOutcomeValue identifier="SCORE582">
          <baseValue baseType="float">0.0</baseValue>
        </setOutcomeValue>
      </responseIf>
      <responseElse>
        <setOutcomeValue identifier="SCORE582">
          <mapResponse identifier="RESPONSE582"/>
        </setOutcomeValue>
      </responseElse>
    </responseCondition>
    <setOutcomeValue identifier="SCORE">
      <sum>
        <variable identifier="SCORE582"/>
      </sum>
    </setOutcomeValue>
  </responseProcessing>
</assessmentItem>
