<?xml version="1.0"?>
<assessmentItem adaptive="false" identifier="ITEM-LOGIC-KS-750" timeDependent="false" title="Match each number with the information from the studies that it describes." toolName="ItemLogic" toolVersion="2.0.0" xmlns="http://www.imsglobal.org/xsd/imsqti_v2p1" xmlns:m="http://www.w3.org/1998/Math/MathML" xmlns:xsi="http://www.w3.org/2001/XMLSchema-instance" xsi:schemaLocation="http://www.imsglobal.org/xsd/imsqti_v2p1  http://www.imsglobal.org/xsd/qti/qtiv2p1/imsqti_v2p1.xsd">
  <responseDeclaration baseType="directedPair" cardinality="multiple" identifier="RESPONSE705">
    <correctResponse>
      <value>SAC-11615 SAC-11610</value>
      <value>SAC-11616 SAC-11609</value>
      <value>SAC-11618 SAC-11612</value>
      <value>SAC-11620 SAC-11611</value>
    </correctResponse>
    <mapping defaultValue="-0.50" lowerBound="0.00" upperBound="2.00">
      <mapEntry mapKey="SAC-11615 SAC-11610" mappedValue="0.50"/>
      <mapEntry mapKey="SAC-11616 SAC-11609" mappedValue="0.50"/>
      <mapEntry mapKey="SAC-11618 SAC-11612" mappedValue="0.50"/>
      <mapEntry mapKey="SAC-11620 SAC-11611" mappedValue="0.50"/>
    </mapping>
  </responseDeclaration>
  <outcomeDeclaration baseType="float" cardinality="single" identifier="SCORE705">
    <defaultValue>
      <value>0</value>
    </defaultValue>
  </outcomeDeclaration>
  <outcomeDeclaration baseType="float" cardinality="single" identifier="SCORE">
    <defaultValue>
      <value>0</value>
    </defaultValue>
  </outcomeDeclaration>
  <stylesheet href="../styles/bundled.css" type="text/css"/>
  <stylesheet href="../styles/inline.css" type="text/css"/>
  <itemBody>
    <rubricBlock use="context" view="candidate author proctor scorer testConstructor tutor">
      <div>
        <object data="../passages/RSC-LOGIC-KS-2176.html" type="text/html"/>
      </div>
    </rubricBlock>
    <rubricBlock use="stimulus" view="candidate author proctor scorer testConstructor tutor">
      <div>
        <p>The author of <em>Gum in School </em>describes two gum-chewing studies. The numbers below represent important pieces of information from the studies.</p>
      </div>
    </rubricBlock>
    <matchInteraction maxAssociations="4" responseIdentifier="RESPONSE705" shuffle="false">
      <prompt>Match each number with the information from the studies that it describes.<br/></prompt>
      <simpleMatchSet>
        <simpleAssociableChoice identifier="SAC-11615" matchMax="1">
          <p>Research workers followed one group for ___ weeks.</p>
        </simpleAssociableChoice>
        <simpleAssociableChoice identifier="SAC-11616" matchMax="1">
          <p>Students were divided into ___ groups for each study.</p>
        </simpleAssociableChoice>
        <simpleAssociableChoice identifier="SAC-11618" matchMax="1">
          <p>The homework habits of ___ students were studied.</p>
        </simpleAssociableChoice>
        <simpleAssociableChoice identifier="SAC-11620" matchMax="1">
          <p>Chewing gum is most helpful for the first ___ minutes.</p>
        </simpleAssociableChoice>
      </simpleMatchSet>
      <simpleMatchSet>
        <simpleAssociableChoice identifier="SAC-11609" matchMax="1">
          <p>2</p>
        </simpleAssociableChoice>
        <simpleAssociableChoice identifier="SAC-11610" matchMax="1">
          <p>14</p>
        </simpleAssociableChoice>
        <simpleAssociableChoice identifier="SAC-11611" matchMax="1">
          <p>20</p>
        </simpleAssociableChoice>
        <simpleAssociableChoice identifier="SAC-11612" matchMax="1">
          <p>108</p>
        </simpleAssociableChoice>
        <simpleAssociableChoice identifier="SAC-11617" matchMax="1">
          <p>159</p>
        </simpleAssociableChoice>
      </simpleMatchSet>
    </matchInteraction>
  </itemBody>
  <responseProcessing>
    <responseCondition>
      <responseIf>
        <isNull>
          <variable identifier="RESPONSE705"/>
        </isNull>
        <setOutcomeValue identifier="SCORE705">
          <baseValue baseType="float">0.0</baseValue>
        </setOutcomeValue>
      </responseIf>
      <responseElse>
        <setOutcomeValue identifier="SCORE705">
          <mapResponse identifier="RESPONSE705"/>
        </setOutcomeValue>
      </responseElse>
    </responseCondition>
    <setOutcomeValue identifier="SCORE">
      <sum>
        <variable identifier="SCORE705"/>
      </sum>
    </setOutcomeValue>
  </responseProcessing>
</assessmentItem>
