<?xml version="1.0"?>
<assessmentItem adaptive="false" identifier="ITEM-LOGIC-KS-747" timeDependent="false" title="Match each statement below to the idea that it supports. Use the information in the article to make " toolName="ItemLogic" toolVersion="2.0.0" xmlns="http://www.imsglobal.org/xsd/imsqti_v2p1" xmlns:m="http://www.w3.org/1998/Math/MathML" xmlns:xsi="http://www.w3.org/2001/XMLSchema-instance" xsi:schemaLocation="http://www.imsglobal.org/xsd/imsqti_v2p1  http://www.imsglobal.org/xsd/qti/qtiv2p1/imsqti_v2p1.xsd">
  <responseDeclaration baseType="directedPair" cardinality="multiple" identifier="RESPONSE701">
    <correctResponse>
      <value>GI-12052 HS-12064</value>
      <value>GI-12052 HS-12065</value>
      <value>GI-12052 HS-12066</value>
      <value>GI-12053 HS-12067</value>
      <value>GI-12053 HS-12068</value>
      <value>GI-12053 HS-12069</value>
      <value>GI-12054 HS-12067</value>
      <value>GI-12054 HS-12068</value>
      <value>GI-12054 HS-12069</value>
      <value>GI-12055 HS-12064</value>
      <value>GI-12055 HS-12065</value>
      <value>GI-12055 HS-12066</value>
      <value>GI-12056 HS-12067</value>
      <value>GI-12056 HS-12068</value>
      <value>GI-12056 HS-12069</value>
      <value>GI-12057 HS-12064</value>
      <value>GI-12057 HS-12065</value>
      <value>GI-12057 HS-12066</value>
    </correctResponse>
    <mapping defaultValue="-0.50" lowerBound="0.00" upperBound="3.00">
      <mapEntry mapKey="GI-12052 HS-12064" mappedValue="0.50"/>
      <mapEntry mapKey="GI-12052 HS-12065" mappedValue="0.50"/>
      <mapEntry mapKey="GI-12052 HS-12066" mappedValue="0.50"/>
      <mapEntry mapKey="GI-12053 HS-12067" mappedValue="0.50"/>
      <mapEntry mapKey="GI-12053 HS-12068" mappedValue="0.50"/>
      <mapEntry mapKey="GI-12053 HS-12069" mappedValue="0.50"/>
      <mapEntry mapKey="GI-12054 HS-12067" mappedValue="0.50"/>
      <mapEntry mapKey="GI-12054 HS-12068" mappedValue="0.50"/>
      <mapEntry mapKey="GI-12054 HS-12069" mappedValue="0.50"/>
      <mapEntry mapKey="GI-12055 HS-12064" mappedValue="0.50"/>
      <mapEntry mapKey="GI-12055 HS-12065" mappedValue="0.50"/>
      <mapEntry mapKey="GI-12055 HS-12066" mappedValue="0.50"/>
      <mapEntry mapKey="GI-12056 HS-12067" mappedValue="0.50"/>
      <mapEntry mapKey="GI-12056 HS-12068" mappedValue="0.50"/>
      <mapEntry mapKey="GI-12056 HS-12069" mappedValue="0.50"/>
      <mapEntry mapKey="GI-12057 HS-12064" mappedValue="0.50"/>
      <mapEntry mapKey="GI-12057 HS-12065" mappedValue="0.50"/>
      <mapEntry mapKey="GI-12057 HS-12066" mappedValue="0.50"/>
    </mapping>
  </responseDeclaration>
  <outcomeDeclaration baseType="float" cardinality="single" identifier="SCORE701">
    <defaultValue>
      <value>0</value>
    </defaultValue>
  </outcomeDeclaration>
  <outcomeDeclaration baseType="float" cardinality="single" identifier="SCORE">
    <defaultValue>
      <value>0</value>
    </defaultValue>
  </outcomeDeclaration>
  <stylesheet href="../styles/bundled.css" type="text/css"/>
  <stylesheet href="../styles/inline.css" type="text/css"/>
  <itemBody>
    <rubricBlock use="context" view="candidate author proctor scorer testConstructor tutor">
      <div>
        <object data="../passages/RSC-LOGIC-KS-2176.html" type="text/html"/>
      </div>
    </rubricBlock>
    <rubricBlock use="stimulus" view="candidate author proctor scorer testConstructor tutor">
      <div>
        <p>The author of the <em>Gum in School</em> explains why some say that gum in school is a great idea and others say it is a bad idea.</p>
      </div>
    </rubricBlock>
    <graphicGapMatchInteraction responseIdentifier="RESPONSE701">
      <prompt>Match each statement below to the idea that it supports. Use the information in the article to make your choices.<br/></prompt>
      <object data="../images/ela-gum-yes-no-canvas@2x_o_eed13e10a6.png" height="247" type="image/png" width="500"/>
      <gapImg identifier="GI-12052" matchMax="1">
        <object data="../images/ela-gum-yes-no-stem1@2x_o_f97b46c222.png" height="50" type="image/png" width="211"/>
      </gapImg>
      <gapImg identifier="GI-12053" matchMax="1">
        <object data="../images/ela-gum-yes-no-stem2@2x_o_d02caf5c5b.png" height="50" type="image/png" width="211"/>
      </gapImg>
      <gapImg identifier="GI-12054" matchMax="1">
        <object data="../images/ela-gum-yes-no-stem3@2x_o_1ad548de43.png" height="50" type="image/png" width="211"/>
      </gapImg>
      <gapImg identifier="GI-12055" matchMax="1">
        <object data="../images/ela-gum-yes-no-stem4@2x_o_e4cb608dcd.png" height="50" type="image/png" width="211"/>
      </gapImg>
      <gapImg identifier="GI-12056" matchMax="1">
        <object data="../images/ela-gum-yes-no-stem5@2x_o_e1d483054b.png" height="50" type="image/png" width="211"/>
      </gapImg>
      <gapImg identifier="GI-12057" matchMax="1">
        <object data="../images/ela-gum-yes-no-stem6@2x_o_bacb81c306.png" height="50" type="image/png" width="211"/>
      </gapImg>
      <associableHotspot coords="20,50,231,100" identifier="HS-12064" matchMax="1" shape="rect"/>
      <associableHotspot coords="17,113,228,163" identifier="HS-12065" matchMax="1" shape="rect"/>
      <associableHotspot coords="17,174,228,224" identifier="HS-12066" matchMax="1" shape="rect"/>
      <associableHotspot coords="269,50,480,100" identifier="HS-12067" matchMax="1" shape="rect"/>
      <associableHotspot coords="268,111,479,161" identifier="HS-12068" matchMax="1" shape="rect"/>
      <associableHotspot coords="268,174,479,224" identifier="HS-12069" matchMax="1" shape="rect"/>
    </graphicGapMatchInteraction>
  </itemBody>
  <responseProcessing>
    <responseCondition>
      <responseIf>
        <isNull>
          <variable identifier="RESPONSE701"/>
        </isNull>
        <setOutcomeValue identifier="SCORE701">
          <baseValue baseType="float">0.0</baseValue>
        </setOutcomeValue>
      </responseIf>
      <responseElse>
        <setOutcomeValue identifier="SCORE701">
          <mapResponse identifier="RESPONSE701"/>
        </setOutcomeValue>
      </responseElse>
    </responseCondition>
    <setOutcomeValue identifier="SCORE">
      <sum>
        <variable identifier="SCORE701"/>
      </sum>
    </setOutcomeValue>
  </responseProcessing>
</assessmentItem>
