<?xml version="1.0"?>
<assessmentItem adaptive="false" identifier="ITEM-LOGIC-MP-424" timeDependent="false" title="The selection presents information about sleep and the animal kingdom. Select the animal that was st" toolName="ItemLogic" toolVersion="2.0.0" xmlns="http://www.imsglobal.org/xsd/imsqti_v2p1" xmlns:m="http://www.w3.org/1998/Math/MathML" xmlns:xsi="http://www.w3.org/2001/XMLSchema-instance" xsi:schemaLocation="http://www.imsglobal.org/xsd/imsqti_v2p1  http://www.imsglobal.org/xsd/qti/qtiv2p1/imsqti_v2p1.xsd">
  <responseDeclaration baseType="directedPair" cardinality="multiple" identifier="RESPONSE238">
    <correctResponse>
      <value>GI-5901 HS-7570</value>
      <value>GI-5902 HS-7572</value>
	  <value>GI-5904 HS-7571</value>
      <value>GI-5903 HS-7569</value>
    </correctResponse>
    <mapping defaultValue="-1.00" lowerBound="0.00" upperBound="2.00">
      <mapEntry mapKey="GI-5901 HS-7570" mappedValue="0.50"/>
      <mapEntry mapKey="GI-5902 HS-7572" mappedValue="0.50"/>
      <mapEntry mapKey="GI-5903 HS-7569" mappedValue="0.50"/>
      <mapEntry mapKey="GI-5904 HS-7571" mappedValue="0.50"/>
    </mapping>
  </responseDeclaration>
  <outcomeDeclaration baseType="float" cardinality="single" identifier="SCORE238">
    <defaultValue>
      <value>0</value>
    </defaultValue>
  </outcomeDeclaration>
  <outcomeDeclaration baseType="float" cardinality="single" identifier="SCORE">
    <defaultValue>
      <value>0</value>
    </defaultValue>
  </outcomeDeclaration>
  <stylesheet href="../styles/bundled.css" type="text/css"/>
  <stylesheet href="../styles/inline.css" type="text/css"/>
  <itemBody>
    <rubricBlock use="context" view="candidate author proctor scorer testConstructor tutor">
      <div>
        <object data="../passages/RSC-LOGIC-MP-985.html" type="text/html"/>
      </div>
    </rubricBlock>
    <graphicGapMatchInteraction responseIdentifier="RESPONSE238">
      <prompt>The selection presents information about sleep and the animal kingdom. Select the animal that was studied to inform the scientists about sleep and place it in the chart. Each animal will be used once.<br/></prompt>
      <object data="../images/HAMDEB424_Science_stem_01_o_5d69782ba8.png" height="578" type="image/png" width="390"/>
      <gapImg identifier="GI-5901" matchMax="1">
        <object data="../images/HAMDEB424_Science_opt_A01_o_d32388a53f.png" height="128" type="image/png" width="146"/>
      </gapImg>
      <gapImg identifier="GI-5902" matchMax="1">
        <object data="../images/HAMDEB424_Science_opt_B01_o_a30bc86b3d.png" height="128" type="image/png" width="146"/>
      </gapImg>
      <gapImg identifier="GI-5903" matchMax="1">
        <object data="../images/HAMDEB424_Science_opt_C01_o_35d276f56b.png" height="128" type="image/png" width="146"/>
      </gapImg>
      <gapImg identifier="GI-5904" matchMax="1">
        <object data="../images/HAMDEB424_Science_opt_D01_o_fcae8fd8a0.png" height="128" type="image/png" width="146"/>
      </gapImg>
      <associableHotspot coords="238,8,384,136" identifier="HS-7569" matchMax="1" shape="rect"/>
      <associableHotspot coords="239,151,385,279" identifier="HS-7570" matchMax="1" shape="rect"/>
      <associableHotspot coords="238,295,384,423" identifier="HS-7571" matchMax="1" shape="rect"/>
      <associableHotspot coords="237,439,383,567" identifier="HS-7572" matchMax="1" shape="rect"/>
    </graphicGapMatchInteraction>
  </itemBody>
  <responseProcessing>
    <responseCondition>
      <responseIf>
        <isNull>
          <variable identifier="RESPONSE238"/>
        </isNull>
        <setOutcomeValue identifier="SCORE238">
          <baseValue baseType="float">0.0</baseValue>
        </setOutcomeValue>
      </responseIf>
      <responseElse>
        <setOutcomeValue identifier="SCORE238">
          <mapResponse identifier="RESPONSE238"/>
        </setOutcomeValue>
      </responseElse>
    </responseCondition>
    <setOutcomeValue identifier="SCORE">
      <sum>
        <variable identifier="SCORE238"/>
      </sum>
    </setOutcomeValue>
  </responseProcessing>
</assessmentItem>
