<?xml version="1.0"?>
<assessmentItem adaptive="false" identifier="ITEM-LOGIC-KS-826" timeDependent="false" title="Consider the functions&amp;nbsp; [math] ,&amp;nbsp; [math] , and&amp;nbsp; [math] . Order the functions from lea" toolName="ItemLogic" toolVersion="2.0.0" xmlns="http://www.imsglobal.org/xsd/imsqti_v2p1" xmlns:m="http://www.w3.org/1998/Math/MathML" xmlns:xsi="http://www.w3.org/2001/XMLSchema-instance" xsi:schemaLocation="http://www.imsglobal.org/xsd/imsqti_v2p1  http://www.imsglobal.org/xsd/qti/qtiv2p1/imsqti_v2p1.xsd">
  <responseDeclaration baseType="identifier" cardinality="ordered" identifier="RESPONSE828">
    <correctResponse>
      <value>SC-14038</value>
      <value>SC-14036</value>
      <value>SC-14037</value>
    </correctResponse>
  </responseDeclaration>
  <outcomeDeclaration baseType="float" cardinality="single" identifier="SCORE828">
    <defaultValue>
      <value>0</value>
    </defaultValue>
  </outcomeDeclaration>
  <outcomeDeclaration baseType="float" cardinality="single" identifier="SCORE">
    <defaultValue>
      <value>0</value>
    </defaultValue>
  </outcomeDeclaration>
  <stylesheet href="../styles/bundled.css" type="text/css"/>
  <stylesheet href="../styles/inline.css" type="text/css"/>
  <itemBody>
    <orderInteraction orientation="vertical" responseIdentifier="RESPONSE828" shuffle="false" xmlns:default="http://www.w3.org/1998/Math/MathML">
      <prompt xmlns:default="http://www.w3.org/1998/Math/MathML">Consider the functions&#xA0;<m:math xmlns="http://www.w3.org/1998/Math/MathML">   <m:mi>f</m:mi>   <m:mo stretchy="false">(</m:mo>   <m:mi>x</m:mi>   <m:mo stretchy="false">)</m:mo> </m:math>,&#xA0;<m:math xmlns="http://www.w3.org/1998/Math/MathML">   <m:mi>g</m:mi>   <m:mo stretchy="false">(</m:mo>   <m:mi>x</m:mi>   <m:mo stretchy="false">)</m:mo> </m:math>, and&#xA0;<m:math xmlns="http://www.w3.org/1998/Math/MathML">   <m:mi>h</m:mi>   <m:mo stretchy="false">(</m:mo>   <m:mi>x</m:mi>   <m:mo stretchy="false">)</m:mo> </m:math>. Order the functions from least to greatest on the maximum value of each function.<br/></prompt>
      <simpleChoice identifier="SC-14036" xmlns:default="http://www.w3.org/1998/Math/MathML">
        <m:math xmlns="http://www.w3.org/1998/Math/MathML">   <m:mi>f</m:mi>   <m:mo stretchy="false">(</m:mo>   <m:mi>x</m:mi>   <m:mo stretchy="false">)</m:mo>   <m:mo>=</m:mo>   <m:mo>&#x2212;<!-- − --></m:mo>   <m:mn>5</m:mn>   <m:mo stretchy="false">(</m:mo>   <m:mi>x</m:mi>   <m:mo>&#x2212;<!-- − --></m:mo>   <m:mn>3</m:mn>   <m:msup>     <m:mo stretchy="false">)</m:mo>     <m:mn>2</m:mn>   </m:msup>   <m:mo>+</m:mo>   <m:mn>20</m:mn> </m:math>
      </simpleChoice>
      <simpleChoice identifier="SC-14037" xmlns:default="http://www.w3.org/1998/Math/MathML">
        <m:math xmlns="http://www.w3.org/1998/Math/MathML">   <m:mi>g</m:mi>   <m:mo stretchy="false">(</m:mo>   <m:mi>x</m:mi>   <m:mo stretchy="false">)</m:mo>   <m:mo>=</m:mo>   <m:mo>&#x2212;<!-- − --></m:mo>   <m:mfrac>     <m:mn>3</m:mn>     <m:mn>2</m:mn>   </m:mfrac>   <m:msup>     <m:mi>x</m:mi>     <m:mn>2</m:mn>   </m:msup>   <m:mo>+</m:mo>   <m:mn>5</m:mn>   <m:mi>x</m:mi>   <m:mo>+</m:mo>   <m:mn>30</m:mn> </m:math>
      </simpleChoice>
      <simpleChoice identifier="SC-14038" xmlns:default="http://www.w3.org/1998/Math/MathML">
        <m:math xmlns="http://www.w3.org/1998/Math/MathML">   <m:mi>h</m:mi>   <m:mo stretchy="false">(</m:mo>   <m:mi>x</m:mi>   <m:mo stretchy="false">)</m:mo>   <m:mo>=</m:mo>   <m:mo>&#x2212;<!-- − --></m:mo>   <m:mfrac>     <m:mn>1</m:mn>     <m:mn>16</m:mn>   </m:mfrac>   <m:mo stretchy="false">(</m:mo>   <m:mi>x</m:mi>   <m:mo>+</m:mo>   <m:mn>16</m:mn>   <m:mo stretchy="false">)</m:mo>   <m:mo stretchy="false">(</m:mo>   <m:mi>x</m:mi>   <m:mo>+</m:mo>   <m:mn>32</m:mn>   <m:mo stretchy="false">)</m:mo> </m:math>
      </simpleChoice>
    </orderInteraction>
  </itemBody>
  <responseProcessing>
    <responseCondition>
      <responseIf>
        <match>
          <variable identifier="RESPONSE828"/>
          <correct identifier="RESPONSE828"/>
        </match>
        <setOutcomeValue identifier="SCORE828">
          <baseValue baseType="float">1</baseValue>
        </setOutcomeValue>
      </responseIf>
      <responseElse>
        <setOutcomeValue identifier="SCORE828">
          <baseValue baseType="float">0</baseValue>
        </setOutcomeValue>
      </responseElse>
    </responseCondition>
    <setOutcomeValue identifier="SCORE">
      <sum>
        <variable identifier="SCORE828"/>
      </sum>
    </setOutcomeValue>
  </responseProcessing>
</assessmentItem>
