<?xml version="1.0"?>
<assessmentItem adaptive="false" identifier="ITEM-LOGIC-MP-224" timeDependent="false" title="Drag the symbol into the box that makes the number sentence true. Then, drag one glass of water into" toolName="ItemLogic" toolVersion="2.0.0" xmlns="http://www.imsglobal.org/xsd/imsqti_v2p1" xmlns:m="http://www.w3.org/1998/Math/MathML" xmlns:xsi="http://www.w3.org/2001/XMLSchema-instance" xsi:schemaLocation="http://www.imsglobal.org/xsd/imsqti_v2p1  http://www.imsglobal.org/xsd/qti/qtiv2p1/imsqti_v2p1.xsd">
  <responseDeclaration baseType="directedPair" cardinality="multiple" identifier="RESPONSE60">
    <correctResponse>
      <value>GI-3610 HS-3617</value>
      <value>GI-3612 HS-3618</value>
    </correctResponse>
  </responseDeclaration>
  <outcomeDeclaration baseType="float" cardinality="single" identifier="SCORE60">
    <defaultValue>
      <value>0</value>
    </defaultValue>
  </outcomeDeclaration>
  <outcomeDeclaration baseType="float" cardinality="single" identifier="SCORE">
    <defaultValue>
      <value>0</value>
    </defaultValue>
  </outcomeDeclaration>
  <stylesheet href="../styles/bundled.css" type="text/css"/>
  <stylesheet href="../styles/inline.css" type="text/css"/>
  <itemBody>
    <rubricBlock use="stimulus" view="candidate author proctor scorer testConstructor tutor" xmlns:default="http://www.w3.org/1998/Math/MathML">
      <div>
        <p xmlns:default="http://www.w3.org/1998/Math/MathML">Rick drank <m:math xmlns="http://www.w3.org/1998/Math/MathML">   <m:mfrac>     <m:mn>2</m:mn>     <m:mn>4</m:mn>   </m:mfrac> </m:math> glass of juice and <m:math xmlns="http://www.w3.org/1998/Math/MathML">   <m:mfrac>     <m:mn>3</m:mn>     <m:mn>6</m:mn>   </m:mfrac> </m:math> glass of water at breakfast. He wrote a number sentence and drew a model to compare how much juice and how much water he drank.</p>
      </div>
    </rubricBlock>
    <graphicGapMatchInteraction responseIdentifier="RESPONSE60">
      <prompt>Drag the symbol into the box that makes the number sentence true. Then, d<span class="style-9a6b2f1c152ed63441e9037431e2e1eb">rag one glass of water into the box to complete the model.</span><br/></prompt>
      <object data="../images/FRO_ERI_021_FractionGlass_stem_01_o_7510145454.png" height="55" type="image/png" width="136"/>
      <gapImg identifier="GI-3608" matchMax="1">
        <object data="../images/FRO_ERI_021_FractionGlass_opt_01_o_04733f2cd6.png" height="16" type="image/png" width="15"/>
      </gapImg>
      <gapImg identifier="GI-3609" matchMax="1">
        <object data="../images/FRO_ERI_021_FractionGlass_opt_02_o_bd62661c57.png" height="15" type="image/png" width="15"/>
      </gapImg>
      <gapImg identifier="GI-3610" matchMax="1">
        <object data="../images/FRO_ERI_021_FractionGlass_opt_03_o_56d5797acf.png" height="15" type="image/png" width="15"/>
      </gapImg>
      <gapImg identifier="GI-3611" matchMax="1">
        <object data="../images/FRO_ERI_021_FractionGlass_opt_04_o_04399ae0f5.png" height="47" type="image/png" width="32"/>
      </gapImg>
      <gapImg identifier="GI-3612" matchMax="1">
        <object data="../images/FRO_ERI_021_FractionGlass_opt_05_o_2946b06f56.png" height="48" type="image/png" width="32"/>
      </gapImg>
      <gapImg identifier="GI-3613" matchMax="1">
        <object data="../images/FRO_ERI_021_FractionGlass_opt_06_o_a7a1c2643e.png" height="47" type="image/png" width="32"/>
      </gapImg>
      <gapImg identifier="GI-3614" matchMax="1">
        <object data="../images/FRO_ERI_021_FractionGlass_opt_07_o_55bc904cfd.png" height="47" type="image/png" width="32"/>
      </gapImg>
      <gapImg identifier="GI-3616" matchMax="1">
        <object data="../images/FRO_ERI_021_FractionGlass_opt_09_o_127fbc26e2.png" height="47" type="image/png" width="32"/>
      </gapImg>
      <associableHotspot coords="58,19,73,35" identifier="HS-3617" matchMax="1" shape="rect"/>
      <associableHotspot coords="102,4,134,52" identifier="HS-3618" matchMax="1" shape="rect"/>
    </graphicGapMatchInteraction>
  </itemBody>
  <responseProcessing>
    <responseCondition>
      <responseIf>
        <match>
          <variable identifier="RESPONSE60"/>
          <correct identifier="RESPONSE60"/>
        </match>
        <setOutcomeValue identifier="SCORE60">
          <baseValue baseType="float">1</baseValue>
        </setOutcomeValue>
      </responseIf>
      <responseElse>
        <setOutcomeValue identifier="SCORE60">
          <baseValue baseType="float">0</baseValue>
        </setOutcomeValue>
      </responseElse>
    </responseCondition>
    <setOutcomeValue identifier="SCORE">
      <sum>
        <variable identifier="SCORE60"/>
      </sum>
    </setOutcomeValue>
  </responseProcessing>
</assessmentItem>
