<?xml version="1.0"?>
<assessmentItem adaptive="false" identifier="ITEM-LOGIC-MP-503" timeDependent="false" title="Fill in each percentage in the table. Round your answer to the nearest tenth." toolName="ItemLogic" toolVersion="2.0.0" xmlns="http://www.imsglobal.org/xsd/imsqti_v2p1" xmlns:m="http://www.w3.org/1998/Math/MathML" xmlns:xsi="http://www.w3.org/2001/XMLSchema-instance" xsi:schemaLocation="http://www.imsglobal.org/xsd/imsqti_v2p1  http://www.imsglobal.org/xsd/qti/qtiv2p1/imsqti_v2p1.xsd">
  <responseDeclaration baseType="string" cardinality="single" identifier="RESPONSE366">
    <correctResponse>
      <value>56.7</value>
    </correctResponse>
    <mapping>
      <mapEntry mapKey="56.7" mappedValue="0.50"/>
    </mapping>
  </responseDeclaration>
  <responseDeclaration baseType="string" cardinality="single" identifier="RESPONSE367">
    <correctResponse>
      <value>46.7</value>
    </correctResponse>
    <mapping>
      <mapEntry mapKey="46.7" mappedValue="0.50"/>
    </mapping>
  </responseDeclaration>
  <responseDeclaration baseType="identifier" cardinality="multiple" identifier="RESPONSE369">
    <correctResponse>
      <value>HT-8001</value>
    </correctResponse>
  </responseDeclaration>
  <outcomeDeclaration baseType="float" cardinality="single" identifier="SCORE366">
    <defaultValue>
      <value>0</value>
    </defaultValue>
  </outcomeDeclaration>
  <outcomeDeclaration baseType="float" cardinality="single" identifier="SCORE367">
    <defaultValue>
      <value>0</value>
    </defaultValue>
  </outcomeDeclaration>
  <outcomeDeclaration baseType="float" cardinality="single" identifier="SCORE369">
    <defaultValue>
      <value>0</value>
    </defaultValue>
  </outcomeDeclaration>
  <outcomeDeclaration baseType="float" cardinality="single" identifier="SCORE">
    <defaultValue>
      <value>0</value>
    </defaultValue>
  </outcomeDeclaration>
  <stylesheet href="../styles/bundled.css" type="text/css"/>
  <stylesheet href="../styles/inline.css" type="text/css"/>
  <itemBody>
    <rubricBlock use="stimulus" view="candidate author proctor scorer testConstructor tutor">
      <div><p>Julie surveyed 60 students in her school. She asked each student if he or she played a musical instrument and if his or her grade in math was a B or greater. Julie started to make this table to show the responses to her survey.</p><p>Of the students that play a musical instrument, what percentage of them have a math grade of a B or greater?</p> <p>Of the students that <strong>do not</strong> play a musical instrument, what percentage of them have a math grade of a B or greater?</p></div>
    </rubricBlock>
    <div class="stem stem_inline">
      <div class="stem_prompt">
        <p>Fill in each number that represents the percentage in the table. Round your answer to the nearest tenth.</p>
      </div>
      <table class="style-13689fdd619dac8a5ece881d5dcc1ef5"> <tbody> <tr> <td class="style-25150780864b21cd93ec9cb82758edc1" colspan="2" rowspan="2">&#xA0;</td> <td class="style-25150780864b21cd93ec9cb82758edc1" colspan="3">Is your math grade a B or greater?</td> </tr> <tr> <td class="style-95585937f178979aeed946fad9393fa4">Yes</td> <td class="style-95585937f178979aeed946fad9393fa4">No</td> <td class="style-25150780864b21cd93ec9cb82758edc1">Percentage of Students with a Math Grade of B or Greater</td> </tr> <tr> <td class="style-25150780864b21cd93ec9cb82758edc1" rowspan="2">Do you play a musical instrument?&#xA0;</td> <td class="style-25150780864b21cd93ec9cb82758edc1">Yes</td> <td class="style-0594fd93e2a95d4b5ade904927f9cdf8">&#xA0;17 &#xA0;</td> <td class="style-0594fd93e2a95d4b5ade904927f9cdf8">13</td> <td class="style-25150780864b21cd93ec9cb82758edc1">&#xA0; <textEntryInteraction responseIdentifier="RESPONSE366"/> %</td> </tr> <tr> <td class="style-25150780864b21cd93ec9cb82758edc1">No</td> <td class="style-0594fd93e2a95d4b5ade904927f9cdf8">14</td> <td class="style-0594fd93e2a95d4b5ade904927f9cdf8">&#xA0;16</td> <td class="style-25150780864b21cd93ec9cb82758edc1">&#xA0; <textEntryInteraction responseIdentifier="RESPONSE367"/> %</td> </tr> </tbody> </table>
    </div>
    <rubricBlock use="stimulus" view="candidate author proctor scorer testConstructor tutor">
      <div>
        <p>Julie wrote this statement about the data she collected.</p>
      </div>
    </rubricBlock>
    <hottextInteraction maxChoices="1" responseIdentifier="RESPONSE369">
      <prompt>Read Julie's statement. If there is an error, choose the part of the statement that has an error. If there is no error, select No Error.<br/></prompt>
      <p>Based on the data, it appears that the students that play an instrument are <hottext identifier="HT-8001">not</hottext> more likely to have a B or higher in math compared to the students that do not play an instrument. This is because the percentage of students that play an instrument and have a B or greater is <hottext identifier="HT-8002">higher</hottext> than the percentage of students that do not play an instrument. <hottext identifier="HT-8003">No error</hottext></p>
    </hottextInteraction>
  </itemBody>
  <responseProcessing>
    <responseCondition>
      <responseIf>
        <isNull>
          <variable identifier="RESPONSE366"/>
        </isNull>
        <setOutcomeValue identifier="SCORE366">
          <baseValue baseType="float">0.0</baseValue>
        </setOutcomeValue>
      </responseIf>
      <responseElse>
        <setOutcomeValue identifier="SCORE366">
          <mapResponse identifier="RESPONSE366"/>
        </setOutcomeValue>
      </responseElse>
    </responseCondition>
    <responseCondition>
      <responseIf>
        <isNull>
          <variable identifier="RESPONSE367"/>
        </isNull>
        <setOutcomeValue identifier="SCORE367">
          <baseValue baseType="float">0.0</baseValue>
        </setOutcomeValue>
      </responseIf>
      <responseElse>
        <setOutcomeValue identifier="SCORE367">
          <mapResponse identifier="RESPONSE367"/>
        </setOutcomeValue>
      </responseElse>
    </responseCondition>
    <responseCondition>
      <responseIf>
        <match>
          <variable identifier="RESPONSE369"/>
          <correct identifier="RESPONSE369"/>
        </match>
        <setOutcomeValue identifier="SCORE369">
          <baseValue baseType="float">1</baseValue>
        </setOutcomeValue>
      </responseIf>
      <responseElse>
        <setOutcomeValue identifier="SCORE369">
          <baseValue baseType="float">0</baseValue>
        </setOutcomeValue>
      </responseElse>
    </responseCondition>
    <setOutcomeValue identifier="SCORE">
      <sum>
        <variable identifier="SCORE366"/>
        <variable identifier="SCORE367"/>
        <variable identifier="SCORE369"/>
      </sum>
    </setOutcomeValue>
  </responseProcessing>
</assessmentItem>
