<?xml version="1.0"?>
<assessmentItem adaptive="false" identifier="ITEM-LOGIC-MP-537" timeDependent="false" title="Match the number of students with the grade point average range." toolName="ItemLogic" toolVersion="2.0.0" xmlns="http://www.imsglobal.org/xsd/imsqti_v2p1" xmlns:m="http://www.w3.org/1998/Math/MathML" xmlns:xsi="http://www.w3.org/2001/XMLSchema-instance" xsi:schemaLocation="http://www.imsglobal.org/xsd/imsqti_v2p1  http://www.imsglobal.org/xsd/qti/qtiv2p1/imsqti_v2p1.xsd">
  <responseDeclaration baseType="directedPair" cardinality="multiple" identifier="RESPONSE430">
    <correctResponse>
      <value>SAC-7494 SAC-7498</value>
      <value>SAC-7495 SAC-7499</value>
    </correctResponse>
    <mapping defaultValue="0.00" lowerBound="0.00" upperBound="2.00">
      <mapEntry mapKey="SAC-7494 SAC-7498" mappedValue="1.00"/>
      <mapEntry mapKey="SAC-7495 SAC-7499" mappedValue="1.00"/>
    </mapping>
  </responseDeclaration>
  <outcomeDeclaration baseType="float" cardinality="single" identifier="SCORE430">
    <defaultValue>
      <value>0</value>
    </defaultValue>
  </outcomeDeclaration>
  <outcomeDeclaration baseType="float" cardinality="single" identifier="SCORE">
    <defaultValue>
      <value>0</value>
    </defaultValue>
  </outcomeDeclaration>
  <stylesheet href="../styles/bundled.css" type="text/css"/>
  <stylesheet href="../styles/inline.css" type="text/css"/>
  <itemBody>
    <rubricBlock use="stimulus" view="candidate author proctor scorer testConstructor tutor">
      <div>
        <p>The grade point averages of the students who attend a high school follow a normal distribution with a mean of 2.75 and a standard deviation of 0.25. There are 300 students who attend the school.</p>
      </div>
    </rubricBlock>
    <matchInteraction maxAssociations="2" responseIdentifier="RESPONSE430" shuffle="false">
      <prompt>Match the number of students with the grade point average range.<br/></prompt>
      <simpleMatchSet>
        <simpleAssociableChoice identifier="SAC-7494" matchMax="1">
          <p>The number of students with a grade point average below 2.75</p>
        </simpleAssociableChoice>
        <simpleAssociableChoice identifier="SAC-7495" matchMax="1">
          <p>The number of students with a grade point average between 2.5 and 3.0</p>
        </simpleAssociableChoice>
      </simpleMatchSet>
      <simpleMatchSet>
        <simpleAssociableChoice identifier="SAC-7496" matchMax="1">
          <p>Between 0 and 60 students</p>
        </simpleAssociableChoice>
        <simpleAssociableChoice identifier="SAC-7497" matchMax="1">
          <p>Between 60 and 120 students</p>
        </simpleAssociableChoice>
        <simpleAssociableChoice identifier="SAC-7498" matchMax="1">
          <p>Between 120 and 180 students</p>
        </simpleAssociableChoice>
        <simpleAssociableChoice identifier="SAC-7499" matchMax="1">
          <p>Between 180 and 240 students</p>
        </simpleAssociableChoice>
        <simpleAssociableChoice identifier="SAC-7500" matchMax="1">
          <p>Between 240 and 300 students</p>
        </simpleAssociableChoice>
      </simpleMatchSet>
    </matchInteraction>
  </itemBody>
  <responseProcessing>
    <responseCondition>
      <responseIf>
        <isNull>
          <variable identifier="RESPONSE430"/>
        </isNull>
        <setOutcomeValue identifier="SCORE430">
          <baseValue baseType="float">0.0</baseValue>
        </setOutcomeValue>
      </responseIf>
      <responseElse>
        <setOutcomeValue identifier="SCORE430">
          <mapResponse identifier="RESPONSE430"/>
        </setOutcomeValue>
      </responseElse>
    </responseCondition>
    <setOutcomeValue identifier="SCORE">
      <sum>
        <variable identifier="SCORE430"/>
      </sum>
    </setOutcomeValue>
  </responseProcessing>
</assessmentItem>
