<?xml version="1.0"?>
<assessmentItem adaptive="false" identifier="ITEM-LOGIC-MP-453" timeDependent="false" title="Kyle wrote an equation to represent the relationship in the graph. Fill in the the number that belon" toolName="ItemLogic" toolVersion="2.0.0" xmlns="http://www.imsglobal.org/xsd/imsqti_v2p1" xmlns:m="http://www.w3.org/1998/Math/MathML" xmlns:xsi="http://www.w3.org/2001/XMLSchema-instance" xsi:schemaLocation="http://www.imsglobal.org/xsd/imsqti_v2p1  http://www.imsglobal.org/xsd/qti/qtiv2p1/imsqti_v2p1.xsd">
  <responseDeclaration baseType="string" cardinality="single" identifier="RESPONSE290">
    <correctResponse>
      <value>5</value>
    </correctResponse>
  </responseDeclaration>
  <responseDeclaration baseType="identifier" cardinality="single" identifier="RESPONSE292">
    <correctResponse>
      <value>IC-7116</value>
    </correctResponse>
  </responseDeclaration>
  <outcomeDeclaration baseType="float" cardinality="single" identifier="SCORE290">
    <defaultValue>
      <value>0</value>
    </defaultValue>
  </outcomeDeclaration>
  <outcomeDeclaration baseType="float" cardinality="single" identifier="SCORE292">
    <defaultValue>
      <value>0</value>
    </defaultValue>
  </outcomeDeclaration>
  <outcomeDeclaration baseType="float" cardinality="single" identifier="SCORE">
    <defaultValue>
      <value>0</value>
    </defaultValue>
  </outcomeDeclaration>
  <stylesheet href="../styles/bundled.css" type="text/css"/>
  <stylesheet href="../styles/inline.css" type="text/css"/>
  <itemBody>
    <rubricBlock use="stimulus" view="candidate author proctor scorer testConstructor tutor">
      <div>
        <p>This graph shows the relationship between the weight of a watermelon, <em>x,</em> in pounds, Kyle bought and the total cost, <em>y</em>, in dollars, he paid for the watermelon.</p>
        <p>
          <object data="../images/FROERI453_Watermelon_176c949396.png" height="323" type="image/png" width="285"/>
        </p>
      </div>
    </rubricBlock>
    <div class="stem stem_inline">
      <div class="stem_prompt">
        <p>Kyle wrote an equation to represent the relationship in the graph. Fill in the the number that belongs in the equation.</p>
      </div>
      <p>Based on the graph, 20 pounds of watermelon cost <textEntryInteraction responseIdentifier="RESPONSE290"/>dollars.<em><br/></em></p>
    </div>
    <div class="stem stem_inline">
      <div class="stem_prompt">
        <p>Kyle wrote an equation to represent the relationship between t, the total cost in dollars, and w, the weight in pounds, of the watermelon. Select the number that belongs in the equation.</p>
      </div>
      <p><em>t</em> = <inlineChoiceInteraction responseIdentifier="RESPONSE292" shuffle="false"><inlineChoice identifier="IC-7115">$0.20</inlineChoice><inlineChoice identifier="IC-7116">$0.25</inlineChoice><inlineChoice identifier="IC-7117">$0.40</inlineChoice><inlineChoice identifier="IC-7118">$0.50</inlineChoice></inlineChoiceInteraction><em>w</em></p>
    </div>
  </itemBody>
  <responseProcessing>
    <responseCondition>
      <responseIf>
        <match>
          <variable identifier="RESPONSE290"/>
          <correct identifier="RESPONSE290"/>
        </match>
        <setOutcomeValue identifier="SCORE290">
          <baseValue baseType="float">1</baseValue>
        </setOutcomeValue>
      </responseIf>
      <responseElse>
        <setOutcomeValue identifier="SCORE290">
          <baseValue baseType="float">0</baseValue>
        </setOutcomeValue>
      </responseElse>
    </responseCondition>
    <responseCondition>
      <responseIf>
        <match>
          <variable identifier="RESPONSE292"/>
          <correct identifier="RESPONSE292"/>
        </match>
        <setOutcomeValue identifier="SCORE292">
          <baseValue baseType="float">1</baseValue>
        </setOutcomeValue>
      </responseIf>
      <responseElse>
        <setOutcomeValue identifier="SCORE292">
          <baseValue baseType="float">0</baseValue>
        </setOutcomeValue>
      </responseElse>
    </responseCondition>
    <setOutcomeValue identifier="SCORE">
      <sum>
        <variable identifier="SCORE290"/>
        <variable identifier="SCORE292"/>
      </sum>
    </setOutcomeValue>
  </responseProcessing>
</assessmentItem>
