<?xml version="1.0"?>
<assessmentItem adaptive="false" identifier="ITEM-LOGIC-MP-558" timeDependent="false" title="Part A Select the best answer to complete the following sentence." toolName="ItemLogic" toolVersion="2.0.0" xmlns="http://www.imsglobal.org/xsd/imsqti_v2p1" xmlns:m="http://www.w3.org/1998/Math/MathML" xmlns:xsi="http://www.w3.org/2001/XMLSchema-instance" xsi:schemaLocation="http://www.imsglobal.org/xsd/imsqti_v2p1  http://www.imsglobal.org/xsd/qti/qtiv2p1/imsqti_v2p1.xsd">
  <responseDeclaration baseType="identifier" cardinality="single" identifier="RESPONSE438">
    <correctResponse>
      <value>IC-8043</value>
    </correctResponse>
  </responseDeclaration>
  <responseDeclaration baseType="identifier" cardinality="multiple" identifier="RESPONSE440">
    <correctResponse>
      <value>HT-13170</value>
      <value>HT-13173</value>
      <value>HT-13174</value>
    </correctResponse>
  </responseDeclaration>
  <outcomeDeclaration baseType="float" cardinality="single" identifier="SCORE438">
    <defaultValue>
      <value>0</value>
    </defaultValue>
  </outcomeDeclaration>
  <outcomeDeclaration baseType="float" cardinality="single" identifier="SCORE440">
    <defaultValue>
      <value>0</value>
    </defaultValue>
  </outcomeDeclaration>
  <outcomeDeclaration baseType="float" cardinality="single" identifier="SCORE">
    <defaultValue>
      <value>0</value>
    </defaultValue>
  </outcomeDeclaration>
  <stylesheet href="../styles/bundled.css" type="text/css"/>
  <stylesheet href="../styles/inline.css" type="text/css"/>
  <itemBody>
    <rubricBlock use="context" view="candidate author proctor scorer testConstructor tutor">
      <div>
        <object data="../passages/RSC-LOGIC-MP-1671.html" type="text/html"/>
      </div>
    </rubricBlock>
    <div class="stem stem_inline">
      <div class="stem_prompt"><p>Part A</p> <p>Select the <strong>best</strong> answer to complete the following sentence.</p></div>
      <p class="MsoNormal">A main idea of paragraphs 1 through 6 is <inlineChoiceInteraction responseIdentifier="RESPONSE438" shuffle="false"><inlineChoice identifier="IC-8045">parents have special feelings for their children</inlineChoice><inlineChoice identifier="IC-8044">young people are able to do great things</inlineChoice><inlineChoice identifier="IC-8043">change is sometimes difficult to accept</inlineChoice><inlineChoice identifier="IC-8046">goals are sometimes hard to reach</inlineChoice></inlineChoiceInteraction>.</p>
    </div>
    <hottextInteraction maxChoices="0" responseIdentifier="RESPONSE440"><prompt>Part B<br/> Select three pieces of evidence from paragraphs 1 through 6 that support the answer in Part A.<br/></prompt><p><strong>1&#xA0;&#xA0;&#xA0; </strong>The chiefs stared at Ayoka as she was brought into the room. Was she scared? No, just a little nervous. Was she afraid she would fail? <hottext identifier="HT-13169">No, she knew her papa had taught her well.</hottext></p> <p><strong>2&#xA0;&#xA0;&#xA0; </strong>But she also knew the great importance of this meeting. The Cherokee people had been laughing at her papa. <hottext identifier="HT-13170">Some said that he was under a witch's spell and should be sent away.</hottext> Ayoka must now do her part to change their minds.</p> <p><strong>3&#xA0;&#xA0;&#xA0; </strong><hottext identifier="HT-13171">She saw her papa at the other end of the long room, but she knew she must not look at him.</hottext> The chiefs might think that they were signaling to each other. Soon one of the chiefs whispered to her papa. Her papa made marks on a piece of paper and handed it back. The paper was brought across the room to Ayoka. It was her big moment.</p> <p><strong>4&#xA0;&#xA0;&#xA0;</strong><hottext identifier="HT-13172">In her strongest six-year-old voice, Ayoka read the markings on the page.</hottext> For the first time ever, a Cherokee Indian was reading her own language! Everyone gasped. <hottext identifier="HT-13173">Was this a trick?</hottext></p> <p><strong>5&#xA0;&#xA0;&#xA0; </strong><hottext identifier="HT-13174">The chiefs demanded another test.</hottext> This time, a chief whispered to Ayoka. She wrote down what he said and then was taken out of the room. Her paper was given to her papa. <hottext identifier="HT-13175">He stood and proudly read exactly what she had written.</hottext></p> <p><strong>6&#xA0;&#xA0;&#xA0; </strong>The room buzzed with excitement. In 1821, no North American Indian from any tribe could read and write his or her own language. <hottext identifier="HT-13176">Could this six-year-old girl really read and write Cherokee?</hottext> And how did Ayoka's papa, Sequoyah, invent this amazing writing system?</p></hottextInteraction>
  </itemBody>
  <responseProcessing>
    <responseCondition>
      <responseIf>
        <match>
          <variable identifier="RESPONSE438"/>
          <correct identifier="RESPONSE438"/>
        </match>
        <setOutcomeValue identifier="SCORE438">
          <baseValue baseType="float">1</baseValue>
        </setOutcomeValue>
      </responseIf>
      <responseElse>
        <setOutcomeValue identifier="SCORE438">
          <baseValue baseType="float">0</baseValue>
        </setOutcomeValue>
      </responseElse>
    </responseCondition>
    <responseCondition>
      <responseIf>
        <match>
          <variable identifier="RESPONSE440"/>
          <correct identifier="RESPONSE440"/>
        </match>
        <setOutcomeValue identifier="SCORE440">
          <baseValue baseType="float">1</baseValue>
        </setOutcomeValue>
      </responseIf>
      <responseElse>
        <setOutcomeValue identifier="SCORE440">
          <baseValue baseType="float">0</baseValue>
        </setOutcomeValue>
      </responseElse>
    </responseCondition>
    <setOutcomeValue identifier="SCORE">
      <sum>
        <variable identifier="SCORE438"/>
        <variable identifier="SCORE440"/>
      </sum>
    </setOutcomeValue>
  </responseProcessing>
</assessmentItem>
