<?xml version="1.0"?>
<assessmentItem adaptive="false" identifier="ITEM-LOGIC-MP-494" timeDependent="false" title="Place the correct terms in the boxes to factor the expression." toolName="ItemLogic" toolVersion="2.0.0" xmlns="http://www.imsglobal.org/xsd/imsqti_v2p1" xmlns:m="http://www.w3.org/1998/Math/MathML" xmlns:xsi="http://www.w3.org/2001/XMLSchema-instance" xsi:schemaLocation="http://www.imsglobal.org/xsd/imsqti_v2p1  http://www.imsglobal.org/xsd/qti/qtiv2p1/imsqti_v2p1.xsd">
  <responseDeclaration baseType="directedPair" cardinality="multiple" identifier="RESPONSE354">
    <correctResponse>
      <value>GI-16417 HS-16419</value>
      <value>GI-7961 HS-16422</value>
    </correctResponse>
    <mapping defaultValue="-1.00" lowerBound="0.00" upperBound="2.00">
      <mapEntry mapKey="GI-16417 HS-16419" mappedValue="1.00"/>
      <mapEntry mapKey="GI-7961 HS-16422" mappedValue="1.00"/>
    </mapping>
  </responseDeclaration>
  <outcomeDeclaration baseType="float" cardinality="single" identifier="SCORE354">
    <defaultValue>
      <value>0</value>
    </defaultValue>
  </outcomeDeclaration>
  <outcomeDeclaration baseType="float" cardinality="single" identifier="SCORE">
    <defaultValue>
      <value>0</value>
    </defaultValue>
  </outcomeDeclaration>
  <stylesheet href="../styles/bundled.css" type="text/css"/>
  <stylesheet href="../styles/inline.css" type="text/css"/>
  <itemBody>
    <rubricBlock use="stimulus" view="candidate author proctor scorer testConstructor tutor" xmlns:default="http://www.w3.org/1998/Math/MathML">
      <div><p>Look at this expression.</p> <p><m:math xmlns="http://www.w3.org/1998/Math/MathML">   <m:mo>&#x2212;<!-- âˆ’ --></m:mo>   <m:mn>6</m:mn>   <m:msup>     <m:mi>x</m:mi>     <m:mn>2</m:mn>   </m:msup>   <m:mo>+</m:mo>   <m:mn>17</m:mn>   <m:mi>x</m:mi>   <m:mo>&#x2212;<!-- âˆ’ --></m:mo>   <m:mn>5</m:mn> </m:math></p></div>
    </rubricBlock>
    <graphicGapMatchInteraction responseIdentifier="RESPONSE354">
      <prompt>Place the correct terms in the boxes to factor the expression.<br/></prompt>
      <object data="../images/FROERI494_Equation_stem_01_o_fed407ae65.png" height="47" type="image/png" width="288"/>
      <gapImg identifier="GI-7961" matchMax="1">
        <object data="../images/FROERI494_Equation_opt_g01_o_c23752ee2a.png" height="35" type="image/png" width="72"/>
      </gapImg>
      <gapImg identifier="GI-7962" matchMax="1">
        <object data="../images/FROERI494_Equation_opt_h01_o_4ee58aba92.png" height="35" type="image/png" width="72"/>
      </gapImg>
      <gapImg identifier="GI-7963" matchMax="1">
        <object data="../images/FROERI494_Equation_opt_i01_o_097cc7008b.png" height="35" type="image/png" width="72"/>
      </gapImg>
      <gapImg identifier="GI-7964" matchMax="1">
        <object data="../images/FROERI494_Equation_opt_j01_o_1f2fe7014a.png" height="36" type="image/png" width="72"/>
      </gapImg>
      <gapImg identifier="GI-16417" matchMax="1">
        <object data="../images/FROERI494_Equation_opt_d01_o_f99ec7a5ec.png" height="36" type="image/png" width="72"/>
      </gapImg>
      <gapImg identifier="GI-16418" matchMax="1">
        <object data="../images/FROERI494_Equation_opt_k01_o_fd431bf1ed.png" height="35" type="image/png" width="72"/>
      </gapImg>
      <associableHotspot coords="65,4,137,40" identifier="HS-16419" matchMax="1" shape="rect"/>
      <associableHotspot coords="185,4,257,40" identifier="HS-16422" matchMax="1" shape="rect"/>
    </graphicGapMatchInteraction>
  </itemBody>
  <responseProcessing>
    <responseCondition>
      <responseIf>
        <isNull>
          <variable identifier="RESPONSE354"/>
        </isNull>
        <setOutcomeValue identifier="SCORE354">
          <baseValue baseType="float">0.0</baseValue>
        </setOutcomeValue>
      </responseIf>
      <responseElse>
        <setOutcomeValue identifier="SCORE354">
          <mapResponse identifier="RESPONSE354"/>
        </setOutcomeValue>
      </responseElse>
    </responseCondition>
    <setOutcomeValue identifier="SCORE">
      <sum>
        <variable identifier="SCORE354"/>
      </sum>
    </setOutcomeValue>
  </responseProcessing>
</assessmentItem>
