<?xml version="1.0"?>
<assessmentItem adaptive="false" identifier="ITEM-LOGIC-MP-466" timeDependent="false" title="Select the best answer to complete each sentence." toolName="ItemLogic" toolVersion="2.0.0" xmlns="http://www.imsglobal.org/xsd/imsqti_v2p1" xmlns:m="http://www.w3.org/1998/Math/MathML" xmlns:xsi="http://www.w3.org/2001/XMLSchema-instance" xsi:schemaLocation="http://www.imsglobal.org/xsd/imsqti_v2p1  http://www.imsglobal.org/xsd/qti/qtiv2p1/imsqti_v2p1.xsd">
  <responseDeclaration baseType="identifier" cardinality="single" identifier="RESPONSE314">
    <correctResponse>
      <value>IC-5646</value>
    </correctResponse>
  </responseDeclaration>
  <responseDeclaration baseType="identifier" cardinality="single" identifier="RESPONSE316">
    <correctResponse>
      <value>IC-5653</value>
    </correctResponse>
  </responseDeclaration>
  <outcomeDeclaration baseType="float" cardinality="single" identifier="SCORE314">
    <defaultValue>
      <value>0</value>
    </defaultValue>
  </outcomeDeclaration>
  <outcomeDeclaration baseType="float" cardinality="single" identifier="SCORE316">
    <defaultValue>
      <value>0</value>
    </defaultValue>
  </outcomeDeclaration>
  <outcomeDeclaration baseType="float" cardinality="single" identifier="SCORE">
    <defaultValue>
      <value>0</value>
    </defaultValue>
  </outcomeDeclaration>
  <stylesheet href="../styles/bundled.css" type="text/css"/>
  <stylesheet href="../styles/inline.css" type="text/css"/>
  <itemBody>
    <rubricBlock use="context" view="candidate author proctor scorer testConstructor tutor">
      <div>
        <object data="../passages/RSC-LOGIC-MP-989.html" type="text/html"/>
      </div>
    </rubricBlock>
    <div class="stem stem_inline"><div class="stem_prompt"><p>Select the <strong>best</strong> answer to complete each sentence.</p></div><p>Part A</p> <p>Peter can best be described as <inlineChoiceInteraction responseIdentifier="RESPONSE314" shuffle="false"><inlineChoice identifier="IC-5647">immature</inlineChoice><inlineChoice identifier="IC-5649">scornful</inlineChoice><inlineChoice identifier="IC-5648">thoughtless</inlineChoice><inlineChoice identifier="IC-5646">frustrated</inlineChoice></inlineChoiceInteraction>.</p></div>
    <div class="stem stem_inline"><p>Part B</p> <p>The detail that <strong>best</strong> supports the answer to Part A is <span class="style-8bd943e97a441ee14e14edcf454bf513"><inlineChoiceInteraction responseIdentifier="RESPONSE316" shuffle="false"><inlineChoice identifier="IC-5652">&#x201C;&#x2018;I&#x2019;ve just gone crazy.&#x2019;&#x201D; </inlineChoice><inlineChoice identifier="IC-5653">&#x201C;&#x2018;I can&#x2019;t stand much more of it!&#x2019;&#x201D; </inlineChoice><inlineChoice identifier="IC-5654">&#x201C;&#x2018;No, thanks! Not me!&#x2019;&#x201D; </inlineChoice><inlineChoice identifier="IC-5655">&#x201C;&#x2018;That doesn&#x2019;t make me feel any better!&#x2019;&#x201D; </inlineChoice></inlineChoiceInteraction></span></p></div>
  </itemBody>
  <responseProcessing>
    <responseCondition>
      <responseIf>
        <match>
          <variable identifier="RESPONSE314"/>
          <correct identifier="RESPONSE314"/>
        </match>
        <setOutcomeValue identifier="SCORE314">
          <baseValue baseType="float">1</baseValue>
        </setOutcomeValue>
      </responseIf>
      <responseElse>
        <setOutcomeValue identifier="SCORE314">
          <baseValue baseType="float">0</baseValue>
        </setOutcomeValue>
      </responseElse>
    </responseCondition>
    <responseCondition>
      <responseIf>
        <match>
          <variable identifier="RESPONSE316"/>
          <correct identifier="RESPONSE316"/>
        </match>
        <setOutcomeValue identifier="SCORE316">
          <baseValue baseType="float">1</baseValue>
        </setOutcomeValue>
      </responseIf>
      <responseElse>
        <setOutcomeValue identifier="SCORE316">
          <baseValue baseType="float">0</baseValue>
        </setOutcomeValue>
      </responseElse>
    </responseCondition>
    <setOutcomeValue identifier="SCORE">
      <sum>
        <variable identifier="SCORE314"/>
        <variable identifier="SCORE316"/>
      </sum>
    </setOutcomeValue>
  </responseProcessing>
</assessmentItem>
