<?xml version="1.0"?>
<assessmentItem adaptive="false" identifier="ITEM-LOGIC-MP-463" timeDependent="false" title="Part A Which is a central idea presented in paragraph 4 in &quot;Call of the Wild?&quot;" toolName="ItemLogic" toolVersion="2.0.0" xmlns="http://www.imsglobal.org/xsd/imsqti_v2p1" xmlns:m="http://www.w3.org/1998/Math/MathML" xmlns:xsi="http://www.w3.org/2001/XMLSchema-instance" xsi:schemaLocation="http://www.imsglobal.org/xsd/imsqti_v2p1  http://www.imsglobal.org/xsd/qti/qtiv2p1/imsqti_v2p1.xsd">
  <responseDeclaration baseType="identifier" cardinality="single" identifier="RESPONSE309">
    <correctResponse>
      <value>SC-5619</value>
    </correctResponse>
  </responseDeclaration>
  <responseDeclaration baseType="identifier" cardinality="multiple" identifier="RESPONSE310">
    <correctResponse>
      <value>HT-7297</value>
      <value>HT-7298</value>
    </correctResponse>
  </responseDeclaration>
  <outcomeDeclaration baseType="float" cardinality="single" identifier="SCORE309">
    <defaultValue>
      <value>0</value>
    </defaultValue>
  </outcomeDeclaration>
  <outcomeDeclaration baseType="float" cardinality="single" identifier="SCORE310">
    <defaultValue>
      <value>0</value>
    </defaultValue>
  </outcomeDeclaration>
  <outcomeDeclaration baseType="float" cardinality="single" identifier="SCORE">
    <defaultValue>
      <value>0</value>
    </defaultValue>
  </outcomeDeclaration>
  <stylesheet href="../styles/bundled.css" type="text/css"/>
  <stylesheet href="../styles/inline.css" type="text/css"/>
  <itemBody>
    <rubricBlock use="context" view="candidate author proctor scorer testConstructor tutor">
      <div>
        <object data="../passages/RSC-LOGIC-MP-990.html" type="text/html"/>
      </div>
    </rubricBlock>
    <choiceInteraction maxChoices="1" responseIdentifier="RESPONSE309" shuffle="false">
      <prompt>Part A<br/> Which is a central idea presented in paragraph 4 in "Call of the Wild?"<br/></prompt>
      <simpleChoice fixed="true" identifier="SC-5618">
        <p>One can only rely on one's own self. </p>
      </simpleChoice>
      <simpleChoice fixed="true" identifier="SC-5619">
        <p>Sometimes reactions are instinctive.</p>
      </simpleChoice>
      <simpleChoice fixed="true" identifier="SC-5620">
        <p>First impressions are not always accurate.</p>
      </simpleChoice>
      <simpleChoice fixed="true" identifier="SC-5621">
        <p>Memories can guide a person's viewpoint.</p>
      </simpleChoice>
    </choiceInteraction>
    <hottextInteraction maxChoices="0" responseIdentifier="RESPONSE310">
      <prompt>Part B<br/> Select two details from paragraph 4 that <strong>best</strong> support the answer in Part A.<br/></prompt>
      <p class="style-5e403a038863513e67891d0531e6ce85">Nor did he open his eyes till roused by the noises of the waking camp. <hottext identifier="HT-7296">At first he did not know where he was.</hottext> It had snowed during the night and he was completely buried. <hottext identifier="HT-7297">The snow walls pressed him on every side, and a great surge of fear swept through him</hottext>&#x2014;the fear of the wild thing for the trap. It was a token that he was harking back through his own life to the lives of his forebears; for he was a civilized dog, an unduly civilized dog, and of his own experience knew no trap and so could not of himself fear it. The muscles of his whole body contracted spasmodically and instinctively, <hottext identifier="HT-7298">the hair on his neck and shoulders stood on end, and with a ferocious snarl he bounded straight up into the blinding day, the snow flying about him in a flashing cloud.</hottext> Ere he landed on his feet, he saw the white camp spread out before him and knew where he was <hottext identifier="HT-7299">and remembered all that had passed from the time he went for a stroll with Manuel to the hole he had dug for himself the night before.</hottext></p>
    </hottextInteraction>
  </itemBody>
  <responseProcessing>
    <responseCondition>
      <responseIf>
        <match>
          <variable identifier="RESPONSE309"/>
          <correct identifier="RESPONSE309"/>
        </match>
        <setOutcomeValue identifier="SCORE309">
          <baseValue baseType="float">1</baseValue>
        </setOutcomeValue>
      </responseIf>
      <responseElse>
        <setOutcomeValue identifier="SCORE309">
          <baseValue baseType="float">0</baseValue>
        </setOutcomeValue>
      </responseElse>
    </responseCondition>
    <responseCondition>
      <responseIf>
        <match>
          <variable identifier="RESPONSE310"/>
          <correct identifier="RESPONSE310"/>
        </match>
        <setOutcomeValue identifier="SCORE310">
          <baseValue baseType="float">1</baseValue>
        </setOutcomeValue>
      </responseIf>
      <responseElse>
        <setOutcomeValue identifier="SCORE310">
          <baseValue baseType="float">0</baseValue>
        </setOutcomeValue>
      </responseElse>
    </responseCondition>
    <setOutcomeValue identifier="SCORE">
      <sum>
        <variable identifier="SCORE309"/>
        <variable identifier="SCORE310"/>
      </sum>
    </setOutcomeValue>
  </responseProcessing>
</assessmentItem>
