<?xml version="1.0"?>
<assessmentItem adaptive="false" identifier="ITEM-LOGIC-MP-404" timeDependent="false" title="Match the pattern to the statement that describes it." toolName="ItemLogic" toolVersion="2.0.0" xmlns="http://www.imsglobal.org/xsd/imsqti_v2p1" xmlns:m="http://www.w3.org/1998/Math/MathML" xmlns:xsi="http://www.w3.org/2001/XMLSchema-instance" xsi:schemaLocation="http://www.imsglobal.org/xsd/imsqti_v2p1  http://www.imsglobal.org/xsd/qti/qtiv2p1/imsqti_v2p1.xsd">
  <responseDeclaration baseType="directedPair" cardinality="multiple" identifier="RESPONSE202">
    <correctResponse>
      <value>SAC-4994 SAC-4997</value>
      <value>SAC-4995 SAC-4998</value>
      <value>SAC-4996 SAC-4999</value>
    </correctResponse>
  </responseDeclaration>
  <outcomeDeclaration baseType="float" cardinality="single" identifier="SCORE202">
    <defaultValue>
      <value>0</value>
    </defaultValue>
  </outcomeDeclaration>
  <outcomeDeclaration baseType="float" cardinality="single" identifier="SCORE">
    <defaultValue>
      <value>0</value>
    </defaultValue>
  </outcomeDeclaration>
  <stylesheet href="../styles/bundled.css" type="text/css"/>
  <stylesheet href="../styles/inline.css" type="text/css"/>
  <itemBody>
    <matchInteraction maxAssociations="3" responseIdentifier="RESPONSE202" shuffle="false">
      <prompt>Match the pattern to the statement that describes it.<br/></prompt>
      <simpleMatchSet>
        <simpleAssociableChoice identifier="SAC-4994" matchMax="1">
          <p>7, 11, 15, 19, 23, 27, 31</p>
        </simpleAssociableChoice>
        <simpleAssociableChoice identifier="SAC-4995" matchMax="1">
          <p>30, 26, 22, 18, 14, 10, 6</p>
        </simpleAssociableChoice>
        <simpleAssociableChoice identifier="SAC-4996" matchMax="1">
          <p>29, 20, 31, 22, 33, 24, 35</p>
        </simpleAssociableChoice>
      </simpleMatchSet>
      <simpleMatchSet>
        <simpleAssociableChoice identifier="SAC-4999" matchMax="1">
          <p>The terms alternate between odd and even numbers.</p>
        </simpleAssociableChoice>
        <simpleAssociableChoice identifier="SAC-4997" matchMax="1">
          <p>Each term is 1 less than a multiple of 4.</p>
        </simpleAssociableChoice>
        <simpleAssociableChoice identifier="SAC-4998" matchMax="1">
          <p>Each term is less than the term before it.</p>
        </simpleAssociableChoice>
      </simpleMatchSet>
    </matchInteraction>
  </itemBody>
  <responseProcessing>
    <responseCondition>
      <responseIf>
        <match>
          <variable identifier="RESPONSE202"/>
          <correct identifier="RESPONSE202"/>
        </match>
        <setOutcomeValue identifier="SCORE202">
          <baseValue baseType="float">1</baseValue>
        </setOutcomeValue>
      </responseIf>
      <responseElse>
        <setOutcomeValue identifier="SCORE202">
          <baseValue baseType="float">0</baseValue>
        </setOutcomeValue>
      </responseElse>
    </responseCondition>
    <setOutcomeValue identifier="SCORE">
      <sum>
        <variable identifier="SCORE202"/>
      </sum>
    </setOutcomeValue>
  </responseProcessing>
</assessmentItem>
