<?xml version="1.0"?>
<assessmentItem adaptive="false" identifier="ITEM-LOGIC-MP-205" timeDependent="false" title="Which quality of Nyasha sets her apart from her sister, Manyara?" toolName="ItemLogic" toolVersion="2.0.0" xmlns="http://www.imsglobal.org/xsd/imsqti_v2p1" xmlns:m="http://www.w3.org/1998/Math/MathML" xmlns:xsi="http://www.w3.org/2001/XMLSchema-instance" xsi:schemaLocation="http://www.imsglobal.org/xsd/imsqti_v2p1  http://www.imsglobal.org/xsd/qti/qtiv2p1/imsqti_v2p1.xsd">
  <responseDeclaration baseType="identifier" cardinality="single" identifier="RESPONSE28">
    <correctResponse>
      <value>SC-2111</value>
    </correctResponse>
  </responseDeclaration>
  <responseDeclaration baseType="identifier" cardinality="multiple" identifier="RESPONSE29">
    <correctResponse>
      <value>HT-2124</value>
    </correctResponse>
  </responseDeclaration>
  <outcomeDeclaration baseType="float" cardinality="single" identifier="SCORE28">
    <defaultValue>
      <value>0</value>
    </defaultValue>
  </outcomeDeclaration>
  <outcomeDeclaration baseType="float" cardinality="single" identifier="SCORE29">
    <defaultValue>
      <value>0</value>
    </defaultValue>
  </outcomeDeclaration>
  <outcomeDeclaration baseType="float" cardinality="single" identifier="SCORE">
    <defaultValue>
      <value>0</value>
    </defaultValue>
  </outcomeDeclaration>
  <stylesheet href="../styles/bundled.css" type="text/css"/>
  <stylesheet href="../styles/inline.css" type="text/css"/>
  <itemBody>
    <rubricBlock use="context" view="candidate author proctor scorer testConstructor tutor">
      <div>
        <object data="../passages/RSC-LOGIC-MP-343.html" type="text/html"/>
      </div>
    </rubricBlock>
    <choiceInteraction maxChoices="1" responseIdentifier="RESPONSE28" shuffle="false">
      <prompt>Which quality of Nyasha sets her apart from her sister, Manyara?<br/></prompt>
      <simpleChoice fixed="true" identifier="SC-2110">
        <p>her cleverness</p>
      </simpleChoice>
      <simpleChoice fixed="true" identifier="SC-2111">
        <p>her kindness</p>
      </simpleChoice>
      <simpleChoice fixed="true" identifier="SC-2112">
        <p>her bravery</p>
      </simpleChoice>
      <simpleChoice fixed="true" identifier="SC-2113">
        <p>her determination</p>
      </simpleChoice>
    </choiceInteraction>
    <hottextInteraction maxChoices="0" responseIdentifier="RESPONSE29"><prompt>Select the sentence from paragraph 5 or 6 that<strong> best</strong> supports the answer to Part A.<br/></prompt><p>Nyasha was sad that Manyara felt this way, but she ignored her sister&#x2019;s words and went about her chores. <hottext identifier="HT-2121">Nyasha kept a small plot of land, on which she grew millet, sunflowers, yams, and vegetables.</hottext><hottext identifier="HT-2122">She always sang as she worked, and some said it was her singing that made her crops more bountiful than anyone else&#x2019;s.</hottext></p> <p>One day, Nyasha noticed a small garden snake resting beneath a yam vine. &#x201C;Good day, little Nyoka,&#x201D;  she called to him. &#x201C;You are welcome here. <hottext identifier="HT-2123">You will keep away any creatures who might spoil my vegetables.</hottext>&#x201D;  <hottext identifier="HT-2124">She bent forward, gave the little snake a loving pat on the head, and then returned to her work.</hottext></p></hottextInteraction>
  </itemBody>
  <responseProcessing>
    <responseCondition>
      <responseIf>
        <match>
          <variable identifier="RESPONSE28"/>
          <correct identifier="RESPONSE28"/>
        </match>
        <setOutcomeValue identifier="SCORE28">
          <baseValue baseType="float">1</baseValue>
        </setOutcomeValue>
      </responseIf>
      <responseElse>
        <setOutcomeValue identifier="SCORE28">
          <baseValue baseType="float">0</baseValue>
        </setOutcomeValue>
      </responseElse>
    </responseCondition>
    <responseCondition>
      <responseIf>
        <match>
          <variable identifier="RESPONSE29"/>
          <correct identifier="RESPONSE29"/>
        </match>
        <setOutcomeValue identifier="SCORE29">
          <baseValue baseType="float">1</baseValue>
        </setOutcomeValue>
      </responseIf>
      <responseElse>
        <setOutcomeValue identifier="SCORE29">
          <baseValue baseType="float">0</baseValue>
        </setOutcomeValue>
      </responseElse>
    </responseCondition>
    <setOutcomeValue identifier="SCORE">
      <sum>
        <variable identifier="SCORE28"/>
        <variable identifier="SCORE29"/>
      </sum>
    </setOutcomeValue>
  </responseProcessing>
</assessmentItem>
