<?xml version="1.0"?>
<assessmentItem adaptive="false" identifier="ITEM-LOGIC-MP-470" timeDependent="false" title="The selections &#x201C;Four Miles to Pinecone&#x201D;&#x9D; and &#x201C;Digging&#x201D;&#x9D; each have their own theme but also hav" toolName="ItemLogic" toolVersion="2.0.0" xmlns="http://www.imsglobal.org/xsd/imsqti_v2p1" xmlns:m="http://www.w3.org/1998/Math/MathML" xmlns:xsi="http://www.w3.org/2001/XMLSchema-instance" xsi:schemaLocation="http://www.imsglobal.org/xsd/imsqti_v2p1  http://www.imsglobal.org/xsd/qti/qtiv2p1/imsqti_v2p1.xsd">
  <responseDeclaration baseType="directedPair" cardinality="multiple" identifier="RESPONSE321">
    <correctResponse>
      <value>SAC-5686 SAC-5690</value>
      <value>SAC-5687 SAC-5692</value>
      <value>SAC-5688 SAC-5689</value>
    </correctResponse>
  </responseDeclaration>
  <outcomeDeclaration baseType="float" cardinality="single" identifier="SCORE321">
    <defaultValue>
      <value>0</value>
    </defaultValue>
  </outcomeDeclaration>
  <outcomeDeclaration baseType="float" cardinality="single" identifier="SCORE">
    <defaultValue>
      <value>0</value>
    </defaultValue>
  </outcomeDeclaration>
  <stylesheet href="../styles/bundled.css" type="text/css"/>
  <stylesheet href="../styles/inline.css" type="text/css"/>
  <itemBody>
    <rubricBlock use="context" view="candidate author proctor scorer testConstructor tutor">
      <div>
        <object data="../passages/RSC-LOGIC-MP-988.html" type="text/html"/>
      </div>
      <div>
        <object data="../passages/RSC-LOGIC-MP-987.html" type="text/html"/>
      </div>
    </rubricBlock>
    <matchInteraction maxAssociations="3" responseIdentifier="RESPONSE321" shuffle="false">
      <prompt>The selections &#x201C;Four Miles to Pinecone&#x201D;  and &#x201C;Digging&#x201D;  each have their own theme but also have a common theme that is presented in each selection. Match a theme for each selection and match the theme that is presented in both.<br/></prompt>
      <simpleMatchSet>
        <simpleAssociableChoice identifier="SAC-5686" matchMax="1">
          <p>Four Miles to Pinecone</p>
        </simpleAssociableChoice>
        <simpleAssociableChoice identifier="SAC-5687" matchMax="1">
          <p>Digging</p>
        </simpleAssociableChoice>
        <simpleAssociableChoice identifier="SAC-5688" matchMax="1">
          <p>Both selections</p>
        </simpleAssociableChoice>
      </simpleMatchSet>
      <simpleMatchSet>
        <simpleAssociableChoice identifier="SAC-5689" matchMax="1">
          <p>Writing can be a means to determining one&#x2019;s destiny.</p>
        </simpleAssociableChoice>
        <simpleAssociableChoice identifier="SAC-5690" matchMax="1">
          <p>Trying to just get by usually causes more work in the long run.</p>
        </simpleAssociableChoice>
        <simpleAssociableChoice identifier="SAC-5691" matchMax="1">
          <p>Sometimes you have to learn things the hard way in order to succeed.</p>
        </simpleAssociableChoice>
        <simpleAssociableChoice identifier="SAC-5692" matchMax="1">
          <p>Acceptance of one&#x2019;s heritage can mean different things to different people.</p>
        </simpleAssociableChoice>
      </simpleMatchSet>
    </matchInteraction>
  </itemBody>
  <responseProcessing>
    <responseCondition>
      <responseIf>
        <match>
          <variable identifier="RESPONSE321"/>
          <correct identifier="RESPONSE321"/>
        </match>
        <setOutcomeValue identifier="SCORE321">
          <baseValue baseType="float">1</baseValue>
        </setOutcomeValue>
      </responseIf>
      <responseElse>
        <setOutcomeValue identifier="SCORE321">
          <baseValue baseType="float">0</baseValue>
        </setOutcomeValue>
      </responseElse>
    </responseCondition>
    <setOutcomeValue identifier="SCORE">
      <sum>
        <variable identifier="SCORE321"/>
      </sum>
    </setOutcomeValue>
  </responseProcessing>
</assessmentItem>
