<?xml version="1.0"?>
<assessmentItem adaptive="false" identifier="ITEM-LOGIC-MP-347" timeDependent="false" title="Part A Based on the selection, which sentence best describes both Papa and Esperanza?" toolName="ItemLogic" toolVersion="2.0.0" xmlns="http://www.imsglobal.org/xsd/imsqti_v2p1" xmlns:m="http://www.w3.org/1998/Math/MathML" xmlns:xsi="http://www.w3.org/2001/XMLSchema-instance" xsi:schemaLocation="http://www.imsglobal.org/xsd/imsqti_v2p1  http://www.imsglobal.org/xsd/qti/qtiv2p1/imsqti_v2p1.xsd">
  <responseDeclaration baseType="identifier" cardinality="single" identifier="RESPONSE129">
    <correctResponse>
      <value>SC-6252</value>
    </correctResponse>
  </responseDeclaration>
  <responseDeclaration baseType="identifier" cardinality="multiple" identifier="RESPONSE130">
    <correctResponse>
      <value>HT-6486</value>
      <value>HT-6489</value>
    </correctResponse>
  </responseDeclaration>
  <outcomeDeclaration baseType="float" cardinality="single" identifier="SCORE129">
    <defaultValue>
      <value>0</value>
    </defaultValue>
  </outcomeDeclaration>
  <outcomeDeclaration baseType="float" cardinality="single" identifier="SCORE130">
    <defaultValue>
      <value>0</value>
    </defaultValue>
  </outcomeDeclaration>
  <outcomeDeclaration baseType="float" cardinality="single" identifier="SCORE">
    <defaultValue>
      <value>0</value>
    </defaultValue>
  </outcomeDeclaration>
  <stylesheet href="../styles/bundled.css" type="text/css"/>
  <stylesheet href="../styles/inline.css" type="text/css"/>
  <itemBody>
    <rubricBlock use="context" view="candidate author proctor scorer testConstructor tutor">
      <div>
        <object data="../passages/RSC-LOGIC-MP-952.html" type="text/html"/>
      </div>
    </rubricBlock>
    <choiceInteraction maxChoices="1" responseIdentifier="RESPONSE129" shuffle="false">
      <prompt>Part A<br/> Based on the selection, which sentence <strong>best</strong> describes both Papa and Esperanza?<br/></prompt>
      <simpleChoice fixed="true" identifier="SC-6251">
        <p>They both are eager to pick grapes.</p>
      </simpleChoice>
      <simpleChoice fixed="true" identifier="SC-6252">
        <p>They both have respect for the land.</p>
      </simpleChoice>
      <simpleChoice fixed="true" identifier="SC-6253">
        <p>They both enjoy getting down in the dirt.</p>
      </simpleChoice>
      <simpleChoice fixed="true" identifier="SC-6254">
        <p>They both have concerns about protecting the land.</p>
      </simpleChoice>
    </choiceInteraction>
    <hottextInteraction maxChoices="0" responseIdentifier="RESPONSE130"><prompt>Part B<br/> Select <strong>two</strong> details that support the answer in Part A.<br/></prompt><p><hottext identifier="HT-6484">"Leafy green vines draped the arbors and the grapes were ready to drop."</hottext></p> <p><hottext identifier="HT-6485">"sweeping his arm toward the distant mountains that guarded them."</hottext></p> <p><hottext identifier="HT-6486">"He gently touched a wild tendril that reached into the row"</hottext></p> <p><hottext identifier="HT-6487">"Papa lay down on his stomach and looked up at her, patting the ground next to him."</hottext></p> <p><hottext identifier="HT-6488">"She waited and lay silent, watching Papa's eyes."</hottext></p> <p><hottext identifier="HT-6489">"Not wanting to forget the feel of the heart of the valley."</hottext></p></hottextInteraction>
  </itemBody>
  <responseProcessing>
    <responseCondition>
      <responseIf>
        <match>
          <variable identifier="RESPONSE129"/>
          <correct identifier="RESPONSE129"/>
        </match>
        <setOutcomeValue identifier="SCORE129">
          <baseValue baseType="float">1</baseValue>
        </setOutcomeValue>
      </responseIf>
      <responseElse>
        <setOutcomeValue identifier="SCORE129">
          <baseValue baseType="float">0</baseValue>
        </setOutcomeValue>
      </responseElse>
    </responseCondition>
    <responseCondition>
      <responseIf>
        <match>
          <variable identifier="RESPONSE130"/>
          <correct identifier="RESPONSE130"/>
        </match>
        <setOutcomeValue identifier="SCORE130">
          <baseValue baseType="float">1</baseValue>
        </setOutcomeValue>
      </responseIf>
      <responseElse>
        <setOutcomeValue identifier="SCORE130">
          <baseValue baseType="float">0</baseValue>
        </setOutcomeValue>
      </responseElse>
    </responseCondition>
    <setOutcomeValue identifier="SCORE">
      <sum>
        <variable identifier="SCORE129"/>
        <variable identifier="SCORE130"/>
      </sum>
    </setOutcomeValue>
  </responseProcessing>
</assessmentItem>
