<?xml version="1.0"?>
<assessmentItem adaptive="false" identifier="ITEM-LOGIC-MP-535" timeDependent="false" title="This equation represents a parabola. [math] &amp;nbsp;&amp;nbsp; Match the directrix with the focus of this " toolName="ItemLogic" toolVersion="2.0.0" xmlns="http://www.imsglobal.org/xsd/imsqti_v2p1" xmlns:m="http://www.w3.org/1998/Math/MathML" xmlns:xsi="http://www.w3.org/2001/XMLSchema-instance" xsi:schemaLocation="http://www.imsglobal.org/xsd/imsqti_v2p1  http://www.imsglobal.org/xsd/qti/qtiv2p1/imsqti_v2p1.xsd">
  <responseDeclaration baseType="directedPair" cardinality="multiple" identifier="RESPONSE426">
    <correctResponse>
      <value>SAC-7474 SAC-7481</value>
    </correctResponse>
  </responseDeclaration>
  <outcomeDeclaration baseType="float" cardinality="single" identifier="SCORE426">
    <defaultValue>
      <value>0</value>
    </defaultValue>
  </outcomeDeclaration>
  <outcomeDeclaration baseType="float" cardinality="single" identifier="SCORE">
    <defaultValue>
      <value>0</value>
    </defaultValue>
  </outcomeDeclaration>
  <stylesheet href="../styles/bundled.css" type="text/css"/>
  <stylesheet href="../styles/inline.css" type="text/css"/>
  <itemBody>
    <matchInteraction maxAssociations="1" responseIdentifier="RESPONSE426" shuffle="false">
      <prompt xmlns:default="http://www.w3.org/1998/Math/MathML">This equation represents a parabola.<br/> <m:math xmlns="http://www.w3.org/1998/Math/MathML">   <m:mi>y</m:mi>   <m:mo>=</m:mo>   <m:mo>&#x2212;<!-- âˆ’ --></m:mo>   <m:mfrac>     <m:mn>1</m:mn>     <m:mn>4</m:mn>   </m:mfrac>   <m:msup>     <m:mi>x</m:mi>     <m:mn>2</m:mn>   </m:msup>   <m:mo>+</m:mo>   <m:mi>x</m:mi>   <m:mo>+</m:mo>   <m:mn>1</m:mn> </m:math>&#xA0;&#xA0;<br/> Match the directrix with the focus of this parabola.<br/></prompt>
      <simpleMatchSet>
        <simpleAssociableChoice identifier="SAC-7471" matchMax="1">
          <m:math xmlns="http://www.w3.org/1998/Math/MathML">   <m:mi>y</m:mi>   <m:mo>=</m:mo>   <m:mo>&#x2212;<!-- âˆ’ --></m:mo>   <m:mn>3</m:mn> </m:math>
        </simpleAssociableChoice>
        <simpleAssociableChoice identifier="SAC-7472" matchMax="1">
          <m:math xmlns="http://www.w3.org/1998/Math/MathML">   <m:mi>y</m:mi>   <m:mo>=</m:mo>   <m:mo>&#x2212;<!-- âˆ’ --></m:mo>   <m:mn>1</m:mn> </m:math>
        </simpleAssociableChoice>
        <simpleAssociableChoice identifier="SAC-7473" matchMax="1">
          <m:math xmlns="http://www.w3.org/1998/Math/MathML">   <m:mi>y</m:mi>   <m:mo>=</m:mo>   <m:mn>1</m:mn> </m:math>
        </simpleAssociableChoice>
        <simpleAssociableChoice identifier="SAC-7474" matchMax="1">
          <m:math xmlns="http://www.w3.org/1998/Math/MathML">   <m:mi>y</m:mi>   <m:mo>=</m:mo>   <m:mn>3</m:mn> </m:math>
        </simpleAssociableChoice>
      </simpleMatchSet>
      <simpleMatchSet>
        <simpleAssociableChoice identifier="SAC-7475" matchMax="1">
          <m:math xmlns="http://www.w3.org/1998/Math/MathML">   <m:mo stretchy="false">(</m:mo>   <m:mo>&#x2212;<!-- âˆ’ --></m:mo>   <m:mn>2</m:mn>   <m:mo>,</m:mo>   <m:mo>&#x2212;<!-- âˆ’ --></m:mo>   <m:mn>3</m:mn>   <m:mo stretchy="false">)</m:mo> </m:math>
        </simpleAssociableChoice>
        <simpleAssociableChoice identifier="SAC-7476" matchMax="1">
          <m:math xmlns="http://www.w3.org/1998/Math/MathML">   <m:mo stretchy="false">(</m:mo>   <m:mo>&#x2212;<!-- âˆ’ --></m:mo>   <m:mn>2</m:mn>   <m:mo>,</m:mo>   <m:mo>&#x2212;<!-- âˆ’ --></m:mo>   <m:mn>1</m:mn>   <m:mo stretchy="false">)</m:mo> </m:math>
        </simpleAssociableChoice>
        <simpleAssociableChoice identifier="SAC-7477" matchMax="1">
          <m:math xmlns="http://www.w3.org/1998/Math/MathML">   <m:mo stretchy="false">(</m:mo>   <m:mo>&#x2212;<!-- âˆ’ --></m:mo>   <m:mn>2</m:mn>   <m:mo>,</m:mo>   <m:mn>1</m:mn>   <m:mo stretchy="false">)</m:mo> </m:math>
        </simpleAssociableChoice>
        <simpleAssociableChoice identifier="SAC-7478" matchMax="1">
          <m:math xmlns="http://www.w3.org/1998/Math/MathML">   <m:mo stretchy="false">(</m:mo>   <m:mo>&#x2212;<!-- âˆ’ --></m:mo>   <m:mn>2</m:mn>   <m:mo>,</m:mo>   <m:mn>3</m:mn>   <m:mo stretchy="false">)</m:mo> </m:math>
        </simpleAssociableChoice>
        <simpleAssociableChoice identifier="SAC-7479" matchMax="1">
          <m:math xmlns="http://www.w3.org/1998/Math/MathML">   <m:mo stretchy="false">(</m:mo>   <m:mn>2</m:mn>   <m:mo>,</m:mo>   <m:mo>&#x2212;<!-- âˆ’ --></m:mo>   <m:mn>3</m:mn>   <m:mo stretchy="false">)</m:mo> </m:math>
        </simpleAssociableChoice>
        <simpleAssociableChoice identifier="SAC-7480" matchMax="1">
          <m:math xmlns="http://www.w3.org/1998/Math/MathML">   <m:mo stretchy="false">(</m:mo>   <m:mn>2</m:mn>   <m:mo>,</m:mo>   <m:mo>&#x2212;<!-- âˆ’ --></m:mo>   <m:mn>1</m:mn>   <m:mo stretchy="false">)</m:mo> </m:math>
        </simpleAssociableChoice>
        <simpleAssociableChoice identifier="SAC-7481" matchMax="1">
          <m:math xmlns="http://www.w3.org/1998/Math/MathML">   <m:mo stretchy="false">(</m:mo>   <m:mn>2</m:mn>   <m:mo>,</m:mo>   <m:mn>1</m:mn>   <m:mo stretchy="false">)</m:mo> </m:math>
        </simpleAssociableChoice>
        <simpleAssociableChoice identifier="SAC-7482" matchMax="1">
          <m:math xmlns="http://www.w3.org/1998/Math/MathML">   <m:mo stretchy="false">(</m:mo>   <m:mn>2</m:mn>   <m:mo>,</m:mo>   <m:mn>3</m:mn>   <m:mo stretchy="false">)</m:mo> </m:math>
        </simpleAssociableChoice>
      </simpleMatchSet>
    </matchInteraction>
  </itemBody>
  <responseProcessing>
    <responseCondition>
      <responseIf>
        <match>
          <variable identifier="RESPONSE426"/>
          <correct identifier="RESPONSE426"/>
        </match>
        <setOutcomeValue identifier="SCORE426">
          <baseValue baseType="float">1</baseValue>
        </setOutcomeValue>
      </responseIf>
      <responseElse>
        <setOutcomeValue identifier="SCORE426">
          <baseValue baseType="float">0</baseValue>
        </setOutcomeValue>
      </responseElse>
    </responseCondition>
    <setOutcomeValue identifier="SCORE">
      <sum>
        <variable identifier="SCORE426"/>
      </sum>
    </setOutcomeValue>
  </responseProcessing>
</assessmentItem>
