<?xml version="1.0"?>
<assessmentItem adaptive="false" identifier="ITEM-LOGIC-MP-238" timeDependent="false" title="Complete the chart by identifying what caused the narrator to wear Meg&#x2019;s clothes." toolName="ItemLogic" toolVersion="2.0.0" xmlns="http://www.imsglobal.org/xsd/imsqti_v2p1" xmlns:m="http://www.w3.org/1998/Math/MathML" xmlns:xsi="http://www.w3.org/2001/XMLSchema-instance" xsi:schemaLocation="http://www.imsglobal.org/xsd/imsqti_v2p1  http://www.imsglobal.org/xsd/qti/qtiv2p1/imsqti_v2p1.xsd">
  <responseDeclaration baseType="directedPair" cardinality="multiple" identifier="RESPONSE78">
    <correctResponse>
      <value>GI-2729 HS-2731</value>
      <value>GI-2730 HS-2732</value>
    </correctResponse>
  </responseDeclaration>
  <outcomeDeclaration baseType="float" cardinality="single" identifier="SCORE78">
    <defaultValue>
      <value>0</value>
    </defaultValue>
  </outcomeDeclaration>
  <outcomeDeclaration baseType="float" cardinality="single" identifier="SCORE">
    <defaultValue>
      <value>0</value>
    </defaultValue>
  </outcomeDeclaration>
  <stylesheet href="../styles/bundled.css" type="text/css"/>
  <stylesheet href="../styles/inline.css" type="text/css"/>
  <itemBody>
    <rubricBlock use="context" view="candidate author proctor scorer testConstructor tutor">
      <div>
        <object data="../passages/RSC-LOGIC-MP-484.html" type="text/html"/>
      </div>
    </rubricBlock>
    <graphicGapMatchInteraction responseIdentifier="RESPONSE78">
      <prompt>Complete the chart by identifying what caused the narrator to wear Meg&#x2019;s clothes.<br/></prompt>
      <object data="../images/SENHEA238_cause-effect_stem_01_o_6cf50ef3c4.png" height="77" type="image/png" width="489"/>
      <gapImg identifier="GI-2726" matchMax="1">
        <object data="../images/SENHEA238_cause-effect_opt_01_o_821e59e256.png" height="51" type="image/png" width="130"/>
      </gapImg>
      <gapImg identifier="GI-2727" matchMax="1">
        <object data="../images/SENHEA238_cause-effect_opt_03_o_65a8270994.png" height="51" type="image/png" width="130"/>
      </gapImg>
      <gapImg identifier="GI-2728" matchMax="1">
        <object data="../images/SENHEA238_cause-effect_opt_04_o_f55e7c9af4.png" height="51" type="image/png" width="130"/>
      </gapImg>
      <gapImg identifier="GI-2729" matchMax="1">
        <object data="../images/SENHEA238_cause-effect_opt_05_o_80fb352f71.png" height="51" type="image/png" width="130"/>
      </gapImg>
      <gapImg identifier="GI-2730" matchMax="1">
        <object data="../images/SENHEA238_cause-effect_opt_02_o_9bad691075.png" height="51" type="image/png" width="130"/>
      </gapImg>
      <associableHotspot coords="2,3,132,54" identifier="HS-2731" matchMax="1" shape="rect"/>
      <associableHotspot coords="355,3,485,54" identifier="HS-2732" matchMax="1" shape="rect"/>
    </graphicGapMatchInteraction>
  </itemBody>
  <responseProcessing>
    <responseCondition>
      <responseIf>
        <match>
          <variable identifier="RESPONSE78"/>
          <correct identifier="RESPONSE78"/>
        </match>
        <setOutcomeValue identifier="SCORE78">
          <baseValue baseType="float">1</baseValue>
        </setOutcomeValue>
      </responseIf>
      <responseElse>
        <setOutcomeValue identifier="SCORE78">
          <baseValue baseType="float">0</baseValue>
        </setOutcomeValue>
      </responseElse>
    </responseCondition>
    <setOutcomeValue identifier="SCORE">
      <sum>
        <variable identifier="SCORE78"/>
      </sum>
    </setOutcomeValue>
  </responseProcessing>
</assessmentItem>
