<?xml version="1.0"?>
<assessmentItem adaptive="false" identifier="ITEM-LOGIC-KS-761" timeDependent="false" title="Choose the word or phrase that correctly completes each sentence." toolName="ItemLogic" toolVersion="2.0.0" xmlns="http://www.imsglobal.org/xsd/imsqti_v2p1" xmlns:m="http://www.w3.org/1998/Math/MathML" xmlns:xsi="http://www.w3.org/2001/XMLSchema-instance" xsi:schemaLocation="http://www.imsglobal.org/xsd/imsqti_v2p1  http://www.imsglobal.org/xsd/qti/qtiv2p1/imsqti_v2p1.xsd">
  <responseDeclaration baseType="directedPair" cardinality="multiple" identifier="RESPONSE721">
    <correctResponse>
      <value>GT-11919 GAP-11927</value>
      <value>GT-11916 GAP-11928</value>
      <value>GT-11917 GAP-11929</value>
      <value>GT-11915 GAP-11930</value>
    </correctResponse>
    <mapping defaultValue="-0.50" lowerBound="0.00" upperBound="2.00">
      <mapEntry mapKey="GT-11919 GAP-11927" mappedValue="0.50"/>
      <mapEntry mapKey="GT-11916 GAP-11928" mappedValue="0.50"/>
      <mapEntry mapKey="GT-11917 GAP-11929" mappedValue="0.50"/>
      <mapEntry mapKey="GT-11915 GAP-11930" mappedValue="0.50"/>
    </mapping>
  </responseDeclaration>
  <outcomeDeclaration baseType="float" cardinality="single" identifier="SCORE721">
    <defaultValue>
      <value>0</value>
    </defaultValue>
  </outcomeDeclaration>
  <outcomeDeclaration baseType="float" cardinality="single" identifier="SCORE">
    <defaultValue>
      <value>0</value>
    </defaultValue>
  </outcomeDeclaration>
  <stylesheet href="../styles/bundled.css" type="text/css"/>
  <stylesheet href="../styles/inline.css" type="text/css"/>
  <itemBody>
    <rubricBlock use="context" view="candidate author proctor scorer testConstructor tutor">
      <div>
        <object data="../passages/RSC-LOGIC-KS-2171.html" type="text/html"/>
      </div>
    </rubricBlock>
    <rubricBlock use="stimulus" view="candidate author proctor scorer testConstructor tutor">
      <div>
        <p>The author gives many details about the flower project.</p>
      </div>
    </rubricBlock>
    <gapMatchInteraction responseIdentifier="RESPONSE721" shuffle="false">
      <prompt>Choose the word or phrase that correctly completes each sentence.<br/></prompt>
      <gapText identifier="GT-11915" matchMax="1">one day</gapText>
      <gapText identifier="GT-11921" matchMax="1">blue </gapText>
      <gapText identifier="GT-11916" matchMax="1">white</gapText>
      <gapText identifier="GT-11919" matchMax="1">roots</gapText>
      <gapText identifier="GT-11922" matchMax="1">stem</gapText>
      <gapText identifier="GT-11920" matchMax="1">petals</gapText>
      <gapText identifier="GT-11917" matchMax="1">one or two hours</gapText>
      <p>It will take about <gap identifier="GAP-11930"/> for the color change to finish.</p>
      <p>The flower project works best if you begin with a <gap identifier="GAP-11928"/> flower.</p>
      <p>The petals will begin to change color after <gap identifier="GAP-11929"/>.</p>
      <p>The part of the flower <strong>not</strong> needed for this project is the <gap identifier="GAP-11927"/>.</p>
    </gapMatchInteraction>
  </itemBody>
  <responseProcessing>
    <responseCondition>
      <responseIf>
        <isNull>
          <variable identifier="RESPONSE721"/>
        </isNull>
        <setOutcomeValue identifier="SCORE721">
          <baseValue baseType="float">0.0</baseValue>
        </setOutcomeValue>
      </responseIf>
      <responseElse>
        <setOutcomeValue identifier="SCORE721">
          <mapResponse identifier="RESPONSE721"/>
        </setOutcomeValue>
      </responseElse>
    </responseCondition>
    <setOutcomeValue identifier="SCORE">
      <sum>
        <variable identifier="SCORE721"/>
      </sum>
    </setOutcomeValue>
  </responseProcessing>
</assessmentItem>
