<?xml version="1.0"?>
<assessmentItem adaptive="false" identifier="ITEM-LOGIC-MP-409" timeDependent="false" title="Based on the selection, put the following actions of the characters in the order that they happened." toolName="ItemLogic" toolVersion="2.0.0" xmlns="http://www.imsglobal.org/xsd/imsqti_v2p1" xmlns:m="http://www.w3.org/1998/Math/MathML" xmlns:xsi="http://www.w3.org/2001/XMLSchema-instance" xsi:schemaLocation="http://www.imsglobal.org/xsd/imsqti_v2p1  http://www.imsglobal.org/xsd/qti/qtiv2p1/imsqti_v2p1.xsd">
  <responseDeclaration baseType="identifier" cardinality="ordered" identifier="RESPONSE207">
    <correctResponse>
      <value>SC-5021</value>
      <value>SC-5023</value>
      <value>SC-5018</value>
      <value>SC-5020</value>
      <value>SC-5022</value>
      <value>SC-5019</value>
    </correctResponse>
  </responseDeclaration>
  <outcomeDeclaration baseType="float" cardinality="single" identifier="SCORE207">
    <defaultValue>
      <value>0</value>
    </defaultValue>
  </outcomeDeclaration>
  <outcomeDeclaration baseType="float" cardinality="single" identifier="SCORE">
    <defaultValue>
      <value>0</value>
    </defaultValue>
  </outcomeDeclaration>
  <stylesheet href="../styles/bundled.css" type="text/css"/>
  <stylesheet href="../styles/inline.css" type="text/css"/>
  <itemBody>
    <rubricBlock use="context" view="candidate author proctor scorer testConstructor tutor">
      <div>
        <object data="../passages/RSC-LOGIC-MP-970.html" type="text/html"/>
      </div>
    </rubricBlock>
    <orderInteraction orientation="vertical" responseIdentifier="RESPONSE207" shuffle="false">
      <prompt>Based on the selection, put the following actions of the characters in the order that they happened.<br/></prompt>
      <simpleChoice identifier="SC-5018">
        <p>A sweater was knitted for a cat.</p>
      </simpleChoice>
      <simpleChoice identifier="SC-5019">
        <p>Sugar-on-snow candy was made.</p>
      </simpleChoice>
      <simpleChoice identifier="SC-5020">
        <p>Mice were left to stay warm in an oven.</p>
      </simpleChoice>
      <simpleChoice identifier="SC-5021">
        <p>Soup was served to customers at the diner.</p>
      </simpleChoice>
      <simpleChoice identifier="SC-5022">
        <p>A bonfire was built on the hilltop.</p>
      </simpleChoice>
      <simpleChoice identifier="SC-5023">
        <p>People were rescued from a train with frozen doors.</p>
      </simpleChoice>
    </orderInteraction>
  </itemBody>
  <responseProcessing>
    <responseCondition>
      <responseIf>
        <match>
          <variable identifier="RESPONSE207"/>
          <correct identifier="RESPONSE207"/>
        </match>
        <setOutcomeValue identifier="SCORE207">
          <baseValue baseType="float">1</baseValue>
        </setOutcomeValue>
      </responseIf>
      <responseElse>
        <setOutcomeValue identifier="SCORE207">
          <baseValue baseType="float">0</baseValue>
        </setOutcomeValue>
      </responseElse>
    </responseCondition>
    <setOutcomeValue identifier="SCORE">
      <sum>
        <variable identifier="SCORE207"/>
      </sum>
    </setOutcomeValue>
  </responseProcessing>
</assessmentItem>
