<?xml version="1.0"?>
<assessmentItem adaptive="false" identifier="ITEM-LOGIC-MP-471" timeDependent="false" title="The author of &quot;Four Miles to Pinecone&quot;&#xA0;uses irony and exaggeration to present the points of view of" toolName="ItemLogic" toolVersion="2.0.0" xmlns="http://www.imsglobal.org/xsd/imsqti_v2p1" xmlns:m="http://www.w3.org/1998/Math/MathML" xmlns:xsi="http://www.w3.org/2001/XMLSchema-instance" xsi:schemaLocation="http://www.imsglobal.org/xsd/imsqti_v2p1  http://www.imsglobal.org/xsd/qti/qtiv2p1/imsqti_v2p1.xsd">
  <responseDeclaration baseType="directedPair" cardinality="multiple" identifier="RESPONSE322">
    <correctResponse>
      <value>GI-6549 HS-6552</value>
      <value>GI-6551 HS-6553</value>
    </correctResponse>
  </responseDeclaration>
  <outcomeDeclaration baseType="float" cardinality="single" identifier="SCORE322">
    <defaultValue>
      <value>0</value>
    </defaultValue>
  </outcomeDeclaration>
  <outcomeDeclaration baseType="float" cardinality="single" identifier="SCORE">
    <defaultValue>
      <value>0</value>
    </defaultValue>
  </outcomeDeclaration>
  <stylesheet href="../styles/bundled.css" type="text/css"/>
  <stylesheet href="../styles/inline.css" type="text/css"/>
  <itemBody>
    <rubricBlock use="context" view="candidate author proctor scorer testConstructor tutor">
      <div>
        <object data="../passages/RSC-LOGIC-MP-988.html" type="text/html"/>
      </div>
    </rubricBlock>
    <graphicGapMatchInteraction responseIdentifier="RESPONSE322">
      <prompt>The author of "Four Miles to Pinecone" uses irony and exaggeration to present the points of view of the characters. Select a detail from the selection that is an example of irony and a detail that is an example of exaggeration and place them in the chart.<br/></prompt>
      <object data="../images/MIGKIR471_Four_Miles_stem_01_o_c5292c1354.png" height="123" type="image/png" width="484"/>
      <gapImg identifier="GI-6546" matchMax="1">
        <object data="../images/MIGKIR471_Four_Miles_opt_A01_o_df39ae96aa.png" height="53" type="image/png" width="326"/>
      </gapImg>
      <gapImg identifier="GI-6547" matchMax="1">
        <object data="../images/MIGKIR471_Four_Miles_opt_B01_o_8622a75554.png" height="52" type="image/png" width="326"/>
      </gapImg>
      <gapImg identifier="GI-7700" matchMax="1">
        <object data="../images/MIGKIR471_Four_Miles_opt_C01_o_f65b2a4151.png" height="51" type="image/png" width="325"/>
      </gapImg>
      <gapImg identifier="GI-6549" matchMax="1">
        <object data="../images/MIGKIR471_Four_Miles_opt_D01_o_6425e10c57.png" height="53" type="image/png" width="326"/>
      </gapImg>
      <gapImg identifier="GI-6550" matchMax="1">
        <object data="../images/MIGKIR471_Four_Miles_opt_E01_o_b850bdff5c.png" height="52" type="image/png" width="326"/>
      </gapImg>
      <gapImg identifier="GI-6551" matchMax="1">
        <object data="../images/MIGKIR471_Four_Miles_opt_F01_o_7be31c2409.png" height="53" type="image/png" width="326"/>
      </gapImg>
      <associableHotspot coords="145,7,471,60" identifier="HS-6552" matchMax="1" shape="rect"/>
      <associableHotspot coords="144,63,470,116" identifier="HS-6553" matchMax="1" shape="rect"/>
    </graphicGapMatchInteraction>
  </itemBody>
  <responseProcessing>
    <responseCondition>
      <responseIf>
        <match>
          <variable identifier="RESPONSE322"/>
          <correct identifier="RESPONSE322"/>
        </match>
        <setOutcomeValue identifier="SCORE322">
          <baseValue baseType="float">1</baseValue>
        </setOutcomeValue>
      </responseIf>
      <responseElse>
        <setOutcomeValue identifier="SCORE322">
          <baseValue baseType="float">0</baseValue>
        </setOutcomeValue>
      </responseElse>
    </responseCondition>
    <setOutcomeValue identifier="SCORE">
      <sum>
        <variable identifier="SCORE322"/>
      </sum>
    </setOutcomeValue>
  </responseProcessing>
</assessmentItem>
