<?xml version="1.0"?>
<assessmentItem adaptive="false" identifier="ITEM-LOGIC-KS-998" timeDependent="false" title="Put each part of this sample food chain in the correct box to show how all parts are connected." toolName="ItemLogic" toolVersion="2.0.0" xmlns="http://www.imsglobal.org/xsd/imsqti_v2p1" xmlns:m="http://www.w3.org/1998/Math/MathML" xmlns:xsi="http://www.w3.org/2001/XMLSchema-instance" xsi:schemaLocation="http://www.imsglobal.org/xsd/imsqti_v2p1  http://www.imsglobal.org/xsd/qti/qtiv2p1/imsqti_v2p1.xsd">
  <responseDeclaration baseType="directedPair" cardinality="multiple" identifier="RESPONSE1036">
    <correctResponse>
      <value>GI-17864 HS-17869</value>
      <value>GI-17863 HS-17870</value>
      <value>GI-17862 HS-17871</value>
      <value>GI-17861 HS-17872</value>
    </correctResponse>
    <mapping defaultValue="0.00" lowerBound="0.00" upperBound="2.00">
      <mapEntry mapKey="GI-17864 HS-17869" mappedValue="0.50"/>
      <mapEntry mapKey="GI-17863 HS-17870" mappedValue="0.50"/>
      <mapEntry mapKey="GI-17862 HS-17871" mappedValue="0.50"/>
      <mapEntry mapKey="GI-17861 HS-17872" mappedValue="0.50"/>
    </mapping>
  </responseDeclaration>
  <outcomeDeclaration baseType="float" cardinality="single" identifier="SCORE1036">
    <defaultValue>
      <value>0</value>
    </defaultValue>
  </outcomeDeclaration>
  <outcomeDeclaration baseType="float" cardinality="single" identifier="SCORE">
    <defaultValue>
      <value>0</value>
    </defaultValue>
  </outcomeDeclaration>
  <stylesheet href="../styles/bundled.css" type="text/css"/>
  <stylesheet href="../styles/inline.css" type="text/css"/>
  <itemBody>
    <rubricBlock use="context" view="candidate author proctor scorer testConstructor tutor">
      <div>
        <object data="../passages/RSC-LOGIC-KS-7326.html" type="text/html"/>
      </div>
    </rubricBlock>
    <rubricBlock use="stimulus" view="candidate author proctor scorer testConstructor tutor">
      <div>
        <p>The author of <em>A Human Food Chain</em> uses illustrations and details to show how parts of a food chain are connected.</p>
      </div>
    </rubricBlock>
    <graphicGapMatchInteraction responseIdentifier="RESPONSE1036">
      <prompt>Put each part of this sample food chain in the correct box to show how all parts are connected.<br/></prompt>
      <object data="../images/food-chain-flow-canvas@2x_o_cae09ce9fb.png" height="375" type="image/png" width="500"/>
      <gapImg identifier="GI-17864" matchMax="1">
        <object data="../images/food-chain-flow-sun@2x_o_584a9de08d.png" height="50" type="image/png" width="200"/>
      </gapImg>
      <gapImg identifier="GI-17863" matchMax="1">
        <object data="../images/food-chain-flow-producers@2x_o_7cf95933be.png" height="50" type="image/png" width="200"/>
      </gapImg>
      <gapImg identifier="GI-17862" matchMax="1">
        <object data="../images/food-chain-flow-predators@2x_o_ce0b6a77f8.png" height="50" type="image/png" width="200"/>
      </gapImg>
      <gapImg identifier="GI-17861" matchMax="1">
        <object data="../images/food-chain-flow-consumers@2x_o_52f28f7f6a.png" height="50" type="image/png" width="200"/>
      </gapImg>
      <associableHotspot coords="63,14,413,64" identifier="HS-17869" matchMax="1" shape="rect"/>
      <associableHotspot coords="70,112,420,162" identifier="HS-17870" matchMax="1" shape="rect"/>
      <associableHotspot coords="74,304,424,354" identifier="HS-17871" matchMax="1" shape="rect"/>
      <associableHotspot coords="72,209,422,259" identifier="HS-17872" matchMax="1" shape="rect"/>
    </graphicGapMatchInteraction>
  </itemBody>
  <responseProcessing>
    <responseCondition>
      <responseIf>
        <isNull>
          <variable identifier="RESPONSE1036"/>
        </isNull>
        <setOutcomeValue identifier="SCORE1036">
          <baseValue baseType="float">0.0</baseValue>
        </setOutcomeValue>
      </responseIf>
      <responseElse>
        <setOutcomeValue identifier="SCORE1036">
          <mapResponse identifier="RESPONSE1036"/>
        </setOutcomeValue>
      </responseElse>
    </responseCondition>
    <setOutcomeValue identifier="SCORE">
      <sum>
        <variable identifier="SCORE1036"/>
      </sum>
    </setOutcomeValue>
  </responseProcessing>
</assessmentItem>
