<?xml version="1.0"?>
<assessmentItem adaptive="false" identifier="ITEM-LOGIC-KS-794" timeDependent="false" title="Order Jenna's activities from the shortest amount of time to the longest amount of time." toolName="ItemLogic" toolVersion="2.0.0" xmlns="http://www.imsglobal.org/xsd/imsqti_v2p1" xmlns:m="http://www.w3.org/1998/Math/MathML" xmlns:xsi="http://www.w3.org/2001/XMLSchema-instance" xsi:schemaLocation="http://www.imsglobal.org/xsd/imsqti_v2p1  http://www.imsglobal.org/xsd/qti/qtiv2p1/imsqti_v2p1.xsd">
  <responseDeclaration baseType="identifier" cardinality="ordered" identifier="RESPONSE773">
    <correctResponse>
      <value>SC-12449</value>
      <value>SC-12450</value>
      <value>SC-12448</value>
      <value>SC-12447</value>
    </correctResponse>
  </responseDeclaration>
  <responseDeclaration baseType="identifier" cardinality="single" identifier="RESPONSE774">
    <correctResponse>
      <value>SC-13070</value>
    </correctResponse>
  </responseDeclaration>
  <outcomeDeclaration baseType="float" cardinality="single" identifier="SCORE773">
    <defaultValue>
      <value>0</value>
    </defaultValue>
  </outcomeDeclaration>
  <outcomeDeclaration baseType="float" cardinality="single" identifier="SCORE774">
    <defaultValue>
      <value>0</value>
    </defaultValue>
  </outcomeDeclaration>
  <outcomeDeclaration baseType="float" cardinality="single" identifier="SCORE">
    <defaultValue>
      <value>0</value>
    </defaultValue>
  </outcomeDeclaration>
  <stylesheet href="../styles/bundled.css" type="text/css"/>
  <stylesheet href="../styles/inline.css" type="text/css"/>
  <itemBody>
    <rubricBlock use="stimulus" view="candidate author proctor scorer testConstructor tutor">
      <div>
        <p>The chart shows what Jenna did after school one day.</p>
        <table class="style-4ccad4dc26f8fd60849444fdcbdff350"> <thead> <tr> <td class="style-d0dabad99a633d85f654e6453e543186">Activity</td> <td class="style-25150780864b21cd93ec9cb82758edc1">Start Time</td> <td class="style-25150780864b21cd93ec9cb82758edc1">Stop Time</td> </tr> </thead> <tbody> <tr> <td class="style-25150780864b21cd93ec9cb82758edc1">Doing Homework</td> <td class="style-0594fd93e2a95d4b5ade904927f9cdf8">4:20</td> <td class="style-0594fd93e2a95d4b5ade904927f9cdf8">4:50</td> </tr> <tr> <td class="style-25150780864b21cd93ec9cb82758edc1">Doing Chores</td> <td class="style-0594fd93e2a95d4b5ade904927f9cdf8">4:50</td> <td class="style-0594fd93e2a95d4b5ade904927f9cdf8">5:15</td> </tr> <tr> <td class="style-25150780864b21cd93ec9cb82758edc1">Playing Outside</td> <td class="style-0594fd93e2a95d4b5ade904927f9cdf8">5:15</td> <td class="style-0594fd93e2a95d4b5ade904927f9cdf8">5:30</td> </tr> <tr> <td class="style-25150780864b21cd93ec9cb82758edc1">Eating Dinner</td> <td class="style-0594fd93e2a95d4b5ade904927f9cdf8">5:30</td> <td class="style-0594fd93e2a95d4b5ade904927f9cdf8">5:50</td> </tr> </tbody> </table>
      </div>
    </rubricBlock>
    <orderInteraction orientation="vertical" responseIdentifier="RESPONSE773" shuffle="false">
      <prompt>Order Jenna's activities from the shortest amount of time to the longest amount of time.<br/></prompt>
      <simpleChoice identifier="SC-12447">
        <p>Doing Homework</p>
      </simpleChoice>
      <simpleChoice identifier="SC-12448">
        <p>Doing Chores</p>
      </simpleChoice>
      <simpleChoice identifier="SC-12449">
        <p>Playing Outside</p>
      </simpleChoice>
      <simpleChoice identifier="SC-12450">
        <p>Eating Dinner</p>
      </simpleChoice>
    </orderInteraction>
    <choiceInteraction maxChoices="1" responseIdentifier="RESPONSE774" shuffle="false">
      <prompt>After Jenna finished eating dinner, she read for 17 minutes. Which clock shows the time Jenna stopped reading?<br/></prompt>
      <simpleChoice fixed="true" identifier="SC-13070">
        <p>
          <object data="../images/6-07@2x_3e88174df4.png" height="100" type="image/png" width="100"/>
        </p>
      </simpleChoice>
      <simpleChoice fixed="true" identifier="SC-13071">
        <p>
          <object data="../images/1-30@2x_4248b76c62.png" height="100" type="image/png" width="100"/>
        </p>
      </simpleChoice>
      <simpleChoice fixed="true" identifier="SC-13072">
        <p>
          <object data="../images/5-33@2x_c946240add.png" height="100" type="image/png" width="100"/>
        </p>
      </simpleChoice>
      <simpleChoice fixed="true" identifier="SC-13073">
        <p>
          <object data="../images/5-57@2x_296955592f.png" height="100" type="image/png" width="100"/>
        </p>
      </simpleChoice>
    </choiceInteraction>
  </itemBody>
  <responseProcessing>
    <responseCondition>
      <responseIf>
        <match>
          <variable identifier="RESPONSE773"/>
          <correct identifier="RESPONSE773"/>
        </match>
        <setOutcomeValue identifier="SCORE773">
          <baseValue baseType="float">1</baseValue>
        </setOutcomeValue>
      </responseIf>
      <responseElse>
        <setOutcomeValue identifier="SCORE773">
          <baseValue baseType="float">0</baseValue>
        </setOutcomeValue>
      </responseElse>
    </responseCondition>
    <responseCondition>
      <responseIf>
        <match>
          <variable identifier="RESPONSE774"/>
          <correct identifier="RESPONSE774"/>
        </match>
        <setOutcomeValue identifier="SCORE774">
          <baseValue baseType="float">1</baseValue>
        </setOutcomeValue>
      </responseIf>
      <responseElse>
        <setOutcomeValue identifier="SCORE774">
          <baseValue baseType="float">0</baseValue>
        </setOutcomeValue>
      </responseElse>
    </responseCondition>
    <setOutcomeValue identifier="SCORE">
      <sum>
        <variable identifier="SCORE773"/>
        <variable identifier="SCORE774"/>
      </sum>
    </setOutcomeValue>
  </responseProcessing>
</assessmentItem>
