<?xml version="1.0"?>
<assessmentItem adaptive="false" identifier="ITEM-LOGIC-KS-979" timeDependent="false" title="Complete the sentence using the picture and the details in the story." toolName="ItemLogic" toolVersion="2.0.0" xmlns="http://www.imsglobal.org/xsd/imsqti_v2p1" xmlns:m="http://www.w3.org/1998/Math/MathML" xmlns:xsi="http://www.w3.org/2001/XMLSchema-instance" xsi:schemaLocation="http://www.imsglobal.org/xsd/imsqti_v2p1  http://www.imsglobal.org/xsd/qti/qtiv2p1/imsqti_v2p1.xsd">
  <responseDeclaration baseType="identifier" cardinality="single" identifier="RESPONSE992">
    <correctResponse>
      <value>IC-17282</value>
    </correctResponse>
    <mapping>
      <mapEntry mapKey="IC-17282" mappedValue="1.00"/>
    </mapping>
  </responseDeclaration>
  <responseDeclaration baseType="identifier" cardinality="multiple" identifier="RESPONSE994">
    <correctResponse>
      <value>HT-17323</value>
      <value>HT-17322</value>
    </correctResponse>
  </responseDeclaration>
  <outcomeDeclaration baseType="float" cardinality="single" identifier="SCORE992">
    <defaultValue>
      <value>0</value>
    </defaultValue>
  </outcomeDeclaration>
  <outcomeDeclaration baseType="float" cardinality="single" identifier="SCORE994">
    <defaultValue>
      <value>0</value>
    </defaultValue>
  </outcomeDeclaration>
  <outcomeDeclaration baseType="float" cardinality="single" identifier="SCORE">
    <defaultValue>
      <value>0</value>
    </defaultValue>
  </outcomeDeclaration>
  <stylesheet href="../styles/bundled.css" type="text/css"/>
  <stylesheet href="../styles/inline.css" type="text/css"/>
  <itemBody>
    <rubricBlock use="context" view="candidate author proctor scorer testConstructor tutor">
      <div>
        <object data="../passages/RSC-LOGIC-KS-7312.html" type="text/html"/>
      </div>
    </rubricBlock>
    <rubricBlock use="stimulus" view="candidate author proctor scorer testConstructor tutor">
      <div>
        <p>Look at the picture under the title, <em>Day and Night</em>.</p>
      </div>
    </rubricBlock>
    <div class="stem stem_inline"><div class="stem_prompt"><p>Complete the sentence using the picture and the details in the story.</p></div><p>Part A</p> <p>The picture most likely shows the part of the story that happens <inlineChoiceInteraction responseIdentifier="RESPONSE992" shuffle="false"><inlineChoice identifier="IC-17282">before the owner cooks dinner</inlineChoice><inlineChoice identifier="IC-17283">after the owner finishes cooking dinner</inlineChoice></inlineChoiceInteraction>.</p></div>
    <hottextInteraction maxChoices="0" responseIdentifier="RESPONSE994">
      <prompt>Part B<br/>Choose two details from the story that support the correct answer in Part A.<br/></prompt>
      <p>
        <hottext identifier="HT-17319">The owner cooked dinner on a grill.</hottext>
      </p>
      <p>
        <hottext identifier="HT-17320">The grill was in the backyard where Cam and Lola like to play.</hottext>
      </p>
      <p>
        <hottext identifier="HT-17323">The moon and stars were high in the sky after dinner was finished.</hottext>
      </p>
      <p>
        <hottext identifier="HT-17322">Cam played outside in the sunshine before the owner began cooking dinner.</hottext>
      </p>
    </hottextInteraction>
  </itemBody>
  <responseProcessing>
    <responseCondition>
      <responseIf>
        <isNull>
          <variable identifier="RESPONSE992"/>
        </isNull>
        <setOutcomeValue identifier="SCORE992">
          <baseValue baseType="float">0.0</baseValue>
        </setOutcomeValue>
      </responseIf>
      <responseElse>
        <setOutcomeValue identifier="SCORE992">
          <mapResponse identifier="RESPONSE992"/>
        </setOutcomeValue>
      </responseElse>
    </responseCondition>
    <responseCondition>
      <responseIf>
        <match>
          <variable identifier="RESPONSE994"/>
          <correct identifier="RESPONSE994"/>
        </match>
        <setOutcomeValue identifier="SCORE994">
          <baseValue baseType="float">1</baseValue>
        </setOutcomeValue>
      </responseIf>
      <responseElse>
        <setOutcomeValue identifier="SCORE994">
          <baseValue baseType="float">0</baseValue>
        </setOutcomeValue>
      </responseElse>
    </responseCondition>
    <setOutcomeValue identifier="SCORE">
      <sum>
        <variable identifier="SCORE992"/>
        <variable identifier="SCORE994"/>
      </sum>
    </setOutcomeValue>
  </responseProcessing>
</assessmentItem>
