<?xml version="1.0"?>
<assessmentItem adaptive="false" identifier="ITEM-LOGIC-MP-525" timeDependent="false" title="Part A Sequence the sentences below to reflect the way that Thoreau develops the wrecker in paragrap" toolName="ItemLogic" toolVersion="2.0.0" xmlns="http://www.imsglobal.org/xsd/imsqti_v2p1" xmlns:m="http://www.w3.org/1998/Math/MathML" xmlns:xsi="http://www.w3.org/2001/XMLSchema-instance" xsi:schemaLocation="http://www.imsglobal.org/xsd/imsqti_v2p1  http://www.imsglobal.org/xsd/qti/qtiv2p1/imsqti_v2p1.xsd">
  <responseDeclaration baseType="identifier" cardinality="ordered" identifier="RESPONSE408">
    <correctResponse>
      <value>SC-7068</value>
      <value>SC-7069</value>
      <value>SC-7070</value>
      <value>SC-7071</value>
      <value>SC-7072</value>
      <value>SC-7073</value>
    </correctResponse>
  </responseDeclaration>
  <responseDeclaration baseType="identifier" cardinality="single" identifier="RESPONSE409">
    <correctResponse>
      <value>SC-7084</value>
    </correctResponse>
  </responseDeclaration>
  <outcomeDeclaration baseType="float" cardinality="single" identifier="SCORE408">
    <defaultValue>
      <value>0</value>
    </defaultValue>
  </outcomeDeclaration>
  <outcomeDeclaration baseType="float" cardinality="single" identifier="SCORE409">
    <defaultValue>
      <value>0</value>
    </defaultValue>
  </outcomeDeclaration>
  <outcomeDeclaration baseType="float" cardinality="single" identifier="SCORE">
    <defaultValue>
      <value>0</value>
    </defaultValue>
  </outcomeDeclaration>
  <stylesheet href="../styles/bundled.css" type="text/css"/>
  <stylesheet href="../styles/inline.css" type="text/css"/>
  <itemBody>
    <rubricBlock use="context" view="candidate author proctor scorer testConstructor tutor">
      <div>
        <object data="../passages/RSC-LOGIC-MP-975.html" type="text/html"/>
      </div>
    </rubricBlock>
    <orderInteraction orientation="vertical" responseIdentifier="RESPONSE408" shuffle="false">
      <prompt>Part A<br/> Sequence the sentences below to reflect the way that Thoreau develops the wrecker in paragraph 4.<br/></prompt>
      <simpleChoice identifier="SC-7071">
        <p>Thoreau imagines the wrecker's general attitude toward life.</p>
      </simpleChoice>
      <simpleChoice identifier="SC-7073">
        <p>Thoreau compares the wrecker with one of the area's birds to show the wrecker's adaptation to the environment.</p>
      </simpleChoice>
      <simpleChoice identifier="SC-7072">
        <p>Thoreau describes the wrecker's process, which involves both resourcefulness and physical stamina.</p>
      </simpleChoice>
      <simpleChoice identifier="SC-7069">
        <p>Thoreau uses a series of similes to capture the appearance of the wrecker's face.</p>
      </simpleChoice>
      <simpleChoice identifier="SC-7068">
        <p>Thoreau describes the desolation of the shore except for the few wreckers he sees.</p>
      </simpleChoice>
      <simpleChoice identifier="SC-7070">
        <p>Thoreau observes the wrecker's clothes to suggest the hardship of the wrecker's life.</p>
      </simpleChoice>
    </orderInteraction>
    <choiceInteraction maxChoices="1" responseIdentifier="RESPONSE409" shuffle="false">
      <prompt>Part B<br/> The <strong>most likely</strong> reason Thoreau introduces the wrecker is to develop<br/></prompt>
      <simpleChoice fixed="true" identifier="SC-7082">
        <p>a sympathetic description of poverty in coastal regions.</p>
      </simpleChoice>
      <simpleChoice fixed="true" identifier="SC-7083">
        <p>a satirical account of a man&#x2019;s futile attempts to outwit nature.</p>
      </simpleChoice>
      <simpleChoice fixed="true" identifier="SC-7084">
        <p>an admiring portrait of resilience in an inhospitable environment.</p>
      </simpleChoice>
      <simpleChoice fixed="true" identifier="SC-7085">
        <p>an historical record of one family&#x2019;s struggles to survive in harsh circumstances.</p>
      </simpleChoice>
    </choiceInteraction>
  </itemBody>
  <responseProcessing>
    <responseCondition>
      <responseIf>
        <match>
          <variable identifier="RESPONSE408"/>
          <correct identifier="RESPONSE408"/>
        </match>
        <setOutcomeValue identifier="SCORE408">
          <baseValue baseType="float">1</baseValue>
        </setOutcomeValue>
      </responseIf>
      <responseElse>
        <setOutcomeValue identifier="SCORE408">
          <baseValue baseType="float">0</baseValue>
        </setOutcomeValue>
      </responseElse>
    </responseCondition>
    <responseCondition>
      <responseIf>
        <match>
          <variable identifier="RESPONSE409"/>
          <correct identifier="RESPONSE409"/>
        </match>
        <setOutcomeValue identifier="SCORE409">
          <baseValue baseType="float">1</baseValue>
        </setOutcomeValue>
      </responseIf>
      <responseElse>
        <setOutcomeValue identifier="SCORE409">
          <baseValue baseType="float">0</baseValue>
        </setOutcomeValue>
      </responseElse>
    </responseCondition>
    <setOutcomeValue identifier="SCORE">
      <sum>
        <variable identifier="SCORE408"/>
        <variable identifier="SCORE409"/>
      </sum>
    </setOutcomeValue>
  </responseProcessing>
</assessmentItem>
