<?xml version="1.0"?>
<assessmentItem adaptive="false" identifier="ITEM-LOGIC-KS-781" timeDependent="false" title="Greg wrote some sentences about shapes, but one of his sentences is wrong. Click the sentence that i" toolName="ItemLogic" toolVersion="2.0.0" xmlns="http://www.imsglobal.org/xsd/imsqti_v2p1" xmlns:m="http://www.w3.org/1998/Math/MathML" xmlns:xsi="http://www.w3.org/2001/XMLSchema-instance" xsi:schemaLocation="http://www.imsglobal.org/xsd/imsqti_v2p1  http://www.imsglobal.org/xsd/qti/qtiv2p1/imsqti_v2p1.xsd">
  <responseDeclaration baseType="identifier" cardinality="multiple" identifier="RESPONSE751">
    <correctResponse>
      <value>HT-12136</value>
    </correctResponse>
  </responseDeclaration>
  <responseDeclaration baseType="identifier" cardinality="single" identifier="RESPONSE753">
    <correctResponse>
      <value>SC-12141</value>
    </correctResponse>
  </responseDeclaration>
  <outcomeDeclaration baseType="float" cardinality="single" identifier="SCORE751">
    <defaultValue>
      <value>0</value>
    </defaultValue>
  </outcomeDeclaration>
  <outcomeDeclaration baseType="float" cardinality="single" identifier="SCORE753">
    <defaultValue>
      <value>0</value>
    </defaultValue>
  </outcomeDeclaration>
  <outcomeDeclaration baseType="float" cardinality="single" identifier="SCORE">
    <defaultValue>
      <value>0</value>
    </defaultValue>
  </outcomeDeclaration>
  <stylesheet href="../styles/bundled.css" type="text/css"/>
  <stylesheet href="../styles/inline.css" type="text/css"/>
  <itemBody>
    <rubricBlock use="stimulus" view="candidate author proctor scorer testConstructor tutor">
      <div>
        <p>Greg looked at some shapes.</p>
        <p>
          <object data="../images/triangles-squares@2x_4caa26b8d9.png" height="84" type="image/png" width="500"/>
        </p>
      </div>
    </rubricBlock>
    <hottextInteraction maxChoices="1" minChoices="1" responseIdentifier="RESPONSE751">
      <prompt>Greg wrote some sentences about shapes, but one of his sentences is wrong. Click the sentence that is wrong.<br/></prompt>
      <p><hottext identifier="HT-12135">All triangles must have three sides.</hottext> <hottext identifier="HT-12136">All triangles must be red.</hottext> <hottext identifier="HT-12137">Squares can be big or small.</hottext> <hottext identifier="HT-12138">Squares can be different colors.</hottext></p>
    </hottextInteraction>
    <choiceInteraction maxChoices="1" responseIdentifier="RESPONSE753" shuffle="false">
      <prompt>Greg takes out the wrong sentence. Which sentence can he add to his paragraph so all sentences are correct?<br/></prompt>
      <simpleChoice fixed="true" identifier="SC-12142">
        <p>All squares must have five sides.</p>
      </simpleChoice>
      <simpleChoice fixed="true" identifier="SC-12140">
        <p>All triangles must have four corners.</p>
      </simpleChoice>
      <simpleChoice fixed="true" identifier="SC-12143">
        <p>Squares can have different numbers of corners.</p>
      </simpleChoice>
      <simpleChoice fixed="true" identifier="SC-12141">
        <p>Triangles can have sides that are different lengths.</p>
      </simpleChoice>
    </choiceInteraction>
  </itemBody>
  <responseProcessing>
    <responseCondition>
      <responseIf>
        <match>
          <variable identifier="RESPONSE751"/>
          <correct identifier="RESPONSE751"/>
        </match>
        <setOutcomeValue identifier="SCORE751">
          <baseValue baseType="float">1</baseValue>
        </setOutcomeValue>
      </responseIf>
      <responseElse>
        <setOutcomeValue identifier="SCORE751">
          <baseValue baseType="float">0</baseValue>
        </setOutcomeValue>
      </responseElse>
    </responseCondition>
    <responseCondition>
      <responseIf>
        <match>
          <variable identifier="RESPONSE753"/>
          <correct identifier="RESPONSE753"/>
        </match>
        <setOutcomeValue identifier="SCORE753">
          <baseValue baseType="float">1</baseValue>
        </setOutcomeValue>
      </responseIf>
      <responseElse>
        <setOutcomeValue identifier="SCORE753">
          <baseValue baseType="float">0</baseValue>
        </setOutcomeValue>
      </responseElse>
    </responseCondition>
    <setOutcomeValue identifier="SCORE">
      <sum>
        <variable identifier="SCORE751"/>
        <variable identifier="SCORE753"/>
      </sum>
    </setOutcomeValue>
  </responseProcessing>
</assessmentItem>
