<?xml version="1.0"?>
<assessmentItem adaptive="false" identifier="ITEM-LOGIC-MP-454" timeDependent="false" title="Fill in the missing information that makes this statement true." toolName="ItemLogic" toolVersion="2.0.0" xmlns="http://www.imsglobal.org/xsd/imsqti_v2p1" xmlns:m="http://www.w3.org/1998/Math/MathML" xmlns:xsi="http://www.w3.org/2001/XMLSchema-instance" xsi:schemaLocation="http://www.imsglobal.org/xsd/imsqti_v2p1  http://www.imsglobal.org/xsd/qti/qtiv2p1/imsqti_v2p1.xsd">
  <responseDeclaration baseType="identifier" cardinality="single" identifier="RESPONSE294">
    <correctResponse>
      <value>IC-5537</value>
    </correctResponse>
  </responseDeclaration>
  <outcomeDeclaration baseType="float" cardinality="single" identifier="SCORE294">
    <defaultValue>
      <value>0</value>
    </defaultValue>
  </outcomeDeclaration>
  <outcomeDeclaration baseType="float" cardinality="single" identifier="SCORE">
    <defaultValue>
      <value>0</value>
    </defaultValue>
  </outcomeDeclaration>
  <stylesheet href="../styles/bundled.css" type="text/css"/>
  <stylesheet href="../styles/inline.css" type="text/css"/>
  <itemBody>
    <div class="stem stem_inline">
      <div class="stem_prompt">
        <p>Fill in the missing information that makes this statement true.</p>
      </div>
      <p>All<inlineChoiceInteraction responseIdentifier="RESPONSE294" shuffle="false"><inlineChoice identifier="IC-5538">kites</inlineChoice><inlineChoice identifier="IC-5540">rectangles</inlineChoice><inlineChoice identifier="IC-5537">squares</inlineChoice><inlineChoice identifier="IC-5539">trapezoids</inlineChoice></inlineChoiceInteraction>are rhombuses with angles of equal measure.</p>
    </div>
  </itemBody>
  <responseProcessing>
    <responseCondition>
      <responseIf>
        <match>
          <variable identifier="RESPONSE294"/>
          <correct identifier="RESPONSE294"/>
        </match>
        <setOutcomeValue identifier="SCORE294">
          <baseValue baseType="float">1</baseValue>
        </setOutcomeValue>
      </responseIf>
      <responseElse>
        <setOutcomeValue identifier="SCORE294">
          <baseValue baseType="float">0</baseValue>
        </setOutcomeValue>
      </responseElse>
    </responseCondition>
    <setOutcomeValue identifier="SCORE">
      <sum>
        <variable identifier="SCORE294"/>
      </sum>
    </setOutcomeValue>
  </responseProcessing>
</assessmentItem>
