<?xml version="1.0"?>
<assessmentItem adaptive="false" identifier="ITEM-LOGIC-MP-230" timeDependent="false" title="Select the sentence from paragraph 4 that contains a metaphor for stars." toolName="ItemLogic" toolVersion="2.0.0" xmlns="http://www.imsglobal.org/xsd/imsqti_v2p1" xmlns:m="http://www.w3.org/1998/Math/MathML" xmlns:xsi="http://www.w3.org/2001/XMLSchema-instance" xsi:schemaLocation="http://www.imsglobal.org/xsd/imsqti_v2p1  http://www.imsglobal.org/xsd/qti/qtiv2p1/imsqti_v2p1.xsd">
  <responseDeclaration baseType="identifier" cardinality="multiple" identifier="RESPONSE66">
    <correctResponse>
      <value>HT-2362</value>
    </correctResponse>
  </responseDeclaration>
  <outcomeDeclaration baseType="float" cardinality="single" identifier="SCORE66">
    <defaultValue>
      <value>0</value>
    </defaultValue>
  </outcomeDeclaration>
  <outcomeDeclaration baseType="float" cardinality="single" identifier="SCORE">
    <defaultValue>
      <value>0</value>
    </defaultValue>
  </outcomeDeclaration>
  <stylesheet href="../styles/bundled.css" type="text/css"/>
  <stylesheet href="../styles/inline.css" type="text/css"/>
  <itemBody>
    <rubricBlock use="context" view="candidate author proctor scorer testConstructor tutor">
      <div>
        <object data="../passages/RSC-LOGIC-MP-994.html" type="text/html"/>
      </div>
    </rubricBlock>
    <hottextInteraction maxChoices="0" responseIdentifier="RESPONSE66">
      <prompt>Select the sentence from paragraph 4 that contains a metaphor for stars.<br/></prompt>
      <p><strong>4</strong>   <hottext identifier="HT-2360">I tried once to explain all this to my little brother, but he just blinked at me, asked me who said it was a race in the first place?</hottext> <hottext identifier="HT-2361">See, he likes the darkness best, especially when there are no clouds and no moon.</hottext> <hottext identifier="HT-2362">Sometimes he shakes me until I look as he points out the patterns he sees in the sky, the tracks made of white sand.</hottext> <hottext identifier="HT-2363">He&#x2019;s sure what we see is part of another island, even bigger than the one where we live or than the one that appears in a pond where the water is very smooth.</hottext> <hottext identifier="HT-2364">He thinks we&#x2019;re like birds floating above that sky island, very, very high.</hottext></p>
    </hottextInteraction>
  </itemBody>
  <responseProcessing>
    <responseCondition>
      <responseIf>
        <match>
          <variable identifier="RESPONSE66"/>
          <correct identifier="RESPONSE66"/>
        </match>
        <setOutcomeValue identifier="SCORE66">
          <baseValue baseType="float">1</baseValue>
        </setOutcomeValue>
      </responseIf>
      <responseElse>
        <setOutcomeValue identifier="SCORE66">
          <baseValue baseType="float">0</baseValue>
        </setOutcomeValue>
      </responseElse>
    </responseCondition>
    <setOutcomeValue identifier="SCORE">
      <sum>
        <variable identifier="SCORE66"/>
      </sum>
    </setOutcomeValue>
  </responseProcessing>
</assessmentItem>
