<?xml version="1.0"?>
<assessmentItem adaptive="false" identifier="ITEM-LOGIC-KS-967" timeDependent="false" title="Match each event from the story to James's response." toolName="ItemLogic" toolVersion="2.0.0" xmlns="http://www.imsglobal.org/xsd/imsqti_v2p1" xmlns:m="http://www.w3.org/1998/Math/MathML" xmlns:xsi="http://www.w3.org/2001/XMLSchema-instance" xsi:schemaLocation="http://www.imsglobal.org/xsd/imsqti_v2p1  http://www.imsglobal.org/xsd/qti/qtiv2p1/imsqti_v2p1.xsd">
  <responseDeclaration baseType="directedPair" cardinality="multiple" identifier="RESPONSE967">
    <correctResponse>
      <value>SAC-17040 SAC-17041</value>
      <value>SAC-17035 SAC-17036</value>
      <value>SAC-17034 SAC-17037</value>
      <value>SAC-17038 SAC-17039</value>
    </correctResponse>
    <mapping defaultValue="0.00" lowerBound="0.00" upperBound="2.00">
      <mapEntry mapKey="SAC-17040 SAC-17041" mappedValue="0.50"/>
      <mapEntry mapKey="SAC-17035 SAC-17036" mappedValue="0.50"/>
      <mapEntry mapKey="SAC-17034 SAC-17037" mappedValue="0.50"/>
      <mapEntry mapKey="SAC-17038 SAC-17039" mappedValue="0.50"/>
    </mapping>
  </responseDeclaration>
  <outcomeDeclaration baseType="float" cardinality="single" identifier="SCORE967">
    <defaultValue>
      <value>0</value>
    </defaultValue>
  </outcomeDeclaration>
  <outcomeDeclaration baseType="float" cardinality="single" identifier="SCORE">
    <defaultValue>
      <value>0</value>
    </defaultValue>
  </outcomeDeclaration>
  <stylesheet href="../styles/bundled.css" type="text/css"/>
  <stylesheet href="../styles/inline.css" type="text/css"/>
  <itemBody>
    <rubricBlock use="context" view="candidate author proctor scorer testConstructor tutor">
      <div>
        <object data="../passages/RSC-LOGIC-KS-7202.html" type="text/html"/>
      </div>
    </rubricBlock>
    <rubricBlock use="stimulus" view="candidate author proctor scorer testConstructor tutor">
      <div>
        <p>James reacts to challenges and events in the story,<em> Buckets of Berries</em>.</p>
      </div>
    </rubricBlock>
    <matchInteraction maxAssociations="4" responseIdentifier="RESPONSE967" shuffle="false">
      <prompt>Match each event from the story to James's response.<br/></prompt>
      <simpleMatchSet>
        <simpleAssociableChoice identifier="SAC-17034" matchMax="1">
          <p>Josh and Adam have fun.</p>
        </simpleAssociableChoice>
        <simpleAssociableChoice identifier="SAC-17038" matchMax="1">
          <p>Josh and Adam show a full bucket.</p>
        </simpleAssociableChoice>
        <simpleAssociableChoice identifier="SAC-17040" matchMax="1">
          <p>Adam says, "We picked enough for you, too."</p>
        </simpleAssociableChoice>
        <simpleAssociableChoice identifier="SAC-17035" matchMax="1">
          <p>Mrs. Hanson gives a bucket to Josh and Adam.</p>
        </simpleAssociableChoice>
      </simpleMatchSet>
      <simpleMatchSet>
        <simpleAssociableChoice identifier="SAC-17037" matchMax="1">
          <p>James feels left-out.</p>
        </simpleAssociableChoice>
        <simpleAssociableChoice identifier="SAC-17041" matchMax="1">
          <p>James says kind words to his brothers.</p>
        </simpleAssociableChoice>
        <simpleAssociableChoice identifier="SAC-17036" matchMax="1">
          <p>James says unkind things about his brothers.</p>
        </simpleAssociableChoice>
        <simpleAssociableChoice identifier="SAC-17039" matchMax="1">
          <p>James feels surprised and sorry for his words.</p>
        </simpleAssociableChoice>
      </simpleMatchSet>
    </matchInteraction>
  </itemBody>
  <responseProcessing>
    <responseCondition>
      <responseIf>
        <isNull>
          <variable identifier="RESPONSE967"/>
        </isNull>
        <setOutcomeValue identifier="SCORE967">
          <baseValue baseType="float">0.0</baseValue>
        </setOutcomeValue>
      </responseIf>
      <responseElse>
        <setOutcomeValue identifier="SCORE967">
          <mapResponse identifier="RESPONSE967"/>
        </setOutcomeValue>
      </responseElse>
    </responseCondition>
    <setOutcomeValue identifier="SCORE">
      <sum>
        <variable identifier="SCORE967"/>
      </sum>
    </setOutcomeValue>
  </responseProcessing>
</assessmentItem>
