<?xml version="1.0"?>
<assessmentItem adaptive="false" identifier="ITEM-LOGIC-MP-461" timeDependent="false" title="Part A What does the dialogue in &quot;The Teapot&quot; reveal about the teapot?" toolName="ItemLogic" toolVersion="2.0.0" xmlns="http://www.imsglobal.org/xsd/imsqti_v2p1" xmlns:m="http://www.w3.org/1998/Math/MathML" xmlns:xsi="http://www.w3.org/2001/XMLSchema-instance" xsi:schemaLocation="http://www.imsglobal.org/xsd/imsqti_v2p1  http://www.imsglobal.org/xsd/qti/qtiv2p1/imsqti_v2p1.xsd">
  <responseDeclaration baseType="identifier" cardinality="single" identifier="RESPONSE302">
    <correctResponse>
      <value>SC-5590</value>
    </correctResponse>
  </responseDeclaration>
  <responseDeclaration baseType="identifier" cardinality="multiple" identifier="RESPONSE303">
    <correctResponse>
      <value>HT-7582</value>
      <value>HT-7587</value>
    </correctResponse>
  </responseDeclaration>
  <outcomeDeclaration baseType="float" cardinality="single" identifier="SCORE302">
    <defaultValue>
      <value>0</value>
    </defaultValue>
  </outcomeDeclaration>
  <outcomeDeclaration baseType="float" cardinality="single" identifier="SCORE303">
    <defaultValue>
      <value>0</value>
    </defaultValue>
  </outcomeDeclaration>
  <outcomeDeclaration baseType="float" cardinality="single" identifier="SCORE">
    <defaultValue>
      <value>0</value>
    </defaultValue>
  </outcomeDeclaration>
  <stylesheet href="../styles/bundled.css" type="text/css"/>
  <stylesheet href="../styles/inline.css" type="text/css"/>
  <itemBody>
    <rubricBlock use="context" view="candidate author proctor scorer testConstructor tutor">
      <div>
        <object data="../passages/RSC-LOGIC-MP-992.html" type="text/html"/>
      </div>
    </rubricBlock>
    <choiceInteraction maxChoices="1" responseIdentifier="RESPONSE302" shuffle="false">
      <prompt>Part A<br/> What does the dialogue in "The Teapot" reveal about the teapot?<br/></prompt>
      <simpleChoice fixed="true" identifier="SC-5585">
        <p>The teapot is conceited about its qualities.</p>
      </simpleChoice>
      <simpleChoice fixed="true" identifier="SC-5590">
        <p>The teapot is reflective about its existence.</p>
      </simpleChoice>
      <simpleChoice fixed="true" identifier="SC-5591">
        <p>The teapot is confused about what is to become  of it.</p>
      </simpleChoice>
      <simpleChoice fixed="true" identifier="SC-5592">
        <p>The teapot is brave about being damaged and ignored.</p>
      </simpleChoice>
    </choiceInteraction>
    <hottextInteraction maxChoices="0" responseIdentifier="RESPONSE303"><prompt>Part B<br/> Select the two lines of dialogue that <strong>best</strong> support the answer in Part A.<br/></prompt><p class="style-5e403a038863513e67891d0531e6ce85"><hottext identifier="HT-7581">&#x201C;&#x2018;The cups have a handle, the sugar bowl a lid; I have both, and one thing besides, in front, which they can never have.&#x2019;&#x201D;&#x9D;</hottext></p> <p class="style-5e403a038863513e67891d0531e6ce85"><hottext identifier="HT-7582">&#x201C;&#x2018;I never shall forget that experience,&#x2019; said the teapot, when it afterward talked of its life.&#x201D;&#x9D;</hottext></p> <p class="style-5e403a038863513e67891d0531e6ce85"><hottext identifier="HT-7583">&#x201C;&#x2018;Who placed it there, who gave it, I know not&#x2019;&#x201D;&#x9D;</hottext></p> <p class="style-5e403a038863513e67891d0531e6ce85"><hottext identifier="HT-7584">&#x201C;&#x2018;There was life in me, power and might.&#x2019;&#x201D;&#x9D;</hottext></p> <p class="style-5e403a038863513e67891d0531e6ce85"><hottext identifier="HT-7585">&#x201C;&#x2018;I was thumped hard on my back, which was a great affliction&#x2019;&#x201D;&#x9D;</hottext></p> <p class="style-5e403a038863513e67891d0531e6ce85"><hottext identifier="HT-7586">&#x201C;&#x2018;I was thrown out into the yard, where I lie as an old potsherd.&#x2019;&#x201D;&#x9D;</hottext></p> <p class="style-5e403a038863513e67891d0531e6ce85"><hottext identifier="HT-7587">&#x201C;&#x2018;But I have the memory, and that I can never lose.&#x2019;&#x201D;&#x9D;</hottext></p></hottextInteraction>
  </itemBody>
  <responseProcessing>
    <responseCondition>
      <responseIf>
        <match>
          <variable identifier="RESPONSE302"/>
          <correct identifier="RESPONSE302"/>
        </match>
        <setOutcomeValue identifier="SCORE302">
          <baseValue baseType="float">1</baseValue>
        </setOutcomeValue>
      </responseIf>
      <responseElse>
        <setOutcomeValue identifier="SCORE302">
          <baseValue baseType="float">0</baseValue>
        </setOutcomeValue>
      </responseElse>
    </responseCondition>
    <responseCondition>
      <responseIf>
        <match>
          <variable identifier="RESPONSE303"/>
          <correct identifier="RESPONSE303"/>
        </match>
        <setOutcomeValue identifier="SCORE303">
          <baseValue baseType="float">1</baseValue>
        </setOutcomeValue>
      </responseIf>
      <responseElse>
        <setOutcomeValue identifier="SCORE303">
          <baseValue baseType="float">0</baseValue>
        </setOutcomeValue>
      </responseElse>
    </responseCondition>
    <setOutcomeValue identifier="SCORE">
      <sum>
        <variable identifier="SCORE302"/>
        <variable identifier="SCORE303"/>
      </sum>
    </setOutcomeValue>
  </responseProcessing>
</assessmentItem>
