<?xml version="1.0"?>
<assessmentItem adaptive="false" identifier="ITEM-LOGIC-MP-561" timeDependent="false" title="Put the following steps for catching a wave in the correct order." toolName="ItemLogic" toolVersion="2.0.0" xmlns="http://www.imsglobal.org/xsd/imsqti_v2p1" xmlns:m="http://www.w3.org/1998/Math/MathML" xmlns:xsi="http://www.w3.org/2001/XMLSchema-instance" xsi:schemaLocation="http://www.imsglobal.org/xsd/imsqti_v2p1  http://www.imsglobal.org/xsd/qti/qtiv2p1/imsqti_v2p1.xsd">
  <responseDeclaration baseType="identifier" cardinality="ordered" identifier="RESPONSE444">
    <correctResponse>
      <value>SC-8063</value>
      <value>SC-8065</value>
      <value>SC-8060</value>
      <value>SC-8062</value>
      <value>SC-8064</value>
      <value>SC-8061</value>
    </correctResponse>
  </responseDeclaration>
  <outcomeDeclaration baseType="float" cardinality="single" identifier="SCORE444">
    <defaultValue>
      <value>0</value>
    </defaultValue>
  </outcomeDeclaration>
  <outcomeDeclaration baseType="float" cardinality="single" identifier="SCORE">
    <defaultValue>
      <value>0</value>
    </defaultValue>
  </outcomeDeclaration>
  <stylesheet href="../styles/bundled.css" type="text/css"/>
  <stylesheet href="../styles/inline.css" type="text/css"/>
  <itemBody>
    <rubricBlock use="context" view="candidate author proctor scorer testConstructor tutor">
      <div>
        <object data="../passages/RSC-LOGIC-MP-1669.html" type="text/html"/>
      </div>
    </rubricBlock>
    <orderInteraction orientation="vertical" responseIdentifier="RESPONSE444" shuffle="false">
      <prompt>Put the following steps for catching a wave in the correct order.<br/></prompt>
      <simpleChoice identifier="SC-8060">
        <p>Paddle towards the shore.</p>
      </simpleChoice>
      <simpleChoice identifier="SC-8061">
        <p>Move the surfboard sideways across the wave.</p>
      </simpleChoice>
      <simpleChoice identifier="SC-8062">
        <p>Feel the wave pick up the tail of the surfboard.</p>
      </simpleChoice>
      <simpleChoice identifier="SC-8063">
        <p>Lie facedown on the surfboard.</p>
      </simpleChoice>
      <simpleChoice identifier="SC-8064">
        <p>Push up into a standing position.</p>
      </simpleChoice>
      <simpleChoice identifier="SC-8065">
        <p>Look behind for a swell of water building up.</p>
      </simpleChoice>
    </orderInteraction>
  </itemBody>
  <responseProcessing>
    <responseCondition>
      <responseIf>
        <match>
          <variable identifier="RESPONSE444"/>
          <correct identifier="RESPONSE444"/>
        </match>
        <setOutcomeValue identifier="SCORE444">
          <baseValue baseType="float">1</baseValue>
        </setOutcomeValue>
      </responseIf>
      <responseElse>
        <setOutcomeValue identifier="SCORE444">
          <baseValue baseType="float">0</baseValue>
        </setOutcomeValue>
      </responseElse>
    </responseCondition>
    <setOutcomeValue identifier="SCORE">
      <sum>
        <variable identifier="SCORE444"/>
      </sum>
    </setOutcomeValue>
  </responseProcessing>
</assessmentItem>
