<?xml version="1.0"?>
<assessmentItem adaptive="false" identifier="ITEM-LOGIC-MP-596" timeDependent="false" title="Click each statement that is true about Caleb&#x2032;s number pattern." toolName="ItemLogic" toolVersion="2.0.0" xmlns="http://www.imsglobal.org/xsd/imsqti_v2p1" xmlns:m="http://www.w3.org/1998/Math/MathML" xmlns:xsi="http://www.w3.org/2001/XMLSchema-instance" xsi:schemaLocation="http://www.imsglobal.org/xsd/imsqti_v2p1  http://www.imsglobal.org/xsd/qti/qtiv2p1/imsqti_v2p1.xsd">
  <responseDeclaration baseType="identifier" cardinality="multiple" identifier="RESPONSE502">
    <correctResponse>
      <value>HT-8491</value>
      <value>HT-8493</value>
    </correctResponse>
  </responseDeclaration>
  <outcomeDeclaration baseType="float" cardinality="single" identifier="SCORE502">
    <defaultValue>
      <value>0</value>
    </defaultValue>
  </outcomeDeclaration>
  <outcomeDeclaration baseType="float" cardinality="single" identifier="SCORE">
    <defaultValue>
      <value>0</value>
    </defaultValue>
  </outcomeDeclaration>
  <stylesheet href="../styles/bundled.css" type="text/css"/>
  <stylesheet href="../styles/inline.css" type="text/css"/>
  <itemBody>
    <rubricBlock use="stimulus" view="candidate author proctor scorer testConstructor tutor">
      <div><p>Caleb wrote a number pattern.</p> <ul> <li>The first number in his pattern is 12.</li> <li>He used the rule &#x2033;Add 4.&#x2033;</li> </ul></div>
    </rubricBlock>
    <hottextInteraction maxChoices="0" responseIdentifier="RESPONSE502"><prompt>Click each statement that is true about Caleb&#x2032;s number pattern.<br/></prompt><p><hottext identifier="HT-8490">All the numbers are odd.</hottext></p> <p><hottext identifier="HT-8491">All the numbers are even.</hottext></p> <p><hottext identifier="HT-8492">All the numbers are factors of 4.</hottext></p> <p><hottext identifier="HT-8493">All the numbers are multiples of 2.</hottext></p></hottextInteraction>
  </itemBody>
  <responseProcessing>
    <responseCondition>
      <responseIf>
        <match>
          <variable identifier="RESPONSE502"/>
          <correct identifier="RESPONSE502"/>
        </match>
        <setOutcomeValue identifier="SCORE502">
          <baseValue baseType="float">1</baseValue>
        </setOutcomeValue>
      </responseIf>
      <responseElse>
        <setOutcomeValue identifier="SCORE502">
          <baseValue baseType="float">0</baseValue>
        </setOutcomeValue>
      </responseElse>
    </responseCondition>
    <setOutcomeValue identifier="SCORE">
      <sum>
        <variable identifier="SCORE502"/>
      </sum>
    </setOutcomeValue>
  </responseProcessing>
</assessmentItem>
