<?xml version="1.0"?>
<assessmentItem adaptive="false" identifier="ITEM-LOGIC-KS-780" timeDependent="false" title="Drag the pictures to match each of Tony's activities with the correct time on the clock." toolName="ItemLogic" toolVersion="2.0.0" xmlns="http://www.imsglobal.org/xsd/imsqti_v2p1" xmlns:m="http://www.w3.org/1998/Math/MathML" xmlns:xsi="http://www.w3.org/2001/XMLSchema-instance" xsi:schemaLocation="http://www.imsglobal.org/xsd/imsqti_v2p1  http://www.imsglobal.org/xsd/qti/qtiv2p1/imsqti_v2p1.xsd">
  <responseDeclaration baseType="directedPair" cardinality="multiple" identifier="RESPONSE750">
    <correctResponse>
      <value>GI-13016 HS-13024</value>
      <value>GI-13017 HS-13027</value>
      <value>GI-13018 HS-13025</value>
      <value>GI-13019 HS-13026</value>
    </correctResponse>
    <mapping defaultValue="-0.50" lowerBound="0.00" upperBound="2.00">
      <mapEntry mapKey="GI-13016 HS-13024" mappedValue="0.50"/>
      <mapEntry mapKey="GI-13017 HS-13027" mappedValue="0.50"/>
      <mapEntry mapKey="GI-13018 HS-13025" mappedValue="0.50"/>
      <mapEntry mapKey="GI-13019 HS-13026" mappedValue="0.50"/>
    </mapping>
  </responseDeclaration>
  <outcomeDeclaration baseType="float" cardinality="single" identifier="SCORE750">
    <defaultValue>
      <value>0</value>
    </defaultValue>
  </outcomeDeclaration>
  <outcomeDeclaration baseType="float" cardinality="single" identifier="SCORE">
    <defaultValue>
      <value>0</value>
    </defaultValue>
  </outcomeDeclaration>
  <stylesheet href="../styles/bundled.css" type="text/css"/>
  <stylesheet href="../styles/inline.css" type="text/css"/>
  <itemBody>
    <rubricBlock use="stimulus" view="candidate author proctor scorer testConstructor tutor">
      <div><p>Tony had a busy day today.</p> <ul> <li><span class="style-9a6b2f1c152ed63441e9037431e2e1eb">He went to school at 9:00.</span></li> <li><span class="style-9a6b2f1c152ed63441e9037431e2e1eb">He ate lunch at 12:30.</span></li> <li><span class="style-9a6b2f1c152ed63441e9037431e2e1eb">He played soccer at 3:30.</span></li> <li><span class="style-9a6b2f1c152ed63441e9037431e2e1eb">He colored at 6:00.</span></li> </ul></div>
    </rubricBlock>
    <graphicGapMatchInteraction responseIdentifier="RESPONSE750">
      <prompt>Drag the pictures to match each of Tony's activities with the correct time on the clock.<br/></prompt>
      <object data="../images/tonys-schedule@2x_o_76c17842db.png" height="334" type="image/png" width="500"/>
      <gapImg identifier="GI-13016" matchMax="1">
        <object data="../images/clock-9-00@2x_o_24e580d5a9.png" height="100" type="image/png" width="100"/>
      </gapImg>
      <gapImg identifier="GI-13017" matchMax="1">
        <object data="../images/clock-3-30@2x_o_fee1e42985.png" height="100" type="image/png" width="100"/>
      </gapImg>
      <gapImg identifier="GI-13018" matchMax="1">
        <object data="../images/lunch@2x_o_2725662670.png" height="100" type="image/png" width="100"/>
      </gapImg>
      <gapImg identifier="GI-13019" matchMax="1">
        <object data="../images/coloring@2x_o_407f0a043f.png" height="100" type="image/png" width="100"/>
      </gapImg>
      <associableHotspot coords="381,66,491,176" identifier="HS-13024" matchMax="1" shape="rect"/>
      <associableHotspot coords="257,213,367,323" identifier="HS-13025" matchMax="1" shape="rect"/>
      <associableHotspot coords="135,213,245,323" identifier="HS-13026" matchMax="1" shape="rect"/>
      <associableHotspot coords="12,66,122,176" identifier="HS-13027" matchMax="1" shape="rect"/>
    </graphicGapMatchInteraction>
  </itemBody>
  <responseProcessing>
    <responseCondition>
      <responseIf>
        <isNull>
          <variable identifier="RESPONSE750"/>
        </isNull>
        <setOutcomeValue identifier="SCORE750">
          <baseValue baseType="float">0.0</baseValue>
        </setOutcomeValue>
      </responseIf>
      <responseElse>
        <setOutcomeValue identifier="SCORE750">
          <mapResponse identifier="RESPONSE750"/>
        </setOutcomeValue>
      </responseElse>
    </responseCondition>
    <setOutcomeValue identifier="SCORE">
      <sum>
        <variable identifier="SCORE750"/>
      </sum>
    </setOutcomeValue>
  </responseProcessing>
</assessmentItem>
