<?xml version="1.0"?>
<assessmentItem adaptive="false" identifier="ITEM-LOGIC-KS-1005" timeDependent="false" title="Click on all of the pizzas that were correctly cut into three same-size pieces." toolName="ItemLogic" toolVersion="2.0.0" xmlns="http://www.imsglobal.org/xsd/imsqti_v2p1" xmlns:m="http://www.w3.org/1998/Math/MathML" xmlns:xsi="http://www.w3.org/2001/XMLSchema-instance" xsi:schemaLocation="http://www.imsglobal.org/xsd/imsqti_v2p1  http://www.imsglobal.org/xsd/qti/qtiv2p1/imsqti_v2p1.xsd">
  <responseDeclaration baseType="identifier" cardinality="multiple" identifier="RESPONSE1053">
    <correctResponse>
      <value>HS-18510</value>
      <value>HS-18507</value>
      <value>HS-18508</value>
    </correctResponse>
  </responseDeclaration>
  <responseDeclaration baseType="identifier" cardinality="single" identifier="RESPONSE1054">
    <correctResponse>
      <value>SC-17670</value>
    </correctResponse>
  </responseDeclaration>
  <outcomeDeclaration baseType="float" cardinality="single" identifier="SCORE1053">
    <defaultValue>
      <value>0</value>
    </defaultValue>
  </outcomeDeclaration>
  <outcomeDeclaration baseType="float" cardinality="single" identifier="SCORE1054">
    <defaultValue>
      <value>0</value>
    </defaultValue>
  </outcomeDeclaration>
  <outcomeDeclaration baseType="float" cardinality="single" identifier="SCORE">
    <defaultValue>
      <value>0</value>
    </defaultValue>
  </outcomeDeclaration>
  <stylesheet href="../styles/bundled.css" type="text/css"/>
  <stylesheet href="../styles/inline.css" type="text/css"/>
  <itemBody>
    <rubricBlock use="stimulus" view="candidate author proctor scorer testConstructor tutor">
      <div>
        <p>Mr. Thomas ordered small pizzas for a class party. He asked his students to cut each pizza into three same-size pieces.</p>
      </div>
    </rubricBlock>
    <hotspotInteraction maxChoices="0" responseIdentifier="RESPONSE1053">
      <prompt>Click on all of the pizzas that were correctly cut into three same-size pieces.<br/></prompt>
      <object data="../images/pizzas@2x_o_623885f18e.png" height="320" type="image/png" width="500"/>
      <hotspotChoice coords="13,21,173,131" identifier="HS-18506" shape="rect"/>
      <hotspotChoice coords="328,21,488,131" identifier="HS-18507" shape="rect"/>
      <hotspotChoice coords="171,187,331,297" identifier="HS-18508" shape="rect"/>
      <hotspotChoice coords="71,245,60" identifier="HS-18509" shape="circle"/>
      <hotspotChoice coords="250,77,60" identifier="HS-18510" shape="circle"/>
      <hotspotChoice coords="427,244,60" identifier="HS-18511" shape="circle"/>
    </hotspotInteraction>
    <choiceInteraction maxChoices="1" responseIdentifier="RESPONSE1054" shuffle="false">
      <prompt>Mr. Thomas ate one piece of one of the pizzas that was correctly cut. What fraction of a pizza did Mr. Thomas eat?<br/></prompt>
      <simpleChoice fixed="true" identifier="SC-17669">
        <p>a half of a pizza</p>
      </simpleChoice>
      <simpleChoice fixed="true" identifier="SC-17671">
        <p>a fifth of a pizza</p>
      </simpleChoice>
      <simpleChoice fixed="true" identifier="SC-17670">
        <p>a third of a pizza</p>
      </simpleChoice>
      <simpleChoice fixed="true" identifier="SC-17672">
        <p>a fourth of a pizza</p>
      </simpleChoice>
    </choiceInteraction>
  </itemBody>
  <responseProcessing>
    <responseCondition>
      <responseIf>
        <match>
          <variable identifier="RESPONSE1053"/>
          <correct identifier="RESPONSE1053"/>
        </match>
        <setOutcomeValue identifier="SCORE1053">
          <baseValue baseType="float">1</baseValue>
        </setOutcomeValue>
      </responseIf>
      <responseElse>
        <setOutcomeValue identifier="SCORE1053">
          <baseValue baseType="float">0</baseValue>
        </setOutcomeValue>
      </responseElse>
    </responseCondition>
    <responseCondition>
      <responseIf>
        <match>
          <variable identifier="RESPONSE1054"/>
          <correct identifier="RESPONSE1054"/>
        </match>
        <setOutcomeValue identifier="SCORE1054">
          <baseValue baseType="float">1</baseValue>
        </setOutcomeValue>
      </responseIf>
      <responseElse>
        <setOutcomeValue identifier="SCORE1054">
          <baseValue baseType="float">0</baseValue>
        </setOutcomeValue>
      </responseElse>
    </responseCondition>
    <setOutcomeValue identifier="SCORE">
      <sum>
        <variable identifier="SCORE1053"/>
        <variable identifier="SCORE1054"/>
      </sum>
    </setOutcomeValue>
  </responseProcessing>
</assessmentItem>
