<?xml version="1.0"?>
<assessmentItem adaptive="false" identifier="ITEM-LOGIC-MP-556" timeDependent="false" title="Select one journal entry that best conveys each central idea from the passage." toolName="ItemLogic" toolVersion="2.0.0" xmlns="http://www.imsglobal.org/xsd/imsqti_v2p1" xmlns:m="http://www.w3.org/1998/Math/MathML" xmlns:xsi="http://www.w3.org/2001/XMLSchema-instance" xsi:schemaLocation="http://www.imsglobal.org/xsd/imsqti_v2p1  http://www.imsglobal.org/xsd/qti/qtiv2p1/imsqti_v2p1.xsd">
  <responseDeclaration baseType="directedPair" cardinality="multiple" identifier="RESPONSE436">
    <correctResponse>
      <value>SAC-9657 SAC-9663</value>
      <value>SAC-9658 SAC-9664</value>
    </correctResponse>
  </responseDeclaration>
  <outcomeDeclaration baseType="float" cardinality="single" identifier="SCORE436">
    <defaultValue>
      <value>0</value>
    </defaultValue>
  </outcomeDeclaration>
  <outcomeDeclaration baseType="float" cardinality="single" identifier="SCORE">
    <defaultValue>
      <value>0</value>
    </defaultValue>
  </outcomeDeclaration>
  <stylesheet href="../styles/bundled.css" type="text/css"/>
  <stylesheet href="../styles/inline.css" type="text/css"/>
  <itemBody>
    <rubricBlock use="context" view="candidate author proctor scorer testConstructor tutor">
      <div>
        <object data="../passages/RSC-LOGIC-MP-1666.html" type="text/html"/>
      </div>
    </rubricBlock>
    <matchInteraction maxAssociations="2" responseIdentifier="RESPONSE436" shuffle="false">
      <prompt>
        <span>Select one journal entry that best conveys each central idea from the passage.</span>
        <br/>
      </prompt>
      <simpleMatchSet>
        <simpleAssociableChoice identifier="SAC-9657" matchMax="1">
          <p>Difficult circumstances can often inspire people to learn new skills.</p>
        </simpleAssociableChoice>
        <simpleAssociableChoice identifier="SAC-9658" matchMax="1">
          <p>Survival is a great motivator towards purpose and action.</p>
        </simpleAssociableChoice>
      </simpleMatchSet>
      <simpleMatchSet>
        <simpleAssociableChoice identifier="SAC-9659" matchMax="1">
          <p>September 30</p>
        </simpleAssociableChoice>
        <simpleAssociableChoice identifier="SAC-9660" matchMax="1">
          <p>October 1</p>
        </simpleAssociableChoice>
        <simpleAssociableChoice identifier="SAC-9664" matchMax="1">
          <p>October 26</p>
        </simpleAssociableChoice>
        <simpleAssociableChoice identifier="SAC-9663" matchMax="1">
          <p>November 4</p>
        </simpleAssociableChoice>
      </simpleMatchSet>
    </matchInteraction>
  </itemBody>
  <responseProcessing>
    <responseCondition>
      <responseIf>
        <match>
          <variable identifier="RESPONSE436"/>
          <correct identifier="RESPONSE436"/>
        </match>
        <setOutcomeValue identifier="SCORE436">
          <baseValue baseType="float">1</baseValue>
        </setOutcomeValue>
      </responseIf>
      <responseElse>
        <setOutcomeValue identifier="SCORE436">
          <baseValue baseType="float">0</baseValue>
        </setOutcomeValue>
      </responseElse>
    </responseCondition>
    <setOutcomeValue identifier="SCORE">
      <sum>
        <variable identifier="SCORE436"/>
      </sum>
    </setOutcomeValue>
  </responseProcessing>
</assessmentItem>
