<?xml version="1.0"?>
<assessmentItem adaptive="false" identifier="ITEM-LOGIC-MP-524" timeDependent="false" title="Sequence the events from &quot;Pygmalion&quot;&#xA0;to provide an accurate summary of the selection." toolName="ItemLogic" toolVersion="2.0.0" xmlns="http://www.imsglobal.org/xsd/imsqti_v2p1" xmlns:m="http://www.w3.org/1998/Math/MathML" xmlns:xsi="http://www.w3.org/2001/XMLSchema-instance" xsi:schemaLocation="http://www.imsglobal.org/xsd/imsqti_v2p1  http://www.imsglobal.org/xsd/qti/qtiv2p1/imsqti_v2p1.xsd">
  <responseDeclaration baseType="identifier" cardinality="ordered" identifier="RESPONSE407">
    <correctResponse>
      <value>SC-7034</value>
      <value>SC-7035</value>
      <value>SC-7036</value>
      <value>SC-7038</value>
      <value>SC-7039</value>
      <value>SC-7040</value>
    </correctResponse>
  </responseDeclaration>
  <outcomeDeclaration baseType="float" cardinality="single" identifier="SCORE407">
    <defaultValue>
      <value>0</value>
    </defaultValue>
  </outcomeDeclaration>
  <outcomeDeclaration baseType="float" cardinality="single" identifier="SCORE">
    <defaultValue>
      <value>0</value>
    </defaultValue>
  </outcomeDeclaration>
  <stylesheet href="../styles/bundled.css" type="text/css"/>
  <stylesheet href="../styles/inline.css" type="text/css"/>
  <itemBody>
    <rubricBlock use="context" view="candidate author proctor scorer testConstructor tutor">
      <div>
        <object data="../passages/RSC-LOGIC-MP-978.html" type="text/html"/>
      </div>
    </rubricBlock>
    <orderInteraction orientation="vertical" responseIdentifier="RESPONSE407" shuffle="false">
      <prompt>Sequence the events from "Pygmalion" to provide an accurate summary of the selection.<br/></prompt>
      <simpleChoice identifier="SC-7038">
        <p>A stranger offends a young woman by laughing at the name of the neighborhood her mother is from.</p>
      </simpleChoice>
      <simpleChoice identifier="SC-7035">
        <p>A stranger surprises a crowd of people by demonstrating an unusual ability.</p>
      </simpleChoice>
      <simpleChoice identifier="SC-7040">
        <p>A stranger presents a theory and proposes testing it on the flower-seller.</p>
      </simpleChoice>
      <simpleChoice identifier="SC-7034">
        <p>A struggling flower-seller panics when she learns that a stranger is observing her.</p>
      </simpleChoice>
      <simpleChoice identifier="SC-7039">
        <p>A stranger is teased for his precise diction and refined accent.</p>
      </simpleChoice>
      <simpleChoice identifier="SC-7036">
        <p>Someone challenges a stranger to prove that his skill is genuine.</p>
      </simpleChoice>
    </orderInteraction>
  </itemBody>
  <responseProcessing>
    <responseCondition>
      <responseIf>
        <match>
          <variable identifier="RESPONSE407"/>
          <correct identifier="RESPONSE407"/>
        </match>
        <setOutcomeValue identifier="SCORE407">
          <baseValue baseType="float">1</baseValue>
        </setOutcomeValue>
      </responseIf>
      <responseElse>
        <setOutcomeValue identifier="SCORE407">
          <baseValue baseType="float">0</baseValue>
        </setOutcomeValue>
      </responseElse>
    </responseCondition>
    <setOutcomeValue identifier="SCORE">
      <sum>
        <variable identifier="SCORE407"/>
      </sum>
    </setOutcomeValue>
  </responseProcessing>
</assessmentItem>
