<?xml version="1.0"?>
<assessmentItem adaptive="false" identifier="ITEM-LOGIC-MP-647" timeDependent="false" title="Drag numbers into the boxes to show the length and width of the tree fort floor." toolName="ItemLogic" toolVersion="2.0.0" xmlns="http://www.imsglobal.org/xsd/imsqti_v2p1" xmlns:m="http://www.w3.org/1998/Math/MathML" xmlns:xsi="http://www.w3.org/2001/XMLSchema-instance" xsi:schemaLocation="http://www.imsglobal.org/xsd/imsqti_v2p1  http://www.imsglobal.org/xsd/qti/qtiv2p1/imsqti_v2p1.xsd">
  <responseDeclaration baseType="directedPair" cardinality="multiple" identifier="RESPONSE553">
    <correctResponse>
      <value>GI-15526 HS-15535</value>
      <value>GI-15528 HS-15536</value>
    </correctResponse>
    <mapping defaultValue="0.00" lowerBound="0.00" upperBound="2.00">
      <mapEntry mapKey="GI-15526 HS-15535" mappedValue="1.00"/>
      <mapEntry mapKey="GI-15528 HS-15536" mappedValue="1.00"/>
    </mapping>
  </responseDeclaration>
  <outcomeDeclaration baseType="float" cardinality="single" identifier="SCORE553">
    <defaultValue>
      <value>0</value>
    </defaultValue>
  </outcomeDeclaration>
  <outcomeDeclaration baseType="float" cardinality="single" identifier="SCORE">
    <defaultValue>
      <value>0</value>
    </defaultValue>
  </outcomeDeclaration>
  <stylesheet href="../styles/bundled.css" type="text/css"/>
  <stylesheet href="../styles/inline.css" type="text/css"/>
  <itemBody>
    <rubricBlock use="stimulus" view="candidate author proctor scorer testConstructor tutor">
      <div><p>Jenny is designing a tree fort. She drew this rectangle to show the floor of the tree fort. The rectangle is drawn to scale.</p> <ul> <li>The area of the floor is 24 square feet.</li> <li>The perimeter of the floor is 20 feet.</li> </ul></div>
    </rubricBlock>
    <graphicGapMatchInteraction responseIdentifier="RESPONSE553">
      <prompt>Drag numbers into the boxes to show the length and width of the tree fort floor.<br/></prompt>
      <object data="../images/IGOMOL647_tree_fort_stem_01_o_486963a890.png" height="244" type="image/png" width="338"/>
      <gapImg identifier="GI-15523" matchMax="1">
        <object data="../images/IGOMOL647_tree_fort_opt_a01_o_1e66d62cf0.png" height="31" type="image/png" width="31"/>
      </gapImg>
      <gapImg identifier="GI-15524" matchMax="1">
        <object data="../images/IGOMOL647_tree_fort_opt_b01_o_15e2f72783.png" height="31" type="image/png" width="31"/>
      </gapImg>
      <gapImg identifier="GI-15525" matchMax="1">
        <object data="../images/IGOMOL647_tree_fort_opt_c01_o_f7a32ebb5b.png" height="31" type="image/png" width="31"/>
      </gapImg>
      <gapImg identifier="GI-15526" matchMax="1">
        <object data="../images/IGOMOL647_tree_fort_opt_d01_o_fe5fa3eeca.png" height="31" type="image/png" width="31"/>
      </gapImg>
      <gapImg identifier="GI-15527" matchMax="1">
        <object data="../images/IGOMOL647_tree_fort_opt_e01_o_367219b09c.png" height="31" type="image/png" width="31"/>
      </gapImg>
      <gapImg identifier="GI-15528" matchMax="1">
        <object data="../images/IGOMOL647_tree_fort_opt_f01_o_dfd06c15ac.png" height="31" type="image/png" width="31"/>
      </gapImg>
      <gapImg identifier="GI-15529" matchMax="1">
        <object data="../images/IGOMOL647_tree_fort_opt_g01_o_80b090a026.png" height="31" type="image/png" width="31"/>
      </gapImg>
      <gapImg identifier="GI-15530" matchMax="1">
        <object data="../images/IGOMOL647_tree_fort_opt_h01_o_7a0e278aac.png" height="31" type="image/png" width="31"/>
      </gapImg>
      <gapImg identifier="GI-15531" matchMax="1">
        <object data="../images/IGOMOL647_tree_fort_opt_i01_o_4a34692d42.png" height="31" type="image/png" width="31"/>
      </gapImg>
      <gapImg identifier="GI-15532" matchMax="1">
        <object data="../images/IGOMOL647_tree_fort_opt_j01_o_cfeeeb16c1.png" height="31" type="image/png" width="31"/>
      </gapImg>
      <gapImg identifier="GI-15533" matchMax="1">
        <object data="../images/IGOMOL647_tree_fort_opt_k01_o_79ec850c3b.png" height="31" type="image/png" width="31"/>
      </gapImg>
      <gapImg identifier="GI-15534" matchMax="1">
        <object data="../images/IGOMOL647_tree_fort_opt_l01_o_d12a29f97f.png" height="31" type="image/png" width="31"/>
      </gapImg>
      <associableHotspot coords="7,129,38,160" identifier="HS-15535" matchMax="1" shape="rect"/>
      <associableHotspot coords="182,8,213,39" identifier="HS-15536" matchMax="1" shape="rect"/>
    </graphicGapMatchInteraction>
  </itemBody>
  <responseProcessing>
    <responseCondition>
      <responseIf>
        <isNull>
          <variable identifier="RESPONSE553"/>
        </isNull>
        <setOutcomeValue identifier="SCORE553">
          <baseValue baseType="float">0.0</baseValue>
        </setOutcomeValue>
      </responseIf>
      <responseElse>
        <setOutcomeValue identifier="SCORE553">
          <mapResponse identifier="RESPONSE553"/>
        </setOutcomeValue>
      </responseElse>
    </responseCondition>
    <setOutcomeValue identifier="SCORE">
      <sum>
        <variable identifier="SCORE553"/>
      </sum>
    </setOutcomeValue>
  </responseProcessing>
</assessmentItem>
