<?xml version="1.0"?>
<assessmentItem adaptive="false" identifier="ITEM-LOGIC-MP-577" timeDependent="false" title="Match each of the nocturnal eye parts with its function to complete the diagram." toolName="ItemLogic" toolVersion="2.0.0" xmlns="http://www.imsglobal.org/xsd/imsqti_v2p1" xmlns:m="http://www.w3.org/1998/Math/MathML" xmlns:xsi="http://www.w3.org/2001/XMLSchema-instance" xsi:schemaLocation="http://www.imsglobal.org/xsd/imsqti_v2p1  http://www.imsglobal.org/xsd/qti/qtiv2p1/imsqti_v2p1.xsd">
  <responseDeclaration baseType="directedPair" cardinality="multiple" identifier="RESPONSE468">
    <correctResponse>
      <value>GI-11724 HS-11733</value>
      <value>GI-11725 HS-11731</value>
      <value>GI-11726 HS-11732</value>
      <value>GI-11728 HS-11734</value>
    </correctResponse>
    <mapping defaultValue="0.00" lowerBound="0.00" upperBound="4.00">
      <mapEntry mapKey="GI-11724 HS-11733" mappedValue="0.50"/>
      <mapEntry mapKey="GI-11725 HS-11731" mappedValue="0.50"/>
      <mapEntry mapKey="GI-11726 HS-11732" mappedValue="0.50"/>
      <mapEntry mapKey="GI-11728 HS-11734" mappedValue="0.50"/>
    </mapping>
  </responseDeclaration>
  <outcomeDeclaration baseType="float" cardinality="single" identifier="SCORE468">
    <defaultValue>
      <value>0</value>
    </defaultValue>
  </outcomeDeclaration>
  <outcomeDeclaration baseType="float" cardinality="single" identifier="SCORE">
    <defaultValue>
      <value>0</value>
    </defaultValue>
  </outcomeDeclaration>
  <stylesheet href="../styles/bundled.css" type="text/css"/>
  <stylesheet href="../styles/inline.css" type="text/css"/>
  <itemBody>
    <rubricBlock use="context" view="candidate author proctor scorer testConstructor tutor">
      <div>
        <object data="../passages/RSC-LOGIC-MP-1646.html" type="text/html"/>
      </div>
    </rubricBlock>
    <graphicGapMatchInteraction responseIdentifier="RESPONSE468">
      <prompt>Match each of the nocturnal eye parts with its function to complete the diagram.<br/></prompt>
      <object data="../images/eye-fix_o_53a37435fb.png" height="430" type="image/png" width="498"/>
      <gapImg identifier="GI-11725" matchMax="1">
        <object data="../images/FROERI577_Home_Dark_opt_b01_o_b21a026e70.png" height="70" type="image/png" width="113"/>
      </gapImg>
      <gapImg identifier="GI-11724" matchMax="1">
        <object data="../images/FROERI577_Home_Dark_opt_a01_o_08f722de83.png" height="70" type="image/png" width="114"/>
      </gapImg>
      <gapImg identifier="GI-11726" matchMax="1">
        <object data="../images/FROERI577_Home_Dark_opt_c01_o_02f17dac17.png" height="70" type="image/png" width="114"/>
      </gapImg>
      <gapImg identifier="GI-11728" matchMax="1">
        <object data="../images/FROERI577_Home_Dark_opt_e01_o_e7fcb97db4.png" height="69" type="image/png" width="114"/>
      </gapImg>
      <associableHotspot coords="356,44,470,114" identifier="HS-11731" matchMax="1" shape="rect"/>
      <associableHotspot coords="379,219,493,289" identifier="HS-11732" matchMax="1" shape="rect"/>
      <associableHotspot coords="196,346,310,416" identifier="HS-11733" matchMax="1" shape="rect"/>
      <associableHotspot coords="4,357,118,427" identifier="HS-11734" matchMax="1" shape="rect"/>
    </graphicGapMatchInteraction>
  </itemBody>
  <responseProcessing>
    <responseCondition>
      <responseIf>
        <isNull>
          <variable identifier="RESPONSE468"/>
        </isNull>
        <setOutcomeValue identifier="SCORE468">
          <baseValue baseType="float">0.0</baseValue>
        </setOutcomeValue>
      </responseIf>
      <responseElse>
        <setOutcomeValue identifier="SCORE468">
          <mapResponse identifier="RESPONSE468"/>
        </setOutcomeValue>
      </responseElse>
    </responseCondition>
    <setOutcomeValue identifier="SCORE">
      <sum>
        <variable identifier="SCORE468"/>
      </sum>
    </setOutcomeValue>
  </responseProcessing>
</assessmentItem>
