<?xml version="1.0"?>
<assessmentItem adaptive="false" identifier="ITEM-LOGIC-KS-1002" timeDependent="false" title="Drag a digit to each box to make the comparisons true." toolName="ItemLogic" toolVersion="2.0.0" xmlns="http://www.imsglobal.org/xsd/imsqti_v2p1" xmlns:m="http://www.w3.org/1998/Math/MathML" xmlns:xsi="http://www.w3.org/2001/XMLSchema-instance" xsi:schemaLocation="http://www.imsglobal.org/xsd/imsqti_v2p1  http://www.imsglobal.org/xsd/qti/qtiv2p1/imsqti_v2p1.xsd">
  <responseDeclaration baseType="directedPair" cardinality="multiple" identifier="RESPONSE1046">
    <correctResponse>
      <value>GI-17726 HS-17728</value>
      <value>GI-17727 HS-17730</value>
      <value>GI-17725 HS-17735</value>
    </correctResponse>
    <mapping defaultValue="-1.00" lowerBound="0.00" upperBound="3.00">
      <mapEntry mapKey="GI-17726 HS-17728" mappedValue="1.00"/>
      <mapEntry mapKey="GI-17727 HS-17730" mappedValue="1.00"/>
      <mapEntry mapKey="GI-17725 HS-17735" mappedValue="1.00"/>
    </mapping>
  </responseDeclaration>
  <responseDeclaration baseType="identifier" cardinality="single" identifier="RESPONSE1047">
    <correctResponse>
      <value>SC-17537</value>
    </correctResponse>
  </responseDeclaration>
  <outcomeDeclaration baseType="float" cardinality="single" identifier="SCORE1046">
    <defaultValue>
      <value>0</value>
    </defaultValue>
  </outcomeDeclaration>
  <outcomeDeclaration baseType="float" cardinality="single" identifier="SCORE1047">
    <defaultValue>
      <value>0</value>
    </defaultValue>
  </outcomeDeclaration>
  <outcomeDeclaration baseType="float" cardinality="single" identifier="SCORE">
    <defaultValue>
      <value>0</value>
    </defaultValue>
  </outcomeDeclaration>
  <stylesheet href="../styles/bundled.css" type="text/css"/>
  <stylesheet href="../styles/inline.css" type="text/css"/>
  <itemBody>
    <rubricBlock use="stimulus" view="candidate author proctor scorer testConstructor tutor">
      <div>
        <p>Each of the three comparisons have a missing digit.</p>
      </div>
    </rubricBlock>
    <graphicGapMatchInteraction responseIdentifier="RESPONSE1046">
      <prompt>Drag a digit to each box to make the comparisons true.<br/></prompt>
      <object data="../images/comp-missing-num-canvas@2x_o_e4295334b7.png" height="344" type="image/png" width="500"/>
      <gapImg identifier="GI-17725" matchMax="1">
        <object data="../images/comp-missing-num-1@2x_o_890b1aa508.png" height="56" type="image/png" width="56"/>
      </gapImg>
      <gapImg identifier="GI-17726" matchMax="1">
        <object data="../images/comp-missing-num-5@2x_o_9a09727a86.png" height="56" type="image/png" width="56"/>
      </gapImg>
      <gapImg identifier="GI-17727" matchMax="1">
        <object data="../images/comp-missing-num-7@2x_o_51dda04681.png" height="56" type="image/png" width="56"/>
      </gapImg>
      <associableHotspot coords="81,26,137,82" identifier="HS-17728" matchMax="1" shape="rect"/>
      <associableHotspot coords="364,259,420,315" identifier="HS-17730" matchMax="1" shape="rect"/>
      <associableHotspot coords="326,143,382,199" identifier="HS-17735" matchMax="1" shape="rect"/>
    </graphicGapMatchInteraction>
    <choiceInteraction maxChoices="1" responseIdentifier="RESPONSE1047" shuffle="false">
      <prompt>Ali's book has more than 179 pages, but less than 200 pages. How many pages might be in Ali's book?<br/></prompt>
      <simpleChoice fixed="true" identifier="SC-17536">
        <p>170</p>
      </simpleChoice>
      <simpleChoice fixed="true" identifier="SC-17537">
        <p>181</p>
      </simpleChoice>
      <simpleChoice fixed="true" identifier="SC-17538">
        <p>201</p>
      </simpleChoice>
      <simpleChoice fixed="true" identifier="SC-17539">
        <p>210</p>
      </simpleChoice>
    </choiceInteraction>
  </itemBody>
  <responseProcessing>
    <responseCondition>
      <responseIf>
        <isNull>
          <variable identifier="RESPONSE1046"/>
        </isNull>
        <setOutcomeValue identifier="SCORE1046">
          <baseValue baseType="float">0.0</baseValue>
        </setOutcomeValue>
      </responseIf>
      <responseElse>
        <setOutcomeValue identifier="SCORE1046">
          <mapResponse identifier="RESPONSE1046"/>
        </setOutcomeValue>
      </responseElse>
    </responseCondition>
    <responseCondition>
      <responseIf>
        <match>
          <variable identifier="RESPONSE1047"/>
          <correct identifier="RESPONSE1047"/>
        </match>
        <setOutcomeValue identifier="SCORE1047">
          <baseValue baseType="float">1</baseValue>
        </setOutcomeValue>
      </responseIf>
      <responseElse>
        <setOutcomeValue identifier="SCORE1047">
          <baseValue baseType="float">0</baseValue>
        </setOutcomeValue>
      </responseElse>
    </responseCondition>
    <setOutcomeValue identifier="SCORE">
      <sum>
        <variable identifier="SCORE1046"/>
        <variable identifier="SCORE1047"/>
      </sum>
    </setOutcomeValue>
  </responseProcessing>
</assessmentItem>
