<?xml version="1.0"?>
<assessmentItem adaptive="false" identifier="ITEM-LOGIC-MP-438" timeDependent="false" title="" toolName="ItemLogic" toolVersion="2.0.0" xmlns="http://www.imsglobal.org/xsd/imsqti_v2p1" xmlns:m="http://www.w3.org/1998/Math/MathML" xmlns:xsi="http://www.w3.org/2001/XMLSchema-instance" xsi:schemaLocation="http://www.imsglobal.org/xsd/imsqti_v2p1  http://www.imsglobal.org/xsd/qti/qtiv2p1/imsqti_v2p1.xsd">
  <responseDeclaration baseType="identifier" cardinality="single" identifier="RESPONSE266">
    <correctResponse>
      <value>IC-7755</value>
    </correctResponse>
  </responseDeclaration>
  <responseDeclaration baseType="identifier" cardinality="single" identifier="RESPONSE267">
    <correctResponse>
      <value>IC-7761</value>
    </correctResponse>
  </responseDeclaration>
  <outcomeDeclaration baseType="float" cardinality="single" identifier="SCORE266">
    <defaultValue>
      <value>0</value>
    </defaultValue>
  </outcomeDeclaration>
  <outcomeDeclaration baseType="float" cardinality="single" identifier="SCORE267">
    <defaultValue>
      <value>0</value>
    </defaultValue>
  </outcomeDeclaration>
  <outcomeDeclaration baseType="float" cardinality="single" identifier="SCORE">
    <defaultValue>
      <value>0</value>
    </defaultValue>
  </outcomeDeclaration>
  <stylesheet href="../styles/bundled.css" type="text/css"/>
  <stylesheet href="../styles/inline.css" type="text/css"/>
  <itemBody>
    <rubricBlock use="stimulus" view="candidate author proctor scorer testConstructor tutor">
      <div>
        <p>Emelia is on a girls' gymnastics team. The scores from a team competition are shown in this line plot. </p>
        <p>
          <object data="../images/FROERI438_Competition_Scores_1cc9cdcba0.png" height="179" type="image/png" width="368"/>
        </p>
        <p>Each score is rounded to the nearest whole number.</p>
      </div>
    </rubricBlock>
    <div class="stem stem_inline">
      <p>These statements are about the distribution of the data in the graph. Fill in the blanks to describe the data.</p>
      <p>The median is <inlineChoiceInteraction responseIdentifier="RESPONSE266" shuffle="false"><inlineChoice identifier="IC-7007">6</inlineChoice><inlineChoice identifier="IC-7754">8.25</inlineChoice><inlineChoice identifier="IC-7755">8.5</inlineChoice><inlineChoice identifier="IC-7756">9</inlineChoice><inlineChoice identifier="IC-7757">10</inlineChoice></inlineChoiceInteraction> and the maximum value is&#xA0;<inlineChoiceInteraction responseIdentifier="RESPONSE267" shuffle="false"><inlineChoice identifier="IC-7006">6</inlineChoice><inlineChoice identifier="IC-7758">8.25</inlineChoice><inlineChoice identifier="IC-7759">8.5</inlineChoice><inlineChoice identifier="IC-7760">9</inlineChoice><inlineChoice identifier="IC-7761">10</inlineChoice></inlineChoiceInteraction>.</p>
    </div>
  </itemBody>
  <responseProcessing>
    <responseCondition>
      <responseIf>
        <match>
          <variable identifier="RESPONSE266"/>
          <correct identifier="RESPONSE266"/>
        </match>
        <setOutcomeValue identifier="SCORE266">
          <baseValue baseType="float">1</baseValue>
        </setOutcomeValue>
      </responseIf>
      <responseElse>
        <setOutcomeValue identifier="SCORE266">
          <baseValue baseType="float">0</baseValue>
        </setOutcomeValue>
      </responseElse>
    </responseCondition>
    <responseCondition>
      <responseIf>
        <match>
          <variable identifier="RESPONSE267"/>
          <correct identifier="RESPONSE267"/>
        </match>
        <setOutcomeValue identifier="SCORE267">
          <baseValue baseType="float">1</baseValue>
        </setOutcomeValue>
      </responseIf>
      <responseElse>
        <setOutcomeValue identifier="SCORE267">
          <baseValue baseType="float">0</baseValue>
        </setOutcomeValue>
      </responseElse>
    </responseCondition>
    <setOutcomeValue identifier="SCORE">
      <sum>
        <variable identifier="SCORE266"/>
        <variable identifier="SCORE267"/>
      </sum>
    </setOutcomeValue>
  </responseProcessing>
</assessmentItem>
