<?xml version="1.0"?>
<assessmentItem adaptive="false" identifier="ITEM-LOGIC-MP-413" timeDependent="false" title="Select the main idea for each section in &quot;Spotlight on Leopards.&quot;" toolName="ItemLogic" toolVersion="2.0.0" xmlns="http://www.imsglobal.org/xsd/imsqti_v2p1" xmlns:m="http://www.w3.org/1998/Math/MathML" xmlns:xsi="http://www.w3.org/2001/XMLSchema-instance" xsi:schemaLocation="http://www.imsglobal.org/xsd/imsqti_v2p1  http://www.imsglobal.org/xsd/qti/qtiv2p1/imsqti_v2p1.xsd">
  <responseDeclaration baseType="identifier" cardinality="single" identifier="RESPONSE215">
    <correctResponse>
      <value>IC-5082</value>
    </correctResponse>
  </responseDeclaration>
  <responseDeclaration baseType="identifier" cardinality="single" identifier="RESPONSE217">
    <correctResponse>
      <value>IC-5088</value>
    </correctResponse>
  </responseDeclaration>
  <outcomeDeclaration baseType="float" cardinality="single" identifier="SCORE215">
    <defaultValue>
      <value>0</value>
    </defaultValue>
  </outcomeDeclaration>
  <outcomeDeclaration baseType="float" cardinality="single" identifier="SCORE217">
    <defaultValue>
      <value>0</value>
    </defaultValue>
  </outcomeDeclaration>
  <outcomeDeclaration baseType="float" cardinality="single" identifier="SCORE">
    <defaultValue>
      <value>0</value>
    </defaultValue>
  </outcomeDeclaration>
  <stylesheet href="../styles/bundled.css" type="text/css"/>
  <stylesheet href="../styles/inline.css" type="text/css"/>
  <itemBody>
    <rubricBlock use="context" view="candidate author proctor scorer testConstructor tutor">
      <div>
        <object data="../passages/RSC-LOGIC-MP-973.html" type="text/html"/>
      </div>
    </rubricBlock>
    <div class="stem stem_inline">
      <div class="stem_prompt">
        <p>Select the main idea for each section in "Spotlight on Leopards."</p>
      </div>
      <p class="MsoNormal">The main idea for the section <strong>Built for the Hunt </strong>is that <inlineChoiceInteraction responseIdentifier="RESPONSE215" shuffle="false"><inlineChoice identifier="IC-5085">leopards' bodies help them hide from their enemies.</inlineChoice><inlineChoice identifier="IC-5083">leopards like to hunt prey that they can chomp.</inlineChoice><inlineChoice identifier="IC-5084">leopards can grow to be very large like other cats.</inlineChoice><inlineChoice identifier="IC-5082">leopards&#x2019; bodies make them really good hunters.</inlineChoice></inlineChoiceInteraction></p>
    </div>
    <div class="stem stem_inline">
      <p class="MsoNormal">The main idea for the section <strong>On the Prowl </strong>is that<inlineChoiceInteraction responseIdentifier="RESPONSE217" shuffle="false"><inlineChoice identifier="IC-5088">leopards will eat just about anything and live just about anywhere.</inlineChoice><inlineChoice identifier="IC-5089">leopards like to eat only food that they can catch.</inlineChoice><inlineChoice identifier="IC-5090">leopards hunt mainly at night and sleep during the day.</inlineChoice><inlineChoice identifier="IC-5091">leopards live in Africa because that is where all the antelopes live.</inlineChoice></inlineChoiceInteraction></p>
    </div>
  </itemBody>
  <responseProcessing>
    <responseCondition>
      <responseIf>
        <match>
          <variable identifier="RESPONSE215"/>
          <correct identifier="RESPONSE215"/>
        </match>
        <setOutcomeValue identifier="SCORE215">
          <baseValue baseType="float">1</baseValue>
        </setOutcomeValue>
      </responseIf>
      <responseElse>
        <setOutcomeValue identifier="SCORE215">
          <baseValue baseType="float">0</baseValue>
        </setOutcomeValue>
      </responseElse>
    </responseCondition>
    <responseCondition>
      <responseIf>
        <match>
          <variable identifier="RESPONSE217"/>
          <correct identifier="RESPONSE217"/>
        </match>
        <setOutcomeValue identifier="SCORE217">
          <baseValue baseType="float">1</baseValue>
        </setOutcomeValue>
      </responseIf>
      <responseElse>
        <setOutcomeValue identifier="SCORE217">
          <baseValue baseType="float">0</baseValue>
        </setOutcomeValue>
      </responseElse>
    </responseCondition>
    <setOutcomeValue identifier="SCORE">
      <sum>
        <variable identifier="SCORE215"/>
        <variable identifier="SCORE217"/>
      </sum>
    </setOutcomeValue>
  </responseProcessing>
</assessmentItem>
