<?xml version="1.0"?>
<assessmentItem adaptive="false" identifier="ITEM-LOGIC-KS-793" timeDependent="false" title="Match each of Jose's expressions with an expression that is equal." toolName="ItemLogic" toolVersion="2.0.0" xmlns="http://www.imsglobal.org/xsd/imsqti_v2p1" xmlns:m="http://www.w3.org/1998/Math/MathML" xmlns:xsi="http://www.w3.org/2001/XMLSchema-instance" xsi:schemaLocation="http://www.imsglobal.org/xsd/imsqti_v2p1  http://www.imsglobal.org/xsd/qti/qtiv2p1/imsqti_v2p1.xsd">
  <responseDeclaration baseType="directedPair" cardinality="multiple" identifier="RESPONSE772">
    <correctResponse>
      <value>SAC-12429 SAC-12430</value>
      <value>SAC-12435 SAC-12433</value>
      <value>SAC-12438 SAC-12439</value>
    </correctResponse>
    <mapping defaultValue="-1.00" lowerBound="0.00" upperBound="3.00">
      <mapEntry mapKey="SAC-12429 SAC-12430" mappedValue="1.00"/>
      <mapEntry mapKey="SAC-12435 SAC-12433" mappedValue="1.00"/>
      <mapEntry mapKey="SAC-12438 SAC-12439" mappedValue="1.00"/>
    </mapping>
  </responseDeclaration>
  <outcomeDeclaration baseType="float" cardinality="single" identifier="SCORE772">
    <defaultValue>
      <value>0</value>
    </defaultValue>
  </outcomeDeclaration>
  <outcomeDeclaration baseType="float" cardinality="single" identifier="SCORE">
    <defaultValue>
      <value>0</value>
    </defaultValue>
  </outcomeDeclaration>
  <stylesheet href="../styles/bundled.css" type="text/css"/>
  <stylesheet href="../styles/inline.css" type="text/css"/>
  <itemBody>
    <rubricBlock use="stimulus" view="candidate author proctor scorer testConstructor tutor">
      <div>
        <p>Jose has some multiplication problems to solve.</p>
      </div>
    </rubricBlock>
    <matchInteraction maxAssociations="3" responseIdentifier="RESPONSE772" shuffle="false">
      <prompt>Match each of Jose's expressions with an expression that is equal.<br/></prompt>
      <simpleMatchSet>
        <simpleAssociableChoice identifier="SAC-12429" matchMax="1">
          <m:math xmlns="http://www.w3.org/1998/Math/MathML">   <m:mn>2</m:mn>   <m:mo>&#xD7;<!-- × --></m:mo>   <m:mn>4</m:mn>   <m:mo>&#xD7;<!-- × --></m:mo>   <m:mn>6</m:mn> </m:math>
        </simpleAssociableChoice>
        <simpleAssociableChoice identifier="SAC-12435" matchMax="1">
          <m:math xmlns="http://www.w3.org/1998/Math/MathML">   <m:mn>5</m:mn>   <m:mo>&#xD7;<!-- × --></m:mo>   <m:mn>3</m:mn> </m:math>
        </simpleAssociableChoice>
        <simpleAssociableChoice identifier="SAC-12438" matchMax="1">
          <m:math xmlns="http://www.w3.org/1998/Math/MathML">   <m:mn>9</m:mn>   <m:mo>&#xD7;<!-- × --></m:mo>   <m:mn>4</m:mn> </m:math>
        </simpleAssociableChoice>
      </simpleMatchSet>
      <simpleMatchSet>
        <simpleAssociableChoice identifier="SAC-12439" matchMax="1">
          <m:math xmlns="http://www.w3.org/1998/Math/MathML">   <m:mo stretchy="false">(</m:mo>   <m:mn>5</m:mn>   <m:mo>&#xD7;<!-- × --></m:mo>   <m:mn>4</m:mn>   <m:mo stretchy="false">)</m:mo>   <m:mo>+</m:mo>   <m:mo stretchy="false">(</m:mo>   <m:mn>4</m:mn>   <m:mo>&#xD7;<!-- × --></m:mo>   <m:mn>4</m:mn>   <m:mo stretchy="false">)</m:mo> </m:math>
        </simpleAssociableChoice>
        <simpleAssociableChoice identifier="SAC-12436" matchMax="1">
          <m:math xmlns="http://www.w3.org/1998/Math/MathML">   <m:mn>5</m:mn>   <m:mo>+</m:mo>   <m:mn>3</m:mn> </m:math>
        </simpleAssociableChoice>
        <simpleAssociableChoice identifier="SAC-12437" matchMax="1">
          <m:math xmlns="http://www.w3.org/1998/Math/MathML">   <m:mn>2</m:mn>   <m:mo>&#xD7;<!-- × --></m:mo>   <m:mn>10</m:mn> </m:math>
        </simpleAssociableChoice>
        <simpleAssociableChoice identifier="SAC-12430" matchMax="1">
          <m:math xmlns="http://www.w3.org/1998/Math/MathML">   <m:mn>8</m:mn>   <m:mo>&#xD7;<!-- Ã— --></m:mo>   <m:mn>6</m:mn> </m:math>
        </simpleAssociableChoice>
        <simpleAssociableChoice identifier="SAC-12440" matchMax="1">
          <m:math xmlns="http://www.w3.org/1998/Math/MathML">   <m:mo stretchy="false">(</m:mo>   <m:mn>5</m:mn>   <m:mo>&#xD7;<!-- × --></m:mo>   <m:mn>2</m:mn>   <m:mo stretchy="false">)</m:mo>   <m:mo>+</m:mo>   <m:mo stretchy="false">(</m:mo>   <m:mn>4</m:mn>   <m:mo>&#xD7;<!-- × --></m:mo>   <m:mn>2</m:mn>   <m:mo stretchy="false">)</m:mo> </m:math>
        </simpleAssociableChoice>
        <simpleAssociableChoice identifier="SAC-12433" matchMax="1">
          <m:math xmlns="http://www.w3.org/1998/Math/MathML">   <m:mn>3</m:mn>   <m:mo>&#xD7;<!-- × --></m:mo>   <m:mn>5</m:mn> </m:math>
        </simpleAssociableChoice>
      </simpleMatchSet>
    </matchInteraction>
  </itemBody>
  <responseProcessing>
    <responseCondition>
      <responseIf>
        <isNull>
          <variable identifier="RESPONSE772"/>
        </isNull>
        <setOutcomeValue identifier="SCORE772">
          <baseValue baseType="float">0.0</baseValue>
        </setOutcomeValue>
      </responseIf>
      <responseElse>
        <setOutcomeValue identifier="SCORE772">
          <mapResponse identifier="RESPONSE772"/>
        </setOutcomeValue>
      </responseElse>
    </responseCondition>
    <setOutcomeValue identifier="SCORE">
      <sum>
        <variable identifier="SCORE772"/>
      </sum>
    </setOutcomeValue>
  </responseProcessing>
</assessmentItem>
