<?xml version="1.0"?>
<assessmentItem adaptive="false" identifier="ITEM-LOGIC-MP-408" timeDependent="false" title="People in Toby Mills helped others during the cold snap. Match the character with the picture that s" toolName="ItemLogic" toolVersion="2.0.0" xmlns="http://www.imsglobal.org/xsd/imsqti_v2p1" xmlns:m="http://www.w3.org/1998/Math/MathML" xmlns:xsi="http://www.w3.org/2001/XMLSchema-instance" xsi:schemaLocation="http://www.imsglobal.org/xsd/imsqti_v2p1  http://www.imsglobal.org/xsd/qti/qtiv2p1/imsqti_v2p1.xsd">
  <responseDeclaration baseType="directedPair" cardinality="multiple" identifier="RESPONSE206">
    <correctResponse>
      <value>GI-6043 HS-6049</value>
      <value>GI-6044 HS-6051</value>
      <value>GI-6045 HS-6050</value>
      <value>GI-6046 HS-6048</value>
    </correctResponse>
    <mapping defaultValue="-1.00" lowerBound="0.00" upperBound="2.00">
      <mapEntry mapKey="GI-6043 HS-6049" mappedValue="0.50"/>
      <mapEntry mapKey="GI-6044 HS-6051" mappedValue="0.50"/>
      <mapEntry mapKey="GI-6045 HS-6050" mappedValue="0.50"/>
      <mapEntry mapKey="GI-6046 HS-6048" mappedValue="0.50"/>
    </mapping>
  </responseDeclaration>
  <outcomeDeclaration baseType="float" cardinality="single" identifier="SCORE206">
    <defaultValue>
      <value>0</value>
    </defaultValue>
  </outcomeDeclaration>
  <outcomeDeclaration baseType="float" cardinality="single" identifier="SCORE">
    <defaultValue>
      <value>0</value>
    </defaultValue>
  </outcomeDeclaration>
  <stylesheet href="../styles/bundled.css" type="text/css"/>
  <stylesheet href="../styles/inline.css" type="text/css"/>
  <itemBody>
    <rubricBlock use="context" view="candidate author proctor scorer testConstructor tutor">
      <div>
        <object data="../passages/RSC-LOGIC-MP-970.html" type="text/html"/>
      </div>
    </rubricBlock>
    <graphicGapMatchInteraction responseIdentifier="RESPONSE206">
      <prompt>People in Toby Mills helped others during the cold snap. Match the character with the picture that shows what was used to help someone in the selection.<br/></prompt>
      <object data="../images/HAMDEB408_Helping_stem_01_o_a4f7fa0f68.png" height="685" type="image/png" width="469"/>
      <gapImg identifier="GI-6043" matchMax="1">
        <object data="../images/HAMDEB408_Helping_opt_A01_o_cc1f6cfb91.png" height="149" type="image/png" width="197"/>
      </gapImg>
      <gapImg identifier="GI-6044" matchMax="1">
        <object data="../images/HAMDEB408_Helping_opt_B01_o_df3ec6d56e.png" height="150" type="image/png" width="197"/>
      </gapImg>
      <gapImg identifier="GI-6045" matchMax="1">
        <object data="../images/HAMDEB408_Helping_opt_C01_o_7342a4bc50.png" height="150" type="image/png" width="197"/>
      </gapImg>
      <gapImg identifier="GI-6046" matchMax="1">
        <object data="../images/HAMDEB408_Helping_opt_D01_o_9d5898147d.png" height="149" type="image/png" width="197"/>
      </gapImg>
      <associableHotspot coords="248,37,445,187" identifier="HS-6048" matchMax="1" shape="rect"/>
      <associableHotspot coords="248,201,445,351" identifier="HS-6049" matchMax="1" shape="rect"/>
      <associableHotspot coords="252,362,449,512" identifier="HS-6050" matchMax="1" shape="rect"/>
      <associableHotspot coords="250,523,447,673" identifier="HS-6051" matchMax="1" shape="rect"/>
    </graphicGapMatchInteraction>
  </itemBody>
  <responseProcessing>
    <responseCondition>
      <responseIf>
        <isNull>
          <variable identifier="RESPONSE206"/>
        </isNull>
        <setOutcomeValue identifier="SCORE206">
          <baseValue baseType="float">0.0</baseValue>
        </setOutcomeValue>
      </responseIf>
      <responseElse>
        <setOutcomeValue identifier="SCORE206">
          <mapResponse identifier="RESPONSE206"/>
        </setOutcomeValue>
      </responseElse>
    </responseCondition>
    <setOutcomeValue identifier="SCORE">
      <sum>
        <variable identifier="SCORE206"/>
      </sum>
    </setOutcomeValue>
  </responseProcessing>
</assessmentItem>
