<?xml version="1.0"?>
<assessmentItem adaptive="false" identifier="ITEM-LOGIC-MP-447" timeDependent="false" title="Order the numbers from least to greatest." toolName="ItemLogic" toolVersion="2.0.0" xmlns="http://www.imsglobal.org/xsd/imsqti_v2p1" xmlns:m="http://www.w3.org/1998/Math/MathML" xmlns:xsi="http://www.w3.org/2001/XMLSchema-instance" xsi:schemaLocation="http://www.imsglobal.org/xsd/imsqti_v2p1  http://www.imsglobal.org/xsd/qti/qtiv2p1/imsqti_v2p1.xsd">
  <responseDeclaration baseType="identifier" cardinality="ordered" identifier="RESPONSE280">
    <correctResponse>
      <value>SC-5479</value>
      <value>SC-5482</value>
      <value>SC-5481</value>
      <value>SC-5480</value>
    </correctResponse>
  </responseDeclaration>
  <outcomeDeclaration baseType="float" cardinality="single" identifier="SCORE280">
    <defaultValue>
      <value>0</value>
    </defaultValue>
  </outcomeDeclaration>
  <outcomeDeclaration baseType="float" cardinality="single" identifier="SCORE">
    <defaultValue>
      <value>0</value>
    </defaultValue>
  </outcomeDeclaration>
  <stylesheet href="../styles/bundled.css" type="text/css"/>
  <stylesheet href="../styles/inline.css" type="text/css"/>
  <itemBody>
    <orderInteraction maxChoices="2" orientation="vertical" responseIdentifier="RESPONSE280" shuffle="false" xmlns:default="http://www.w3.org/1998/Math/MathML">
      <prompt>Order the numbers from least to greatest.<br/></prompt>
      <simpleChoice identifier="SC-5479" xmlns:default="http://www.w3.org/1998/Math/MathML">
        <p xmlns:default="http://www.w3.org/1998/Math/MathML">
          <m:math xmlns="http://www.w3.org/1998/Math/MathML">   <m:mo>&#x2212;<!-- âˆ’ --></m:mo>   <m:mn>7</m:mn> </m:math>
        </p>
      </simpleChoice>
      <simpleChoice identifier="SC-5480" xmlns:default="http://www.w3.org/1998/Math/MathML">
        <p xmlns:default="http://www.w3.org/1998/Math/MathML">
          <m:math xmlns="http://www.w3.org/1998/Math/MathML">   <m:mrow>     <m:mo>|</m:mo>     <m:mo>&#x2212;<!-- âˆ’ --></m:mo>     <m:mn>6</m:mn>     <m:mo>|</m:mo>   </m:mrow> </m:math>
        </p>
      </simpleChoice>
      <simpleChoice identifier="SC-5481" xmlns:default="http://www.w3.org/1998/Math/MathML">
        <p xmlns:default="http://www.w3.org/1998/Math/MathML">
          <m:math xmlns="http://www.w3.org/1998/Math/MathML">   <m:mrow>     <m:mo>|</m:mo>     <m:mn>5</m:mn>     <m:mo>|</m:mo>   </m:mrow> </m:math>
        </p>
      </simpleChoice>
      <simpleChoice identifier="SC-5482" xmlns:default="http://www.w3.org/1998/Math/MathML">
        <p xmlns:default="http://www.w3.org/1998/Math/MathML">
          <m:math xmlns="http://www.w3.org/1998/Math/MathML">   <m:mo>&#x2212;<!-- âˆ’ --></m:mo>   <m:mn>5</m:mn>   <m:mfrac>     <m:mn>1</m:mn>     <m:mn>2</m:mn>   </m:mfrac> </m:math>
        </p>
      </simpleChoice>
    </orderInteraction>
  </itemBody>
  <responseProcessing>
    <responseCondition>
      <responseIf>
        <match>
          <variable identifier="RESPONSE280"/>
          <correct identifier="RESPONSE280"/>
        </match>
        <setOutcomeValue identifier="SCORE280">
          <baseValue baseType="float">1</baseValue>
        </setOutcomeValue>
      </responseIf>
      <responseElse>
        <setOutcomeValue identifier="SCORE280">
          <baseValue baseType="float">0</baseValue>
        </setOutcomeValue>
      </responseElse>
    </responseCondition>
    <setOutcomeValue identifier="SCORE">
      <sum>
        <variable identifier="SCORE280"/>
      </sum>
    </setOutcomeValue>
  </responseProcessing>
</assessmentItem>
