<?xml version="1.0"?>
<assessmentItem adaptive="false" identifier="ITEM-LOGIC-MP-618" timeDependent="false" title="Drag the missing number onto the circle to show the radius." toolName="ItemLogic" toolVersion="2.0.0" xmlns="http://www.imsglobal.org/xsd/imsqti_v2p1" xmlns:m="http://www.w3.org/1998/Math/MathML" xmlns:xsi="http://www.w3.org/2001/XMLSchema-instance" xsi:schemaLocation="http://www.imsglobal.org/xsd/imsqti_v2p1  http://www.imsglobal.org/xsd/qti/qtiv2p1/imsqti_v2p1.xsd">
  <responseDeclaration baseType="directedPair" cardinality="multiple" identifier="RESPONSE515">
    <correctResponse>
      <value>GI-10421 HS-10425</value>
    </correctResponse>
  </responseDeclaration>
  <outcomeDeclaration baseType="float" cardinality="single" identifier="SCORE515">
    <defaultValue>
      <value>0</value>
    </defaultValue>
  </outcomeDeclaration>
  <outcomeDeclaration baseType="float" cardinality="single" identifier="SCORE">
    <defaultValue>
      <value>0</value>
    </defaultValue>
  </outcomeDeclaration>
  <stylesheet href="../styles/bundled.css" type="text/css"/>
  <stylesheet href="../styles/inline.css" type="text/css"/>
  <itemBody>
    <rubricBlock use="stimulus" view="candidate author proctor scorer testConstructor tutor" xmlns:default="http://www.w3.org/1998/Math/MathML">
      <div>
        <p xmlns:default="http://www.w3.org/1998/Math/MathML">Rebecca is designing a game for her school carnival using circles and a rectangle. The total area of all the circles on the board is equal to <m:math xmlns="http://www.w3.org/1998/Math/MathML">   <m:mn>72</m:mn>   <m:mi>&#x3C0;<!-- π --></m:mi> </m:math>square inches.</p>
      </div>
    </rubricBlock>
    <graphicGapMatchInteraction responseIdentifier="RESPONSE515">
      <prompt>Drag the missing number onto the circle to show the radius.<br/></prompt>
      <object data="../images/cylinder-fix_o_868f1128b7.png" height="251" type="image/png" width="500"/>
      <gapImg identifier="GI-10421" matchMax="1">
        <object data="../images/FROERI618_Area_Circle_opt_a01_o_0751594ac4.png" height="45" type="image/png" width="19"/>
      </gapImg>
      <gapImg identifier="GI-10422" matchMax="1">
        <object data="../images/FROERI618_Area_Circle_opt_b01_o_e166fc6a19.png" height="46" type="image/png" width="19"/>
      </gapImg>
      <gapImg identifier="GI-10423" matchMax="1">
        <object data="../images/FROERI618_Area_Circle_opt_c01_o_2c43f3dcc7.png" height="45" type="image/png" width="19"/>
      </gapImg>
      <gapImg identifier="GI-10424" matchMax="1">
        <object data="../images/FROERI618_Area_Circle_opt_d01_o_656c232f95.png" height="46" type="image/png" width="19"/>
      </gapImg>
      <associableHotspot coords="27,30,57,92" identifier="HS-10425" matchMax="1" shape="rect"/>
    </graphicGapMatchInteraction>
  </itemBody>
  <responseProcessing>
    <responseCondition>
      <responseIf>
        <match>
          <variable identifier="RESPONSE515"/>
          <correct identifier="RESPONSE515"/>
        </match>
        <setOutcomeValue identifier="SCORE515">
          <baseValue baseType="float">1</baseValue>
        </setOutcomeValue>
      </responseIf>
      <responseElse>
        <setOutcomeValue identifier="SCORE515">
          <baseValue baseType="float">0</baseValue>
        </setOutcomeValue>
      </responseElse>
    </responseCondition>
    <setOutcomeValue identifier="SCORE">
      <sum>
        <variable identifier="SCORE515"/>
      </sum>
    </setOutcomeValue>
  </responseProcessing>
</assessmentItem>
