<?xml version="1.0"?>
<assessmentItem adaptive="false" identifier="ITEM-LOGIC-MP-487" timeDependent="false" title="Put the students in order from the student who built the rectangular prism with the least volume at " toolName="ItemLogic" toolVersion="2.0.0" xmlns="http://www.imsglobal.org/xsd/imsqti_v2p1" xmlns:m="http://www.w3.org/1998/Math/MathML" xmlns:xsi="http://www.w3.org/2001/XMLSchema-instance" xsi:schemaLocation="http://www.imsglobal.org/xsd/imsqti_v2p1  http://www.imsglobal.org/xsd/qti/qtiv2p1/imsqti_v2p1.xsd">
  <responseDeclaration baseType="identifier" cardinality="ordered" identifier="RESPONSE343">
    <correctResponse>
      <value>SC-6906</value>
      <value>SC-5940</value>
      <value>SC-5942</value>
      <value>SC-5941</value>
    </correctResponse>
  </responseDeclaration>
  <outcomeDeclaration baseType="float" cardinality="single" identifier="SCORE343">
    <defaultValue>
      <value>0</value>
    </defaultValue>
  </outcomeDeclaration>
  <outcomeDeclaration baseType="float" cardinality="single" identifier="SCORE">
    <defaultValue>
      <value>0</value>
    </defaultValue>
  </outcomeDeclaration>
  <stylesheet href="../styles/bundled.css" type="text/css"/>
  <stylesheet href="../styles/inline.css" type="text/css"/>
  <itemBody>
    <rubricBlock use="stimulus" view="candidate author proctor scorer testConstructor tutor">
      <div>
        <p>Four students built rectangular prisms using unit cubes. </p>
        <p>
          <object data="../images/FROERI487_Prisms_440e7157cf.png" height="185" type="image/png" width="474"/>
        </p>
      </div>
    </rubricBlock>
    <orderInteraction orientation="vertical" responseIdentifier="RESPONSE343" shuffle="false">
      <prompt>Put the students in order from the student who built the rectangular prism with the <strong>least</strong> volume at the top of the list to the student who built the rectangular prism with the <strong>greatest</strong> volume at the bottom of the list.<br/></prompt>
      <simpleChoice identifier="SC-5940">
        <p>Jack</p>
      </simpleChoice>
      <simpleChoice identifier="SC-5941">
        <p>Sam</p>
      </simpleChoice>
      <simpleChoice identifier="SC-5942">
        <p>Hank</p>
      </simpleChoice>
      <simpleChoice identifier="SC-6906">
        <p>Mia</p>
      </simpleChoice>
    </orderInteraction>
  </itemBody>
  <responseProcessing>
    <responseCondition>
      <responseIf>
        <match>
          <variable identifier="RESPONSE343"/>
          <correct identifier="RESPONSE343"/>
        </match>
        <setOutcomeValue identifier="SCORE343">
          <baseValue baseType="float">1</baseValue>
        </setOutcomeValue>
      </responseIf>
      <responseElse>
        <setOutcomeValue identifier="SCORE343">
          <baseValue baseType="float">0</baseValue>
        </setOutcomeValue>
      </responseElse>
    </responseCondition>
    <setOutcomeValue identifier="SCORE">
      <sum>
        <variable identifier="SCORE343"/>
      </sum>
    </setOutcomeValue>
  </responseProcessing>
</assessmentItem>
