<?xml version="1.0"?>
<assessmentItem adaptive="false" identifier="ITEM-LOGIC-KS-858" timeDependent="false" title="Part A Complete the sentence about the main idea of Play Smart, Play Safe." toolName="ItemLogic" toolVersion="2.0.0" xmlns="http://www.imsglobal.org/xsd/imsqti_v2p1" xmlns:m="http://www.w3.org/1998/Math/MathML" xmlns:xsi="http://www.w3.org/2001/XMLSchema-instance" xsi:schemaLocation="http://www.imsglobal.org/xsd/imsqti_v2p1  http://www.imsglobal.org/xsd/qti/qtiv2p1/imsqti_v2p1.xsd">
  <responseDeclaration baseType="identifier" cardinality="single" identifier="RESPONSE899">
    <correctResponse>
      <value>IC-15346</value>
    </correctResponse>
  </responseDeclaration>
  <responseDeclaration baseType="identifier" cardinality="multiple" identifier="RESPONSE901">
    <correctResponse>
      <value>HT-15224</value>
      <value>HT-15222</value>
      <value>HT-15228</value>
      <value>HT-15226</value>
    </correctResponse>
  </responseDeclaration>
  <outcomeDeclaration baseType="float" cardinality="single" identifier="SCORE899">
    <defaultValue>
      <value>0</value>
    </defaultValue>
  </outcomeDeclaration>
  <outcomeDeclaration baseType="float" cardinality="single" identifier="SCORE901">
    <defaultValue>
      <value>0</value>
    </defaultValue>
  </outcomeDeclaration>
  <outcomeDeclaration baseType="float" cardinality="single" identifier="SCORE">
    <defaultValue>
      <value>0</value>
    </defaultValue>
  </outcomeDeclaration>
  <stylesheet href="../styles/bundled.css" type="text/css"/>
  <stylesheet href="../styles/inline.css" type="text/css"/>
  <itemBody>
    <rubricBlock use="context" view="candidate author proctor scorer testConstructor tutor">
      <div>
        <object data="../passages/RSC-LOGIC-KS-4145.html" type="text/html"/>
      </div>
    </rubricBlock>
    <rubricBlock use="stimulus" view="candidate author proctor scorer testConstructor tutor">
      <div>
        <p><em>Play Smart, Play Safe</em>&#xA0;develops a central idea with supporting details throughout the text.</p>
      </div>
    </rubricBlock>
    <div class="stem stem_inline">
      <div class="stem_prompt"><p>Part A</p> <p>Complete the sentence about the main idea of <em>Play Smart, Play Safe.</em></p></div>
      <p>The main idea of <em>Play Smart, Play Safe</em> is&#xA0;<inlineChoiceInteraction responseIdentifier="RESPONSE899" shuffle="false"><inlineChoice identifier="IC-15347">athletes who play more than one sport are more likely to sustain multiple concussions during a single playing season.</inlineChoice><inlineChoice identifier="IC-15346">athletes, coaches, parents, and medical professionals must work together to improve the prevention and treatment of concussions.</inlineChoice><inlineChoice identifier="IC-15348">leaders in the schools, communities, and states must eliminate the athletic programs that cause the most concussions and other head injuries.</inlineChoice></inlineChoiceInteraction></p>
    </div>
    <hottextInteraction maxChoices="0" responseIdentifier="RESPONSE901">
      <prompt>Part B<br/> Choose the details that best support the main idea in Part A.<br/></prompt>
      <p>
        <hottext identifier="HT-15224">Concussions that are left untreated can lead to long-lasting negative consequences.</hottext>
      </p>
      <p>
        <hottext identifier="HT-15220">Students who play a sport are less likely to become involved in criminal activity or physical altercations.</hottext>
      </p>
      <p>
        <hottext identifier="HT-15217">In the 2007-2008 school year, participation in school sports set an all-time high of more than seven million athletes.</hottext>
      </p>
      <p>
        <hottext identifier="HT-15218">It is estimated that more than 54% of all students participated in an organized school sports program in one given year.</hottext>
      </p>
      <p>
        <hottext identifier="HT-15222">It is estimated that one out of every five high school athletes will sustain a concussion related to their sport sometime during the season.</hottext>
      </p>
      <p>
        <hottext identifier="HT-15228">Once a concussion or other head injury is confirmed, return to play must wait until a medical professional evaluates and clear the player for activity.</hottext>
      </p>
      <p>
        <hottext identifier="HT-15226">Athletes with suspected concussions must report their suspicions to their coaches, and coaches, in turn, must immediately remove the athletes from play.</hottext>
      </p>
    </hottextInteraction>
  </itemBody>
  <responseProcessing>
    <responseCondition>
      <responseIf>
        <match>
          <variable identifier="RESPONSE899"/>
          <correct identifier="RESPONSE899"/>
        </match>
        <setOutcomeValue identifier="SCORE899">
          <baseValue baseType="float">1</baseValue>
        </setOutcomeValue>
      </responseIf>
      <responseElse>
        <setOutcomeValue identifier="SCORE899">
          <baseValue baseType="float">0</baseValue>
        </setOutcomeValue>
      </responseElse>
    </responseCondition>
    <responseCondition>
      <responseIf>
        <match>
          <variable identifier="RESPONSE901"/>
          <correct identifier="RESPONSE901"/>
        </match>
        <setOutcomeValue identifier="SCORE901">
          <baseValue baseType="float">1</baseValue>
        </setOutcomeValue>
      </responseIf>
      <responseElse>
        <setOutcomeValue identifier="SCORE901">
          <baseValue baseType="float">0</baseValue>
        </setOutcomeValue>
      </responseElse>
    </responseCondition>
    <setOutcomeValue identifier="SCORE">
      <sum>
        <variable identifier="SCORE899"/>
        <variable identifier="SCORE901"/>
      </sum>
    </setOutcomeValue>
  </responseProcessing>
</assessmentItem>
