<?xml version="1.0"?>
<assessmentItem adaptive="false" identifier="ITEM-LOGIC-MP-349" timeDependent="false" title="According to the selection, put the following events of the land invasion of Cuba in chronological o" toolName="ItemLogic" toolVersion="2.0.0" xmlns="http://www.imsglobal.org/xsd/imsqti_v2p1" xmlns:m="http://www.w3.org/1998/Math/MathML" xmlns:xsi="http://www.w3.org/2001/XMLSchema-instance" xsi:schemaLocation="http://www.imsglobal.org/xsd/imsqti_v2p1  http://www.imsglobal.org/xsd/qti/qtiv2p1/imsqti_v2p1.xsd">
  <responseDeclaration baseType="identifier" cardinality="ordered" identifier="RESPONSE132">
    <correctResponse>
      <value>SC-4298</value>
      <value>SC-4299</value>
      <value>SC-4302</value>
      <value>SC-4300</value>
      <value>SC-4301</value>
    </correctResponse>
  </responseDeclaration>
  <outcomeDeclaration baseType="float" cardinality="single" identifier="SCORE132">
    <defaultValue>
      <value>0</value>
    </defaultValue>
  </outcomeDeclaration>
  <outcomeDeclaration baseType="float" cardinality="single" identifier="SCORE">
    <defaultValue>
      <value>0</value>
    </defaultValue>
  </outcomeDeclaration>
  <stylesheet href="../styles/bundled.css" type="text/css"/>
  <stylesheet href="../styles/inline.css" type="text/css"/>
  <itemBody>
    <rubricBlock use="context" view="candidate author proctor scorer testConstructor tutor">
      <div>
        <object data="../passages/RSC-LOGIC-MP-957.html" type="text/html"/>
      </div>
    </rubricBlock>
    <orderInteraction orientation="vertical" responseIdentifier="RESPONSE132" shuffle="false">
      <prompt>According to the selection, put the following events of the land invasion of Cuba in chronological order.<br/></prompt>
      <simpleChoice identifier="SC-4299">
        <p>The Rough Riders prepared to attack San Juan Heights.</p>
      </simpleChoice>
      <simpleChoice identifier="SC-4301">
        <p>The Rough Riders on their second attempt forced the Spaniards to flee San Juan Hill.</p>
      </simpleChoice>
      <simpleChoice identifier="SC-4302">
        <p>The Rough Riders and Roosevelt made it to the top of Kettle Hill even though they were attacked.</p>
      </simpleChoice>
      <simpleChoice identifier="SC-4298">
        <p>Roosevelt and the Rough Riders sailed to Cuba.</p>
      </simpleChoice>
      <simpleChoice identifier="SC-4300">
        <p>Roosevelt unsuccessfully tried to overtake San Juan Hill with a small group of soldiers.</p>
      </simpleChoice>
    </orderInteraction>
  </itemBody>
  <responseProcessing>
    <responseCondition>
      <responseIf>
        <match>
          <variable identifier="RESPONSE132"/>
          <correct identifier="RESPONSE132"/>
        </match>
        <setOutcomeValue identifier="SCORE132">
          <baseValue baseType="float">1</baseValue>
        </setOutcomeValue>
      </responseIf>
      <responseElse>
        <setOutcomeValue identifier="SCORE132">
          <baseValue baseType="float">0</baseValue>
        </setOutcomeValue>
      </responseElse>
    </responseCondition>
    <setOutcomeValue identifier="SCORE">
      <sum>
        <variable identifier="SCORE132"/>
      </sum>
    </setOutcomeValue>
  </responseProcessing>
</assessmentItem>
