<?xml version="1.0"?>
<assessmentItem adaptive="false" identifier="ITEM-LOGIC-MP-469" timeDependent="false" title="Place the events in the correct order to create a summary of &quot;Digging.&quot;" toolName="ItemLogic" toolVersion="2.0.0" xmlns="http://www.imsglobal.org/xsd/imsqti_v2p1" xmlns:m="http://www.w3.org/1998/Math/MathML" xmlns:xsi="http://www.w3.org/2001/XMLSchema-instance" xsi:schemaLocation="http://www.imsglobal.org/xsd/imsqti_v2p1  http://www.imsglobal.org/xsd/qti/qtiv2p1/imsqti_v2p1.xsd">
  <responseDeclaration baseType="identifier" cardinality="ordered" identifier="RESPONSE320">
    <correctResponse>
      <value>SC-5678</value>
      <value>SC-5679</value>
      <value>SC-5674</value>
      <value>SC-5677</value>
    </correctResponse>
  </responseDeclaration>
  <outcomeDeclaration baseType="float" cardinality="single" identifier="SCORE320">
    <defaultValue>
      <value>0</value>
    </defaultValue>
  </outcomeDeclaration>
  <outcomeDeclaration baseType="float" cardinality="single" identifier="SCORE">
    <defaultValue>
      <value>0</value>
    </defaultValue>
  </outcomeDeclaration>
  <stylesheet href="../styles/bundled.css" type="text/css"/>
  <stylesheet href="../styles/inline.css" type="text/css"/>
  <itemBody>
    <rubricBlock use="context" view="candidate author proctor scorer testConstructor tutor">
      <div>
        <object data="../passages/RSC-LOGIC-MP-987.html" type="text/html"/>
      </div>
    </rubricBlock>
    <orderInteraction orientation="vertical" responseIdentifier="RESPONSE320" shuffle="false">
      <prompt>Place the events in the correct order to create a summary of "Digging."<br/></prompt>
      <simpleChoice identifier="SC-5674">
        <p>The speaker remembers his grandfather being an especially committed man in regard to his work.</p>
      </simpleChoice>
      <simpleChoice identifier="SC-5677">
        <p>The speaker reflects on how his pen for writing is like his father&#x2019;s spade for digging.</p>
      </simpleChoice>
      <simpleChoice identifier="SC-5679">
        <p>The speaker recalls during his childhood his father masterfully planting potatoes.</p>
      </simpleChoice>
      <simpleChoice identifier="SC-5678">
        <p>The speaker observes from his room his father digging in the flowerbeds.</p>
      </simpleChoice>
    </orderInteraction>
  </itemBody>
  <responseProcessing>
    <responseCondition>
      <responseIf>
        <match>
          <variable identifier="RESPONSE320"/>
          <correct identifier="RESPONSE320"/>
        </match>
        <setOutcomeValue identifier="SCORE320">
          <baseValue baseType="float">1</baseValue>
        </setOutcomeValue>
      </responseIf>
      <responseElse>
        <setOutcomeValue identifier="SCORE320">
          <baseValue baseType="float">0</baseValue>
        </setOutcomeValue>
      </responseElse>
    </responseCondition>
    <setOutcomeValue identifier="SCORE">
      <sum>
        <variable identifier="SCORE320"/>
      </sum>
    </setOutcomeValue>
  </responseProcessing>
</assessmentItem>
