<?xml version="1.0"?>
<assessmentItem adaptive="false" identifier="ITEM-LOGIC-MP-430" timeDependent="false" title="Drag a number to each box to complete the subtraction problem." toolName="ItemLogic" toolVersion="2.0.0" xmlns="http://www.imsglobal.org/xsd/imsqti_v2p1" xmlns:m="http://www.w3.org/1998/Math/MathML" xmlns:xsi="http://www.w3.org/2001/XMLSchema-instance" xsi:schemaLocation="http://www.imsglobal.org/xsd/imsqti_v2p1  http://www.imsglobal.org/xsd/qti/qtiv2p1/imsqti_v2p1.xsd">
  <responseDeclaration baseType="directedPair" cardinality="multiple" identifier="RESPONSE253">
    <correctResponse>
      <value>GI-6206 HS-6892</value>
      <value>GI-6208 HS-6893</value>
    </correctResponse>
  </responseDeclaration>
  <outcomeDeclaration baseType="float" cardinality="single" identifier="SCORE253">
    <defaultValue>
      <value>0</value>
    </defaultValue>
  </outcomeDeclaration>
  <outcomeDeclaration baseType="float" cardinality="single" identifier="SCORE">
    <defaultValue>
      <value>0</value>
    </defaultValue>
  </outcomeDeclaration>
  <stylesheet href="../styles/bundled.css" type="text/css"/>
  <stylesheet href="../styles/inline.css" type="text/css"/>
  <itemBody>
    <graphicGapMatchInteraction responseIdentifier="RESPONSE253">
      <prompt>Drag a number to each box to complete the subtraction problem.<br/></prompt>
      <object data="../images/FROERI430_Equation_stem_01_o_7fa714eccc.png" height="150" type="image/png" width="138"/>
      <gapImg identifier="GI-6206" matchMax="1">
        <object data="../images/FROERI430_Equation_opt_A01_o_ed59657167.png" height="34" type="image/png" width="24"/>
      </gapImg>
      <gapImg identifier="GI-6207" matchMax="1">
        <object data="../images/FROERI430_Equation_opt_B01_o_59abee9d11.png" height="35" type="image/png" width="24"/>
      </gapImg>
      <gapImg identifier="GI-6208" matchMax="1">
        <object data="../images/FROERI430_Equation_opt_C01_o_28d2e40c6b.png" height="34" type="image/png" width="24"/>
      </gapImg>
      <gapImg identifier="GI-6210" matchMax="1">
        <object data="../images/FROERI430_Equation_opt_E01_o_678fc5a483.png" height="34" type="image/png" width="24"/>
      </gapImg>
      <gapImg identifier="GI-6211" matchMax="1">
        <object data="../images/FROERI430_Equation_opt_F01_o_ad7ca410b8.png" height="34" type="image/png" width="24"/>
      </gapImg>
      <gapImg identifier="GI-6213" matchMax="1">
        <object data="../images/FROERI430_Equation_opt_H01_o_9b7fb0a402.png" height="34" type="image/png" width="24"/>
      </gapImg>
      <gapImg identifier="GI-6214" matchMax="1">
        <object data="../images/FROERI430_Equation_opt_I01_o_ef969b13e4.png" height="35" type="image/png" width="24"/>
      </gapImg>
      <gapImg identifier="GI-6215" matchMax="1">
        <object data="../images/FROERI430_Equation_opt_J01_o_d7d7a0adc7.png" height="34" type="image/png" width="24"/>
      </gapImg>
      <associableHotspot coords="73,8,97,43" identifier="HS-6892" matchMax="1" shape="rect"/>
      <associableHotspot coords="41,58,65,93" identifier="HS-6893" matchMax="1" shape="rect"/>
    </graphicGapMatchInteraction>
  </itemBody>
  <responseProcessing>
    <responseCondition>
      <responseIf>
        <match>
          <variable identifier="RESPONSE253"/>
          <correct identifier="RESPONSE253"/>
        </match>
        <setOutcomeValue identifier="SCORE253">
          <baseValue baseType="float">1</baseValue>
        </setOutcomeValue>
      </responseIf>
      <responseElse>
        <setOutcomeValue identifier="SCORE253">
          <baseValue baseType="float">0</baseValue>
        </setOutcomeValue>
      </responseElse>
    </responseCondition>
    <setOutcomeValue identifier="SCORE">
      <sum>
        <variable identifier="SCORE253"/>
      </sum>
    </setOutcomeValue>
  </responseProcessing>
</assessmentItem>
