<?xml version="1.0"?>
<assessmentItem adaptive="false" identifier="ITEM-LOGIC-MP-677" timeDependent="false" title="Select the expression that is equivalent to Paul&amp;prime;s expression." toolName="ItemLogic" toolVersion="2.0.0" xmlns="http://www.imsglobal.org/xsd/imsqti_v2p1" xmlns:m="http://www.w3.org/1998/Math/MathML" xmlns:xsi="http://www.w3.org/2001/XMLSchema-instance" xsi:schemaLocation="http://www.imsglobal.org/xsd/imsqti_v2p1  http://www.imsglobal.org/xsd/qti/qtiv2p1/imsqti_v2p1.xsd">
  <responseDeclaration baseType="identifier" cardinality="multiple" identifier="RESPONSE603">
    <correctResponse>
      <value>HT-9423</value>
    </correctResponse>
  </responseDeclaration>
  <responseDeclaration baseType="identifier" cardinality="single" identifier="RESPONSE605">
    <correctResponse>
      <value>IC-10419</value>
    </correctResponse>
  </responseDeclaration>
  <outcomeDeclaration baseType="float" cardinality="single" identifier="SCORE603">
    <defaultValue>
      <value>0</value>
    </defaultValue>
  </outcomeDeclaration>
  <outcomeDeclaration baseType="float" cardinality="single" identifier="SCORE605">
    <defaultValue>
      <value>0</value>
    </defaultValue>
  </outcomeDeclaration>
  <outcomeDeclaration baseType="float" cardinality="single" identifier="SCORE">
    <defaultValue>
      <value>0</value>
    </defaultValue>
  </outcomeDeclaration>
  <stylesheet href="../styles/bundled.css" type="text/css"/>
  <stylesheet href="../styles/inline.css" type="text/css"/>
  <itemBody>
    <rubricBlock use="stimulus" view="candidate author proctor scorer testConstructor tutor" xmlns:default="http://www.w3.org/1998/Math/MathML">
      <div>
        <p>Paul is an artist. He uses rope to frame his paintings. He uses this expression to show the amount of rope, in feet, he needs for a painting with side length&#xA0;<em>s</em>.</p>
        <m:math xmlns="http://www.w3.org/1998/Math/MathML">   <m:mn>4.5</m:mn>   <m:mo stretchy="false">(</m:mo>   <m:mi>s</m:mi>   <m:mo>+</m:mo>   <m:mn>5</m:mn>   <m:mo stretchy="false">)</m:mo> </m:math>
      </div>
    </rubricBlock>
    <hottextInteraction maxChoices="0" responseIdentifier="RESPONSE603" xmlns:default="http://www.w3.org/1998/Math/MathML"><prompt>Select the expression that is equivalent to Paul&#x2032;s expression.<br/></prompt><p xmlns:default="http://www.w3.org/1998/Math/MathML"><hottext identifier="HT-9423">Expression 1:</hottext> <m:math xmlns="http://www.w3.org/1998/Math/MathML">   <m:mn>4.5</m:mn>   <m:mi>s</m:mi>   <m:mo>+</m:mo>   <m:mn>22.5</m:mn> </m:math></p> <p><hottext identifier="HT-9424">Expression 2:</hottext> <m:math xmlns="http://www.w3.org/1998/Math/MathML">   <m:mn>4.5</m:mn>   <m:mi>s</m:mi>   <m:mo>+</m:mo>   <m:mn>5</m:mn> </m:math></p> <p><hottext identifier="HT-9425">Expression 3:</hottext> <m:math xmlns="http://www.w3.org/1998/Math/MathML">   <m:mn>4.5</m:mn>   <m:mo>+</m:mo>   <m:mn>5</m:mn>   <m:mi>s</m:mi> </m:math></p> <p><hottext identifier="HT-9426">Expression 4:</hottext> <m:math xmlns="http://www.w3.org/1998/Math/MathML">   <m:mn>4.5</m:mn>   <m:mi>s</m:mi>   <m:mo>+</m:mo>   <m:mn>9.5</m:mn> </m:math></p></hottextInteraction>
    <rubricBlock use="stimulus" view="candidate author proctor scorer testConstructor tutor">
      <div>
        <p>Paul needs to find the amount of rope he needs for a painting with a side length of 6 inches.</p>
      </div>
    </rubricBlock>
    <div class="stem stem_inline">
      <div class="stem_prompt">
        <p>Choose the best number to complete the sentence. </p>
      </div>
      <p>Paul needs <inlineChoiceInteraction responseIdentifier="RESPONSE605" shuffle="false"><inlineChoice identifier="IC-10416">15.5</inlineChoice><inlineChoice identifier="IC-10417">34.5</inlineChoice><inlineChoice identifier="IC-10418">36.5</inlineChoice><inlineChoice identifier="IC-10419">49.5</inlineChoice></inlineChoiceInteraction>  inches of rope for a painting with a side of 6 inches.</p>
    </div>
  </itemBody>
  <responseProcessing>
    <responseCondition>
      <responseIf>
        <match>
          <variable identifier="RESPONSE603"/>
          <correct identifier="RESPONSE603"/>
        </match>
        <setOutcomeValue identifier="SCORE603">
          <baseValue baseType="float">1</baseValue>
        </setOutcomeValue>
      </responseIf>
      <responseElse>
        <setOutcomeValue identifier="SCORE603">
          <baseValue baseType="float">0</baseValue>
        </setOutcomeValue>
      </responseElse>
    </responseCondition>
    <responseCondition>
      <responseIf>
        <match>
          <variable identifier="RESPONSE605"/>
          <correct identifier="RESPONSE605"/>
        </match>
        <setOutcomeValue identifier="SCORE605">
          <baseValue baseType="float">1</baseValue>
        </setOutcomeValue>
      </responseIf>
      <responseElse>
        <setOutcomeValue identifier="SCORE605">
          <baseValue baseType="float">0</baseValue>
        </setOutcomeValue>
      </responseElse>
    </responseCondition>
    <setOutcomeValue identifier="SCORE">
      <sum>
        <variable identifier="SCORE603"/>
        <variable identifier="SCORE605"/>
      </sum>
    </setOutcomeValue>
  </responseProcessing>
</assessmentItem>
