<?xml version="1.0"?>
<assessmentItem adaptive="false" identifier="ITEM-LOGIC-MP-379" timeDependent="false" title="Select the part of Alana's equation that has a mistake." toolName="ItemLogic" toolVersion="2.0.0" xmlns="http://www.imsglobal.org/xsd/imsqti_v2p1" xmlns:m="http://www.w3.org/1998/Math/MathML" xmlns:xsi="http://www.w3.org/2001/XMLSchema-instance" xsi:schemaLocation="http://www.imsglobal.org/xsd/imsqti_v2p1  http://www.imsglobal.org/xsd/qti/qtiv2p1/imsqti_v2p1.xsd">
  <responseDeclaration baseType="identifier" cardinality="multiple" identifier="RESPONSE160">
    <correctResponse>
      <value>HT-14859</value>
    </correctResponse>
  </responseDeclaration>
  <responseDeclaration baseType="string" cardinality="single" identifier="RESPONSE162">
    <correctResponse>
      <value>0.90</value>
    </correctResponse>
    <mapping>
      <mapEntry mapKey="0.90" mappedValue="1.00"/>
      <mapEntry mapKey=".90" mappedValue="1.00"/>
      <mapEntry mapKey=".9" mappedValue="1.00"/>
      <mapEntry mapKey="0.9" mappedValue="1.00"/>
    </mapping>
  </responseDeclaration>
  <outcomeDeclaration baseType="float" cardinality="single" identifier="SCORE160">
    <defaultValue>
      <value>0</value>
    </defaultValue>
  </outcomeDeclaration>
  <outcomeDeclaration baseType="float" cardinality="single" identifier="SCORE162">
    <defaultValue>
      <value>0</value>
    </defaultValue>
  </outcomeDeclaration>
  <outcomeDeclaration baseType="float" cardinality="single" identifier="SCORE">
    <defaultValue>
      <value>0</value>
    </defaultValue>
  </outcomeDeclaration>
  <stylesheet href="../styles/bundled.css" type="text/css"/>
  <stylesheet href="../styles/inline.css" type="text/css"/>
  <itemBody>
    <rubricBlock use="stimulus" view="candidate author proctor scorer testConstructor tutor">
      <div><p>Alana saw this flier for a gym membership.</p> <p><object data="../images/Gym.PNG" height="297" type="image/png" width="310"/></p> <p>She calcuated the cost for the one-time fee and<span class="style-9a6b2f1c152ed63441e9037431e2e1eb"> one year of the membership. She used </span><em class="style-9a6b2f1c152ed63441e9037431e2e1eb">T </em><span class="style-9a6b2f1c152ed63441e9037431e2e1eb">to represent the total cost for the year and </span><em class="style-9a6b2f1c152ed63441e9037431e2e1eb">m </em><span class="style-9a6b2f1c152ed63441e9037431e2e1eb">to represent the number of months of the membership. </span><span class="style-9a6b2f1c152ed63441e9037431e2e1eb">She found a coupon for 10% off the total cost and wrote this equation to find the new amount with the discount.</span></p></div>
    </rubricBlock>
    <hottextInteraction maxChoices="0" responseIdentifier="RESPONSE160">
      <prompt>Select the part of Alana's equation that has a mistake. <br/></prompt>
      <p><em>T</em> = <hottext identifier="HT-14859">0.1</hottext>(<hottext identifier="HT-14860">75</hottext> + <hottext identifier="HT-14861">40</hottext><em>m</em>)</p>
    </hottextInteraction>
    <div class="stem stem_inline">
      <div class="stem_prompt">
        <p>Write a number to correct the mistake.</p>
      </div>
      <p>
        <textEntryInteraction responseIdentifier="RESPONSE162"/>
      </p>
    </div>
  </itemBody>
  <responseProcessing>
    <responseCondition>
      <responseIf>
        <match>
          <variable identifier="RESPONSE160"/>
          <correct identifier="RESPONSE160"/>
        </match>
        <setOutcomeValue identifier="SCORE160">
          <baseValue baseType="float">1</baseValue>
        </setOutcomeValue>
      </responseIf>
      <responseElse>
        <setOutcomeValue identifier="SCORE160">
          <baseValue baseType="float">0</baseValue>
        </setOutcomeValue>
      </responseElse>
    </responseCondition>
    <responseCondition>
      <responseIf>
        <isNull>
          <variable identifier="RESPONSE162"/>
        </isNull>
        <setOutcomeValue identifier="SCORE162">
          <baseValue baseType="float">0.0</baseValue>
        </setOutcomeValue>
      </responseIf>
      <responseElse>
        <setOutcomeValue identifier="SCORE162">
          <mapResponse identifier="RESPONSE162"/>
        </setOutcomeValue>
      </responseElse>
    </responseCondition>
    <setOutcomeValue identifier="SCORE">
      <sum>
        <variable identifier="SCORE160"/>
        <variable identifier="SCORE162"/>
      </sum>
    </setOutcomeValue>
  </responseProcessing>
</assessmentItem>
