<?xml version="1.0"?>
<assessmentItem adaptive="false" identifier="ITEM-LOGIC-MP-248" timeDependent="false" title="Read this sentence from paragraph 3 of &quot;Speak On.&quot;&#10;Other voice recognition software is only 85% accu" toolName="ItemLogic" toolVersion="2.0.0" xmlns="http://www.imsglobal.org/xsd/imsqti_v2p1" xmlns:m="http://www.w3.org/1998/Math/MathML" xmlns:xsi="http://www.w3.org/2001/XMLSchema-instance" xsi:schemaLocation="http://www.imsglobal.org/xsd/imsqti_v2p1  http://www.imsglobal.org/xsd/qti/qtiv2p1/imsqti_v2p1.xsd">
  <responseDeclaration baseType="identifier" cardinality="single" identifier="RESPONSE101">
    <correctResponse>
      <value>IC-2527</value>
    </correctResponse>
  </responseDeclaration>
  <outcomeDeclaration baseType="float" cardinality="single" identifier="SCORE101">
    <defaultValue>
      <value>0</value>
    </defaultValue>
  </outcomeDeclaration>
  <outcomeDeclaration baseType="float" cardinality="single" identifier="SCORE">
    <defaultValue>
      <value>0</value>
    </defaultValue>
  </outcomeDeclaration>
  <stylesheet href="../styles/bundled.css" type="text/css"/>
  <stylesheet href="../styles/inline.css" type="text/css"/>
  <itemBody>
    <rubricBlock use="context" view="candidate author proctor scorer testConstructor tutor">
      <div>
        <object data="../passages/RSC-LOGIC-MP-480.html" type="text/html"/>
      </div>
      <div>
        <object data="../passages/RSC-LOGIC-MP-481.html" type="text/html"/>
      </div>
    </rubricBlock>
    <div class="stem stem_inline">
      <div class="stem_prompt"><p>Read this sentence from paragraph 3 of "Speak On."</p> <p class="style-dde26cb27dbc2b4b29edc5c752ef617e">Other voice recognition software is only 85% accurate, but because Speak On adapts to your voice and grammar style, it&#x2019;s 100% accurate.</p> <p>Which paragraph from "Unicorn Software" directly contradicts the sentence?</p></div>
      <p>paragraph <inlineChoiceInteraction responseIdentifier="RESPONSE101" shuffle="false"><inlineChoice identifier="IC-4591">2</inlineChoice><inlineChoice identifier="IC-4592">3</inlineChoice><inlineChoice identifier="IC-2527">4</inlineChoice></inlineChoiceInteraction></p>
    </div>
  </itemBody>
  <responseProcessing>
    <responseCondition>
      <responseIf>
        <match>
          <variable identifier="RESPONSE101"/>
          <correct identifier="RESPONSE101"/>
        </match>
        <setOutcomeValue identifier="SCORE101">
          <baseValue baseType="float">1</baseValue>
        </setOutcomeValue>
      </responseIf>
      <responseElse>
        <setOutcomeValue identifier="SCORE101">
          <baseValue baseType="float">0</baseValue>
        </setOutcomeValue>
      </responseElse>
    </responseCondition>
    <setOutcomeValue identifier="SCORE">
      <sum>
        <variable identifier="SCORE101"/>
      </sum>
    </setOutcomeValue>
  </responseProcessing>
</assessmentItem>
