<?xml version="1.0"?>
<assessmentItem adaptive="false" identifier="ITEM-LOGIC-MP-567" timeDependent="false" title="Match a theme for &amp;ldquo;The Big Idea&amp;rdquo;&#x9D; and a theme for &amp;ldquo;And the Winner Is . . .&amp;rdquo;" toolName="ItemLogic" toolVersion="2.0.0" xmlns="http://www.imsglobal.org/xsd/imsqti_v2p1" xmlns:m="http://www.w3.org/1998/Math/MathML" xmlns:xsi="http://www.w3.org/2001/XMLSchema-instance" xsi:schemaLocation="http://www.imsglobal.org/xsd/imsqti_v2p1  http://www.imsglobal.org/xsd/qti/qtiv2p1/imsqti_v2p1.xsd">
  <responseDeclaration baseType="directedPair" cardinality="multiple" identifier="RESPONSE457">
    <correctResponse>
      <value>SAC-8149 SAC-8152</value>
      <value>SAC-8150 SAC-8154</value>
      <value>SAC-8151 SAC-8156</value>
    </correctResponse>
  </responseDeclaration>
  <outcomeDeclaration baseType="float" cardinality="single" identifier="SCORE457">
    <defaultValue>
      <value>0</value>
    </defaultValue>
  </outcomeDeclaration>
  <outcomeDeclaration baseType="float" cardinality="single" identifier="SCORE">
    <defaultValue>
      <value>0</value>
    </defaultValue>
  </outcomeDeclaration>
  <stylesheet href="../styles/bundled.css" type="text/css"/>
  <stylesheet href="../styles/inline.css" type="text/css"/>
  <itemBody>
    <rubricBlock use="context" view="candidate author proctor scorer testConstructor tutor">
      <div>
        <object data="../passages/RSC-LOGIC-MP-1641.html" type="text/html"/>
      </div>
      <div>
        <object data="../passages/RSC-LOGIC-MP-1642.html" type="text/html"/>
      </div>
    </rubricBlock>
    <matchInteraction maxAssociations="3" responseIdentifier="RESPONSE457" shuffle="false">
      <prompt>Match a theme for &#x201C;The Big Idea&#x201D;  and a theme for &#x201C;And the Winner Is . . .&#x201D;  Then match a theme that is presented in both selections.&#xA0;<br/></prompt>
      <simpleMatchSet>
        <simpleAssociableChoice identifier="SAC-8149" matchMax="1">
          <p>"The Big Idea"</p>
        </simpleAssociableChoice>
        <simpleAssociableChoice identifier="SAC-8150" matchMax="1">
          <p>"The Winner Is . . ."</p>
        </simpleAssociableChoice>
        <simpleAssociableChoice identifier="SAC-8151" matchMax="1">
          <p>Both selections</p>
        </simpleAssociableChoice>
      </simpleMatchSet>
      <simpleMatchSet>
        <simpleAssociableChoice identifier="SAC-8152" matchMax="1">
          <p>Inspiration can come from surprising places.</p>
        </simpleAssociableChoice>
        <simpleAssociableChoice identifier="SAC-8153" matchMax="1">
          <p>Being respectful is important in friendship.</p>
        </simpleAssociableChoice>
        <simpleAssociableChoice identifier="SAC-8154" matchMax="1">
          <p>Understanding differences is important.</p>
        </simpleAssociableChoice>
        <simpleAssociableChoice identifier="SAC-8155" matchMax="1">
          <p>It is best to admit when you are wrong.</p>
        </simpleAssociableChoice>
        <simpleAssociableChoice identifier="SAC-8157" matchMax="1">
          <p>Trying new things can lead to success.</p>
        </simpleAssociableChoice>
        <simpleAssociableChoice identifier="SAC-8156" matchMax="1">
          <p class="MsoNormal">It is important to remember the past.</p>
        </simpleAssociableChoice>
      </simpleMatchSet>
    </matchInteraction>
  </itemBody>
  <responseProcessing>
    <responseCondition>
      <responseIf>
        <match>
          <variable identifier="RESPONSE457"/>
          <correct identifier="RESPONSE457"/>
        </match>
        <setOutcomeValue identifier="SCORE457">
          <baseValue baseType="float">1</baseValue>
        </setOutcomeValue>
      </responseIf>
      <responseElse>
        <setOutcomeValue identifier="SCORE457">
          <baseValue baseType="float">0</baseValue>
        </setOutcomeValue>
      </responseElse>
    </responseCondition>
    <setOutcomeValue identifier="SCORE">
      <sum>
        <variable identifier="SCORE457"/>
      </sum>
    </setOutcomeValue>
  </responseProcessing>
</assessmentItem>
