<?xml version="1.0"?>
<assessmentItem adaptive="false" identifier="ITEM-LOGIC-KS-961" timeDependent="false" title="Click to show whether the number of objects in each group is even or odd." toolName="ItemLogic" toolVersion="2.0.0" xmlns="http://www.imsglobal.org/xsd/imsqti_v2p1" xmlns:m="http://www.w3.org/1998/Math/MathML" xmlns:xsi="http://www.w3.org/2001/XMLSchema-instance" xsi:schemaLocation="http://www.imsglobal.org/xsd/imsqti_v2p1  http://www.imsglobal.org/xsd/qti/qtiv2p1/imsqti_v2p1.xsd">
  <responseDeclaration baseType="directedPair" cardinality="multiple" identifier="RESPONSE953">
    <correctResponse>
      <value>SAC-17594 SAC-16762</value>
      <value>SAC-17597 SAC-16760</value>
      <value>SAC-17600 SAC-16760</value>
      <value>SAC-17603 SAC-16762</value>
    </correctResponse>
    <mapping defaultValue="0.00" lowerBound="0.00" upperBound="1.00">
      <mapEntry mapKey="SAC-17594 SAC-16760" mappedValue="-0.25"/>
      <mapEntry mapKey="SAC-17594 SAC-16762" mappedValue="0.25"/>
      <mapEntry mapKey="SAC-17597 SAC-16760" mappedValue="0.25"/>
      <mapEntry mapKey="SAC-17597 SAC-16762" mappedValue="-0.25"/>
      <mapEntry mapKey="SAC-17600 SAC-16760" mappedValue="0.25"/>
      <mapEntry mapKey="SAC-17600 SAC-16762" mappedValue="-0.25"/>
      <mapEntry mapKey="SAC-17603 SAC-16760" mappedValue="-0.25"/>
      <mapEntry mapKey="SAC-17603 SAC-16762" mappedValue="0.25"/>
    </mapping>
  </responseDeclaration>
  <responseDeclaration baseType="identifier" cardinality="single" identifier="RESPONSE954">
    <correctResponse>
      <value>SC-16767</value>
    </correctResponse>
  </responseDeclaration>
  <outcomeDeclaration baseType="float" cardinality="single" identifier="SCORE953">
    <defaultValue>
      <value>0</value>
    </defaultValue>
  </outcomeDeclaration>
  <outcomeDeclaration baseType="float" cardinality="single" identifier="SCORE954">
    <defaultValue>
      <value>0</value>
    </defaultValue>
  </outcomeDeclaration>
  <outcomeDeclaration baseType="float" cardinality="single" identifier="SCORE">
    <defaultValue>
      <value>0</value>
    </defaultValue>
  </outcomeDeclaration>
  <stylesheet href="../styles/bundled.css" type="text/css"/>
  <stylesheet href="../styles/inline.css" type="text/css"/>
  <itemBody>
    <matchInteraction class="table" maxAssociations="8" responseIdentifier="RESPONSE953" shuffle="false">
      <prompt>Click to show whether the number of objects in each group is even or odd.<br/></prompt>
      <simpleMatchSet>
        <simpleAssociableChoice identifier="SAC-17594" matchMax="1">
          <p>
            <object data="../images/object-groups-even-odd-baseballs@2x_fe1c6fc490.png" height="120" type="image/png" width="300"/>
          </p>
        </simpleAssociableChoice>
        <simpleAssociableChoice identifier="SAC-17597" matchMax="1">
          <p>
            <object data="../images/object-groups-even-odd-books@2x_5642e561b9.png" height="120" type="image/png" width="300"/>
          </p>
        </simpleAssociableChoice>
        <simpleAssociableChoice identifier="SAC-17600" matchMax="1">
          <p>
            <object data="../images/object-groups-even-odd-dice@2x_f9ead2024f.png" height="120" type="image/png" width="300"/>
          </p>
        </simpleAssociableChoice>
        <simpleAssociableChoice identifier="SAC-17603" matchMax="1">
          <p>
            <object data="../images/object-groups-even-odd-pencils@2x_f038f59362.png" height="120" type="image/png" width="300"/>
          </p>
        </simpleAssociableChoice>
      </simpleMatchSet>
      <simpleMatchSet>
        <simpleAssociableChoice identifier="SAC-16760" matchMax="4">
          <p>Even</p>
        </simpleAssociableChoice>
        <simpleAssociableChoice identifier="SAC-16762" matchMax="4">
          <p>Odd</p>
        </simpleAssociableChoice>
      </simpleMatchSet>
    </matchInteraction>
    <choiceInteraction maxChoices="1" responseIdentifier="RESPONSE954" shuffle="false">
      <prompt>Which equation is true?<br/></prompt>
      <simpleChoice fixed="true" identifier="SC-16768">
        <p>11 = 6 + 6</p>
      </simpleChoice>
      <simpleChoice fixed="true" identifier="SC-16767">
        <p>14 = 7 + 7</p>
      </simpleChoice>
      <simpleChoice fixed="true" identifier="SC-16766">
        <p>18 = 8 + 8</p>
      </simpleChoice>
      <simpleChoice fixed="true" identifier="SC-16769">
        <p>19 = 9 + 9</p>
      </simpleChoice>
    </choiceInteraction>
  </itemBody>
  <responseProcessing>
    <responseCondition>
      <responseIf>
        <isNull>
          <variable identifier="RESPONSE953"/>
        </isNull>
        <setOutcomeValue identifier="SCORE953">
          <baseValue baseType="float">0.0</baseValue>
        </setOutcomeValue>
      </responseIf>
      <responseElse>
        <setOutcomeValue identifier="SCORE953">
          <mapResponse identifier="RESPONSE953"/>
        </setOutcomeValue>
      </responseElse>
    </responseCondition>
    <responseCondition>
      <responseIf>
        <match>
          <variable identifier="RESPONSE954"/>
          <correct identifier="RESPONSE954"/>
        </match>
        <setOutcomeValue identifier="SCORE954">
          <baseValue baseType="float">1</baseValue>
        </setOutcomeValue>
      </responseIf>
      <responseElse>
        <setOutcomeValue identifier="SCORE954">
          <baseValue baseType="float">0</baseValue>
        </setOutcomeValue>
      </responseElse>
    </responseCondition>
    <setOutcomeValue identifier="SCORE">
      <sum>
        <variable identifier="SCORE953"/>
        <variable identifier="SCORE954"/>
      </sum>
    </setOutcomeValue>
  </responseProcessing>
</assessmentItem>
