<?xml version="1.0"?>
<assessmentItem adaptive="false" identifier="ITEM-LOGIC-MP-371" timeDependent="false" title="Match each person from the passage with the person's idea about wild rice." toolName="ItemLogic" toolVersion="2.0.0" xmlns="http://www.imsglobal.org/xsd/imsqti_v2p1" xmlns:m="http://www.w3.org/1998/Math/MathML" xmlns:xsi="http://www.w3.org/2001/XMLSchema-instance" xsi:schemaLocation="http://www.imsglobal.org/xsd/imsqti_v2p1  http://www.imsglobal.org/xsd/qti/qtiv2p1/imsqti_v2p1.xsd">
  <responseDeclaration baseType="directedPair" cardinality="multiple" identifier="RESPONSE149">
    <correctResponse>
      <value>SAC-4425 SAC-4430</value>
      <value>SAC-4426 SAC-4431</value>
      <value>SAC-4427 SAC-4433</value>
      <value>SAC-4428 SAC-4432</value>
    </correctResponse>
    <mapping defaultValue="-1.00" lowerBound="0.00" upperBound="2.00">
      <mapEntry mapKey="SAC-4425 SAC-4430" mappedValue="0.50"/>
      <mapEntry mapKey="SAC-4426 SAC-4431" mappedValue="0.50"/>
      <mapEntry mapKey="SAC-4427 SAC-4433" mappedValue="0.50"/>
      <mapEntry mapKey="SAC-4428 SAC-4432" mappedValue="0.50"/>
    </mapping>
  </responseDeclaration>
  <outcomeDeclaration baseType="float" cardinality="single" identifier="SCORE149">
    <defaultValue>
      <value>0</value>
    </defaultValue>
  </outcomeDeclaration>
  <outcomeDeclaration baseType="float" cardinality="single" identifier="SCORE">
    <defaultValue>
      <value>0</value>
    </defaultValue>
  </outcomeDeclaration>
  <stylesheet href="../styles/bundled.css" type="text/css"/>
  <stylesheet href="../styles/inline.css" type="text/css"/>
  <itemBody>
    <rubricBlock use="context" view="candidate author proctor scorer testConstructor tutor">
      <div>
        <object data="../passages/RSC-LOGIC-MP-968.html" type="text/html"/>
      </div>
    </rubricBlock>
    <matchInteraction maxAssociations="4" responseIdentifier="RESPONSE149" shuffle="false">
      <prompt>Match each person from the passage with the person's idea about wild rice.<br/></prompt>
      <simpleMatchSet>
        <simpleAssociableChoice identifier="SAC-4425" matchMax="1">
          <p>John Moyle</p>
        </simpleAssociableChoice>
        <simpleAssociableChoice identifier="SAC-4426" matchMax="1">
          <p>Amy Myrbo</p>
        </simpleAssociableChoice>
        <simpleAssociableChoice identifier="SAC-4427" matchMax="1">
          <p>John Pastor</p>
        </simpleAssociableChoice>
        <simpleAssociableChoice identifier="SAC-4428" matchMax="1">
          <p>Ed Swain</p>
        </simpleAssociableChoice>
      </simpleMatchSet>
      <simpleMatchSet>
        <simpleAssociableChoice identifier="SAC-4429" matchMax="1">
          <p>The natural processes of decaying plants and animals produce the ion sulfate.</p>
        </simpleAssociableChoice>
        <simpleAssociableChoice identifier="SAC-4430" matchMax="1">
          <p>Wild rice is rarely found in water that has a high sulfate level.</p>
        </simpleAssociableChoice>
        <simpleAssociableChoice identifier="SAC-4431" matchMax="1">
          <p>Unique objects, such as hula hoops, help scientists measure rice density.</p>
        </simpleAssociableChoice>
        <simpleAssociableChoice identifier="SAC-4432" matchMax="1">
          <p>Bacteria breathe in sulfate and exhale hydrogen sulfide which can be deadly to plants.</p>
        </simpleAssociableChoice>
        <simpleAssociableChoice identifier="SAC-4433" matchMax="1">
          <p>Sulfate transformed to sulfides prevents nutrients from getting into plants.</p>
        </simpleAssociableChoice>
        <simpleAssociableChoice identifier="SAC-4434" matchMax="1">
          <p>The decline of wild rice is affecting surrounding ecosystems.</p>
        </simpleAssociableChoice>
      </simpleMatchSet>
    </matchInteraction>
  </itemBody>
  <responseProcessing>
    <responseCondition>
      <responseIf>
        <isNull>
          <variable identifier="RESPONSE149"/>
        </isNull>
        <setOutcomeValue identifier="SCORE149">
          <baseValue baseType="float">0.0</baseValue>
        </setOutcomeValue>
      </responseIf>
      <responseElse>
        <setOutcomeValue identifier="SCORE149">
          <mapResponse identifier="RESPONSE149"/>
        </setOutcomeValue>
      </responseElse>
    </responseCondition>
    <setOutcomeValue identifier="SCORE">
      <sum>
        <variable identifier="SCORE149"/>
      </sum>
    </setOutcomeValue>
  </responseProcessing>
</assessmentItem>
