<?xml version="1.0"?>
<assessmentItem adaptive="false" identifier="ITEM-LOGIC-KS-782" timeDependent="false" title="Click to show whether each of the following is a correct or incorrect way to write Anna's total numb" toolName="ItemLogic" toolVersion="2.0.0" xmlns="http://www.imsglobal.org/xsd/imsqti_v2p1" xmlns:m="http://www.w3.org/1998/Math/MathML" xmlns:xsi="http://www.w3.org/2001/XMLSchema-instance" xsi:schemaLocation="http://www.imsglobal.org/xsd/imsqti_v2p1  http://www.imsglobal.org/xsd/qti/qtiv2p1/imsqti_v2p1.xsd">
  <responseDeclaration baseType="directedPair" cardinality="multiple" identifier="RESPONSE754">
    <correctResponse>
      <value>SAC-12166 SAC-12164</value>
      <value>SAC-12170 SAC-12162</value>
      <value>SAC-12173 SAC-12162</value>
      <value>SAC-12176 SAC-12164</value>
    </correctResponse>
    <mapping defaultValue="0.00" lowerBound="0.00" upperBound="2.00">
      <mapEntry mapKey="SAC-12166 SAC-12162" mappedValue="0.00"/>
      <mapEntry mapKey="SAC-12166 SAC-12164" mappedValue="0.50"/>
      <mapEntry mapKey="SAC-12170 SAC-12162" mappedValue="0.50"/>
      <mapEntry mapKey="SAC-12170 SAC-12164" mappedValue="0.00"/>
      <mapEntry mapKey="SAC-12173 SAC-12162" mappedValue="0.50"/>
      <mapEntry mapKey="SAC-12173 SAC-12164" mappedValue="0.00"/>
      <mapEntry mapKey="SAC-12176 SAC-12162" mappedValue="0.00"/>
      <mapEntry mapKey="SAC-12176 SAC-12164" mappedValue="0.50"/>
    </mapping>
  </responseDeclaration>
  <outcomeDeclaration baseType="float" cardinality="single" identifier="SCORE754">
    <defaultValue>
      <value>0</value>
    </defaultValue>
  </outcomeDeclaration>
  <outcomeDeclaration baseType="float" cardinality="single" identifier="SCORE">
    <defaultValue>
      <value>0</value>
    </defaultValue>
  </outcomeDeclaration>
  <stylesheet href="../styles/bundled.css" type="text/css"/>
  <stylesheet href="../styles/inline.css" type="text/css"/>
  <itemBody>
    <rubricBlock use="stimulus" view="candidate author proctor scorer testConstructor tutor">
      <div>
        <p>Anna has 5 strawberries and 8 eight grapes.</p>
        <p>
          <object data="../images/grapes-strawberries@2x_1b846eaeae.png" height="119" type="image/png" width="400"/>
        </p>
        <p>She knows she has 5 + 8 total pieces of fruit. She wants to write her total number of pieces of fruit in a different way.</p>
      </div>
    </rubricBlock>
    <matchInteraction class="table" maxAssociations="8" responseIdentifier="RESPONSE754" shuffle="false">
      <prompt>Click to show whether each of the following is a correct or incorrect way to write Anna's total number of pieces of fruit.<br/></prompt>
      <simpleMatchSet>
        <simpleAssociableChoice identifier="SAC-12166" matchMax="1">
          <p>8 &#x2013; 5</p>
        </simpleAssociableChoice>
        <simpleAssociableChoice identifier="SAC-12170" matchMax="1">
          <p>8 + 5</p>
        </simpleAssociableChoice>
        <simpleAssociableChoice identifier="SAC-12173" matchMax="1">
          <p>5 + 5 + 3</p>
        </simpleAssociableChoice>
        <simpleAssociableChoice identifier="SAC-12176" matchMax="1">
          <p>5 + 6 + 1</p>
        </simpleAssociableChoice>
      </simpleMatchSet>
      <simpleMatchSet>
        <simpleAssociableChoice identifier="SAC-12162" matchMax="4">
          <p>Correct</p>
        </simpleAssociableChoice>
        <simpleAssociableChoice identifier="SAC-12164" matchMax="4">
          <p>Incorrect</p>
        </simpleAssociableChoice>
      </simpleMatchSet>
    </matchInteraction>
  </itemBody>
  <responseProcessing>
    <responseCondition>
      <responseIf>
        <isNull>
          <variable identifier="RESPONSE754"/>
        </isNull>
        <setOutcomeValue identifier="SCORE754">
          <baseValue baseType="float">0.0</baseValue>
        </setOutcomeValue>
      </responseIf>
      <responseElse>
        <setOutcomeValue identifier="SCORE754">
          <mapResponse identifier="RESPONSE754"/>
        </setOutcomeValue>
      </responseElse>
    </responseCondition>
    <setOutcomeValue identifier="SCORE">
      <sum>
        <variable identifier="SCORE754"/>
      </sum>
    </setOutcomeValue>
  </responseProcessing>
</assessmentItem>
