<?xml version="1.0"?>
<assessmentItem adaptive="false" identifier="ITEM-LOGIC-KS-990" timeDependent="false" title="Drag an addition or subtraction problem to each box to make each equation true." toolName="ItemLogic" toolVersion="2.0.0" xmlns="http://www.imsglobal.org/xsd/imsqti_v2p1" xmlns:m="http://www.w3.org/1998/Math/MathML" xmlns:xsi="http://www.w3.org/2001/XMLSchema-instance" xsi:schemaLocation="http://www.imsglobal.org/xsd/imsqti_v2p1  http://www.imsglobal.org/xsd/qti/qtiv2p1/imsqti_v2p1.xsd">
  <responseDeclaration baseType="directedPair" cardinality="multiple" identifier="RESPONSE1019">
    <correctResponse>
      <value>GI-17704 HS-17710</value>
      <value>GI-17705 HS-17711</value>
      <value>GI-17701 HS-17712</value>
    </correctResponse>
  </responseDeclaration>
  <responseDeclaration baseType="identifier" cardinality="single" identifier="RESPONSE1020">
    <correctResponse>
      <value>SC-17718</value>
    </correctResponse>
  </responseDeclaration>
  <outcomeDeclaration baseType="float" cardinality="single" identifier="SCORE1019">
    <defaultValue>
      <value>0</value>
    </defaultValue>
  </outcomeDeclaration>
  <outcomeDeclaration baseType="float" cardinality="single" identifier="SCORE1020">
    <defaultValue>
      <value>0</value>
    </defaultValue>
  </outcomeDeclaration>
  <outcomeDeclaration baseType="float" cardinality="single" identifier="SCORE">
    <defaultValue>
      <value>0</value>
    </defaultValue>
  </outcomeDeclaration>
  <stylesheet href="../styles/bundled.css" type="text/css"/>
  <stylesheet href="../styles/inline.css" type="text/css"/>
  <itemBody>
    <graphicGapMatchInteraction responseIdentifier="RESPONSE1019">
      <prompt>Drag an addition or subtraction problem to each box to make each equation true.<br/></prompt>
      <object data="../images/equations-true-canvas@2x_o_561bbd795d.png" height="350" type="image/png" width="500"/>
      <gapImg identifier="GI-17701" matchMax="1">
        <object data="../images/equations-true-1p1@2x_o_70f1ce77a9.png" height="60" type="image/png" width="166"/>
      </gapImg>
      <gapImg identifier="GI-17702" matchMax="1">
        <object data="../images/equations-true-5p5@2x_o_61267c4bc4.png" height="60" type="image/png" width="166"/>
      </gapImg>
      <gapImg identifier="GI-17703" matchMax="1">
        <object data="../images/equations-true-6m2@2x_o_2290845453.png" height="60" type="image/png" width="166"/>
      </gapImg>
      <gapImg identifier="GI-17704" matchMax="1">
        <object data="../images/equations-true-6p1@2x_o_03f172ade5.png" height="60" type="image/png" width="166"/>
      </gapImg>
      <gapImg identifier="GI-17705" matchMax="1">
        <object data="../images/equations-true-7m2@2x_o_97c9cc1acf.png" height="60" type="image/png" width="166"/>
      </gapImg>
      <gapImg identifier="GI-17706" matchMax="1">
        <object data="../images/equations-true-7p1@2x_o_070ae6b1cd.png" height="60" type="image/png" width="166"/>
      </gapImg>
      <associableHotspot coords="259,39,425,99" identifier="HS-17710" matchMax="1" shape="rect"/>
      <associableHotspot coords="259,144,425,204" identifier="HS-17711" matchMax="1" shape="rect"/>
      <associableHotspot coords="259,249,425,309" identifier="HS-17712" matchMax="1" shape="rect"/>
    </graphicGapMatchInteraction>
    <choiceInteraction maxChoices="1" responseIdentifier="RESPONSE1020" shuffle="false" xmlns:default="http://www.w3.org/1998/Math/MathML">
      <prompt>Different equations can be made using the numbers 10, 3, 6, and 1. Which equation is <strong>not</strong> true?<br/></prompt>
      <simpleChoice fixed="true" identifier="SC-17715" xmlns:default="http://www.w3.org/1998/Math/MathML">
        <m:math xmlns="http://www.w3.org/1998/Math/MathML">   <m:mn>10</m:mn>   <m:mo>=</m:mo>   <m:mn>3</m:mn>   <m:mo>+</m:mo>   <m:mn>6</m:mn>   <m:mo>+</m:mo>   <m:mn>1</m:mn> </m:math>
      </simpleChoice>
      <simpleChoice fixed="true" identifier="SC-17718" xmlns:default="http://www.w3.org/1998/Math/MathML">
        <m:math xmlns="http://www.w3.org/1998/Math/MathML">   <m:mn>10</m:mn>   <m:mo>=</m:mo>   <m:mn>3</m:mn>   <m:mo>+</m:mo>   <m:mn>6</m:mn>   <m:mo>&#x2212;<!-- − --></m:mo>   <m:mn>1</m:mn> </m:math>
      </simpleChoice>
      <simpleChoice fixed="true" identifier="SC-17716" xmlns:default="http://www.w3.org/1998/Math/MathML">
        <m:math xmlns="http://www.w3.org/1998/Math/MathML">   <m:mn>10</m:mn>   <m:mo>&#x2212;<!-- − --></m:mo>   <m:mn>3</m:mn>   <m:mo>=</m:mo>   <m:mn>6</m:mn>   <m:mo>+</m:mo>   <m:mn>1</m:mn> </m:math>
      </simpleChoice>
      <simpleChoice fixed="true" identifier="SC-17717" xmlns:default="http://www.w3.org/1998/Math/MathML">
        <m:math xmlns="http://www.w3.org/1998/Math/MathML">   <m:mn>10</m:mn>   <m:mo>&#x2212;<!-- − --></m:mo>   <m:mn>3</m:mn>   <m:mo>&#x2212;<!-- − --></m:mo>   <m:mn>6</m:mn>   <m:mo>=</m:mo>   <m:mn>1</m:mn> </m:math>
      </simpleChoice>
    </choiceInteraction>
  </itemBody>
  <responseProcessing>
    <responseCondition>
      <responseIf>
        <match>
          <variable identifier="RESPONSE1019"/>
          <correct identifier="RESPONSE1019"/>
        </match>
        <setOutcomeValue identifier="SCORE1019">
          <baseValue baseType="float">1</baseValue>
        </setOutcomeValue>
      </responseIf>
      <responseElse>
        <setOutcomeValue identifier="SCORE1019">
          <baseValue baseType="float">0</baseValue>
        </setOutcomeValue>
      </responseElse>
    </responseCondition>
    <responseCondition>
      <responseIf>
        <match>
          <variable identifier="RESPONSE1020"/>
          <correct identifier="RESPONSE1020"/>
        </match>
        <setOutcomeValue identifier="SCORE1020">
          <baseValue baseType="float">1</baseValue>
        </setOutcomeValue>
      </responseIf>
      <responseElse>
        <setOutcomeValue identifier="SCORE1020">
          <baseValue baseType="float">0</baseValue>
        </setOutcomeValue>
      </responseElse>
    </responseCondition>
    <setOutcomeValue identifier="SCORE">
      <sum>
        <variable identifier="SCORE1019"/>
        <variable identifier="SCORE1020"/>
      </sum>
    </setOutcomeValue>
  </responseProcessing>
</assessmentItem>
