<?xml version="1.0"?>
<assessmentItem adaptive="false" identifier="ITEM-LOGIC-KS-817" timeDependent="false" title="Choose the sentence that is true for each gift bag." toolName="ItemLogic" toolVersion="2.0.0" xmlns="http://www.imsglobal.org/xsd/imsqti_v2p1" xmlns:m="http://www.w3.org/1998/Math/MathML" xmlns:xsi="http://www.w3.org/2001/XMLSchema-instance" xsi:schemaLocation="http://www.imsglobal.org/xsd/imsqti_v2p1  http://www.imsglobal.org/xsd/qti/qtiv2p1/imsqti_v2p1.xsd">
  <responseDeclaration baseType="identifier" cardinality="multiple" identifier="RESPONSE810">
    <correctResponse>
      <value>HT-16123</value>
    </correctResponse>
  </responseDeclaration>
  <responseDeclaration baseType="identifier" cardinality="single" identifier="RESPONSE812">
    <correctResponse>
      <value>SC-13904</value>
    </correctResponse>
  </responseDeclaration>
  <outcomeDeclaration baseType="float" cardinality="single" identifier="SCORE810">
    <defaultValue>
      <value>0</value>
    </defaultValue>
  </outcomeDeclaration>
  <outcomeDeclaration baseType="float" cardinality="single" identifier="SCORE812">
    <defaultValue>
      <value>0</value>
    </defaultValue>
  </outcomeDeclaration>
  <outcomeDeclaration baseType="float" cardinality="single" identifier="SCORE">
    <defaultValue>
      <value>0</value>
    </defaultValue>
  </outcomeDeclaration>
  <stylesheet href="../styles/bundled.css" type="text/css"/>
  <stylesheet href="../styles/inline.css" type="text/css"/>
  <itemBody>
    <rubricBlock use="stimulus" view="candidate author proctor scorer testConstructor tutor">
      <div>
        <p>Mr. Brown's students are packing gift bags for some younger students.</p>
        <p>
          <object data="../images/coloring-book@2x_ce41510a30.png" height="265" type="image/png" width="400"/>
        </p>
        <p>The contents of each gift bag are shown.</p>
        <table class="style-a3f303f2f8a08e1dfaa5bdde04c0641d"><caption>Contents of Gift Bags</caption> <tbody> <tr> <td class="style-0594fd93e2a95d4b5ade904927f9cdf8">Item</td> <td class="style-0594fd93e2a95d4b5ade904927f9cdf8">Number in each Bag</td> </tr> <tr> <td class="style-0594fd93e2a95d4b5ade904927f9cdf8">Toy Cars</td> <td class="style-0594fd93e2a95d4b5ade904927f9cdf8">3</td> </tr> <tr> <td class="style-0594fd93e2a95d4b5ade904927f9cdf8">Crayons</td> <td class="style-0594fd93e2a95d4b5ade904927f9cdf8">12</td> </tr> <tr> <td class="style-0594fd93e2a95d4b5ade904927f9cdf8">Coloring Books</td> <td class="style-0594fd93e2a95d4b5ade904927f9cdf8">2</td> </tr> <tr> <td class="style-0594fd93e2a95d4b5ade904927f9cdf8">Toy Blocks</td> <td class="style-0594fd93e2a95d4b5ade904927f9cdf8">10</td> </tr> </tbody> </table>
      </div>
    </rubricBlock>
    <hottextInteraction maxChoices="0" responseIdentifier="RESPONSE810">
      <prompt>Choose the sentence that is true for each gift bag.<br/></prompt>
      <p><hottext identifier="HT-16121">The ratio of toy cars to crayons is 12:3.</hottext> <hottext identifier="HT-16122">For every 2 coloring books, there are 27 crayons.</hottext> <hottext identifier="HT-16123">The ratio of coloring books to toy blocks is 2 to 10.</hottext> <hottext identifier="HT-16124">For every 3 toy cars, there are 9 coloring books.</hottext></p>
    </hottextInteraction>
    <choiceInteraction maxChoices="1" responseIdentifier="RESPONSE812" shuffle="false">
      <prompt>Mr. Brown's students use 15 toy cars in all. How many toy blocks do they use in all?<br/></prompt>
      <simpleChoice fixed="true" identifier="SC-13905">
        <p>2</p>
      </simpleChoice>
      <simpleChoice fixed="true" identifier="SC-13906">
        <p>5</p>
      </simpleChoice>
      <simpleChoice fixed="true" identifier="SC-13907">
        <p>15</p>
      </simpleChoice>
      <simpleChoice fixed="true" identifier="SC-13904">
        <p>50</p>
      </simpleChoice>
    </choiceInteraction>
  </itemBody>
  <responseProcessing>
    <responseCondition>
      <responseIf>
        <match>
          <variable identifier="RESPONSE810"/>
          <correct identifier="RESPONSE810"/>
        </match>
        <setOutcomeValue identifier="SCORE810">
          <baseValue baseType="float">1</baseValue>
        </setOutcomeValue>
      </responseIf>
      <responseElse>
        <setOutcomeValue identifier="SCORE810">
          <baseValue baseType="float">0</baseValue>
        </setOutcomeValue>
      </responseElse>
    </responseCondition>
    <responseCondition>
      <responseIf>
        <match>
          <variable identifier="RESPONSE812"/>
          <correct identifier="RESPONSE812"/>
        </match>
        <setOutcomeValue identifier="SCORE812">
          <baseValue baseType="float">1</baseValue>
        </setOutcomeValue>
      </responseIf>
      <responseElse>
        <setOutcomeValue identifier="SCORE812">
          <baseValue baseType="float">0</baseValue>
        </setOutcomeValue>
      </responseElse>
    </responseCondition>
    <setOutcomeValue identifier="SCORE">
      <sum>
        <variable identifier="SCORE810"/>
        <variable identifier="SCORE812"/>
      </sum>
    </setOutcomeValue>
  </responseProcessing>
</assessmentItem>
