<?xml version="1.0"?>
<assessmentItem adaptive="false" identifier="ITEM-LOGIC-KS-938" timeDependent="false" title="Drag numbers and symbols to make Jayla's work correct." toolName="ItemLogic" toolVersion="2.0.0" xmlns="http://www.imsglobal.org/xsd/imsqti_v2p1" xmlns:m="http://www.w3.org/1998/Math/MathML" xmlns:xsi="http://www.w3.org/2001/XMLSchema-instance" xsi:schemaLocation="http://www.imsglobal.org/xsd/imsqti_v2p1  http://www.imsglobal.org/xsd/qti/qtiv2p1/imsqti_v2p1.xsd">
  <responseDeclaration baseType="directedPair" cardinality="multiple" identifier="RESPONSE921">
    <correctResponse>
      <value>GI-16709 HS-16719</value>
      <value>GI-16714 HS-16717</value>
      <value>GI-16712 HS-16718</value>
      <value>GI-16711 HS-16720</value>
      <value>GI-16711 HS-16718</value>
    </correctResponse>
    <mapping defaultValue="0.00" lowerBound="0.00" upperBound="2.00">
      <mapEntry mapKey="GI-16709 HS-16719" mappedValue="0.50"/>
      <mapEntry mapKey="GI-16714 HS-16717" mappedValue="0.50"/>
      <mapEntry mapKey="GI-16712 HS-16718" mappedValue="0.50"/>
      <mapEntry mapKey="GI-16711 HS-16720" mappedValue="0.50"/>
      <mapEntry mapKey="GI-16711 HS-16718" mappedValue="0.50"/>
    </mapping>
  </responseDeclaration>
  <outcomeDeclaration baseType="float" cardinality="single" identifier="SCORE921">
    <defaultValue>
      <value>0</value>
    </defaultValue>
  </outcomeDeclaration>
  <outcomeDeclaration baseType="float" cardinality="single" identifier="SCORE">
    <defaultValue>
      <value>0</value>
    </defaultValue>
  </outcomeDeclaration>
  <stylesheet href="../styles/bundled.css" type="text/css"/>
  <stylesheet href="../styles/inline.css" type="text/css"/>
  <itemBody>
    <rubricBlock use="stimulus" view="candidate author proctor scorer testConstructor tutor">
      <div>
        <p>Jayla will compare several numbers on white board.</p>
      </div>
    </rubricBlock>
    <graphicGapMatchInteraction responseIdentifier="RESPONSE921">
      <prompt>Drag numbers and symbols to make Jayla's work correct.<br/></prompt>
      <object data="../images/whiteboard-canvas@2x_o_b230152ea3.png" height="300" type="image/png" width="500"/>
      <gapImg identifier="GI-16709" matchMax="1">
        <object data="../images/whiteboard-eq18@2x_o_ad312aa529.png" height="45" type="image/png" width="100"/>
      </gapImg>
      <gapImg identifier="GI-16710" matchMax="1">
        <object data="../images/whiteboard-eq81@2x_o_b177e92774.png" height="45" type="image/png" width="100"/>
      </gapImg>
      <gapImg identifier="GI-16711" matchMax="1">
        <object data="../images/whiteboard-gt28@2x_o_a46cdb459b.png" height="45" type="image/png" width="100"/>
      </gapImg>
      <gapImg identifier="GI-16712" matchMax="1">
        <object data="../images/whiteboard-gt39@2x_o_09ffdfd796.png" height="45" type="image/png" width="100"/>
      </gapImg>
      <gapImg identifier="GI-16713" matchMax="1">
        <object data="../images/whiteboard-gt52@2x_o_a441380b48.png" height="45" type="image/png" width="100"/>
      </gapImg>
      <gapImg identifier="GI-16714" matchMax="1">
        <object data="../images/whiteboard-lt30@2x_o_311ba32b1d.png" height="45" type="image/png" width="100"/>
      </gapImg>
      <associableHotspot coords="98,89,198,134" identifier="HS-16717" matchMax="1" shape="rect"/>
      <associableHotspot coords="309,54,409,99" identifier="HS-16718" matchMax="1" shape="rect"/>
      <associableHotspot coords="149,202,249,247" identifier="HS-16719" matchMax="1" shape="rect"/>
      <associableHotspot coords="337,194,437,239" identifier="HS-16720" matchMax="1" shape="rect"/>
    </graphicGapMatchInteraction>
  </itemBody>
  <responseProcessing>
    <responseCondition>
      <responseIf>
        <isNull>
          <variable identifier="RESPONSE921"/>
        </isNull>
        <setOutcomeValue identifier="SCORE921">
          <baseValue baseType="float">0.0</baseValue>
        </setOutcomeValue>
      </responseIf>
      <responseElse>
        <setOutcomeValue identifier="SCORE921">
          <mapResponse identifier="RESPONSE921"/>
        </setOutcomeValue>
      </responseElse>
    </responseCondition>
    <setOutcomeValue identifier="SCORE">
      <sum>
        <variable identifier="SCORE921"/>
      </sum>
    </setOutcomeValue>
  </responseProcessing>
</assessmentItem>
