<?xml version="1.0"?>
<assessmentItem adaptive="false" identifier="ITEM-LOGIC-MP-620" timeDependent="false" title="Match each section of &quot;Simple Machines&quot; with its main idea." toolName="ItemLogic" toolVersion="2.0.0" xmlns="http://www.imsglobal.org/xsd/imsqti_v2p1" xmlns:m="http://www.w3.org/1998/Math/MathML" xmlns:xsi="http://www.w3.org/2001/XMLSchema-instance" xsi:schemaLocation="http://www.imsglobal.org/xsd/imsqti_v2p1  http://www.imsglobal.org/xsd/qti/qtiv2p1/imsqti_v2p1.xsd">
  <responseDeclaration baseType="directedPair" cardinality="multiple" identifier="RESPONSE519">
    <correctResponse>
      <value>SAC-8682 SAC-8687</value>
      <value>SAC-8683 SAC-8685</value>
      <value>SAC-8684 SAC-8686</value>
    </correctResponse>
  </responseDeclaration>
  <outcomeDeclaration baseType="float" cardinality="single" identifier="SCORE519">
    <defaultValue>
      <value>0</value>
    </defaultValue>
  </outcomeDeclaration>
  <outcomeDeclaration baseType="float" cardinality="single" identifier="SCORE">
    <defaultValue>
      <value>0</value>
    </defaultValue>
  </outcomeDeclaration>
  <stylesheet href="../styles/bundled.css" type="text/css"/>
  <stylesheet href="../styles/inline.css" type="text/css"/>
  <itemBody>
    <rubricBlock use="context" view="candidate author proctor scorer testConstructor tutor">
      <div>
        <object data="../passages/RSC-LOGIC-MP-1674.html" type="text/html"/>
      </div>
    </rubricBlock>
    <matchInteraction maxAssociations="3" responseIdentifier="RESPONSE519" shuffle="false">
      <prompt>Match each section of "Simple Machines" with its main idea.<br/></prompt>
      <simpleMatchSet>
        <simpleAssociableChoice identifier="SAC-8682" matchMax="1">
          <p>The Lever</p>
        </simpleAssociableChoice>
        <simpleAssociableChoice identifier="SAC-8683" matchMax="1">
          <p>The Wedge</p>
        </simpleAssociableChoice>
        <simpleAssociableChoice identifier="SAC-8684" matchMax="1">
          <p>The Bow</p>
        </simpleAssociableChoice>
      </simpleMatchSet>
      <simpleMatchSet>
        <simpleAssociableChoice identifier="SAC-8685" matchMax="1">
          <p>This tool helped Stone Age people split and separate materials.</p>
        </simpleAssociableChoice>
        <simpleAssociableChoice identifier="SAC-8686" matchMax="1">
          <p>This Stone Age tool was similar to a simple drill.</p>
        </simpleAssociableChoice>
        <simpleAssociableChoice identifier="SAC-8687" matchMax="1">
          <p>The earliest type of this tool helped people move heavy loads.</p>
        </simpleAssociableChoice>
      </simpleMatchSet>
    </matchInteraction>
  </itemBody>
  <responseProcessing>
    <responseCondition>
      <responseIf>
        <match>
          <variable identifier="RESPONSE519"/>
          <correct identifier="RESPONSE519"/>
        </match>
        <setOutcomeValue identifier="SCORE519">
          <baseValue baseType="float">1</baseValue>
        </setOutcomeValue>
      </responseIf>
      <responseElse>
        <setOutcomeValue identifier="SCORE519">
          <baseValue baseType="float">0</baseValue>
        </setOutcomeValue>
      </responseElse>
    </responseCondition>
    <setOutcomeValue identifier="SCORE">
      <sum>
        <variable identifier="SCORE519"/>
      </sum>
    </setOutcomeValue>
  </responseProcessing>
</assessmentItem>
