<?xml version="1.0"?>
<assessmentItem adaptive="false" identifier="ITEM-LOGIC-MP-398" timeDependent="false" title="Part A What conclusion can be drawn about the narrator based on his experiences in the snowy wildern" toolName="ItemLogic" toolVersion="2.0.0" xmlns="http://www.imsglobal.org/xsd/imsqti_v2p1" xmlns:m="http://www.w3.org/1998/Math/MathML" xmlns:xsi="http://www.w3.org/2001/XMLSchema-instance" xsi:schemaLocation="http://www.imsglobal.org/xsd/imsqti_v2p1  http://www.imsglobal.org/xsd/qti/qtiv2p1/imsqti_v2p1.xsd">
  <responseDeclaration baseType="identifier" cardinality="single" identifier="RESPONSE192">
    <correctResponse>
      <value>SC-4830</value>
    </correctResponse>
  </responseDeclaration>
  <responseDeclaration baseType="identifier" cardinality="multiple" identifier="RESPONSE193">
    <correctResponse>
      <value>HT-8012</value>
      <value>HT-8014</value>
    </correctResponse>
  </responseDeclaration>
  <outcomeDeclaration baseType="float" cardinality="single" identifier="SCORE192">
    <defaultValue>
      <value>0</value>
    </defaultValue>
  </outcomeDeclaration>
  <outcomeDeclaration baseType="float" cardinality="single" identifier="SCORE193">
    <defaultValue>
      <value>0</value>
    </defaultValue>
  </outcomeDeclaration>
  <outcomeDeclaration baseType="float" cardinality="single" identifier="SCORE">
    <defaultValue>
      <value>0</value>
    </defaultValue>
  </outcomeDeclaration>
  <stylesheet href="../styles/bundled.css" type="text/css"/>
  <stylesheet href="../styles/inline.css" type="text/css"/>
  <itemBody>
    <rubricBlock use="context" view="candidate author proctor scorer testConstructor tutor">
      <div>
        <object data="../passages/RSC-LOGIC-MP-965.html" type="text/html"/>
      </div>
    </rubricBlock>
    <choiceInteraction maxChoices="1" responseIdentifier="RESPONSE192" shuffle="false">
      <prompt>Part A<br/> What conclusion can be drawn about the narrator based on his experiences in the snowy wilderness?<br/></prompt>
      <simpleChoice fixed="true" identifier="SC-4831">
        <p>He is eager.</p>
      </simpleChoice>
      <simpleChoice fixed="true" identifier="SC-4832">
        <p>He is hesitant.</p>
      </simpleChoice>
      <simpleChoice fixed="true" identifier="SC-4833">
        <p>He is anxious.</p>
      </simpleChoice>
      <simpleChoice fixed="true" identifier="SC-4830">
        <p>He is resourceful.</p>
      </simpleChoice>
    </choiceInteraction>
    <hottextInteraction maxChoices="0" responseIdentifier="RESPONSE193"><prompt>Part B<br/> Which two pieces of evidence from the selection support the answer to Part A?<br/></prompt><p><hottext identifier="HT-8011">"And it was in the business of fire that I came to the first of many amazements inside the woods."</hottext></p> <p><hottext identifier="HT-8012">"I made a fire hole in the snow in the center of the clearing."</hottext></p> <p><span><hottext identifier="HT-8013">"They had only been on short training runs so that almost everything they saw on this run was new to them."</hottext></span></p> <p><hottext identifier="HT-8014">"My parka had to be turned inside out so all the sweat from the day could freeze and be scraped off in the morning."</hottext></p> <p><hottext identifier="HT-8015">"Just as I started to slide into the bag one of the dogs started to sing."</hottext></p></hottextInteraction>
  </itemBody>
  <responseProcessing>
    <responseCondition>
      <responseIf>
        <match>
          <variable identifier="RESPONSE192"/>
          <correct identifier="RESPONSE192"/>
        </match>
        <setOutcomeValue identifier="SCORE192">
          <baseValue baseType="float">1</baseValue>
        </setOutcomeValue>
      </responseIf>
      <responseElse>
        <setOutcomeValue identifier="SCORE192">
          <baseValue baseType="float">0</baseValue>
        </setOutcomeValue>
      </responseElse>
    </responseCondition>
    <responseCondition>
      <responseIf>
        <match>
          <variable identifier="RESPONSE193"/>
          <correct identifier="RESPONSE193"/>
        </match>
        <setOutcomeValue identifier="SCORE193">
          <baseValue baseType="float">1</baseValue>
        </setOutcomeValue>
      </responseIf>
      <responseElse>
        <setOutcomeValue identifier="SCORE193">
          <baseValue baseType="float">0</baseValue>
        </setOutcomeValue>
      </responseElse>
    </responseCondition>
    <setOutcomeValue identifier="SCORE">
      <sum>
        <variable identifier="SCORE192"/>
        <variable identifier="SCORE193"/>
      </sum>
    </setOutcomeValue>
  </responseProcessing>
</assessmentItem>
