<?xml version="1.0"?>
<assessmentItem adaptive="false" identifier="ITEM-LOGIC-MP-519" timeDependent="false" title="Part A Select the option that completes the sentence." toolName="ItemLogic" toolVersion="2.0.0" xmlns="http://www.imsglobal.org/xsd/imsqti_v2p1" xmlns:m="http://www.w3.org/1998/Math/MathML" xmlns:xsi="http://www.w3.org/2001/XMLSchema-instance" xsi:schemaLocation="http://www.imsglobal.org/xsd/imsqti_v2p1  http://www.imsglobal.org/xsd/qti/qtiv2p1/imsqti_v2p1.xsd">
  <responseDeclaration baseType="identifier" cardinality="single" identifier="RESPONSE398">
    <correctResponse>
      <value>IC-6832</value>
    </correctResponse>
  </responseDeclaration>
  <responseDeclaration baseType="identifier" cardinality="single" identifier="RESPONSE400">
    <correctResponse>
      <value>SC-6839</value>
    </correctResponse>
  </responseDeclaration>
  <outcomeDeclaration baseType="float" cardinality="single" identifier="SCORE398">
    <defaultValue>
      <value>0</value>
    </defaultValue>
  </outcomeDeclaration>
  <outcomeDeclaration baseType="float" cardinality="single" identifier="SCORE400">
    <defaultValue>
      <value>0</value>
    </defaultValue>
  </outcomeDeclaration>
  <outcomeDeclaration baseType="float" cardinality="single" identifier="SCORE">
    <defaultValue>
      <value>0</value>
    </defaultValue>
  </outcomeDeclaration>
  <stylesheet href="../styles/bundled.css" type="text/css"/>
  <stylesheet href="../styles/inline.css" type="text/css"/>
  <itemBody>
    <rubricBlock use="context" view="candidate author proctor scorer testConstructor tutor">
      <div>
        <object data="../passages/RSC-LOGIC-MP-960.html" type="text/html"/>
      </div>
    </rubricBlock>
    <div class="stem stem_inline">
      <div class="stem_prompt"><p>Part A</p> <p>Select the option that completes the sentence.</p></div>
      <p>Illustration 1 in "Hiawatha Illustrations" supports a central idea of "The Song of Hiawatha" by showing <inlineChoiceInteraction responseIdentifier="RESPONSE398" shuffle="false"><inlineChoice identifier="IC-6831">Hiawatha&#x2019;s awareness of his mortality.</inlineChoice><inlineChoice identifier="IC-6832">Hiawatha&#x2019;s hard work and commitment.</inlineChoice><inlineChoice identifier="IC-6833">Hiawatha&#x2019;s sense of isolation from others.</inlineChoice><inlineChoice identifier="IC-6834">Hiawatha&#x2019;s innocent and youthful perspective.</inlineChoice></inlineChoiceInteraction></p>
    </div>
    <choiceInteraction maxChoices="1" responseIdentifier="RESPONSE400" shuffle="false">
      <prompt>Part B<br/> Which evidence from Selection 1 supports the answer in Part A?<br/></prompt>
      <simpleChoice fixed="true" identifier="SC-6839">
        <p>"How he lived, and toiled, and suffered, / That the tribes of men might prosper,"</p>
      </simpleChoice>
      <simpleChoice fixed="true" identifier="SC-6838">
        <p>"Ye whose hearts are fresh and simple, / Who have faith in God and Nature,"</p>
      </simpleChoice>
      <simpleChoice fixed="true" identifier="SC-6836">
        <p>"That the feeble hands and helpless, / Groping blindly in the darkness,"</p>
      </simpleChoice>
      <simpleChoice fixed="true" identifier="SC-6837">
        <p>"Full of all the tender pathos / Of the Here and the Hereafter;"</p>
      </simpleChoice>
    </choiceInteraction>
  </itemBody>
  <responseProcessing>
    <responseCondition>
      <responseIf>
        <match>
          <variable identifier="RESPONSE398"/>
          <correct identifier="RESPONSE398"/>
        </match>
        <setOutcomeValue identifier="SCORE398">
          <baseValue baseType="float">1</baseValue>
        </setOutcomeValue>
      </responseIf>
      <responseElse>
        <setOutcomeValue identifier="SCORE398">
          <baseValue baseType="float">0</baseValue>
        </setOutcomeValue>
      </responseElse>
    </responseCondition>
    <responseCondition>
      <responseIf>
        <match>
          <variable identifier="RESPONSE400"/>
          <correct identifier="RESPONSE400"/>
        </match>
        <setOutcomeValue identifier="SCORE400">
          <baseValue baseType="float">1</baseValue>
        </setOutcomeValue>
      </responseIf>
      <responseElse>
        <setOutcomeValue identifier="SCORE400">
          <baseValue baseType="float">0</baseValue>
        </setOutcomeValue>
      </responseElse>
    </responseCondition>
    <setOutcomeValue identifier="SCORE">
      <sum>
        <variable identifier="SCORE398"/>
        <variable identifier="SCORE400"/>
      </sum>
    </setOutcomeValue>
  </responseProcessing>
</assessmentItem>
