<?xml version="1.0"?>
<assessmentItem adaptive="false" identifier="ITEM-LOGIC-KS-973" timeDependent="false" title="Select all statements that are true." toolName="ItemLogic" toolVersion="2.0.0" xmlns="http://www.imsglobal.org/xsd/imsqti_v2p1" xmlns:m="http://www.w3.org/1998/Math/MathML" xmlns:xsi="http://www.w3.org/2001/XMLSchema-instance" xsi:schemaLocation="http://www.imsglobal.org/xsd/imsqti_v2p1  http://www.imsglobal.org/xsd/qti/qtiv2p1/imsqti_v2p1.xsd">
  <responseDeclaration baseType="identifier" cardinality="multiple" identifier="RESPONSE982">
    <correctResponse>
      <value>SC-16990</value>
    </correctResponse>
  </responseDeclaration>
  <responseDeclaration baseType="identifier" cardinality="multiple" identifier="RESPONSE983">
    <correctResponse>
      <value>HS-16979</value>
    </correctResponse>
  </responseDeclaration>
  <outcomeDeclaration baseType="float" cardinality="single" identifier="SCORE982">
    <defaultValue>
      <value>0</value>
    </defaultValue>
  </outcomeDeclaration>
  <outcomeDeclaration baseType="float" cardinality="single" identifier="SCORE983">
    <defaultValue>
      <value>0</value>
    </defaultValue>
  </outcomeDeclaration>
  <outcomeDeclaration baseType="float" cardinality="single" identifier="SCORE">
    <defaultValue>
      <value>0</value>
    </defaultValue>
  </outcomeDeclaration>
  <stylesheet href="../styles/bundled.css" type="text/css"/>
  <stylesheet href="../styles/inline.css" type="text/css"/>
  <itemBody>
    <rubricBlock use="stimulus" view="candidate author proctor scorer testConstructor tutor">
      <div>
        <p>Students in four different high school statistics classes took a test. The histograms show the distribution of their test scores.</p>
        <p>
          <object data="../images/stat-histo-stimulus@2x_73c8ff7ba0.png" height="400" type="image/png" width="400"/>
        </p>
      </div>
    </rubricBlock>
    <choiceInteraction maxChoices="0" responseIdentifier="RESPONSE982" shuffle="false">
      <prompt>Select all statements that are true.<br/></prompt>
      <simpleChoice fixed="true" identifier="SC-16986">
        <p>All four classes had different mean scores.</p>
      </simpleChoice>
      <simpleChoice fixed="true" identifier="SC-16987">
        <p>The third period class had the greatest mean score.</p>
      </simpleChoice>
      <simpleChoice fixed="true" identifier="SC-16988">
        <p>The fourth-period class had test grades with the least variability.</p>
      </simpleChoice>
      <simpleChoice fixed="true" identifier="SC-16989">
        <p>The second-period class had test grades that would be considered outliers.</p>
      </simpleChoice>
      <simpleChoice fixed="true" identifier="SC-16990">
        <p>All four classes had mean scores that were approximately the same as their median scores.</p>
      </simpleChoice>
    </choiceInteraction>
    <hotspotInteraction maxChoices="0" responseIdentifier="RESPONSE983">
      <prompt>Select the histogram that has the least number of student test scores at the median test score.<br/></prompt>
      <object data="../images/stat-histo@2x_o_62c5e2e22a.png" height="500" type="image/png" width="500"/>
      <hotspotChoice coords="14,37,242,257" identifier="HS-16978" shape="rect"/>
      <hotspotChoice coords="251,36,479,256" identifier="HS-16979" shape="rect"/>
      <hotspotChoice coords="13,268,241,488" identifier="HS-16980" shape="rect"/>
      <hotspotChoice coords="251,268,479,488" identifier="HS-16981" shape="rect"/>
    </hotspotInteraction>
  </itemBody>
  <responseProcessing>
    <responseCondition>
      <responseIf>
        <match>
          <variable identifier="RESPONSE982"/>
          <correct identifier="RESPONSE982"/>
        </match>
        <setOutcomeValue identifier="SCORE982">
          <baseValue baseType="float">1</baseValue>
        </setOutcomeValue>
      </responseIf>
      <responseElse>
        <setOutcomeValue identifier="SCORE982">
          <baseValue baseType="float">0</baseValue>
        </setOutcomeValue>
      </responseElse>
    </responseCondition>
    <responseCondition>
      <responseIf>
        <match>
          <variable identifier="RESPONSE983"/>
          <correct identifier="RESPONSE983"/>
        </match>
        <setOutcomeValue identifier="SCORE983">
          <baseValue baseType="float">1</baseValue>
        </setOutcomeValue>
      </responseIf>
      <responseElse>
        <setOutcomeValue identifier="SCORE983">
          <baseValue baseType="float">0</baseValue>
        </setOutcomeValue>
      </responseElse>
    </responseCondition>
    <setOutcomeValue identifier="SCORE">
      <sum>
        <variable identifier="SCORE982"/>
        <variable identifier="SCORE983"/>
      </sum>
    </setOutcomeValue>
  </responseProcessing>
</assessmentItem>
