<?xml version="1.0"?>
<assessmentItem adaptive="false" identifier="ITEM-LOGIC-MP-474" timeDependent="false" title="To show that the brain processes information even during sleep, scientists conducted an experiment u" toolName="ItemLogic" toolVersion="2.0.0" xmlns="http://www.imsglobal.org/xsd/imsqti_v2p1" xmlns:m="http://www.w3.org/1998/Math/MathML" xmlns:xsi="http://www.w3.org/2001/XMLSchema-instance" xsi:schemaLocation="http://www.imsglobal.org/xsd/imsqti_v2p1  http://www.imsglobal.org/xsd/qti/qtiv2p1/imsqti_v2p1.xsd">
  <responseDeclaration baseType="directedPair" cardinality="multiple" identifier="RESPONSE325">
    <correctResponse>
      <value>SAC-5741 SAC-5745</value>
      <value>SAC-5740 SAC-5744</value>
    </correctResponse>
  </responseDeclaration>
  <outcomeDeclaration baseType="float" cardinality="single" identifier="SCORE325">
    <defaultValue>
      <value>0</value>
    </defaultValue>
  </outcomeDeclaration>
  <outcomeDeclaration baseType="float" cardinality="single" identifier="SCORE">
    <defaultValue>
      <value>0</value>
    </defaultValue>
  </outcomeDeclaration>
  <stylesheet href="../styles/bundled.css" type="text/css"/>
  <stylesheet href="../styles/inline.css" type="text/css"/>
  <itemBody>
    <rubricBlock use="context" view="candidate author proctor scorer testConstructor tutor">
      <div>
        <object data="../passages/RSC-LOGIC-MP-991.html" type="text/html"/>
      </div>
    </rubricBlock>
    <matchInteraction maxAssociations="2" responseIdentifier="RESPONSE325" shuffle="false">
      <prompt>To show that the brain processes information even during sleep, scientists conducted an experiment using smells and sounds on sleeping volunteers. Match the actions with the results from the experiment.<br/></prompt>
      <simpleMatchSet>
        <simpleAssociableChoice identifier="SAC-5740" matchMax="1">
          <p>Hearing a musical tone and smelling a nice odor such as shampoo</p>
        </simpleAssociableChoice>
        <simpleAssociableChoice identifier="SAC-5741" matchMax="1">
          <p>Hearing a musical tone and smelling a bad odor such as rotting fish</p>
        </simpleAssociableChoice>
      </simpleMatchSet>
      <simpleMatchSet>
        <simpleAssociableChoice identifier="SAC-5745" matchMax="1">
          <p>Inhale briefly</p>
        </simpleAssociableChoice>
        <simpleAssociableChoice identifier="SAC-5744" matchMax="1">
          <p>Inhale deeply</p>
        </simpleAssociableChoice>
      </simpleMatchSet>
    </matchInteraction>
  </itemBody>
  <responseProcessing>
    <responseCondition>
      <responseIf>
        <match>
          <variable identifier="RESPONSE325"/>
          <correct identifier="RESPONSE325"/>
        </match>
        <setOutcomeValue identifier="SCORE325">
          <baseValue baseType="float">1</baseValue>
        </setOutcomeValue>
      </responseIf>
      <responseElse>
        <setOutcomeValue identifier="SCORE325">
          <baseValue baseType="float">0</baseValue>
        </setOutcomeValue>
      </responseElse>
    </responseCondition>
    <setOutcomeValue identifier="SCORE">
      <sum>
        <variable identifier="SCORE325"/>
      </sum>
    </setOutcomeValue>
  </responseProcessing>
</assessmentItem>
