<?xml version="1.0"?>
<assessmentItem adaptive="false" identifier="ITEM-LOGIC-MP-442" timeDependent="false" title="Select YES for each model or description that Ms. Jardin's students can use to show 40 percent and s" toolName="ItemLogic" toolVersion="2.0.0" xmlns="http://www.imsglobal.org/xsd/imsqti_v2p1" xmlns:m="http://www.w3.org/1998/Math/MathML" xmlns:xsi="http://www.w3.org/2001/XMLSchema-instance" xsi:schemaLocation="http://www.imsglobal.org/xsd/imsqti_v2p1  http://www.imsglobal.org/xsd/qti/qtiv2p1/imsqti_v2p1.xsd">
  <responseDeclaration baseType="identifier" cardinality="multiple" identifier="RESPONSE272">
    <correctResponse>
      <value>HT-7024</value>
      <value>HT-7027</value>
      <value>HT-7028</value>
      <value>HT-7030</value>
    </correctResponse>
  </responseDeclaration>
  <outcomeDeclaration baseType="float" cardinality="single" identifier="SCORE272">
    <defaultValue>
      <value>0</value>
    </defaultValue>
  </outcomeDeclaration>
  <outcomeDeclaration baseType="float" cardinality="single" identifier="SCORE">
    <defaultValue>
      <value>0</value>
    </defaultValue>
  </outcomeDeclaration>
  <stylesheet href="../styles/bundled.css" type="text/css"/>
  <stylesheet href="../styles/inline.css" type="text/css"/>
  <itemBody>
    <rubricBlock use="stimulus" view="candidate author proctor scorer testConstructor tutor">
      <div>
        <p>Ms. Jardin learned that 40 percent of the students in her class played on a sports team. The students in her class wrote models and descriptions to represent 40 percent.</p>
      </div>
    </rubricBlock>
    <hottextInteraction maxChoices="4" responseIdentifier="RESPONSE272">
      <prompt>Select YES for each model or description that Ms. Jardin's students can use to show 40 percent and select NO for each model or description that cannot be used to show 40 percent.<br/></prompt>
      <table class="style-ed6986e2ca3a3ce71370c3d367b3384d"> <tbody> <tr> <td class="style-0594fd93e2a95d4b5ade904927f9cdf8"> <strong>Model/Description</strong></td> <td class="style-25150780864b21cd93ec9cb82758edc1" colspan="2">  <strong>Answer</strong></td> </tr> <tr> <td class="style-25150780864b21cd93ec9cb82758edc1"> <object data="../images/FROERI442_Ratios_stem_01_ddd38cf403.png" height="206" type="image/png" width="188"/></td> <td class="style-25150780864b21cd93ec9cb82758edc1"><hottext identifier="HT-7024">YES</hottext></td> <td class="style-25150780864b21cd93ec9cb82758edc1"><hottext identifier="HT-7025">NO</hottext></td> </tr> <tr> <td class="style-25150780864b21cd93ec9cb82758edc1"> 4 out of 6</td> <td class="style-25150780864b21cd93ec9cb82758edc1"> <hottext identifier="HT-7026">YES</hottext></td> <td class="style-25150780864b21cd93ec9cb82758edc1"> <hottext identifier="HT-7027">NO</hottext></td> </tr> <tr> <td class="style-25150780864b21cd93ec9cb82758edc1"> <object data="../images/FROERI442_Ratios_stem_02_d10d474972.png" height="125" type="image/png" width="282"/></td> <td class="style-25150780864b21cd93ec9cb82758edc1"> <hottext identifier="HT-7028">YES</hottext></td> <td class="style-25150780864b21cd93ec9cb82758edc1"> <hottext identifier="HT-7029">NO</hottext></td> </tr> <tr> <td class="style-25150780864b21cd93ec9cb82758edc1"> <p>Part: 8</p> <p>Whole: 20</p> </td> <td class="style-25150780864b21cd93ec9cb82758edc1"><hottext identifier="HT-7030">YES</hottext></td> <td class="style-25150780864b21cd93ec9cb82758edc1"><hottext identifier="HT-7031">NO</hottext></td> </tr> </tbody> </table>
    </hottextInteraction>
  </itemBody>
  <responseProcessing>
    <responseCondition>
      <responseIf>
        <match>
          <variable identifier="RESPONSE272"/>
          <correct identifier="RESPONSE272"/>
        </match>
        <setOutcomeValue identifier="SCORE272">
          <baseValue baseType="float">1</baseValue>
        </setOutcomeValue>
      </responseIf>
      <responseElse>
        <setOutcomeValue identifier="SCORE272">
          <baseValue baseType="float">0</baseValue>
        </setOutcomeValue>
      </responseElse>
    </responseCondition>
    <setOutcomeValue identifier="SCORE">
      <sum>
        <variable identifier="SCORE272"/>
      </sum>
    </setOutcomeValue>
  </responseProcessing>
</assessmentItem>
