<?xml version="1.0"?>
<assessmentItem adaptive="false" identifier="ITEM-LOGIC-MP-245" timeDependent="false" title="Select the survey in which the least number of people rode on a bus instead of in a car." toolName="ItemLogic" toolVersion="2.0.0" xmlns="http://www.imsglobal.org/xsd/imsqti_v2p1" xmlns:m="http://www.w3.org/1998/Math/MathML" xmlns:xsi="http://www.w3.org/2001/XMLSchema-instance" xsi:schemaLocation="http://www.imsglobal.org/xsd/imsqti_v2p1  http://www.imsglobal.org/xsd/qti/qtiv2p1/imsqti_v2p1.xsd">
  <responseDeclaration baseType="identifier" cardinality="multiple" identifier="RESPONSE95">
    <correctResponse>
      <value>HT-3836</value>
    </correctResponse>
  </responseDeclaration>
  <outcomeDeclaration baseType="float" cardinality="single" identifier="SCORE95">
    <defaultValue>
      <value>0</value>
    </defaultValue>
  </outcomeDeclaration>
  <outcomeDeclaration baseType="float" cardinality="single" identifier="SCORE">
    <defaultValue>
      <value>0</value>
    </defaultValue>
  </outcomeDeclaration>
  <stylesheet href="../styles/bundled.css" type="text/css"/>
  <stylesheet href="../styles/inline.css" type="text/css"/>
  <itemBody>
    <rubricBlock use="stimulus" view="candidate author proctor scorer testConstructor tutor">
      <div>
        <p>Jack, Boden, and Crystal each created a random survey for two different populations. For each sample population surveyed, they found the number of people who rode to school on a bus rather than in a car. The survey results are shown below.</p>
      </div>
    </rubricBlock>
    <hottextInteraction maxChoices="0" responseIdentifier="RESPONSE95">
      <prompt>Select the survey in which the least number of people rode on a bus instead of in a car.<br/></prompt>
      <table class="style-a3f303f2f8a08e1dfaa5bdde04c0641d"> <tbody> <tr> <td class="style-25150780864b21cd93ec9cb82758edc1"><strong>Student</strong></td> <td class="style-25150780864b21cd93ec9cb82758edc1"><strong>Survey Results</strong></td> </tr> <tr> <td class="style-25150780864b21cd93ec9cb82758edc1">Jack</td> <td class="style-25150780864b21cd93ec9cb82758edc1"><hottext identifier="HT-3834">24 out of 75</hottext></td> </tr> <tr> <td class="style-25150780864b21cd93ec9cb82758edc1">Boden</td> <td class="style-25150780864b21cd93ec9cb82758edc1"><hottext identifier="HT-3835">25% of 80</hottext></td> </tr> <tr> <td class="style-25150780864b21cd93ec9cb82758edc1">Crystal</td> <td class="style-25150780864b21cd93ec9cb82758edc1"><hottext identifier="HT-3836">0.02 of 50</hottext></td> </tr> </tbody> </table>
    </hottextInteraction>
  </itemBody>
  <responseProcessing>
    <responseCondition>
      <responseIf>
        <match>
          <variable identifier="RESPONSE95"/>
          <correct identifier="RESPONSE95"/>
        </match>
        <setOutcomeValue identifier="SCORE95">
          <baseValue baseType="float">1</baseValue>
        </setOutcomeValue>
      </responseIf>
      <responseElse>
        <setOutcomeValue identifier="SCORE95">
          <baseValue baseType="float">0</baseValue>
        </setOutcomeValue>
      </responseElse>
    </responseCondition>
    <setOutcomeValue identifier="SCORE">
      <sum>
        <variable identifier="SCORE95"/>
      </sum>
    </setOutcomeValue>
  </responseProcessing>
</assessmentItem>
