<?xml version="1.0"?>
<assessmentItem adaptive="false" identifier="ITEM-LOGIC-MP-208" timeDependent="false" title="Drag a number to the missing side of each triangle on the grid to represent the length of that side " toolName="ItemLogic" toolVersion="2.0.0" xmlns="http://www.imsglobal.org/xsd/imsqti_v2p1" xmlns:m="http://www.w3.org/1998/Math/MathML" xmlns:xsi="http://www.w3.org/2001/XMLSchema-instance" xsi:schemaLocation="http://www.imsglobal.org/xsd/imsqti_v2p1  http://www.imsglobal.org/xsd/qti/qtiv2p1/imsqti_v2p1.xsd">
  <responseDeclaration baseType="directedPair" cardinality="multiple" identifier="RESPONSE38">
    <correctResponse>
      <value>GI-16860 HS-16853</value>
      <value>GI-16856 HS-16855</value>
    </correctResponse>
    <mapping defaultValue="-1.00" lowerBound="0.00" upperBound="2.00">
      <mapEntry mapKey="GI-16860 HS-16853" mappedValue="1.00"/>
      <mapEntry mapKey="GI-16856 HS-16855" mappedValue="1.00"/>
    </mapping>
  </responseDeclaration>
  <outcomeDeclaration baseType="float" cardinality="single" identifier="SCORE38">
    <defaultValue>
      <value>0</value>
    </defaultValue>
  </outcomeDeclaration>
  <outcomeDeclaration baseType="float" cardinality="single" identifier="SCORE">
    <defaultValue>
      <value>0</value>
    </defaultValue>
  </outcomeDeclaration>
  <stylesheet href="../styles/bundled.css" type="text/css"/>
  <stylesheet href="../styles/inline.css" type="text/css"/>
  <itemBody>
    <rubricBlock use="stimulus" view="candidate author proctor scorer testConstructor tutor">
      <div>
        <p>Shari is designing two rock-climbing walls. She draws Figure 1 and Figure 2 on this coordinate grid to represent part of each wall. One unit on the grid is equal to two feet.</p>
      </div>
    </rubricBlock>
    <graphicGapMatchInteraction responseIdentifier="RESPONSE38">
      <prompt>Drag a number to the missing side of each triangle on the grid to represent the length of that side in feet.<br/></prompt>
      <object data="../images/FROERI001_RockClimbing_stem_01_o_bd8b553be6.png" height="502" type="image/png" width="397"/>
      <gapImg identifier="GI-16856" matchMax="1">
        <object data="../images/FROERI001_RockClimbing_opt_a01_o_fee34d8a5d.png" height="31" type="image/png" width="51"/>
      </gapImg>
      <gapImg identifier="GI-16858" matchMax="1">
        <object data="../images/FROERI001_RockClimbing_opt_b01_o_3073969a5b.png" height="31" type="image/png" width="51"/>
      </gapImg>
      <gapImg identifier="GI-16859" matchMax="1">
        <object data="../images/FROERI001_RockClimbing_opt_c01_o_95f2451cea.png" height="31" type="image/png" width="51"/>
      </gapImg>
      <gapImg identifier="GI-16860" matchMax="1">
        <object data="../images/FROERI001_RockClimbing_opt_d01_o_444ba40455.png" height="31" type="image/png" width="51"/>
      </gapImg>
      <gapImg identifier="GI-16861" matchMax="1">
        <object data="../images/FROERI001_RockClimbing_opt_e01_o_21435be336.png" height="31" type="image/png" width="51"/>
      </gapImg>
      <gapImg identifier="GI-16862" matchMax="1">
        <object data="../images/FROERI001_RockClimbing_opt_f01_o_c0853ae54f.png" height="31" type="image/png" width="51"/>
      </gapImg>
      <associableHotspot coords="169,94,229,134" identifier="HS-16853" matchMax="1" shape="rect"/>
      <associableHotspot coords="312,272,372,312" identifier="HS-16855" matchMax="1" shape="rect"/>
    </graphicGapMatchInteraction>
  </itemBody>
  <responseProcessing>
    <responseCondition>
      <responseIf>
        <isNull>
          <variable identifier="RESPONSE38"/>
        </isNull>
        <setOutcomeValue identifier="SCORE38">
          <baseValue baseType="float">0.0</baseValue>
        </setOutcomeValue>
      </responseIf>
      <responseElse>
        <setOutcomeValue identifier="SCORE38">
          <mapResponse identifier="RESPONSE38"/>
        </setOutcomeValue>
      </responseElse>
    </responseCondition>
    <setOutcomeValue identifier="SCORE">
      <sum>
        <variable identifier="SCORE38"/>
      </sum>
    </setOutcomeValue>
  </responseProcessing>
</assessmentItem>
