<?xml version="1.0"?>
<assessmentItem adaptive="false" identifier="ITEM-LOGIC-MP-434" timeDependent="false" title="John James considered himself a naturalist, someone who studies the habits and behaviors of animals " toolName="ItemLogic" toolVersion="2.0.0" xmlns="http://www.imsglobal.org/xsd/imsqti_v2p1" xmlns:m="http://www.w3.org/1998/Math/MathML" xmlns:xsi="http://www.w3.org/2001/XMLSchema-instance" xsi:schemaLocation="http://www.imsglobal.org/xsd/imsqti_v2p1  http://www.imsglobal.org/xsd/qti/qtiv2p1/imsqti_v2p1.xsd">
  <responseDeclaration baseType="directedPair" cardinality="multiple" identifier="RESPONSE257">
    <correctResponse>
      <value>GI-5947 HS-5957</value>
      <value>GI-5950 HS-5954</value>
      <value>GI-5951 HS-5956</value>
      <value>GI-5952 HS-5955</value>
    </correctResponse>
    <mapping defaultValue="-1.00" lowerBound="0.00" upperBound="2.00">
      <mapEntry mapKey="GI-5947 HS-5957" mappedValue="0.50"/>
      <mapEntry mapKey="GI-5950 HS-5954" mappedValue="0.50"/>
      <mapEntry mapKey="GI-5951 HS-5956" mappedValue="0.50"/>
      <mapEntry mapKey="GI-5952 HS-5955" mappedValue="0.50"/>
    </mapping>
  </responseDeclaration>
  <outcomeDeclaration baseType="float" cardinality="single" identifier="SCORE257">
    <defaultValue>
      <value>0</value>
    </defaultValue>
  </outcomeDeclaration>
  <outcomeDeclaration baseType="float" cardinality="single" identifier="SCORE">
    <defaultValue>
      <value>0</value>
    </defaultValue>
  </outcomeDeclaration>
  <stylesheet href="../styles/bundled.css" type="text/css"/>
  <stylesheet href="../styles/inline.css" type="text/css"/>
  <itemBody>
    <rubricBlock use="context" view="candidate author proctor scorer testConstructor tutor">
      <div>
        <object data="../passages/RSC-LOGIC-MP-979.html" type="text/html"/>
      </div>
    </rubricBlock>
    <graphicGapMatchInteraction responseIdentifier="RESPONSE257">
      <prompt>John James considered himself a naturalist, someone who studies the habits and behaviors of animals and plants in nature.<br/> Select the details that would be included in a summary about John James&#x2019;s activities that showed he was a naturalist. Put John James's activities in the order in which they happened in the selection.<br/></prompt>
      <object data="../images/HAMDEB403_John_James_stem_01_o_9985555d6f.png" height="296" type="image/png" width="390"/>
      <gapImg identifier="GI-5947" matchMax="1">
        <object data="../images/HAMDEB403_John_James_opt_A01_o_ba4a70f952.png" height="52" type="image/png" width="369"/>
      </gapImg>
      <gapImg identifier="GI-7577" matchMax="1">
        <object data="../images/HAMDEB403_John_James_opt_B01_o_84eb1e7d5d.png" height="53" type="image/png" width="369"/>
      </gapImg>
      <gapImg identifier="GI-5949" matchMax="1">
        <object data="../images/HAMDEB403_John_James_opt_C01_o_dbe9b014ba.png" height="52" type="image/png" width="369"/>
      </gapImg>
      <gapImg identifier="GI-5950" matchMax="1">
        <object data="../images/HAMDEB403_John_James_opt_D01_o_409dbceeb6.png" height="53" type="image/png" width="369"/>
      </gapImg>
      <gapImg identifier="GI-5951" matchMax="1">
        <object data="../images/HAMDEB403_John_James_opt_E01_o_e0cd9f7898.png" height="52" type="image/png" width="369"/>
      </gapImg>
      <gapImg identifier="GI-5952" matchMax="1">
        <object data="../images/HAMDEB403_John_James_opt_F01_o_6ba56e6791.png" height="52" type="image/png" width="369"/>
      </gapImg>
      <gapImg identifier="GI-7185" matchMax="1">
        <object data="../images/HAMDEB403_John_James_opt_G01_o_45f0033a04.png" height="53" type="image/png" width="369"/>
      </gapImg>
      <associableHotspot coords="12,62,381,115" identifier="HS-5954" matchMax="1" shape="rect"/>
      <associableHotspot coords="10,123,379,176" identifier="HS-5955" matchMax="1" shape="rect"/>
      <associableHotspot coords="9,180,378,233" identifier="HS-5956" matchMax="1" shape="rect"/>
      <associableHotspot coords="10,237,379,290" identifier="HS-5957" matchMax="1" shape="rect"/>
    </graphicGapMatchInteraction>
  </itemBody>
  <responseProcessing>
    <responseCondition>
      <responseIf>
        <isNull>
          <variable identifier="RESPONSE257"/>
        </isNull>
        <setOutcomeValue identifier="SCORE257">
          <baseValue baseType="float">0.0</baseValue>
        </setOutcomeValue>
      </responseIf>
      <responseElse>
        <setOutcomeValue identifier="SCORE257">
          <mapResponse identifier="RESPONSE257"/>
        </setOutcomeValue>
      </responseElse>
    </responseCondition>
    <setOutcomeValue identifier="SCORE">
      <sum>
        <variable identifier="SCORE257"/>
      </sum>
    </setOutcomeValue>
  </responseProcessing>
</assessmentItem>
