<?xml version="1.0"?>
<assessmentItem adaptive="false" identifier="ITEM-LOGIC-MP-234" timeDependent="false" title="Drag numbers into the boxes to write an expression that represents 1 less than 8 multiplied by the p" toolName="ItemLogic" toolVersion="2.0.0" xmlns="http://www.imsglobal.org/xsd/imsqti_v2p1" xmlns:m="http://www.w3.org/1998/Math/MathML" xmlns:xsi="http://www.w3.org/2001/XMLSchema-instance" xsi:schemaLocation="http://www.imsglobal.org/xsd/imsqti_v2p1  http://www.imsglobal.org/xsd/qti/qtiv2p1/imsqti_v2p1.xsd">
  <responseDeclaration baseType="directedPair" cardinality="multiple" identifier="RESPONSE72">
    <correctResponse>
      <value>GI-2956 HS-3990</value>
      <value>GI-2949 HS-3991</value>
      <value>GI-2951 HS-3992</value>
    </correctResponse>
  </responseDeclaration>
  <outcomeDeclaration baseType="float" cardinality="single" identifier="SCORE72">
    <defaultValue>
      <value>0</value>
    </defaultValue>
  </outcomeDeclaration>
  <outcomeDeclaration baseType="float" cardinality="single" identifier="SCORE">
    <defaultValue>
      <value>0</value>
    </defaultValue>
  </outcomeDeclaration>
  <stylesheet href="../styles/bundled.css" type="text/css"/>
  <stylesheet href="../styles/inline.css" type="text/css"/>
  <itemBody>
    <graphicGapMatchInteraction responseIdentifier="RESPONSE72">
      <prompt>Drag numbers into the boxes to write an expression that represents <em>1 less than 8 multiplied by the product of 2 and 3. </em><br/></prompt>
      <object data="../images/FROERI034_Expression_stem_01_o_c9a867ed4d.png" height="33" type="image/png" width="213"/>
      <gapImg identifier="GI-2949" matchMax="1">
        <object data="../images/FROERI034_Expression_opt_A01_o_0515860b5f.png" height="21" type="image/png" width="23"/>
      </gapImg>
      <gapImg identifier="GI-2950" matchMax="1">
        <object data="../images/FROERI034_Expression_opt_B01_o_76ec01d784.png" height="21" type="image/png" width="23"/>
      </gapImg>
      <gapImg identifier="GI-2951" matchMax="1">
        <object data="../images/FROERI034_Expression_opt_C01_o_7ade5bbfc7.png" height="21" type="image/png" width="23"/>
      </gapImg>
      <gapImg identifier="GI-2952" matchMax="1">
        <object data="../images/FROERI034_Expression_opt_D01_o_e5e6ed5cb6.png" height="21" type="image/png" width="23"/>
      </gapImg>
      <gapImg identifier="GI-2953" matchMax="1">
        <object data="../images/FROERI034_Expression_opt_E01_o_a2775e69f8.png" height="21" type="image/png" width="23"/>
      </gapImg>
      <gapImg identifier="GI-2954" matchMax="1">
        <object data="../images/FROERI034_Expression_opt_F01_o_bad7184675.png" height="21" type="image/png" width="23"/>
      </gapImg>
      <gapImg identifier="GI-2955" matchMax="1">
        <object data="../images/FROERI034_Expression_opt_G01_o_4f91427dfa.png" height="21" type="image/png" width="23"/>
      </gapImg>
      <gapImg identifier="GI-2956" matchMax="1">
        <object data="../images/FROERI034_Expression_opt_H01_o_8837124da7.png" height="21" type="image/png" width="23"/>
      </gapImg>
      <gapImg identifier="GI-2957" matchMax="1">
        <object data="../images/FROERI034_Expression_opt_I01_o_cbfbd068f6.png" height="21" type="image/png" width="23"/>
      </gapImg>
      <gapImg identifier="GI-2958" matchMax="1">
        <object data="../images/FROERI034_Expression_opt_J01_o_2b37480dd3.png" height="21" type="image/png" width="23"/>
      </gapImg>
      <associableHotspot coords="14,5,37,26" identifier="HS-3990" matchMax="1" shape="rect"/>
      <associableHotspot coords="71,5,94,26" identifier="HS-3991" matchMax="1" shape="rect"/>
      <associableHotspot coords="174,5,197,26" identifier="HS-3992" matchMax="1" shape="rect"/>
    </graphicGapMatchInteraction>
  </itemBody>
  <responseProcessing>
    <responseCondition>
      <responseIf>
        <match>
          <variable identifier="RESPONSE72"/>
          <correct identifier="RESPONSE72"/>
        </match>
        <setOutcomeValue identifier="SCORE72">
          <baseValue baseType="float">1</baseValue>
        </setOutcomeValue>
      </responseIf>
      <responseElse>
        <setOutcomeValue identifier="SCORE72">
          <baseValue baseType="float">0</baseValue>
        </setOutcomeValue>
      </responseElse>
    </responseCondition>
    <setOutcomeValue identifier="SCORE">
      <sum>
        <variable identifier="SCORE72"/>
      </sum>
    </setOutcomeValue>
  </responseProcessing>
</assessmentItem>
