<?xml version="1.0"?>
<assessmentItem adaptive="false" identifier="ITEM-LOGIC-KS-819" timeDependent="false" title="Order the following numbers from greatest to least." toolName="ItemLogic" toolVersion="2.0.0" xmlns="http://www.imsglobal.org/xsd/imsqti_v2p1" xmlns:m="http://www.w3.org/1998/Math/MathML" xmlns:xsi="http://www.w3.org/2001/XMLSchema-instance" xsi:schemaLocation="http://www.imsglobal.org/xsd/imsqti_v2p1  http://www.imsglobal.org/xsd/qti/qtiv2p1/imsqti_v2p1.xsd">
  <responseDeclaration baseType="identifier" cardinality="ordered" identifier="RESPONSE815">
    <correctResponse>
      <value>SC-13929</value>
      <value>SC-13931</value>
      <value>SC-13932</value>
      <value>SC-13935</value>
      <value>SC-13928</value>
    </correctResponse>
  </responseDeclaration>
  <responseDeclaration baseType="identifier" cardinality="single" identifier="RESPONSE816">
    <correctResponse>
      <value>SC-13944</value>
    </correctResponse>
  </responseDeclaration>
  <outcomeDeclaration baseType="float" cardinality="single" identifier="SCORE815">
    <defaultValue>
      <value>0</value>
    </defaultValue>
  </outcomeDeclaration>
  <outcomeDeclaration baseType="float" cardinality="single" identifier="SCORE816">
    <defaultValue>
      <value>0</value>
    </defaultValue>
  </outcomeDeclaration>
  <outcomeDeclaration baseType="float" cardinality="single" identifier="SCORE">
    <defaultValue>
      <value>0</value>
    </defaultValue>
  </outcomeDeclaration>
  <stylesheet href="../styles/bundled.css" type="text/css"/>
  <stylesheet href="../styles/inline.css" type="text/css"/>
  <itemBody>
    <orderInteraction orientation="vertical" responseIdentifier="RESPONSE815" shuffle="false" xmlns:default="http://www.w3.org/1998/Math/MathML">
      <prompt>Order the following numbers from greatest to least.<br/></prompt>
      <simpleChoice identifier="SC-13928" xmlns:default="http://www.w3.org/1998/Math/MathML">
        <p xmlns:default="http://www.w3.org/1998/Math/MathML">
          <m:math xmlns="http://www.w3.org/1998/Math/MathML">   <m:mo>&#x2212;<!-- − --></m:mo>   <m:mn>4</m:mn>   <m:mfrac>     <m:mn>1</m:mn>     <m:mn>2</m:mn>   </m:mfrac> </m:math>
        </p>
      </simpleChoice>
      <simpleChoice identifier="SC-13931" xmlns:default="http://www.w3.org/1998/Math/MathML">
        <m:math xmlns="http://www.w3.org/1998/Math/MathML">   <m:mrow>     <m:mo>|</m:mo>     <m:mn>3.7</m:mn>     <m:mo>|</m:mo>   </m:mrow> </m:math>
      </simpleChoice>
      <simpleChoice identifier="SC-13929" xmlns:default="http://www.w3.org/1998/Math/MathML">
        <m:math xmlns="http://www.w3.org/1998/Math/MathML">   <m:mrow>     <m:mo>|</m:mo>     <m:mo>&#x2212;<!-- âˆ’ --></m:mo>     <m:mn>4</m:mn>     <m:mo>|</m:mo>   </m:mrow> </m:math>
      </simpleChoice>
      <simpleChoice identifier="SC-13932" xmlns:default="http://www.w3.org/1998/Math/MathML">
        <m:math xmlns="http://www.w3.org/1998/Math/MathML">   <m:mn>3</m:mn>   <m:mfrac>     <m:mn>1</m:mn>     <m:mn>3</m:mn>   </m:mfrac> </m:math>
      </simpleChoice>
      <simpleChoice identifier="SC-13935" xmlns:default="http://www.w3.org/1998/Math/MathML">
        <p xmlns:default="http://www.w3.org/1998/Math/MathML">
          <m:math xmlns="http://www.w3.org/1998/Math/MathML">   <m:mo>&#x2212;<!-- − --></m:mo>   <m:mrow>     <m:mo>|</m:mo>     <m:mn>4.2</m:mn>     <m:mo>|</m:mo>   </m:mrow> </m:math>
        </p>
      </simpleChoice>
    </orderInteraction>
    <choiceInteraction maxChoices="1" responseIdentifier="RESPONSE816" shuffle="false" xmlns:default="http://www.w3.org/1998/Math/MathML">
      <prompt>Ebony is plotting numbers on a number line. Which statement is true?<br/></prompt>
      <simpleChoice fixed="true" identifier="SC-13942" xmlns:default="http://www.w3.org/1998/Math/MathML">
        <p xmlns:default="http://www.w3.org/1998/Math/MathML"><m:math xmlns="http://www.w3.org/1998/Math/MathML">   <m:mrow>     <m:mo>|</m:mo>     <m:mn>30</m:mn>     <m:mo>|</m:mo>   </m:mrow> </m:math>&#xA0;is located 30 units to the left of 0.</p>
      </simpleChoice>
      <simpleChoice fixed="true" identifier="SC-13943" xmlns:default="http://www.w3.org/1998/Math/MathML">
        <p xmlns:default="http://www.w3.org/1998/Math/MathML"><m:math xmlns="http://www.w3.org/1998/Math/MathML">   <m:mrow>     <m:mo>|</m:mo>     <m:mo>&#x2212;<!-- − --></m:mo>     <m:mn>30</m:mn>     <m:mo>|</m:mo>   </m:mrow> </m:math>&#xA0;is located 30 units to the left of 0.</p>
      </simpleChoice>
      <simpleChoice fixed="true" identifier="SC-13944" xmlns:default="http://www.w3.org/1998/Math/MathML">
        <p xmlns:default="http://www.w3.org/1998/Math/MathML"><m:math xmlns="http://www.w3.org/1998/Math/MathML">   <m:mrow>     <m:mo>|</m:mo>     <m:mo>&#x2212;<!-- − --></m:mo>     <m:mn>15</m:mn>     <m:mo>|</m:mo>   </m:mrow> </m:math>&#xA0;is located 15 units to the right of 0.</p>
      </simpleChoice>
      <simpleChoice fixed="true" identifier="SC-13945" xmlns:default="http://www.w3.org/1998/Math/MathML">
        <p xmlns:default="http://www.w3.org/1998/Math/MathML"><m:math xmlns="http://www.w3.org/1998/Math/MathML">   <m:mo>&#x2212;<!-- − --></m:mo>   <m:mrow>     <m:mo>|</m:mo>     <m:mn>15</m:mn>     <m:mo>|</m:mo>   </m:mrow> </m:math>&#xA0;is located 15 units to the right of 0.</p>
      </simpleChoice>
    </choiceInteraction>
  </itemBody>
  <responseProcessing>
    <responseCondition>
      <responseIf>
        <match>
          <variable identifier="RESPONSE815"/>
          <correct identifier="RESPONSE815"/>
        </match>
        <setOutcomeValue identifier="SCORE815">
          <baseValue baseType="float">1</baseValue>
        </setOutcomeValue>
      </responseIf>
      <responseElse>
        <setOutcomeValue identifier="SCORE815">
          <baseValue baseType="float">0</baseValue>
        </setOutcomeValue>
      </responseElse>
    </responseCondition>
    <responseCondition>
      <responseIf>
        <match>
          <variable identifier="RESPONSE816"/>
          <correct identifier="RESPONSE816"/>
        </match>
        <setOutcomeValue identifier="SCORE816">
          <baseValue baseType="float">1</baseValue>
        </setOutcomeValue>
      </responseIf>
      <responseElse>
        <setOutcomeValue identifier="SCORE816">
          <baseValue baseType="float">0</baseValue>
        </setOutcomeValue>
      </responseElse>
    </responseCondition>
    <setOutcomeValue identifier="SCORE">
      <sum>
        <variable identifier="SCORE815"/>
        <variable identifier="SCORE816"/>
      </sum>
    </setOutcomeValue>
  </responseProcessing>
</assessmentItem>
