<?xml version="1.0"?>
<assessmentItem adaptive="false" identifier="ITEM-LOGIC-KS-743" timeDependent="false" title="Rearrange the sentences into the order in which the information is presented in the text." toolName="ItemLogic" toolVersion="2.0.0" xmlns="http://www.imsglobal.org/xsd/imsqti_v2p1" xmlns:m="http://www.w3.org/1998/Math/MathML" xmlns:xsi="http://www.w3.org/2001/XMLSchema-instance" xsi:schemaLocation="http://www.imsglobal.org/xsd/imsqti_v2p1  http://www.imsglobal.org/xsd/qti/qtiv2p1/imsqti_v2p1.xsd">
  <responseDeclaration baseType="identifier" cardinality="ordered" identifier="RESPONSE695">
    <correctResponse>
      <value>SC-11303</value>
      <value>SC-11304</value>
      <value>SC-11305</value>
      <value>SC-11308</value>
      <value>SC-11307</value>
      <value>SC-11306</value>
    </correctResponse>
  </responseDeclaration>
  <outcomeDeclaration baseType="float" cardinality="single" identifier="SCORE695">
    <defaultValue>
      <value>0</value>
    </defaultValue>
  </outcomeDeclaration>
  <outcomeDeclaration baseType="float" cardinality="single" identifier="SCORE">
    <defaultValue>
      <value>0</value>
    </defaultValue>
  </outcomeDeclaration>
  <stylesheet href="../styles/bundled.css" type="text/css"/>
  <stylesheet href="../styles/inline.css" type="text/css"/>
  <itemBody>
    <rubricBlock use="context" view="candidate author proctor scorer testConstructor tutor">
      <div>
        <object data="../passages/RSC-LOGIC-KS-2174.html" type="text/html"/>
      </div>
    </rubricBlock>
    <rubricBlock use="stimulus" view="candidate author proctor scorer testConstructor tutor">
      <div>
        <p>The sentences below summarize the information presented in <em>Skunk Spray</em>.</p>
      </div>
    </rubricBlock>
    <orderInteraction orientation="vertical" responseIdentifier="RESPONSE695" shuffle="false">
      <prompt>Rearrange the sentences into the order in which the information is presented in the text.<br/></prompt>
      <simpleChoice identifier="SC-11306">
        <p>Luckily, there are ways to keep skunks away from your home.</p>
      </simpleChoice>
      <simpleChoice identifier="SC-11303">
        <p>Skunks can be found all over North America, but most people have never been sprayed by one. </p>
      </simpleChoice>
      <simpleChoice identifier="SC-11305">
        <p>Skunks give plenty of warning signs before they spray their sour spray.</p>
      </simpleChoice>
      <simpleChoice identifier="SC-11304">
        <p>They have common features that make them easy to spot, such as black and white fur and bushy tails.</p>
      </simpleChoice>
      <simpleChoice identifier="SC-11307">
        <p>If someone gets sprayed by a skunk, they may bathe in vinegar or tomato juice.</p>
      </simpleChoice>
      <simpleChoice identifier="SC-11308">
        <p>For example, they hiss and growl and even do handstands.</p>
      </simpleChoice>
    </orderInteraction>
  </itemBody>
  <responseProcessing>
    <responseCondition>
      <responseIf>
        <match>
          <variable identifier="RESPONSE695"/>
          <correct identifier="RESPONSE695"/>
        </match>
        <setOutcomeValue identifier="SCORE695">
          <baseValue baseType="float">1</baseValue>
        </setOutcomeValue>
      </responseIf>
      <responseElse>
        <setOutcomeValue identifier="SCORE695">
          <baseValue baseType="float">0</baseValue>
        </setOutcomeValue>
      </responseElse>
    </responseCondition>
    <setOutcomeValue identifier="SCORE">
      <sum>
        <variable identifier="SCORE695"/>
      </sum>
    </setOutcomeValue>
  </responseProcessing>
</assessmentItem>
