<?xml version="1.0"?>
<assessmentItem adaptive="false" identifier="ITEM-LOGIC-MP-377" timeDependent="false" title="Match each equation with the word problem it represents." toolName="ItemLogic" toolVersion="2.0.0" xmlns="http://www.imsglobal.org/xsd/imsqti_v2p1" xmlns:m="http://www.w3.org/1998/Math/MathML" xmlns:xsi="http://www.w3.org/2001/XMLSchema-instance" xsi:schemaLocation="http://www.imsglobal.org/xsd/imsqti_v2p1  http://www.imsglobal.org/xsd/qti/qtiv2p1/imsqti_v2p1.xsd">
  <responseDeclaration baseType="directedPair" cardinality="multiple" identifier="RESPONSE158">
    <correctResponse>
      <value>SAC-4500 SAC-4494</value>
      <value>SAC-4493 SAC-4496</value>
      <value>SAC-4498 SAC-4497</value>
      <value>SAC-4495 SAC-4501</value>
    </correctResponse>
    <mapping defaultValue="-1.00" lowerBound="0.00" upperBound="2.00">
      <mapEntry mapKey="SAC-4500 SAC-4494" mappedValue="0.50"/>
      <mapEntry mapKey="SAC-4493 SAC-4496" mappedValue="0.50"/>
      <mapEntry mapKey="SAC-4498 SAC-4497" mappedValue="0.50"/>
      <mapEntry mapKey="SAC-4495 SAC-4501" mappedValue="0.50"/>
    </mapping>
  </responseDeclaration>
  <outcomeDeclaration baseType="float" cardinality="single" identifier="SCORE158">
    <defaultValue>
      <value>0</value>
    </defaultValue>
  </outcomeDeclaration>
  <outcomeDeclaration baseType="float" cardinality="single" identifier="SCORE">
    <defaultValue>
      <value>0</value>
    </defaultValue>
  </outcomeDeclaration>
  <stylesheet href="../styles/bundled.css" type="text/css"/>
  <stylesheet href="../styles/inline.css" type="text/css"/>
  <itemBody>
    <matchInteraction maxAssociations="4" responseIdentifier="RESPONSE158" shuffle="false">
      <prompt>Match each equation with the word problem it represents.<br/></prompt>
      <simpleMatchSet>
        <simpleAssociableChoice identifier="SAC-4500" matchMax="1">
          <p xmlns:default="http://www.w3.org/1998/Math/MathML">
            <m:math xmlns="http://www.w3.org/1998/Math/MathML">   <m:mo>&#x2212;<!-- âˆ’ --></m:mo>   <m:mn>4</m:mn>   <m:mo>&#xF7;<!-- Ã· --></m:mo>   <m:mn>3</m:mn>   <m:mo>=</m:mo>   <m:mo>&#x2212;<!-- âˆ’ --></m:mo>   <m:mfrac>     <m:mn>4</m:mn>     <m:mn>3</m:mn>   </m:mfrac> </m:math>
          </p>
        </simpleAssociableChoice>
        <simpleAssociableChoice identifier="SAC-4493" matchMax="1">
          <p xmlns:default="http://www.w3.org/1998/Math/MathML">
            <m:math xmlns="http://www.w3.org/1998/Math/MathML">   <m:mn>4</m:mn>   <m:mo>&#xD7;<!-- Ã— --></m:mo>   <m:mo>&#x2212;<!-- âˆ’ --></m:mo>   <m:mn>3</m:mn>   <m:mo>=</m:mo>   <m:mo>&#x2212;<!-- âˆ’ --></m:mo>   <m:mn>12</m:mn> </m:math>
          </p>
        </simpleAssociableChoice>
        <simpleAssociableChoice identifier="SAC-4498" matchMax="1">
          <p xmlns:default="http://www.w3.org/1998/Math/MathML">
            <m:math xmlns="http://www.w3.org/1998/Math/MathML">   <m:mo>&#x2212;<!-- âˆ’ --></m:mo>   <m:mn>4</m:mn>   <m:mo>+</m:mo>   <m:mo>&#x2212;<!-- âˆ’ --></m:mo>   <m:mn>4</m:mn>   <m:mo>+</m:mo>   <m:mo>&#x2212;<!-- âˆ’ --></m:mo>   <m:mn>4</m:mn>   <m:mo>=</m:mo>   <m:mo>&#x2212;<!-- âˆ’ --></m:mo>   <m:mn>12</m:mn> </m:math>
          </p>
        </simpleAssociableChoice>
        <simpleAssociableChoice identifier="SAC-4495" matchMax="1">
          <p xmlns:default="http://www.w3.org/1998/Math/MathML">
            <m:math xmlns="http://www.w3.org/1998/Math/MathML">   <m:mn>4</m:mn>   <m:mo>&#xD7;<!-- Ã— --></m:mo>   <m:mn>3</m:mn>   <m:mo>=</m:mo>   <m:mn>12</m:mn> </m:math>
          </p>
        </simpleAssociableChoice>
      </simpleMatchSet>
      <simpleMatchSet>
        <simpleAssociableChoice identifier="SAC-4494" matchMax="1">
          <p xmlns:default="http://www.w3.org/1998/Math/MathML">The temperature was <m:math xmlns="http://www.w3.org/1998/Math/MathML">   <m:mo>&#x2212;<!-- âˆ’ --></m:mo>   <m:msup>     <m:mn>2</m:mn>     <m:mrow class="MJX-TeXAtom-ORD">       <m:mo>&#x2218;<!-- âˆ˜ --></m:mo>     </m:mrow>   </m:msup> </m:math>F on Monday, <m:math xmlns="http://www.w3.org/1998/Math/MathML">   <m:mo>&#x2212;<!-- âˆ’ --></m:mo>   <m:msup>     <m:mn>4</m:mn>     <m:mrow class="MJX-TeXAtom-ORD">       <m:mo>&#x2218;<!-- âˆ˜ --></m:mo>     </m:mrow>   </m:msup> </m:math>F on Tuesday and <m:math xmlns="http://www.w3.org/1998/Math/MathML">   <m:msup>     <m:mn>2</m:mn>     <m:mrow class="MJX-TeXAtom-ORD">       <m:mo>&#x2218;<!-- âˆ˜ --></m:mo>     </m:mrow>   </m:msup> </m:math>F on Wednesday. What was the average temperature for these three days?</p>
        </simpleAssociableChoice>
        <simpleAssociableChoice identifier="SAC-4497" matchMax="1">
          <p xmlns:default="http://www.w3.org/1998/Math/MathML">The temperature of a liquid decreased by <m:math xmlns="http://www.w3.org/1998/Math/MathML">   <m:msup>     <m:mn>4</m:mn>     <m:mrow class="MJX-TeXAtom-ORD">       <m:mo>&#x2218;<!-- âˆ˜ --></m:mo>     </m:mrow>   </m:msup> </m:math>C each minute for three minutes. What is the overall change of the temperature of the liquid?</p>
        </simpleAssociableChoice>
        <simpleAssociableChoice identifier="SAC-4501" matchMax="1">
          <p>Jack sold 4 tickets. Each ticket was $3. What is the total value of the tickets he sold?</p>
        </simpleAssociableChoice>
        <simpleAssociableChoice identifier="SAC-4496" matchMax="1">
          <p>Lauro gave 4 of her friends $3 each from her savings account. What is the change in Lauro's account balance?</p>
        </simpleAssociableChoice>
      </simpleMatchSet>
    </matchInteraction>
  </itemBody>
  <responseProcessing>
    <responseCondition>
      <responseIf>
        <isNull>
          <variable identifier="RESPONSE158"/>
        </isNull>
        <setOutcomeValue identifier="SCORE158">
          <baseValue baseType="float">0.0</baseValue>
        </setOutcomeValue>
      </responseIf>
      <responseElse>
        <setOutcomeValue identifier="SCORE158">
          <mapResponse identifier="RESPONSE158"/>
        </setOutcomeValue>
      </responseElse>
    </responseCondition>
    <setOutcomeValue identifier="SCORE">
      <sum>
        <variable identifier="SCORE158"/>
      </sum>
    </setOutcomeValue>
  </responseProcessing>
</assessmentItem>
