<?xml version="1.0"?>
<assessmentItem adaptive="false" identifier="ITEM-LOGIC-MP-478" timeDependent="false" title="Choose two details each author uses to help express the idea that with each new day comes many new p" toolName="ItemLogic" toolVersion="2.0.0" xmlns="http://www.imsglobal.org/xsd/imsqti_v2p1" xmlns:m="http://www.w3.org/1998/Math/MathML" xmlns:xsi="http://www.w3.org/2001/XMLSchema-instance" xsi:schemaLocation="http://www.imsglobal.org/xsd/imsqti_v2p1  http://www.imsglobal.org/xsd/qti/qtiv2p1/imsqti_v2p1.xsd">
  <responseDeclaration baseType="identifier" cardinality="multiple" identifier="RESPONSE332">
    <correctResponse>
      <value>HT-8025</value>
      <value>HT-8026</value>
      <value>HT-8029</value>
      <value>HT-8030</value>
    </correctResponse>
  </responseDeclaration>
  <outcomeDeclaration baseType="float" cardinality="single" identifier="SCORE332">
    <defaultValue>
      <value>0</value>
    </defaultValue>
  </outcomeDeclaration>
  <outcomeDeclaration baseType="float" cardinality="single" identifier="SCORE">
    <defaultValue>
      <value>0</value>
    </defaultValue>
  </outcomeDeclaration>
  <stylesheet href="../styles/bundled.css" type="text/css"/>
  <stylesheet href="../styles/inline.css" type="text/css"/>
  <itemBody>
    <rubricBlock use="context" view="candidate author proctor scorer testConstructor tutor">
      <div>
        <object data="../passages/RSC-LOGIC-MP-994.html" type="text/html"/>
      </div>
      <div>
        <object data="../passages/RSC-LOGIC-MP-995.html" type="text/html"/>
      </div>
    </rubricBlock>
    <hottextInteraction maxChoices="0" responseIdentifier="RESPONSE332">
      <prompt>Choose two details each author uses to help express the idea that with each new day comes many new possibilities.<br/></prompt>
      <table class="style-4ccad4dc26f8fd60849444fdcbdff350"> <tbody> <tr> <td class="style-397739b6c0a72fc713928269f7629704">Morning Girl</td> <td class="style-25150780864b21cd93ec9cb82758edc1"><span class="hottext item_atom item_atom_hottext hottext_key"><span class="hottext item_atom item_atom_hottext hottext_key"><hottext identifier="HT-8025">"I wake up early, always with something on my mind."</hottext></span></span></td> </tr> <tr> <td class="style-25150780864b21cd93ec9cb82758edc1">Morning Girl</td> <td class="style-25150780864b21cd93ec9cb82758edc1"><span class="hottext item_atom item_atom_hottext hottext_key"><span class="hottext item_atom item_atom_hottext hottext_key"><hottext identifier="HT-8026">"If the day starts before you do, you never catch up."</hottext></span></span></td> </tr> <tr> <td class="style-25150780864b21cd93ec9cb82758edc1">Morning Girl</td> <td class="style-25150780864b21cd93ec9cb82758edc1"><span class="hottext item_atom item_atom_hottext"><span class="hottext item_atom item_atom_hottext"><hottext identifier="HT-8027">"He thinks we&#x2019;re like birds floating above that sky island, very, very high."</hottext></span></span></td> </tr> <tr> <td class="style-25150780864b21cd93ec9cb82758edc1">Ode to a New Day</td> <td class="style-25150780864b21cd93ec9cb82758edc1"><span class="hottext item_atom item_atom_hottext"><span class="hottext item_atom item_atom_hottext"><hottext identifier="HT-8028">"I lie in that place between sleep and wake."</hottext></span></span></td> </tr> <tr> <td class="style-25150780864b21cd93ec9cb82758edc1">Ode to a New Day</td> <td class="style-25150780864b21cd93ec9cb82758edc1"><span class="hottext item_atom item_atom_hottext hottext_key"><span class="hottext item_atom item_atom_hottext hottext_key"><hottext identifier="HT-8029">"Trying to choose the right one."</hottext></span></span></td> </tr> <tr> <td class="style-25150780864b21cd93ec9cb82758edc1">Ode to a New Day</td> <td class="style-25150780864b21cd93ec9cb82758edc1"><span class="hottext item_atom item_atom_hottext hottext_key"><hottext identifier="HT-8030">"So I dive into life with joy and excitement."</hottext></span></td> </tr> </tbody> </table>
    </hottextInteraction>
  </itemBody>
  <responseProcessing>
    <responseCondition>
      <responseIf>
        <match>
          <variable identifier="RESPONSE332"/>
          <correct identifier="RESPONSE332"/>
        </match>
        <setOutcomeValue identifier="SCORE332">
          <baseValue baseType="float">1</baseValue>
        </setOutcomeValue>
      </responseIf>
      <responseElse>
        <setOutcomeValue identifier="SCORE332">
          <baseValue baseType="float">0</baseValue>
        </setOutcomeValue>
      </responseElse>
    </responseCondition>
    <setOutcomeValue identifier="SCORE">
      <sum>
        <variable identifier="SCORE332"/>
      </sum>
    </setOutcomeValue>
  </responseProcessing>
</assessmentItem>
