<?xml version="1.0"?>
<assessmentItem adaptive="false" identifier="ITEM-LOGIC-MP-416" timeDependent="false" title="Match each of the following ideas presented in &quot;Leopards&quot; with the detail that best supports the ide" toolName="ItemLogic" toolVersion="2.0.0" xmlns="http://www.imsglobal.org/xsd/imsqti_v2p1" xmlns:m="http://www.w3.org/1998/Math/MathML" xmlns:xsi="http://www.w3.org/2001/XMLSchema-instance" xsi:schemaLocation="http://www.imsglobal.org/xsd/imsqti_v2p1  http://www.imsglobal.org/xsd/qti/qtiv2p1/imsqti_v2p1.xsd">
  <responseDeclaration baseType="directedPair" cardinality="multiple" identifier="RESPONSE224">
    <correctResponse>
      <value>SAC-5108 SAC-5112</value>
      <value>SAC-5109 SAC-5113</value>
      <value>SAC-5110 SAC-5115</value>
      <value>SAC-5111 SAC-5117</value>
    </correctResponse>
    <mapping defaultValue="-1.00" lowerBound="0.00" upperBound="2.00">
      <mapEntry mapKey="SAC-5108 SAC-5112" mappedValue="0.50"/>
      <mapEntry mapKey="SAC-5109 SAC-5113" mappedValue="0.50"/>
      <mapEntry mapKey="SAC-5110 SAC-5115" mappedValue="0.50"/>
      <mapEntry mapKey="SAC-5111 SAC-5117" mappedValue="0.50"/>
    </mapping>
  </responseDeclaration>
  <outcomeDeclaration baseType="float" cardinality="single" identifier="SCORE224">
    <defaultValue>
      <value>0</value>
    </defaultValue>
  </outcomeDeclaration>
  <outcomeDeclaration baseType="float" cardinality="single" identifier="SCORE">
    <defaultValue>
      <value>0</value>
    </defaultValue>
  </outcomeDeclaration>
  <stylesheet href="../styles/bundled.css" type="text/css"/>
  <stylesheet href="../styles/inline.css" type="text/css"/>
  <itemBody>
    <rubricBlock use="context" view="candidate author proctor scorer testConstructor tutor">
      <div>
        <object data="../passages/RSC-LOGIC-MP-976.html" type="text/html"/>
      </div>
    </rubricBlock>
    <matchInteraction maxAssociations="4" responseIdentifier="RESPONSE224" shuffle="false">
      <prompt>Match each of the following ideas presented in "Leopards" with the detail that best supports the idea.<br/></prompt>
      <simpleMatchSet>
        <simpleAssociableChoice identifier="SAC-5108" matchMax="1">
          <p>Leopards can live in many different places.</p>
        </simpleAssociableChoice>
        <simpleAssociableChoice identifier="SAC-5109" matchMax="1">
          <p>Leopards are predators.</p>
        </simpleAssociableChoice>
        <simpleAssociableChoice identifier="SAC-5110" matchMax="1">
          <p>Leopards need to blend in with their surroundings.</p>
        </simpleAssociableChoice>
        <simpleAssociableChoice identifier="SAC-5111" matchMax="1">
          <p>Leopards like jungles for hunting.</p>
        </simpleAssociableChoice>
      </simpleMatchSet>
      <simpleMatchSet>
        <simpleAssociableChoice identifier="SAC-5112" matchMax="1">
          <p>"They know how to fit into the neighborhood."</p>
        </simpleAssociableChoice>
        <simpleAssociableChoice identifier="SAC-5113" matchMax="1">
          <p>"They hunt other animals, their prey, for food."</p>
        </simpleAssociableChoice>
        <simpleAssociableChoice identifier="SAC-5114" matchMax="1">
          <p>"Other predators can make problems for a leopard."</p>
        </simpleAssociableChoice>
        <simpleAssociableChoice identifier="SAC-5115" matchMax="1">
          <p>"The leopard's hard-to-see coat helps it sneak up on its prey."</p>
        </simpleAssociableChoice>
        <simpleAssociableChoice identifier="SAC-5116" matchMax="1">
          <p>"Jungle leopards do not like to tangle with tigers."</p>
        </simpleAssociableChoice>
        <simpleAssociableChoice identifier="SAC-5117" matchMax="1">
          <p>"Leopards can easily hunt monkeys in the trees."</p>
        </simpleAssociableChoice>
      </simpleMatchSet>
    </matchInteraction>
  </itemBody>
  <responseProcessing>
    <responseCondition>
      <responseIf>
        <isNull>
          <variable identifier="RESPONSE224"/>
        </isNull>
        <setOutcomeValue identifier="SCORE224">
          <baseValue baseType="float">0.0</baseValue>
        </setOutcomeValue>
      </responseIf>
      <responseElse>
        <setOutcomeValue identifier="SCORE224">
          <mapResponse identifier="RESPONSE224"/>
        </setOutcomeValue>
      </responseElse>
    </responseCondition>
    <setOutcomeValue identifier="SCORE">
      <sum>
        <variable identifier="SCORE224"/>
      </sum>
    </setOutcomeValue>
  </responseProcessing>
</assessmentItem>
