<?xml version="1.0"?>
<assessmentItem adaptive="false" identifier="ITEM-LOGIC-MP-386" timeDependent="false" title="Label the focus on the graph using the coordinates of the point. Label the directrix on the graph us" toolName="ItemLogic" toolVersion="2.0.0" xmlns="http://www.imsglobal.org/xsd/imsqti_v2p1" xmlns:m="http://www.w3.org/1998/Math/MathML" xmlns:xsi="http://www.w3.org/2001/XMLSchema-instance" xsi:schemaLocation="http://www.imsglobal.org/xsd/imsqti_v2p1  http://www.imsglobal.org/xsd/qti/qtiv2p1/imsqti_v2p1.xsd">
  <responseDeclaration baseType="directedPair" cardinality="multiple" identifier="RESPONSE175">
    <correctResponse>
      <value>GI-6124 HS-14713</value>
      <value>GI-6773 HS-14714</value>
    </correctResponse>
  </responseDeclaration>
  <outcomeDeclaration baseType="float" cardinality="single" identifier="SCORE175">
    <defaultValue>
      <value>0</value>
    </defaultValue>
  </outcomeDeclaration>
  <outcomeDeclaration baseType="float" cardinality="single" identifier="SCORE">
    <defaultValue>
      <value>0</value>
    </defaultValue>
  </outcomeDeclaration>
  <stylesheet href="../styles/bundled.css" type="text/css"/>
  <stylesheet href="../styles/inline.css" type="text/css"/>
  <itemBody>
    <rubricBlock use="stimulus" view="candidate author proctor scorer testConstructor tutor" xmlns:default="http://www.w3.org/1998/Math/MathML">
      <div>
        <p xmlns:default="http://www.w3.org/1998/Math/MathML">The parabola <m:math xmlns="http://www.w3.org/1998/Math/MathML">   <m:mo stretchy="false">(</m:mo>   <m:mi>x</m:mi>   <m:mo>&#x2212;<!-- − --></m:mo>   <m:mn>4</m:mn>   <m:msup>     <m:mo stretchy="false">)</m:mo>     <m:mn>2</m:mn>   </m:msup>   <m:mo>=</m:mo>   <m:mn>8</m:mn>   <m:mo stretchy="false">(</m:mo>   <m:mi>y</m:mi>   <m:mo>+</m:mo>   <m:mn>3</m:mn>   <m:mo stretchy="false">)</m:mo> </m:math> is graphed.</p>
      </div>
    </rubricBlock>
    <graphicGapMatchInteraction responseIdentifier="RESPONSE175">
      <prompt>
        <ul> <li>Label the focus on the graph using the coordinates of the point.</li> <li>Label the directrix on the graph using a line and an equation.</li> </ul>
      </prompt>
      <object data="../images/FROERI386_Directix_stem_01_o_07f03da0bb.png" height="352" type="image/png" width="400"/>
      <gapImg identifier="GI-6123" matchMax="1">
        <object data="../images/FROERI386_Directix_opt_G01_o_9e9e6f932b.png" height="24" type="image/png" width="99"/>
      </gapImg>
      <gapImg identifier="GI-6124" matchMax="1">
        <object data="../images/FROERI386_Directix_opt_H01_o_3f6f2475b0.png" height="23" type="image/png" width="99"/>
      </gapImg>
      <gapImg identifier="GI-14862" matchMax="1">
        <object data="../images/FROERI386_Directix_opt_k01_o_f65a5ddbeb.png" height="47" type="image/png" width="110"/>
      </gapImg>
      <gapImg identifier="GI-14863" matchMax="1">
        <object data="../images/FROERI386_Directix_opt_l01_o_b09eab9625.png" height="47" type="image/png" width="110"/>
      </gapImg>
      <gapImg identifier="GI-6772" matchMax="1">
        <object data="../images/FROERI386_Directix_opt_M01_o_b10cb4b1ab.png" height="26" type="image/png" width="235"/>
      </gapImg>
      <gapImg identifier="GI-6773" matchMax="1">
        <object data="../images/FROERI386_Directix_opt_N01_o_2bfcd7088b.png" height="27" type="image/png" width="235"/>
      </gapImg>
      <associableHotspot coords="60,8,170,55" identifier="HS-14713" matchMax="1" shape="rect"/>
      <associableHotspot coords="112,198,347,224" identifier="HS-14714" matchMax="1" shape="rect"/>
    </graphicGapMatchInteraction>
  </itemBody>
  <responseProcessing>
    <responseCondition>
      <responseIf>
        <match>
          <variable identifier="RESPONSE175"/>
          <correct identifier="RESPONSE175"/>
        </match>
        <setOutcomeValue identifier="SCORE175">
          <baseValue baseType="float">1</baseValue>
        </setOutcomeValue>
      </responseIf>
      <responseElse>
        <setOutcomeValue identifier="SCORE175">
          <baseValue baseType="float">0</baseValue>
        </setOutcomeValue>
      </responseElse>
    </responseCondition>
    <setOutcomeValue identifier="SCORE">
      <sum>
        <variable identifier="SCORE175"/>
      </sum>
    </setOutcomeValue>
  </responseProcessing>
</assessmentItem>
