<?xml version="1.0"?>
<assessmentItem adaptive="false" identifier="ITEM-LOGIC-MP-419" timeDependent="false" title="Use the information in the tally chart to complete this picture graph by dragging the correct set of" toolName="ItemLogic" toolVersion="2.0.0" xmlns="http://www.imsglobal.org/xsd/imsqti_v2p1" xmlns:m="http://www.w3.org/1998/Math/MathML" xmlns:xsi="http://www.w3.org/2001/XMLSchema-instance" xsi:schemaLocation="http://www.imsglobal.org/xsd/imsqti_v2p1  http://www.imsglobal.org/xsd/qti/qtiv2p1/imsqti_v2p1.xsd">
  <responseDeclaration baseType="directedPair" cardinality="multiple" identifier="RESPONSE229">
    <correctResponse>
      <value>GI-6181 HS-6184</value>
      <value>GI-6182 HS-6186</value>
      <value>GI-6183 HS-6187</value>
      <value>GI-6180 HS-6188</value>
    </correctResponse>
    <mapping defaultValue="0.00" lowerBound="0.00" upperBound="2.00">
      <mapEntry mapKey="GI-6181 HS-6184" mappedValue="0.50"/>
      <mapEntry mapKey="GI-6182 HS-6186" mappedValue="0.50"/>
      <mapEntry mapKey="GI-6183 HS-6187" mappedValue="0.50"/>
      <mapEntry mapKey="GI-6180 HS-6188" mappedValue="0.50"/>
    </mapping>
  </responseDeclaration>
  <outcomeDeclaration baseType="float" cardinality="single" identifier="SCORE229">
    <defaultValue>
      <value>0</value>
    </defaultValue>
  </outcomeDeclaration>
  <outcomeDeclaration baseType="float" cardinality="single" identifier="SCORE">
    <defaultValue>
      <value>0</value>
    </defaultValue>
  </outcomeDeclaration>
  <stylesheet href="../styles/bundled.css" type="text/css"/>
  <stylesheet href="../styles/inline.css" type="text/css"/>
  <itemBody>
    <rubricBlock use="stimulus" view="candidate author proctor scorer testConstructor tutor">
      <div>
        <p>This tally chart shows the color of each bike helmet used by the students in Mr. Hogan's class.</p>
        <p>
          <object data="../images/FROERI419_Bike_Helmet_stem_01_1d48a3b8d0.png" height="253" type="image/png" width="279"/>
        </p>
      </div>
    </rubricBlock>
    <graphicGapMatchInteraction responseIdentifier="RESPONSE229">
      <prompt>Use the information in the tally chart to complete this picture graph by dragging the correct set of helmets to each color in the table.<br/></prompt>
      <object data="../images/FROERI419_Bike_Helmet_stem_02_o_a7a0f51cdc.png" height="331" type="image/png" width="401"/>
      <gapImg identifier="GI-6177" matchMax="1">
        <object data="../images/FROERI419_Bike_Helmet_opt_A01_o_4aefc67c99.png" height="31" type="image/png" width="315"/>
      </gapImg>
      <gapImg identifier="GI-6178" matchMax="1">
        <object data="../images/FROERI419_Bike_Helmet_opt_B01_o_4813c07b91.png" height="31" type="image/png" width="315"/>
      </gapImg>
      <gapImg identifier="GI-6179" matchMax="1">
        <object data="../images/FROERI419_Bike_Helmet_opt_C01_o_bc4614ad15.png" height="31" type="image/png" width="315"/>
      </gapImg>
      <gapImg identifier="GI-6180" matchMax="1">
        <object data="../images/FROERI419_Bike_Helmet_opt_D01_o_02b21576cb.png" height="30" type="image/png" width="315"/>
      </gapImg>
      <gapImg identifier="GI-6181" matchMax="1">
        <object data="../images/FROERI419_Bike_Helmet_opt_E01_o_1a1a828cd7.png" height="31" type="image/png" width="315"/>
      </gapImg>
      <gapImg identifier="GI-6182" matchMax="1">
        <object data="../images/FROERI419_Bike_Helmet_opt_F01_o_542dc27e91.png" height="31" type="image/png" width="315"/>
      </gapImg>
      <gapImg identifier="GI-6183" matchMax="1">
        <object data="../images/FROERI419_Bike_Helmet_opt_G01_o_20797ebbc9.png" height="31" type="image/png" width="315"/>
      </gapImg>
      <associableHotspot coords="78,68,393,99" identifier="HS-6184" matchMax="1" shape="rect"/>
      <associableHotspot coords="80,113,395,144" identifier="HS-6186" matchMax="1" shape="rect"/>
      <associableHotspot coords="77,160,392,191" identifier="HS-6187" matchMax="1" shape="rect"/>
      <associableHotspot coords="80,207,395,238" identifier="HS-6188" matchMax="1" shape="rect"/>
    </graphicGapMatchInteraction>
  </itemBody>
  <responseProcessing>
    <responseCondition>
      <responseIf>
        <isNull>
          <variable identifier="RESPONSE229"/>
        </isNull>
        <setOutcomeValue identifier="SCORE229">
          <baseValue baseType="float">0.0</baseValue>
        </setOutcomeValue>
      </responseIf>
      <responseElse>
        <setOutcomeValue identifier="SCORE229">
          <mapResponse identifier="RESPONSE229"/>
        </setOutcomeValue>
      </responseElse>
    </responseCondition>
    <setOutcomeValue identifier="SCORE">
      <sum>
        <variable identifier="SCORE229"/>
      </sum>
    </setOutcomeValue>
  </responseProcessing>
</assessmentItem>
