<?xml version="1.0"?>
<assessmentItem adaptive="false" identifier="ITEM-LOGIC-KS-1016" timeDependent="false" title="Choose one point the author makes in Animal Homes." toolName="ItemLogic" toolVersion="2.0.0" xmlns="http://www.imsglobal.org/xsd/imsqti_v2p1" xmlns:m="http://www.w3.org/1998/Math/MathML" xmlns:xsi="http://www.w3.org/2001/XMLSchema-instance" xsi:schemaLocation="http://www.imsglobal.org/xsd/imsqti_v2p1  http://www.imsglobal.org/xsd/qti/qtiv2p1/imsqti_v2p1.xsd">
  <responseDeclaration baseType="identifier" cardinality="multiple" identifier="RESPONSE1078">
    <correctResponse>
      <value>HT-18674</value>
    </correctResponse>
  </responseDeclaration>
  <responseDeclaration baseType="identifier" cardinality="multiple" identifier="RESPONSE1080">
    <correctResponse>
      <value>HT-18739</value>
    </correctResponse>
  </responseDeclaration>
  <outcomeDeclaration baseType="float" cardinality="single" identifier="SCORE1078">
    <defaultValue>
      <value>0</value>
    </defaultValue>
  </outcomeDeclaration>
  <outcomeDeclaration baseType="float" cardinality="single" identifier="SCORE1080">
    <defaultValue>
      <value>0</value>
    </defaultValue>
  </outcomeDeclaration>
  <outcomeDeclaration baseType="float" cardinality="single" identifier="SCORE">
    <defaultValue>
      <value>0</value>
    </defaultValue>
  </outcomeDeclaration>
  <stylesheet href="../styles/bundled.css" type="text/css"/>
  <stylesheet href="../styles/inline.css" type="text/css"/>
  <itemBody>
    <rubricBlock use="context" view="candidate author proctor scorer testConstructor tutor">
      <div>
        <object data="../passages/RSC-LOGIC-KS-7366.html" type="text/html"/>
      </div>
    </rubricBlock>
    <rubricBlock use="stimulus" view="candidate author proctor scorer testConstructor tutor">
      <div>
        <p>The author gives reasons for the points she makes in <em>Animal Homes.</em></p>
      </div>
    </rubricBlock>
    <hottextInteraction maxChoices="0" responseIdentifier="RESPONSE1078">
      <prompt>Choose one point the author makes in <em>Animal Homes</em>.<br/></prompt>
      <p>
        <hottext identifier="HT-18575">There are only two kinds of habitats.</hottext>
      </p>
      <p>
        <hottext identifier="HT-18674">Animals need different kinds of habitats.</hottext>
      </p>
      <p>
        <hottext identifier="HT-18574">Grasslands are good for animals that have white fur.</hottext>
      </p>
    </hottextInteraction>
    <hottextInteraction maxChoices="0" responseIdentifier="RESPONSE1080">
      <prompt>Part B<br/>Choose the reason that supports the correct answer in Part A.<br/></prompt>
      <p>
        <hottext identifier="HT-18741">Grassland habitats are dry. There is little rain there.</hottext>
      </p>
      <p>
        <hottext identifier="HT-18740">The arctic region is a very cold habitat. It is covered in ice.</hottext>
      </p>
      <p>
        <hottext identifier="HT-18739">Some animals need to live on land. Others need to live in water.</hottext>
      </p>
    </hottextInteraction>
  </itemBody>
  <responseProcessing>
    <responseCondition>
      <responseIf>
        <match>
          <variable identifier="RESPONSE1078"/>
          <correct identifier="RESPONSE1078"/>
        </match>
        <setOutcomeValue identifier="SCORE1078">
          <baseValue baseType="float">1</baseValue>
        </setOutcomeValue>
      </responseIf>
      <responseElse>
        <setOutcomeValue identifier="SCORE1078">
          <baseValue baseType="float">0</baseValue>
        </setOutcomeValue>
      </responseElse>
    </responseCondition>
    <responseCondition>
      <responseIf>
        <match>
          <variable identifier="RESPONSE1080"/>
          <correct identifier="RESPONSE1080"/>
        </match>
        <setOutcomeValue identifier="SCORE1080">
          <baseValue baseType="float">1</baseValue>
        </setOutcomeValue>
      </responseIf>
      <responseElse>
        <setOutcomeValue identifier="SCORE1080">
          <baseValue baseType="float">0</baseValue>
        </setOutcomeValue>
      </responseElse>
    </responseCondition>
    <setOutcomeValue identifier="SCORE">
      <sum>
        <variable identifier="SCORE1078"/>
        <variable identifier="SCORE1080"/>
      </sum>
    </setOutcomeValue>
  </responseProcessing>
</assessmentItem>
