<?xml version="1.0"?>
<assessmentItem adaptive="false" identifier="ITEM-LOGIC-KS-746" timeDependent="false" title="Complete the diagram to correctly show how the process of gum-chewing can help clean teeth at school" toolName="ItemLogic" toolVersion="2.0.0" xmlns="http://www.imsglobal.org/xsd/imsqti_v2p1" xmlns:m="http://www.w3.org/1998/Math/MathML" xmlns:xsi="http://www.w3.org/2001/XMLSchema-instance" xsi:schemaLocation="http://www.imsglobal.org/xsd/imsqti_v2p1  http://www.imsglobal.org/xsd/qti/qtiv2p1/imsqti_v2p1.xsd">
  <responseDeclaration baseType="directedPair" cardinality="multiple" identifier="RESPONSE700">
    <correctResponse>
      <value>GI-11953 HS-11972</value>
      <value>GI-11954 HS-11969</value>
      <value>GI-11955 HS-11970</value>
      <value>GI-11956 HS-11971</value>
    </correctResponse>
    <mapping defaultValue="0.00" lowerBound="0.00" upperBound="2.00">
      <mapEntry mapKey="GI-11953 HS-11972" mappedValue="0.50"/>
      <mapEntry mapKey="GI-11954 HS-11969" mappedValue="0.50"/>
      <mapEntry mapKey="GI-11955 HS-11970" mappedValue="0.50"/>
      <mapEntry mapKey="GI-11956 HS-11971" mappedValue="0.50"/>
    </mapping>
  </responseDeclaration>
  <outcomeDeclaration baseType="float" cardinality="single" identifier="SCORE700">
    <defaultValue>
      <value>0</value>
    </defaultValue>
  </outcomeDeclaration>
  <outcomeDeclaration baseType="float" cardinality="single" identifier="SCORE">
    <defaultValue>
      <value>0</value>
    </defaultValue>
  </outcomeDeclaration>
  <stylesheet href="../styles/bundled.css" type="text/css"/>
  <stylesheet href="../styles/inline.css" type="text/css"/>
  <itemBody>
    <rubricBlock use="context" view="candidate author proctor scorer testConstructor tutor">
      <div>
        <object data="../passages/RSC-LOGIC-KS-2176.html" type="text/html"/>
      </div>
    </rubricBlock>
    <rubricBlock use="stimulus" view="candidate author proctor scorer testConstructor tutor">
      <div>
        <p>The author of <em>Gum in School</em> describes how gum-chewing can help clean your teeth after eating lunch at school.</p>
      </div>
    </rubricBlock>
    <graphicGapMatchInteraction responseIdentifier="RESPONSE700">
      <prompt>Complete the diagram to correctly show how the process of gum-chewing can help clean teeth at school.<br/></prompt>
      <object data="../images/ela-gum-timeline-canvas@2x_o_edf4d3b41f.png" height="344" type="image/png" width="500"/>
      <gapImg identifier="GI-11953" matchMax="1">
        <object data="../images/ela-gum-timeline-canvas-stem1@2x_o_96457314d0.png" height="40" type="image/png" width="207"/>
      </gapImg>
      <gapImg identifier="GI-11954" matchMax="1">
        <object data="../images/ela-gum-timeline-canvas-stem2@2x_o_bfcf0355e1.png" height="40" type="image/png" width="207"/>
      </gapImg>
      <gapImg identifier="GI-11955" matchMax="1">
        <object data="../images/ela-gum-timeline-canvas-stem3@2x_o_f7f34df875.png" height="40" type="image/png" width="207"/>
      </gapImg>
      <gapImg identifier="GI-11956" matchMax="1">
        <object data="../images/ela-gum-timeline-canvas-stem4@2x_o_fe7fd2d00e.png" height="40" type="image/png" width="207"/>
      </gapImg>
      <associableHotspot coords="22,111,232,151" identifier="HS-11969" matchMax="1" shape="rect"/>
      <associableHotspot coords="282,111,492,151" identifier="HS-11970" matchMax="1" shape="rect"/>
      <associableHotspot coords="283,194,493,234" identifier="HS-11971" matchMax="1" shape="rect"/>
      <associableHotspot coords="23,194,233,234" identifier="HS-11972" matchMax="1" shape="rect"/>
    </graphicGapMatchInteraction>
  </itemBody>
  <responseProcessing>
    <responseCondition>
      <responseIf>
        <isNull>
          <variable identifier="RESPONSE700"/>
        </isNull>
        <setOutcomeValue identifier="SCORE700">
          <baseValue baseType="float">0.0</baseValue>
        </setOutcomeValue>
      </responseIf>
      <responseElse>
        <setOutcomeValue identifier="SCORE700">
          <mapResponse identifier="RESPONSE700"/>
        </setOutcomeValue>
      </responseElse>
    </responseCondition>
    <setOutcomeValue identifier="SCORE">
      <sum>
        <variable identifier="SCORE700"/>
      </sum>
    </setOutcomeValue>
  </responseProcessing>
</assessmentItem>
