<?xml version="1.0"?>
<assessmentItem adaptive="false" identifier="ITEM-LOGIC-MP-669" timeDependent="false" title="Click the number that is incorrect." toolName="ItemLogic" toolVersion="2.0.0" xmlns="http://www.imsglobal.org/xsd/imsqti_v2p1" xmlns:m="http://www.w3.org/1998/Math/MathML" xmlns:xsi="http://www.w3.org/2001/XMLSchema-instance" xsi:schemaLocation="http://www.imsglobal.org/xsd/imsqti_v2p1  http://www.imsglobal.org/xsd/qti/qtiv2p1/imsqti_v2p1.xsd">
  <responseDeclaration baseType="identifier" cardinality="multiple" identifier="RESPONSE585">
    <correctResponse>
      <value>HT-12009</value>
    </correctResponse>
  </responseDeclaration>
  <responseDeclaration baseType="identifier" cardinality="single" identifier="RESPONSE587">
    <correctResponse>
      <value>IC-9306</value>
    </correctResponse>
  </responseDeclaration>
  <outcomeDeclaration baseType="float" cardinality="single" identifier="SCORE585">
    <defaultValue>
      <value>0</value>
    </defaultValue>
  </outcomeDeclaration>
  <outcomeDeclaration baseType="float" cardinality="single" identifier="SCORE587">
    <defaultValue>
      <value>0</value>
    </defaultValue>
  </outcomeDeclaration>
  <outcomeDeclaration baseType="float" cardinality="single" identifier="SCORE">
    <defaultValue>
      <value>0</value>
    </defaultValue>
  </outcomeDeclaration>
  <stylesheet href="../styles/bundled.css" type="text/css"/>
  <stylesheet href="../styles/inline.css" type="text/css"/>
  <itemBody>
    <rubricBlock use="stimulus" view="candidate author proctor scorer testConstructor tutor">
      <div><p>Ria is making necklaces in three lengths.</p> <ul> <li>Each necklace has red beads and white beads.</li> <li>The ratio of red beads to white beads on each necklace is 2 to 3.</li> </ul> <p>Ria created this table to show the number of beads of each color she will need for each necklace length. One number in the table is incorrect.</p></div>
    </rubricBlock>
    <hottextInteraction maxChoices="0" responseIdentifier="RESPONSE585">
      <prompt>Click the number that is incorrect.<br/></prompt>
      <table class="style-fa17311eb9e7e22ba4c0a4fd7111da9e"> <tbody> <tr> <td class="style-0594fd93e2a95d4b5ade904927f9cdf8"> <p><strong>Necklace Length</strong></p> </td> <td class="style-0594fd93e2a95d4b5ade904927f9cdf8"> <p><strong>Total Number  <br/></strong></p> <p><strong>of Red Beads</strong></p> </td> <td class="style-0594fd93e2a95d4b5ade904927f9cdf8"> <p><strong>Total Number</strong></p> <p><strong> of White Beads</strong></p> </td> </tr> <tr> <td class="style-0594fd93e2a95d4b5ade904927f9cdf8">small</td> <td class="style-0594fd93e2a95d4b5ade904927f9cdf8"><hottext identifier="HT-12006">2</hottext></td> <td class="style-0594fd93e2a95d4b5ade904927f9cdf8"><hottext identifier="HT-12007">3</hottext></td> </tr> <tr> <td class="style-0594fd93e2a95d4b5ade904927f9cdf8">medium</td> <td class="style-0594fd93e2a95d4b5ade904927f9cdf8"><hottext identifier="HT-12008">4</hottext></td> <td class="style-0594fd93e2a95d4b5ade904927f9cdf8"><hottext identifier="HT-12009">7</hottext></td> </tr> <tr> <td class="style-0594fd93e2a95d4b5ade904927f9cdf8">large</td> <td class="style-0594fd93e2a95d4b5ade904927f9cdf8"><hottext identifier="HT-12010">6</hottext></td> <td class="style-0594fd93e2a95d4b5ade904927f9cdf8"><hottext identifier="HT-12011">9</hottext></td> </tr> </tbody> </table>
    </hottextInteraction>
    <div class="stem stem_inline">
      <div class="stem_prompt">
        <p>What number should replace the incorrect number in the table?</p>
      </div>
      <p>
        <inlineChoiceInteraction responseIdentifier="RESPONSE587" shuffle="false">
          <inlineChoice identifier="IC-9303">1</inlineChoice>
          <inlineChoice identifier="IC-9305">5</inlineChoice>
          <inlineChoice identifier="IC-9306">6</inlineChoice>
          <inlineChoice identifier="IC-9307">10</inlineChoice>
        </inlineChoiceInteraction>
      </p>
    </div>
  </itemBody>
  <responseProcessing>
    <responseCondition>
      <responseIf>
        <match>
          <variable identifier="RESPONSE585"/>
          <correct identifier="RESPONSE585"/>
        </match>
        <setOutcomeValue identifier="SCORE585">
          <baseValue baseType="float">1</baseValue>
        </setOutcomeValue>
      </responseIf>
      <responseElse>
        <setOutcomeValue identifier="SCORE585">
          <baseValue baseType="float">0</baseValue>
        </setOutcomeValue>
      </responseElse>
    </responseCondition>
    <responseCondition>
      <responseIf>
        <match>
          <variable identifier="RESPONSE587"/>
          <correct identifier="RESPONSE587"/>
        </match>
        <setOutcomeValue identifier="SCORE587">
          <baseValue baseType="float">1</baseValue>
        </setOutcomeValue>
      </responseIf>
      <responseElse>
        <setOutcomeValue identifier="SCORE587">
          <baseValue baseType="float">0</baseValue>
        </setOutcomeValue>
      </responseElse>
    </responseCondition>
    <setOutcomeValue identifier="SCORE">
      <sum>
        <variable identifier="SCORE585"/>
        <variable identifier="SCORE587"/>
      </sum>
    </setOutcomeValue>
  </responseProcessing>
</assessmentItem>
