<?xml version="1.0"?>
<assessmentItem adaptive="false" identifier="ITEM-LOGIC-KS-972" timeDependent="false" title="Click all of the shapes Matt needs to make his shape." toolName="ItemLogic" toolVersion="2.0.0" xmlns="http://www.imsglobal.org/xsd/imsqti_v2p1" xmlns:m="http://www.w3.org/1998/Math/MathML" xmlns:xsi="http://www.w3.org/2001/XMLSchema-instance" xsi:schemaLocation="http://www.imsglobal.org/xsd/imsqti_v2p1  http://www.imsglobal.org/xsd/qti/qtiv2p1/imsqti_v2p1.xsd">
  <responseDeclaration baseType="identifier" cardinality="multiple" identifier="RESPONSE980">
    <correctResponse>
      <value>HS-17612</value>
      <value>HS-17613</value>
      <value>HS-17614</value>
    </correctResponse>
  </responseDeclaration>
  <responseDeclaration baseType="identifier" cardinality="single" identifier="RESPONSE981">
    <correctResponse>
      <value>SC-16969</value>
    </correctResponse>
  </responseDeclaration>
  <outcomeDeclaration baseType="float" cardinality="single" identifier="SCORE980">
    <defaultValue>
      <value>0</value>
    </defaultValue>
  </outcomeDeclaration>
  <outcomeDeclaration baseType="float" cardinality="single" identifier="SCORE981">
    <defaultValue>
      <value>0</value>
    </defaultValue>
  </outcomeDeclaration>
  <outcomeDeclaration baseType="float" cardinality="single" identifier="SCORE">
    <defaultValue>
      <value>0</value>
    </defaultValue>
  </outcomeDeclaration>
  <stylesheet href="../styles/bundled.css" type="text/css"/>
  <stylesheet href="../styles/inline.css" type="text/css"/>
  <itemBody>
    <rubricBlock use="stimulus" view="candidate author proctor scorer testConstructor tutor">
      <div>
        <p>Matt wants to put some shapes together to make the shape shown.</p>
        <p>
          <object data="../images/3d-shapes-stimulus@2x_157afb2292.png" height="266" type="image/png" width="180"/>
        </p>
      </div>
    </rubricBlock>
    <hotspotInteraction maxChoices="0" responseIdentifier="RESPONSE980">
      <prompt>Click all of the shapes Matt needs to make his shape.<br/></prompt>
      <object data="../images/3d-shapes-hotspot@2x_o_e1519075a9.png" height="500" type="image/png" width="500"/>
      <hotspotChoice coords="29,32,129,132" identifier="HS-17609" shape="rect"/>
      <hotspotChoice coords="184,41,314,111" identifier="HS-17610" shape="rect"/>
      <hotspotChoice coords="184,369,314,439" identifier="HS-17611" shape="rect"/>
      <hotspotChoice coords="350,38,480,118" identifier="HS-17612" shape="rect"/>
      <hotspotChoice coords="16,204,146,284" identifier="HS-17613" shape="rect"/>
      <hotspotChoice coords="178,178,318,318" identifier="HS-17614" shape="rect"/>
      <hotspotChoice coords="383,176,453,316" identifier="HS-17615" shape="rect"/>
      <hotspotChoice coords="30,363,130,463" identifier="HS-17616" shape="rect"/>
    </hotspotInteraction>
    <choiceInteraction maxChoices="1" responseIdentifier="RESPONSE981" shuffle="false">
      <prompt><span>Matt wants to make a new shape. He wants the new shape to be the same shape as his first shape, but he wants it to be taller</span>. What can Matt do?<br/></prompt>
      <simpleChoice fixed="true" identifier="SC-16971">
        <p>add a circle to his shape</p>
      </simpleChoice>
      <simpleChoice fixed="true" identifier="SC-16968">
        <p>add a cone to his shape</p>
      </simpleChoice>
      <simpleChoice fixed="true" identifier="SC-16970">
        <p>add a cube to his shape</p>
      </simpleChoice>
      <simpleChoice fixed="true" identifier="SC-16969">
        <p>add a cylinder to his shape</p>
      </simpleChoice>
    </choiceInteraction>
  </itemBody>
  <responseProcessing>
    <responseCondition>
      <responseIf>
        <match>
          <variable identifier="RESPONSE980"/>
          <correct identifier="RESPONSE980"/>
        </match>
        <setOutcomeValue identifier="SCORE980">
          <baseValue baseType="float">1</baseValue>
        </setOutcomeValue>
      </responseIf>
      <responseElse>
        <setOutcomeValue identifier="SCORE980">
          <baseValue baseType="float">0</baseValue>
        </setOutcomeValue>
      </responseElse>
    </responseCondition>
    <responseCondition>
      <responseIf>
        <match>
          <variable identifier="RESPONSE981"/>
          <correct identifier="RESPONSE981"/>
        </match>
        <setOutcomeValue identifier="SCORE981">
          <baseValue baseType="float">1</baseValue>
        </setOutcomeValue>
      </responseIf>
      <responseElse>
        <setOutcomeValue identifier="SCORE981">
          <baseValue baseType="float">0</baseValue>
        </setOutcomeValue>
      </responseElse>
    </responseCondition>
    <setOutcomeValue identifier="SCORE">
      <sum>
        <variable identifier="SCORE980"/>
        <variable identifier="SCORE981"/>
      </sum>
    </setOutcomeValue>
  </responseProcessing>
</assessmentItem>
