<?xml version="1.0"?>
<assessmentItem adaptive="false" identifier="ITEM-LOGIC-MP-670" timeDependent="false" title="Complete the sentence below to compare the total length of rope Megan and Dan each used." toolName="ItemLogic" toolVersion="2.0.0" xmlns="http://www.imsglobal.org/xsd/imsqti_v2p1" xmlns:m="http://www.w3.org/1998/Math/MathML" xmlns:xsi="http://www.w3.org/2001/XMLSchema-instance" xsi:schemaLocation="http://www.imsglobal.org/xsd/imsqti_v2p1  http://www.imsglobal.org/xsd/qti/qtiv2p1/imsqti_v2p1.xsd">
  <responseDeclaration baseType="identifier" cardinality="single" identifier="RESPONSE589">
    <correctResponse>
      <value>IC-9288</value>
    </correctResponse>
  </responseDeclaration>
  <outcomeDeclaration baseType="float" cardinality="single" identifier="SCORE589">
    <defaultValue>
      <value>0</value>
    </defaultValue>
  </outcomeDeclaration>
  <outcomeDeclaration baseType="float" cardinality="single" identifier="SCORE">
    <defaultValue>
      <value>0</value>
    </defaultValue>
  </outcomeDeclaration>
  <stylesheet href="../styles/bundled.css" type="text/css"/>
  <stylesheet href="../styles/inline.css" type="text/css"/>
  <itemBody>
    <rubricBlock use="stimulus" view="candidate author proctor scorer testConstructor tutor">
      <div>
        <p>Megan and Dan each used pieces of rope for an art project. The length, in feet, of each piece of rope they used is shown on this line plot.</p>
        <p>
          <object data="../images/IGOMOL670_Rope_13feccfd85.png" height="151" type="image/png" width="408"/>
        </p>
        <p>Megan used all the pieces that were less than 3 feet long. Dan used all the pieces that were more than 3 feet long.</p>
      </div>
    </rubricBlock>
    <div class="stem stem_inline">
      <div class="stem_prompt">
        <p>Complete the sentence below to compare the total length of rope Megan and Dan each used.</p>
      </div>
      <p>Dan used exactly <inlineChoiceInteraction responseIdentifier="RESPONSE589" shuffle="false"><inlineChoice identifier="IC-9289">2 fewer feet</inlineChoice><inlineChoice identifier="IC-9291">2 more feet</inlineChoice><inlineChoice identifier="IC-9288">8 more feet</inlineChoice><inlineChoice identifier="IC-9290">8 fewer feet</inlineChoice></inlineChoiceInteraction>of rope than Megan.</p>
    </div>
  </itemBody>
  <responseProcessing>
    <responseCondition>
      <responseIf>
        <match>
          <variable identifier="RESPONSE589"/>
          <correct identifier="RESPONSE589"/>
        </match>
        <setOutcomeValue identifier="SCORE589">
          <baseValue baseType="float">1</baseValue>
        </setOutcomeValue>
      </responseIf>
      <responseElse>
        <setOutcomeValue identifier="SCORE589">
          <baseValue baseType="float">0</baseValue>
        </setOutcomeValue>
      </responseElse>
    </responseCondition>
    <setOutcomeValue identifier="SCORE">
      <sum>
        <variable identifier="SCORE589"/>
      </sum>
    </setOutcomeValue>
  </responseProcessing>
</assessmentItem>
