<?xml version="1.0"?>
<assessmentItem adaptive="false" identifier="ITEM-LOGIC-KS-741" timeDependent="false" title="Match each action below with its purpose." toolName="ItemLogic" toolVersion="2.0.0" xmlns="http://www.imsglobal.org/xsd/imsqti_v2p1" xmlns:m="http://www.w3.org/1998/Math/MathML" xmlns:xsi="http://www.w3.org/2001/XMLSchema-instance" xsi:schemaLocation="http://www.imsglobal.org/xsd/imsqti_v2p1  http://www.imsglobal.org/xsd/qti/qtiv2p1/imsqti_v2p1.xsd">
  <responseDeclaration baseType="directedPair" cardinality="multiple" identifier="RESPONSE692">
    <correctResponse>
      <value>SAC-11149 SAC-11157</value>
      <value>SAC-11150 SAC-11158</value>
      <value>SAC-11151 SAC-11156</value>
      <value>SAC-11152 SAC-11155</value>
      <value>SAC-11153 SAC-11154</value>
    </correctResponse>
  </responseDeclaration>
  <outcomeDeclaration baseType="float" cardinality="single" identifier="SCORE692">
    <defaultValue>
      <value>0</value>
    </defaultValue>
  </outcomeDeclaration>
  <outcomeDeclaration baseType="float" cardinality="single" identifier="SCORE">
    <defaultValue>
      <value>0</value>
    </defaultValue>
  </outcomeDeclaration>
  <stylesheet href="../styles/bundled.css" type="text/css"/>
  <stylesheet href="../styles/inline.css" type="text/css"/>
  <itemBody>
    <rubricBlock use="context" view="candidate author proctor scorer testConstructor tutor">
      <div>
        <object data="../passages/RSC-LOGIC-KS-2174.html" type="text/html"/>
      </div>
    </rubricBlock>
    <rubricBlock use="stimulus" view="candidate author proctor scorer testConstructor tutor">
      <div>
        <p>The author explains the specific actions of people and skunks for different purposes.</p>
      </div>
    </rubricBlock>
    <matchInteraction maxAssociations="5" responseIdentifier="RESPONSE692" shuffle="false">
      <prompt>Match each action below with its purpose.<br/></prompt>
      <simpleMatchSet>
        <simpleAssociableChoice identifier="SAC-11149" matchMax="1">
          <p>Bathe in tomato Juice</p>
        </simpleAssociableChoice>
        <simpleAssociableChoice identifier="SAC-11150" matchMax="1">
          <p>Hiss and Growl</p>
        </simpleAssociableChoice>
        <simpleAssociableChoice identifier="SAC-11151" matchMax="1">
          <p>Maintain a clutter-free yard</p>
        </simpleAssociableChoice>
        <simpleAssociableChoice identifier="SAC-11152" matchMax="1">
          <p>Wash with Vinegar</p>
        </simpleAssociableChoice>
        <simpleAssociableChoice identifier="SAC-11153" matchMax="1">
          <p>Direct the spray at a victim&#x2019;s eyes</p>
        </simpleAssociableChoice>
      </simpleMatchSet>
      <simpleMatchSet>
        <simpleAssociableChoice identifier="SAC-11154" matchMax="1">
          <p>Increase time for running away</p>
        </simpleAssociableChoice>
        <simpleAssociableChoice identifier="SAC-11155" matchMax="1">
          <p>Remove oily film from skin</p>
        </simpleAssociableChoice>
        <simpleAssociableChoice identifier="SAC-11156" matchMax="1">
          <p>Keep skunks away from personal property</p>
        </simpleAssociableChoice>
        <simpleAssociableChoice identifier="SAC-11157" matchMax="1">
          <p>Decrease the odor of skunk spray</p>
        </simpleAssociableChoice>
        <simpleAssociableChoice identifier="SAC-11158" matchMax="1">
          <p>Provide a strong warning to stay away</p>
        </simpleAssociableChoice>
      </simpleMatchSet>
    </matchInteraction>
  </itemBody>
  <responseProcessing>
    <responseCondition>
      <responseIf>
        <match>
          <variable identifier="RESPONSE692"/>
          <correct identifier="RESPONSE692"/>
        </match>
        <setOutcomeValue identifier="SCORE692">
          <baseValue baseType="float">1</baseValue>
        </setOutcomeValue>
      </responseIf>
      <responseElse>
        <setOutcomeValue identifier="SCORE692">
          <baseValue baseType="float">0</baseValue>
        </setOutcomeValue>
      </responseElse>
    </responseCondition>
    <setOutcomeValue identifier="SCORE">
      <sum>
        <variable identifier="SCORE692"/>
      </sum>
    </setOutcomeValue>
  </responseProcessing>
</assessmentItem>
