<?xml version="1.0"?>
<assessmentItem adaptive="false" identifier="ITEM-LOGIC-MP-479" timeDependent="false" title="Part A Which literary device is primarily used in paragraph 3 to contribute to the setting of the se" toolName="ItemLogic" toolVersion="2.0.0" xmlns="http://www.imsglobal.org/xsd/imsqti_v2p1" xmlns:m="http://www.w3.org/1998/Math/MathML" xmlns:xsi="http://www.w3.org/2001/XMLSchema-instance" xsi:schemaLocation="http://www.imsglobal.org/xsd/imsqti_v2p1  http://www.imsglobal.org/xsd/qti/qtiv2p1/imsqti_v2p1.xsd">
  <responseDeclaration baseType="identifier" cardinality="single" identifier="RESPONSE334">
    <correctResponse>
      <value>IC-5798</value>
    </correctResponse>
  </responseDeclaration>
  <responseDeclaration baseType="identifier" cardinality="single" identifier="RESPONSE336">
    <correctResponse>
      <value>SC-6698</value>
    </correctResponse>
  </responseDeclaration>
  <outcomeDeclaration baseType="float" cardinality="single" identifier="SCORE334">
    <defaultValue>
      <value>0</value>
    </defaultValue>
  </outcomeDeclaration>
  <outcomeDeclaration baseType="float" cardinality="single" identifier="SCORE336">
    <defaultValue>
      <value>0</value>
    </defaultValue>
  </outcomeDeclaration>
  <outcomeDeclaration baseType="float" cardinality="single" identifier="SCORE">
    <defaultValue>
      <value>0</value>
    </defaultValue>
  </outcomeDeclaration>
  <stylesheet href="../styles/bundled.css" type="text/css"/>
  <stylesheet href="../styles/inline.css" type="text/css"/>
  <itemBody>
    <rubricBlock use="context" view="candidate author proctor scorer testConstructor tutor">
      <div>
        <object data="../passages/RSC-LOGIC-MP-993.html" type="text/html"/>
      </div>
    </rubricBlock>
    <div class="stem stem_inline">
      <div class="stem_prompt"><p>Part A</p> <p>Which literary device is primarily used in paragraph 3 to contribute to the setting of the selection?</p></div>
      <p>
        <inlineChoiceInteraction responseIdentifier="RESPONSE334" shuffle="false">
          <inlineChoice identifier="IC-5796">Dialogue</inlineChoice>
          <inlineChoice identifier="IC-5797">Repetition</inlineChoice>
          <inlineChoice identifier="IC-5798">Imagery</inlineChoice>
          <inlineChoice identifier="IC-5799">Flashback</inlineChoice>
        </inlineChoiceInteraction>
      </p>
    </div>
    <choiceInteraction maxChoices="1" responseIdentifier="RESPONSE336" shuffle="false">
      <prompt>Part B<br/> Which detail is another example of the literary device used in Part A?<br/></prompt>
      <simpleChoice fixed="true" identifier="SC-6698">
        <p>&#x201C;I can&#x2019;t help noticing the mist rise from the mirror-calm surface of the lake.&#x201D; </p>
      </simpleChoice>
      <simpleChoice fixed="true" identifier="SC-6699">
        <p>&#x201C;&#x2018;If we keep a dog out in the garage, or in the basement, Bobby. . .&#x2019;&#x201D; </p>
      </simpleChoice>
      <simpleChoice fixed="true" identifier="SC-6693">
        <p>&#x201C;&#x2018;I said no last night. Don&#x2019;t ask me again just because your father isn&#x2019;t here.&#x2019;&#x201D; </p>
      </simpleChoice>
      <simpleChoice fixed="true" identifier="SC-6700">
        <p>&#x201C;The thing I love most about softball is the way the team works together,&#x201D; </p>
      </simpleChoice>
    </choiceInteraction>
  </itemBody>
  <responseProcessing>
    <responseCondition>
      <responseIf>
        <match>
          <variable identifier="RESPONSE334"/>
          <correct identifier="RESPONSE334"/>
        </match>
        <setOutcomeValue identifier="SCORE334">
          <baseValue baseType="float">1</baseValue>
        </setOutcomeValue>
      </responseIf>
      <responseElse>
        <setOutcomeValue identifier="SCORE334">
          <baseValue baseType="float">0</baseValue>
        </setOutcomeValue>
      </responseElse>
    </responseCondition>
    <responseCondition>
      <responseIf>
        <match>
          <variable identifier="RESPONSE336"/>
          <correct identifier="RESPONSE336"/>
        </match>
        <setOutcomeValue identifier="SCORE336">
          <baseValue baseType="float">1</baseValue>
        </setOutcomeValue>
      </responseIf>
      <responseElse>
        <setOutcomeValue identifier="SCORE336">
          <baseValue baseType="float">0</baseValue>
        </setOutcomeValue>
      </responseElse>
    </responseCondition>
    <setOutcomeValue identifier="SCORE">
      <sum>
        <variable identifier="SCORE334"/>
        <variable identifier="SCORE336"/>
      </sum>
    </setOutcomeValue>
  </responseProcessing>
</assessmentItem>
