<?xml version="1.0"?>
<assessmentItem adaptive="false" identifier="ITEM-LOGIC-MP-437" timeDependent="false" title="Part A Complete the sentence by selecting the best answer from the drop-down menu." toolName="ItemLogic" toolVersion="2.0.0" xmlns="http://www.imsglobal.org/xsd/imsqti_v2p1" xmlns:m="http://www.w3.org/1998/Math/MathML" xmlns:xsi="http://www.w3.org/2001/XMLSchema-instance" xsi:schemaLocation="http://www.imsglobal.org/xsd/imsqti_v2p1  http://www.imsglobal.org/xsd/qti/qtiv2p1/imsqti_v2p1.xsd">
  <responseDeclaration baseType="identifier" cardinality="single" identifier="RESPONSE262">
    <correctResponse>
      <value>IC-5368</value>
    </correctResponse>
  </responseDeclaration>
  <responseDeclaration baseType="identifier" cardinality="single" identifier="RESPONSE264">
    <correctResponse>
      <value>IC-5375</value>
    </correctResponse>
  </responseDeclaration>
  <outcomeDeclaration baseType="float" cardinality="single" identifier="SCORE262">
    <defaultValue>
      <value>0</value>
    </defaultValue>
  </outcomeDeclaration>
  <outcomeDeclaration baseType="float" cardinality="single" identifier="SCORE264">
    <defaultValue>
      <value>0</value>
    </defaultValue>
  </outcomeDeclaration>
  <outcomeDeclaration baseType="float" cardinality="single" identifier="SCORE">
    <defaultValue>
      <value>0</value>
    </defaultValue>
  </outcomeDeclaration>
  <stylesheet href="../styles/bundled.css" type="text/css"/>
  <stylesheet href="../styles/inline.css" type="text/css"/>
  <itemBody>
    <rubricBlock use="context" view="candidate author proctor scorer testConstructor tutor">
      <div>
        <object data="../passages/RSC-LOGIC-MP-977.html" type="text/html"/>
      </div>
    </rubricBlock>
    <div class="stem stem_inline">
      <div class="stem_prompt"><p>Part A</p> <p>Complete the sentence by selecting the <strong>best</strong> answer from the drop-down menu.</p></div>
      <p>
        <span class="style-bce70ce894f1da99bcce91d251eb10bd">The speaker reflects in the selection about <inlineChoiceInteraction responseIdentifier="RESPONSE262" shuffle="false"><inlineChoice identifier="IC-5371">his sense of being overwhelmed by his daughters' attention</inlineChoice><inlineChoice identifier="IC-5368">his great affection for his daughters</inlineChoice><inlineChoice identifier="IC-5369">his worries of what his daughters are doing</inlineChoice><inlineChoice identifier="IC-6482">his desire for his daughters to always stay with him </inlineChoice></inlineChoiceInteraction>. </span>
      </p>
    </div>
    <div class="stem stem_inline">
      <div class="stem_prompt"><p>Part B</p> <p>Select the lines from the poem that best support the answer in Part A.</p></div>
      <p>The lines <inlineChoiceInteraction responseIdentifier="RESPONSE264" shuffle="false"><inlineChoice identifier="IC-5385">They are plotting and planning together / To take me by surprise.</inlineChoice><inlineChoice identifier="IC-5391">If I try to escape, they surround me; / They seem to be everywhere.</inlineChoice><inlineChoice identifier="IC-6483">I have you fast in my fortress. / And will not let you depart,</inlineChoice><inlineChoice identifier="IC-5375">And there will I keep you forever. / Yes, forever and a day,</inlineChoice></inlineChoiceInteraction> best support the answer in Part A.</p>
    </div>
  </itemBody>
  <responseProcessing>
    <responseCondition>
      <responseIf>
        <match>
          <variable identifier="RESPONSE262"/>
          <correct identifier="RESPONSE262"/>
        </match>
        <setOutcomeValue identifier="SCORE262">
          <baseValue baseType="float">1</baseValue>
        </setOutcomeValue>
      </responseIf>
      <responseElse>
        <setOutcomeValue identifier="SCORE262">
          <baseValue baseType="float">0</baseValue>
        </setOutcomeValue>
      </responseElse>
    </responseCondition>
    <responseCondition>
      <responseIf>
        <match>
          <variable identifier="RESPONSE264"/>
          <correct identifier="RESPONSE264"/>
        </match>
        <setOutcomeValue identifier="SCORE264">
          <baseValue baseType="float">1</baseValue>
        </setOutcomeValue>
      </responseIf>
      <responseElse>
        <setOutcomeValue identifier="SCORE264">
          <baseValue baseType="float">0</baseValue>
        </setOutcomeValue>
      </responseElse>
    </responseCondition>
    <setOutcomeValue identifier="SCORE">
      <sum>
        <variable identifier="SCORE262"/>
        <variable identifier="SCORE264"/>
      </sum>
    </setOutcomeValue>
  </responseProcessing>
</assessmentItem>
