<?xml version="1.0"?>
<assessmentItem adaptive="false" identifier="ITEM-LOGIC-KS-934" timeDependent="false" title="Order the color of Jane's pencils from shortest pencil to the longest pencil." toolName="ItemLogic" toolVersion="2.0.0" xmlns="http://www.imsglobal.org/xsd/imsqti_v2p1" xmlns:m="http://www.w3.org/1998/Math/MathML" xmlns:xsi="http://www.w3.org/2001/XMLSchema-instance" xsi:schemaLocation="http://www.imsglobal.org/xsd/imsqti_v2p1  http://www.imsglobal.org/xsd/qti/qtiv2p1/imsqti_v2p1.xsd">
  <responseDeclaration baseType="identifier" cardinality="ordered" identifier="RESPONSE912">
    <correctResponse>
      <value>SC-16177</value>
      <value>SC-16179</value>
      <value>SC-16178</value>
      <value>SC-16176</value>
    </correctResponse>
  </responseDeclaration>
  <responseDeclaration baseType="identifier" cardinality="single" identifier="RESPONSE913">
    <correctResponse>
      <value>SC-16188</value>
    </correctResponse>
  </responseDeclaration>
  <outcomeDeclaration baseType="float" cardinality="single" identifier="SCORE912">
    <defaultValue>
      <value>0</value>
    </defaultValue>
  </outcomeDeclaration>
  <outcomeDeclaration baseType="float" cardinality="single" identifier="SCORE913">
    <defaultValue>
      <value>0</value>
    </defaultValue>
  </outcomeDeclaration>
  <outcomeDeclaration baseType="float" cardinality="single" identifier="SCORE">
    <defaultValue>
      <value>0</value>
    </defaultValue>
  </outcomeDeclaration>
  <stylesheet href="../styles/bundled.css" type="text/css"/>
  <stylesheet href="../styles/inline.css" type="text/css"/>
  <itemBody>
    <rubricBlock use="stimulus" view="candidate author proctor scorer testConstructor tutor">
      <div>
        <p>Jane has colored pencils that are different sizes.</p>
        <p>
          <object data="../images/colored-pencils@2x_eea162d36d.png" height="260" type="image/png" width="275"/>
        </p>
      </div>
    </rubricBlock>
    <orderInteraction orientation="vertical" responseIdentifier="RESPONSE912" shuffle="false">
      <prompt>Order the color of Jane's pencils from shortest pencil to the longest pencil.<br/></prompt>
      <simpleChoice identifier="SC-16176">
        <p>red</p>
      </simpleChoice>
      <simpleChoice identifier="SC-16177">
        <p>orange</p>
      </simpleChoice>
      <simpleChoice identifier="SC-16178">
        <p>yellow</p>
      </simpleChoice>
      <simpleChoice identifier="SC-16179">
        <p>green</p>
      </simpleChoice>
    </orderInteraction>
    <choiceInteraction maxChoices="1" responseIdentifier="RESPONSE913" shuffle="false">
      <prompt>Jane also has a blue pencil. It is longer than the green pencil, but shorter than the yellow pencil. What is true about Jane's blue pencil?<br/></prompt>
      <simpleChoice fixed="true" identifier="SC-16186">
        <p>It is Jane's longest pencil.</p>
      </simpleChoice>
      <simpleChoice fixed="true" identifier="SC-16185">
        <p>It is Jane's shortest pencil.</p>
      </simpleChoice>
      <simpleChoice fixed="true" identifier="SC-16187">
        <p>It is longer than Jane's red pencil.</p>
      </simpleChoice>
      <simpleChoice fixed="true" identifier="SC-16188">
        <p>It is shorter than Jane's red pencil.</p>
      </simpleChoice>
    </choiceInteraction>
  </itemBody>
  <responseProcessing>
    <responseCondition>
      <responseIf>
        <match>
          <variable identifier="RESPONSE912"/>
          <correct identifier="RESPONSE912"/>
        </match>
        <setOutcomeValue identifier="SCORE912">
          <baseValue baseType="float">1</baseValue>
        </setOutcomeValue>
      </responseIf>
      <responseElse>
        <setOutcomeValue identifier="SCORE912">
          <baseValue baseType="float">0</baseValue>
        </setOutcomeValue>
      </responseElse>
    </responseCondition>
    <responseCondition>
      <responseIf>
        <match>
          <variable identifier="RESPONSE913"/>
          <correct identifier="RESPONSE913"/>
        </match>
        <setOutcomeValue identifier="SCORE913">
          <baseValue baseType="float">1</baseValue>
        </setOutcomeValue>
      </responseIf>
      <responseElse>
        <setOutcomeValue identifier="SCORE913">
          <baseValue baseType="float">0</baseValue>
        </setOutcomeValue>
      </responseElse>
    </responseCondition>
    <setOutcomeValue identifier="SCORE">
      <sum>
        <variable identifier="SCORE912"/>
        <variable identifier="SCORE913"/>
      </sum>
    </setOutcomeValue>
  </responseProcessing>
</assessmentItem>
