<?xml version="1.0"?>
<assessmentItem adaptive="false" identifier="ITEM-LOGIC-KS-787" timeDependent="false" title="Read the sentences about the students' measurements. Then click the word that is incorrect." toolName="ItemLogic" toolVersion="2.0.0" xmlns="http://www.imsglobal.org/xsd/imsqti_v2p1" xmlns:m="http://www.w3.org/1998/Math/MathML" xmlns:xsi="http://www.w3.org/2001/XMLSchema-instance" xsi:schemaLocation="http://www.imsglobal.org/xsd/imsqti_v2p1  http://www.imsglobal.org/xsd/qti/qtiv2p1/imsqti_v2p1.xsd">
  <responseDeclaration baseType="identifier" cardinality="multiple" identifier="RESPONSE760">
    <correctResponse>
      <value>HT-12348</value>
    </correctResponse>
  </responseDeclaration>
  <responseDeclaration baseType="identifier" cardinality="single" identifier="RESPONSE762">
    <correctResponse>
      <value>SC-12353</value>
    </correctResponse>
  </responseDeclaration>
  <outcomeDeclaration baseType="float" cardinality="single" identifier="SCORE760">
    <defaultValue>
      <value>0</value>
    </defaultValue>
  </outcomeDeclaration>
  <outcomeDeclaration baseType="float" cardinality="single" identifier="SCORE762">
    <defaultValue>
      <value>0</value>
    </defaultValue>
  </outcomeDeclaration>
  <outcomeDeclaration baseType="float" cardinality="single" identifier="SCORE">
    <defaultValue>
      <value>0</value>
    </defaultValue>
  </outcomeDeclaration>
  <stylesheet href="../styles/bundled.css" type="text/css"/>
  <stylesheet href="../styles/inline.css" type="text/css"/>
  <itemBody>
    <rubricBlock use="stimulus" view="candidate author proctor scorer testConstructor tutor">
      <div>
        <p>Katie, Joe, and Eva each measured the same shoelace.</p>
        <p>
          <object data="../images/shoelace@2x_b716dea5ec.png" height="129" type="image/png" width="300"/>
        </p>
        <p>Katie measured the length in centimeters. Joe measured the length in feet. Eva measured the length in inches. They all wrote down the numbers they got when they measured.</p>
      </div>
    </rubricBlock>
    <hottextInteraction maxChoices="0" responseIdentifier="RESPONSE760">
      <prompt>Read the sentences about the students' measurements. Then click the word that is incorrect.<br/></prompt>
      <p>The numbers the students wrote were <hottext identifier="HT-12346">different</hottext>. The number Joe wrote is <hottext identifier="HT-12347">less</hottext> than the number Eva wrote. The number Eva wrote is <hottext identifier="HT-12348">greater</hottext> than the number Katie wrote. The student who wrote the greatest number is <hottext identifier="HT-12349">Katie</hottext>.</p>
    </hottextInteraction>
    <choiceInteraction maxChoices="1" responseIdentifier="RESPONSE762" shuffle="false">
      <prompt>Which of the following explains why the sentence with the word you selected is incorrect?<br/></prompt>
      <simpleChoice fixed="true" identifier="SC-12351">
        <p>Centimeters, inches, and feet are all the same size.</p>
      </simpleChoice>
      <simpleChoice fixed="true" identifier="SC-12352">
        <p>Feet are bigger than inches, so the number of feet is greater than the number of inches.</p>
      </simpleChoice>
      <simpleChoice fixed="true" identifier="SC-12353">
        <p>Inches are bigger than centimeters, so the number of inches is less than the number of centimeters.</p>
      </simpleChoice>
      <simpleChoice fixed="true" identifier="SC-12354">
        <p>Centimeters are smaller than inches and feet, so that is the smallest number.</p>
      </simpleChoice>
    </choiceInteraction>
  </itemBody>
  <responseProcessing>
    <responseCondition>
      <responseIf>
        <match>
          <variable identifier="RESPONSE760"/>
          <correct identifier="RESPONSE760"/>
        </match>
        <setOutcomeValue identifier="SCORE760">
          <baseValue baseType="float">1</baseValue>
        </setOutcomeValue>
      </responseIf>
      <responseElse>
        <setOutcomeValue identifier="SCORE760">
          <baseValue baseType="float">0</baseValue>
        </setOutcomeValue>
      </responseElse>
    </responseCondition>
    <responseCondition>
      <responseIf>
        <match>
          <variable identifier="RESPONSE762"/>
          <correct identifier="RESPONSE762"/>
        </match>
        <setOutcomeValue identifier="SCORE762">
          <baseValue baseType="float">1</baseValue>
        </setOutcomeValue>
      </responseIf>
      <responseElse>
        <setOutcomeValue identifier="SCORE762">
          <baseValue baseType="float">0</baseValue>
        </setOutcomeValue>
      </responseElse>
    </responseCondition>
    <setOutcomeValue identifier="SCORE">
      <sum>
        <variable identifier="SCORE760"/>
        <variable identifier="SCORE762"/>
      </sum>
    </setOutcomeValue>
  </responseProcessing>
</assessmentItem>
