<?xml version="1.0"?>
<assessmentItem adaptive="false" identifier="ITEM-LOGIC-MP-492" timeDependent="false" title="Match each expression with an equivalent expression." toolName="ItemLogic" toolVersion="2.0.0" xmlns="http://www.imsglobal.org/xsd/imsqti_v2p1" xmlns:m="http://www.w3.org/1998/Math/MathML" xmlns:xsi="http://www.w3.org/2001/XMLSchema-instance" xsi:schemaLocation="http://www.imsglobal.org/xsd/imsqti_v2p1  http://www.imsglobal.org/xsd/qti/qtiv2p1/imsqti_v2p1.xsd">
  <responseDeclaration baseType="directedPair" cardinality="multiple" identifier="RESPONSE351">
    <correctResponse>
      <value>SAC-6083 SAC-6084</value>
      <value>SAC-6085 SAC-6086</value>
      <value>SAC-6087 SAC-6088</value>
      <value>SAC-6094 SAC-6089</value>
    </correctResponse>
  </responseDeclaration>
  <outcomeDeclaration baseType="float" cardinality="single" identifier="SCORE351">
    <defaultValue>
      <value>0</value>
    </defaultValue>
  </outcomeDeclaration>
  <outcomeDeclaration baseType="float" cardinality="single" identifier="SCORE">
    <defaultValue>
      <value>0</value>
    </defaultValue>
  </outcomeDeclaration>
  <stylesheet href="../styles/bundled.css" type="text/css"/>
  <stylesheet href="../styles/inline.css" type="text/css"/>
  <itemBody>
    <matchInteraction maxAssociations="4" responseIdentifier="RESPONSE351" shuffle="false">
      <prompt>Match each expression with an equivalent expression.<br/></prompt>
      <simpleMatchSet>
        <simpleAssociableChoice identifier="SAC-6083" matchMax="1">
          <m:math xmlns="http://www.w3.org/1998/Math/MathML">   <m:mfrac>     <m:msup>       <m:mn>2</m:mn>       <m:mn>4</m:mn>     </m:msup>     <m:msup>       <m:mn>5</m:mn>       <m:mn>2</m:mn>     </m:msup>   </m:mfrac> </m:math>
        </simpleAssociableChoice>
        <simpleAssociableChoice identifier="SAC-6087" matchMax="1">
          <m:math xmlns="http://www.w3.org/1998/Math/MathML">   <m:mo stretchy="false">(</m:mo>   <m:msup>     <m:mn>2</m:mn>     <m:mn>4</m:mn>   </m:msup>   <m:msup>     <m:mo stretchy="false">)</m:mo>     <m:mn>2</m:mn>   </m:msup> </m:math>
        </simpleAssociableChoice>
        <simpleAssociableChoice identifier="SAC-6085" matchMax="1">
          <m:math xmlns="http://www.w3.org/1998/Math/MathML">   <m:mfrac>     <m:msup>       <m:mn>2</m:mn>       <m:mrow class="MJX-TeXAtom-ORD">         <m:mo>&#x2212;<!-- âˆ’ --></m:mo>         <m:mn>4</m:mn>       </m:mrow>     </m:msup>     <m:msup>       <m:mn>5</m:mn>       <m:mn>2</m:mn>     </m:msup>   </m:mfrac> </m:math>
        </simpleAssociableChoice>
        <simpleAssociableChoice identifier="SAC-6094" matchMax="1">
          <m:math xmlns="http://www.w3.org/1998/Math/MathML">   <m:msup>     <m:mn>2</m:mn>     <m:mn>0</m:mn>   </m:msup>   <m:mo>&#xD7;<!-- Ã— --></m:mo>   <m:msup>     <m:mn>5</m:mn>     <m:mn>2</m:mn>   </m:msup> </m:math>
        </simpleAssociableChoice>
      </simpleMatchSet>
      <simpleMatchSet>
        <simpleAssociableChoice identifier="SAC-6086" matchMax="1">
          <m:math xmlns="http://www.w3.org/1998/Math/MathML">   <m:mfrac>     <m:mn>1</m:mn>     <m:mn>25</m:mn>   </m:mfrac>   <m:mo>&#xD7;<!-- Ã— --></m:mo>   <m:mfrac>     <m:mn>1</m:mn>     <m:mn>16</m:mn>   </m:mfrac> </m:math>
        </simpleAssociableChoice>
        <simpleAssociableChoice identifier="SAC-6084" matchMax="1">
          <m:math xmlns="http://www.w3.org/1998/Math/MathML">   <m:mfrac>     <m:mn>16</m:mn>     <m:mn>25</m:mn>   </m:mfrac> </m:math>
        </simpleAssociableChoice>
        <simpleAssociableChoice identifier="SAC-6088" matchMax="1">
          <m:math xmlns="http://www.w3.org/1998/Math/MathML">   <m:msup>     <m:mn>2</m:mn>     <m:mn>8</m:mn>   </m:msup> </m:math>
        </simpleAssociableChoice>
        <simpleAssociableChoice identifier="SAC-6089" matchMax="1">
          <m:math xmlns="http://www.w3.org/1998/Math/MathML">   <m:msup>     <m:mn>5</m:mn>     <m:mn>2</m:mn>   </m:msup> </m:math>
        </simpleAssociableChoice>
      </simpleMatchSet>
    </matchInteraction>
  </itemBody>
  <responseProcessing>
    <responseCondition>
      <responseIf>
        <match>
          <variable identifier="RESPONSE351"/>
          <correct identifier="RESPONSE351"/>
        </match>
        <setOutcomeValue identifier="SCORE351">
          <baseValue baseType="float">1</baseValue>
        </setOutcomeValue>
      </responseIf>
      <responseElse>
        <setOutcomeValue identifier="SCORE351">
          <baseValue baseType="float">0</baseValue>
        </setOutcomeValue>
      </responseElse>
    </responseCondition>
    <setOutcomeValue identifier="SCORE">
      <sum>
        <variable identifier="SCORE351"/>
      </sum>
    </setOutcomeValue>
  </responseProcessing>
</assessmentItem>
