<?xml version="1.0"?>
<assessmentItem adaptive="false" identifier="ITEM-LOGIC-MP-489" timeDependent="false" title="Drag the set of points to the graph that best represents a similar line of best fit and correspondin" toolName="ItemLogic" toolVersion="2.0.0" xmlns="http://www.imsglobal.org/xsd/imsqti_v2p1" xmlns:m="http://www.w3.org/1998/Math/MathML" xmlns:xsi="http://www.w3.org/2001/XMLSchema-instance" xsi:schemaLocation="http://www.imsglobal.org/xsd/imsqti_v2p1  http://www.imsglobal.org/xsd/qti/qtiv2p1/imsqti_v2p1.xsd">
  <responseDeclaration baseType="directedPair" cardinality="multiple" identifier="RESPONSE345">
    <correctResponse>
      <value>GI-7150 HS-7194</value>
      <value>GI-7155 HS-7195</value>
    </correctResponse>
    <mapping defaultValue="0.00" lowerBound="0.00" upperBound="2.00">
      <mapEntry mapKey="GI-7150 HS-7194" mappedValue="1.00"/>
      <mapEntry mapKey="GI-7155 HS-7195" mappedValue="1.00"/>
    </mapping>
  </responseDeclaration>
  <outcomeDeclaration baseType="float" cardinality="single" identifier="SCORE345">
    <defaultValue>
      <value>0</value>
    </defaultValue>
  </outcomeDeclaration>
  <outcomeDeclaration baseType="float" cardinality="single" identifier="SCORE">
    <defaultValue>
      <value>0</value>
    </defaultValue>
  </outcomeDeclaration>
  <stylesheet href="../styles/bundled.css" type="text/css"/>
  <stylesheet href="../styles/inline.css" type="text/css"/>
  <itemBody>
    <rubricBlock use="stimulus" view="candidate author proctor scorer testConstructor tutor">
      <div><p>The table below shows the temperature on five days and the amount of hot chocolate sales, in dollars, a cafe sold on those days.</p> <table class="style-fa15be8628ae47654b358364630082ed"> <tbody> <tr> <td align="center" class="style-b376a0aabb05dac248312ce8b3216d92" valign="middle"> <p><strong>Temperature&#xA0;</strong><span>(</span><span>&#xB0;</span><span>F)</span></p> </td> <td align="center" class="style-40807412d870c94f012930aa35d18dd5" valign="middle"> <p>&#xA0;<strong>Total Sales</strong></p> </td> </tr> <tr> <td align="center" class="style-b376a0aabb05dac248312ce8b3216d92" valign="middle">&#xA0;&#xA0;&#xA0;&#xA0;&#xA0; 35</td> <td align="center" class="style-b376a0aabb05dac248312ce8b3216d92" valign="middle">&#xA0;&#xA0; $450</td> </tr> <tr> <td align="center" class="style-b376a0aabb05dac248312ce8b3216d92" valign="middle">&#xA0;&#xA0;&#xA0;&#xA0;&#xA0; 70</td> <td align="center" class="style-b376a0aabb05dac248312ce8b3216d92" valign="middle">&#xA0;&#xA0; $200</td> </tr> <tr> <td align="center" class="style-b376a0aabb05dac248312ce8b3216d92" valign="middle">&#xA0;&#xA0;&#xA0;&#xA0;&#xA0;&#xA0; 5</td> <td align="center" class="style-b376a0aabb05dac248312ce8b3216d92" valign="middle">&#xA0;&#xA0;&#xA0; $600</td> </tr> <tr> <td align="center" class="style-b376a0aabb05dac248312ce8b3216d92" valign="middle">&#xA0;&#xA0;&#xA0;&#xA0; 80</td> <td align="center" class="style-b376a0aabb05dac248312ce8b3216d92" valign="middle">&#xA0;&#xA0;&#xA0; $100</td> </tr> <tr> <td align="center" class="style-b376a0aabb05dac248312ce8b3216d92" valign="middle">&#xA0;&#xA0;&#xA0;&#xA0; 20</td> <td align="center" class="style-b376a0aabb05dac248312ce8b3216d92" valign="middle">&#xA0;&#xA0;&#xA0; $550</td> </tr> </tbody> </table></div>
    </rubricBlock>
    <graphicGapMatchInteraction responseIdentifier="RESPONSE345">
      <prompt>Drag the set of points to the graph that best represents a similar line of best fit and corresponding coefficient as the information provided in the table. Then indicate if the graph shows a positive correlation, a negative correlation, or no correlation.<br/></prompt>
      <object data="../images/FROERI489_Correlation_stem_01_o_2bf3bd55f8.png" height="291" type="image/png" width="256"/>
      <gapImg identifier="GI-7150" matchMax="1">
        <object data="../images/FROERI489_Correlation_opt_a01_o_4df70b79e3.png" height="199" type="image/png" width="200"/>
      </gapImg>
      <gapImg identifier="GI-7151" matchMax="1">
        <object data="../images/FROERI489_Correlation_opt_b01_o_e6fef91e52.png" height="199" type="image/png" width="200"/>
      </gapImg>
      <gapImg identifier="GI-7152" matchMax="1">
        <object data="../images/FROERI489_Correlation_opt_c01_o_7dde626dff.png" height="199" type="image/png" width="200"/>
      </gapImg>
      <gapImg identifier="GI-7153" matchMax="1">
        <object data="../images/FROERI489_Correlation_opt_d01_o_f316ba95ac.png" height="199" type="image/png" width="200"/>
      </gapImg>
      <gapImg identifier="GI-7154" matchMax="1">
        <object data="../images/FROERI489_Correlation_opt_e01_o_74701dd3f7.png" height="28" type="image/png" width="169"/>
      </gapImg>
      <gapImg identifier="GI-7155" matchMax="1">
        <object data="../images/FROERI489_Correlation_opt_f01_o_d1a9be6acc.png" height="28" type="image/png" width="169"/>
      </gapImg>
      <gapImg identifier="GI-7156" matchMax="1">
        <object data="../images/FROERI489_Correlation_opt_g01_o_6274378671.png" height="28" type="image/png" width="169"/>
      </gapImg>
      <associableHotspot coords="59,0,259,199" identifier="HS-7194" matchMax="1" shape="rect"/>
      <associableHotspot coords="73,261,242,289" identifier="HS-7195" matchMax="1" shape="rect"/>
    </graphicGapMatchInteraction>
  </itemBody>
  <responseProcessing>
    <responseCondition>
      <responseIf>
        <isNull>
          <variable identifier="RESPONSE345"/>
        </isNull>
        <setOutcomeValue identifier="SCORE345">
          <baseValue baseType="float">0.0</baseValue>
        </setOutcomeValue>
      </responseIf>
      <responseElse>
        <setOutcomeValue identifier="SCORE345">
          <mapResponse identifier="RESPONSE345"/>
        </setOutcomeValue>
      </responseElse>
    </responseCondition>
    <setOutcomeValue identifier="SCORE">
      <sum>
        <variable identifier="SCORE345"/>
      </sum>
    </setOutcomeValue>
  </responseProcessing>
</assessmentItem>
