<?xml version="1.0"?>
<assessmentItem adaptive="false" identifier="ITEM-LOGIC-MP-241" timeDependent="false" title="Select yes or no for each equation she can use to help her find s, the number of scarves she needs t" toolName="ItemLogic" toolVersion="2.0.0" xmlns="http://www.imsglobal.org/xsd/imsqti_v2p1" xmlns:m="http://www.w3.org/1998/Math/MathML" xmlns:xsi="http://www.w3.org/2001/XMLSchema-instance" xsi:schemaLocation="http://www.imsglobal.org/xsd/imsqti_v2p1  http://www.imsglobal.org/xsd/qti/qtiv2p1/imsqti_v2p1.xsd">
  <responseDeclaration baseType="identifier" cardinality="multiple" identifier="RESPONSE82">
    <correctResponse>
      <value>HT-4017</value>
      <value>HT-4018</value>
      <value>HT-4020</value>
      <value>HT-4023</value>
    </correctResponse>
  </responseDeclaration>
  <responseDeclaration baseType="identifier" cardinality="multiple" identifier="RESPONSE84">
    <correctResponse>
      <value>HT-3808</value>
    </correctResponse>
  </responseDeclaration>
  <outcomeDeclaration baseType="float" cardinality="single" identifier="SCORE82">
    <defaultValue>
      <value>0</value>
    </defaultValue>
  </outcomeDeclaration>
  <outcomeDeclaration baseType="float" cardinality="single" identifier="SCORE84">
    <defaultValue>
      <value>0</value>
    </defaultValue>
  </outcomeDeclaration>
  <outcomeDeclaration baseType="float" cardinality="single" identifier="SCORE">
    <defaultValue>
      <value>0</value>
    </defaultValue>
  </outcomeDeclaration>
  <stylesheet href="../styles/bundled.css" type="text/css"/>
  <stylesheet href="../styles/inline.css" type="text/css"/>
  <itemBody>
    <rubricBlock use="stimulus" view="candidate author proctor scorer testConstructor tutor">
      <div>
        <p>Elena makes 2 scarves a day. Her goal is to make 12 scarves in all. After 4 days, how many scarves does Elena still have to make to meet her goal?</p>
      </div>
    </rubricBlock>
    <hottextInteraction maxChoices="0" responseIdentifier="RESPONSE82" xmlns:default="http://www.w3.org/1998/Math/MathML">
      <prompt>Select yes or no for each equation she can use to help her find <em>s</em>, the number of scarves she still needs to make after 4 days.<br/></prompt>
      <table class="style-a3f303f2f8a08e1dfaa5bdde04c0641d" xmlns:default="http://www.w3.org/1998/Math/MathML"> <tbody> <tr> <td class="style-25150780864b21cd93ec9cb82758edc1"><strong>Equation</strong></td> <td class="style-0594fd93e2a95d4b5ade904927f9cdf8" colspan="2"><strong>Answer</strong></td> </tr> <tr> <td class="style-25150780864b21cd93ec9cb82758edc1"><m:math xmlns="http://www.w3.org/1998/Math/MathML">   <m:mn>2</m:mn>   <m:mo>+</m:mo>   <m:mn>4</m:mn>   <m:mo>&#xD7;<!-- Ã— --></m:mo>   <m:mi>s</m:mi>   <m:mo>=</m:mo>   <m:mn>12</m:mn> </m:math></td> <td class="style-0594fd93e2a95d4b5ade904927f9cdf8"> <hottext identifier="HT-4016">yes</hottext></td> <td class="style-0594fd93e2a95d4b5ade904927f9cdf8"><hottext identifier="HT-4017">no</hottext></td> </tr> <tr> <td class="style-25150780864b21cd93ec9cb82758edc1"><m:math xmlns="http://www.w3.org/1998/Math/MathML">   <m:mn>2</m:mn>   <m:mo>&#xD7;<!-- Ã— --></m:mo>   <m:mn>4</m:mn>   <m:mo>+</m:mo>   <m:mi>s</m:mi>   <m:mo>=</m:mo>   <m:mn>12</m:mn> </m:math></td> <td class="style-0594fd93e2a95d4b5ade904927f9cdf8"> <hottext identifier="HT-4018">yes</hottext></td> <td class="style-0594fd93e2a95d4b5ade904927f9cdf8"><hottext identifier="HT-4019">no</hottext></td> </tr> <tr> <td class="style-25150780864b21cd93ec9cb82758edc1"><m:math xmlns="http://www.w3.org/1998/Math/MathML">   <m:mn>12</m:mn>   <m:mo>&#x2212;<!-- âˆ’ --></m:mo>   <m:mn>8</m:mn>   <m:mo>=</m:mo>   <m:mi>s</m:mi> </m:math></td> <td class="style-0594fd93e2a95d4b5ade904927f9cdf8"> <hottext identifier="HT-4020">yes</hottext></td> <td class="style-0594fd93e2a95d4b5ade904927f9cdf8"><hottext identifier="HT-4021">no</hottext></td> </tr> <tr> <td class="style-25150780864b21cd93ec9cb82758edc1"><m:math xmlns="http://www.w3.org/1998/Math/MathML">   <m:mn>12</m:mn>   <m:mo>&#x2212;<!-- âˆ’ --></m:mo>   <m:mn>6</m:mn>   <m:mo>=</m:mo>   <m:mi>s</m:mi> </m:math></td> <td class="style-0594fd93e2a95d4b5ade904927f9cdf8"> <hottext identifier="HT-4022">yes</hottext></td> <td class="style-0594fd93e2a95d4b5ade904927f9cdf8"><hottext identifier="HT-4023">no</hottext></td> </tr> </tbody> </table>
    </hottextInteraction>
    <hottextInteraction maxChoices="0" responseIdentifier="RESPONSE84">
      <prompt>Select the part of the sentence that has an error or select No error.<br/></prompt>
      <p>After 4 days, Elena has to make <hottext identifier="HT-3808">6</hottext> scarves to meet her goal. After she meets her goal and finishes making all of her scarves, Elena divides the scarves equally among her 4 friends. Each friend gets <hottext identifier="HT-3809">3</hottext> scarves. Next time, Elena will try to make 4 scarves a day, so she will make <hottext identifier="HT-3810">12</hottext> scarves in <hottext identifier="HT-3811">3</hottext> days. <hottext identifier="HT-3812">No error.</hottext></p>
    </hottextInteraction>
  </itemBody>
  <responseProcessing>
    <responseCondition>
      <responseIf>
        <match>
          <variable identifier="RESPONSE82"/>
          <correct identifier="RESPONSE82"/>
        </match>
        <setOutcomeValue identifier="SCORE82">
          <baseValue baseType="float">1</baseValue>
        </setOutcomeValue>
      </responseIf>
      <responseElse>
        <setOutcomeValue identifier="SCORE82">
          <baseValue baseType="float">0</baseValue>
        </setOutcomeValue>
      </responseElse>
    </responseCondition>
    <responseCondition>
      <responseIf>
        <match>
          <variable identifier="RESPONSE84"/>
          <correct identifier="RESPONSE84"/>
        </match>
        <setOutcomeValue identifier="SCORE84">
          <baseValue baseType="float">1</baseValue>
        </setOutcomeValue>
      </responseIf>
      <responseElse>
        <setOutcomeValue identifier="SCORE84">
          <baseValue baseType="float">0</baseValue>
        </setOutcomeValue>
      </responseElse>
    </responseCondition>
    <setOutcomeValue identifier="SCORE">
      <sum>
        <variable identifier="SCORE82"/>
        <variable identifier="SCORE84"/>
      </sum>
    </setOutcomeValue>
  </responseProcessing>
</assessmentItem>
