<?xml version="1.0"?>
<assessmentItem adaptive="false" identifier="ITEM-LOGIC-MP-212" timeDependent="false" title="According to &quot;Working Women and Children,&quot; why did many people work for no wages?" toolName="ItemLogic" toolVersion="2.0.0" xmlns="http://www.imsglobal.org/xsd/imsqti_v2p1" xmlns:m="http://www.w3.org/1998/Math/MathML" xmlns:xsi="http://www.w3.org/2001/XMLSchema-instance" xsi:schemaLocation="http://www.imsglobal.org/xsd/imsqti_v2p1  http://www.imsglobal.org/xsd/qti/qtiv2p1/imsqti_v2p1.xsd">
  <responseDeclaration baseType="identifier" cardinality="single" identifier="RESPONSE42">
    <correctResponse>
      <value>SC-2201</value>
    </correctResponse>
  </responseDeclaration>
  <responseDeclaration baseType="identifier" cardinality="multiple" identifier="RESPONSE43">
    <correctResponse>
      <value>HT-2211</value>
    </correctResponse>
  </responseDeclaration>
  <outcomeDeclaration baseType="float" cardinality="single" identifier="SCORE42">
    <defaultValue>
      <value>0</value>
    </defaultValue>
  </outcomeDeclaration>
  <outcomeDeclaration baseType="float" cardinality="single" identifier="SCORE43">
    <defaultValue>
      <value>0</value>
    </defaultValue>
  </outcomeDeclaration>
  <outcomeDeclaration baseType="float" cardinality="single" identifier="SCORE">
    <defaultValue>
      <value>0</value>
    </defaultValue>
  </outcomeDeclaration>
  <stylesheet href="../styles/bundled.css" type="text/css"/>
  <stylesheet href="../styles/inline.css" type="text/css"/>
  <itemBody>
    <rubricBlock use="context" view="candidate author proctor scorer testConstructor tutor">
      <div>
        <object data="../passages/RSC-LOGIC-MP-356.html" type="text/html"/>
      </div>
      <div>
        <object data="../passages/RSC-LOGIC-MP-359.html" type="text/html"/>
      </div>
    </rubricBlock>
    <choiceInteraction maxChoices="1" responseIdentifier="RESPONSE42" shuffle="false">
      <prompt>According to "Working Women and Children," why did many people work for no wages?<br/></prompt>
      <simpleChoice fixed="true" identifier="SC-2200">
        <p>People worked only in order to learn more skills.</p>
      </simpleChoice>
      <simpleChoice fixed="true" identifier="SC-2201">
        <p>People often traded for items instead of using money.</p>
      </simpleChoice>
      <simpleChoice fixed="true" identifier="SC-2202">
        <p>People were given comfortable living conditions instead of being paid.</p>
      </simpleChoice>
      <simpleChoice fixed="true" identifier="SC-2203">
        <p>People wanted to keep the traditions from Europe.</p>
      </simpleChoice>
    </choiceInteraction>
    <hottextInteraction maxChoices="0" responseIdentifier="RESPONSE43"><prompt>Select the sentence that <strong>best</strong> supports the correct answer to Part A.<br/></prompt><p>Do you believe that? Some people do. <hottext identifier="HT-2207">They think working women are a new phenomenon.</hottext> <hottext identifier="HT-2208">Well, people who believe that don&#x2019;t know their history.</hottext> <hottext identifier="HT-2209">Women have always worked in America</hottext>. They just didn&#x2019;t always work for wages.</p> <p> How about American men? Have they always worked? Of course. But they didn&#x2019;t work for wages either. <hottext identifier="HT-2210">In the old days, most men and women worked on farms, for themselves, and didn&#x2019;t see much cash.</hottext><hottext identifier="HT-2211">If they had extra crops, they sold or bartered them for goods they couldn&#x2019;t produce themselves.</hottext></p></hottextInteraction>
  </itemBody>
  <responseProcessing>
    <responseCondition>
      <responseIf>
        <match>
          <variable identifier="RESPONSE42"/>
          <correct identifier="RESPONSE42"/>
        </match>
        <setOutcomeValue identifier="SCORE42">
          <baseValue baseType="float">1</baseValue>
        </setOutcomeValue>
      </responseIf>
      <responseElse>
        <setOutcomeValue identifier="SCORE42">
          <baseValue baseType="float">0</baseValue>
        </setOutcomeValue>
      </responseElse>
    </responseCondition>
    <responseCondition>
      <responseIf>
        <match>
          <variable identifier="RESPONSE43"/>
          <correct identifier="RESPONSE43"/>
        </match>
        <setOutcomeValue identifier="SCORE43">
          <baseValue baseType="float">1</baseValue>
        </setOutcomeValue>
      </responseIf>
      <responseElse>
        <setOutcomeValue identifier="SCORE43">
          <baseValue baseType="float">0</baseValue>
        </setOutcomeValue>
      </responseElse>
    </responseCondition>
    <setOutcomeValue identifier="SCORE">
      <sum>
        <variable identifier="SCORE42"/>
        <variable identifier="SCORE43"/>
      </sum>
    </setOutcomeValue>
  </responseProcessing>
</assessmentItem>
