<?xml version="1.0"?>
<assessmentItem adaptive="false" identifier="ITEM-LOGIC-KS-857" timeDependent="false" title="Select four details that support the idea that the Svalbard Vault merits the title, &quot;Doomsday Vault." toolName="ItemLogic" toolVersion="2.0.0" xmlns="http://www.imsglobal.org/xsd/imsqti_v2p1" xmlns:m="http://www.w3.org/1998/Math/MathML" xmlns:xsi="http://www.w3.org/2001/XMLSchema-instance" xsi:schemaLocation="http://www.imsglobal.org/xsd/imsqti_v2p1  http://www.imsglobal.org/xsd/qti/qtiv2p1/imsqti_v2p1.xsd">
  <responseDeclaration baseType="identifier" cardinality="multiple" identifier="RESPONSE897">
    <correctResponse>
      <value>HT-15235</value>
      <value>HT-15237</value>
      <value>HT-15239</value>
      <value>HT-15241</value>
    </correctResponse>
  </responseDeclaration>
  <outcomeDeclaration baseType="float" cardinality="single" identifier="SCORE897">
    <defaultValue>
      <value>0</value>
    </defaultValue>
  </outcomeDeclaration>
  <outcomeDeclaration baseType="float" cardinality="single" identifier="SCORE">
    <defaultValue>
      <value>0</value>
    </defaultValue>
  </outcomeDeclaration>
  <stylesheet href="../styles/bundled.css" type="text/css"/>
  <stylesheet href="../styles/inline.css" type="text/css"/>
  <itemBody>
    <rubricBlock use="context" view="candidate author proctor scorer testConstructor tutor">
      <div>
        <object data="../passages/RSC-LOGIC-KS-4046.html" type="text/html"/>
      </div>
    </rubricBlock>
    <rubricBlock use="stimulus" view="candidate author proctor scorer testConstructor tutor">
      <div>
        <p>In the text,&#xA0;<em>Save Our Seeds,&#xA0;</em>the Svalbard Seed Vault is called the "Doomsday Vault."&#xA0;</p>
      </div>
    </rubricBlock>
    <hottextInteraction maxChoices="0" responseIdentifier="RESPONSE897">
      <prompt>Select four details that support the idea that the Svalbard Vault merits the title, "Doomsday Vault."<br/></prompt>
      <p>
        <hottext identifier="HT-15233">Living cells, such as those in plant seeds, use chemical changes to provide energy for life and growth.</hottext>
      </p>
      <p>
        <hottext identifier="HT-15232">Many countries around the world understand the value and importance of maintaining their own local seed vaults.</hottext>
      </p>
      <p>
        <hottext identifier="HT-15235">A nation's entire food supply may be wiped out by a single catastrophic event such as a flood, typhoon, earthquake, or hurricane.</hottext>
      </p>
      <p>
        <hottext identifier="HT-15237">Seeds that adapt to their natural environment tend to change over time, meaning that original seed traits can be forever lost.</hottext>
      </p>
      <p>
        <hottext identifier="HT-15239">It is critical for future generations of farmers, scientists, and consumers to have access to original seed types indigenous to each region of the world.</hottext>
      </p>
      <p>
        <hottext identifier="HT-15243">Frigid vault temperatures slow the metabolic process in seeds, thus reducing a seed's ability to germinate, causing a catastrophic loss in a region's crop production.</hottext>
      </p>
      <p>
        <hottext identifier="HT-15241">Many crops are genetically modified to accommodate the climate and topography of various regions, allowing the original traits of the native seeds to become diversified to the point of nonexistence.</hottext>
      </p>
    </hottextInteraction>
  </itemBody>
  <responseProcessing>
    <responseCondition>
      <responseIf>
        <match>
          <variable identifier="RESPONSE897"/>
          <correct identifier="RESPONSE897"/>
        </match>
        <setOutcomeValue identifier="SCORE897">
          <baseValue baseType="float">1</baseValue>
        </setOutcomeValue>
      </responseIf>
      <responseElse>
        <setOutcomeValue identifier="SCORE897">
          <baseValue baseType="float">0</baseValue>
        </setOutcomeValue>
      </responseElse>
    </responseCondition>
    <setOutcomeValue identifier="SCORE">
      <sum>
        <variable identifier="SCORE897"/>
      </sum>
    </setOutcomeValue>
  </responseProcessing>
</assessmentItem>
