<?xml version="1.0"?>
<assessmentItem adaptive="false" identifier="ITEM-LOGIC-MP-552" timeDependent="false" title="Part A Identify the meaning of the word from &quot;Pygmalion.&quot;" toolName="ItemLogic" toolVersion="2.0.0" xmlns="http://www.imsglobal.org/xsd/imsqti_v2p1" xmlns:m="http://www.w3.org/1998/Math/MathML" xmlns:xsi="http://www.w3.org/2001/XMLSchema-instance" xsi:schemaLocation="http://www.imsglobal.org/xsd/imsqti_v2p1  http://www.imsglobal.org/xsd/qti/qtiv2p1/imsqti_v2p1.xsd">
  <responseDeclaration baseType="identifier" cardinality="single" identifier="RESPONSE432">
    <correctResponse>
      <value>IC-8374</value>
    </correctResponse>
  </responseDeclaration>
  <responseDeclaration baseType="identifier" cardinality="multiple" identifier="RESPONSE434">
    <correctResponse>
      <value>HT-15057</value>
    </correctResponse>
  </responseDeclaration>
  <outcomeDeclaration baseType="float" cardinality="single" identifier="SCORE432">
    <defaultValue>
      <value>0</value>
    </defaultValue>
  </outcomeDeclaration>
  <outcomeDeclaration baseType="float" cardinality="single" identifier="SCORE434">
    <defaultValue>
      <value>0</value>
    </defaultValue>
  </outcomeDeclaration>
  <outcomeDeclaration baseType="float" cardinality="single" identifier="SCORE">
    <defaultValue>
      <value>0</value>
    </defaultValue>
  </outcomeDeclaration>
  <stylesheet href="../styles/bundled.css" type="text/css"/>
  <stylesheet href="../styles/inline.css" type="text/css"/>
  <itemBody>
    <rubricBlock use="context" view="candidate author proctor scorer testConstructor tutor">
      <div>
        <object data="../passages/RSC-LOGIC-MP-1662.html" type="text/html"/>
      </div>
    </rubricBlock>
    <div class="stem stem_inline">
      <div class="stem_prompt"><p>Part A</p> <p>Identify the meaning of the word from "Pygmalion."</p></div>
      <p>The word <strong>deprecating</strong> in paragraph 14 most likely means <inlineChoiceInteraction responseIdentifier="RESPONSE432" shuffle="false"><inlineChoice identifier="IC-8377">reassuring</inlineChoice><inlineChoice identifier="IC-8375">misunderstanding</inlineChoice><inlineChoice identifier="IC-8374">criticizing</inlineChoice><inlineChoice identifier="IC-8376">fearing</inlineChoice></inlineChoiceInteraction>.</p>
    </div>
    <hottextInteraction maxChoices="0" responseIdentifier="RESPONSE434">
      <prompt>Part B<br/> Select the piece of evidence from paragraph 14 that <strong>best</strong> supports the answer in Part A.<br/></prompt>
      <p>THE FLOWER GIRL [<hottext identifier="HT-15055">springing up terrified</hottext>] I ain&#x2019;t done nothing wrong by speaking to the gentleman. I&#x2019;ve a right to sell flowers if I keep off the kerb. [Hysterically] I&#x2019;m a respectable girl: so help me, I never spoke to him except to ask him to buy a flower off me. [General hubbub, mostly sympathetic to the flower girl, but deprecating her excessive sensibility. Cries of Don&#x2019;t start hollerin. Who&#x2019;s hurting you? Nobody&#x2019;s going to touch you. What&#x2019;s the good of fussing? Steady on. Easy, easy, etc., come from the elderly staid spectators, who <hottext identifier="HT-15056">pat her comfortingly</hottext>. Less patient ones bid her shut her head, or <hottext identifier="HT-15057">ask her roughly what is wrong with her</hottext>. A remoter group, not knowing what the matter is, <hottext identifier="HT-15058">crowd in and increase the noise with question and answer</hottext>: What&#x2019;s the row? What she do? Where is he? A tec taking her down. What! him? Yes: him over there: Took money off the gentleman, etc. The flower girl, distraught and mobbed, breaks through them to the gentleman, crying mildly] Oh, sir, don&#x2019;t let him charge me. You dunno what it means to me. They&#x2019;ll take away my character and drive me on the streets for speaking to gentlemen. They&#x2014;</p>
    </hottextInteraction>
  </itemBody>
  <responseProcessing>
    <responseCondition>
      <responseIf>
        <match>
          <variable identifier="RESPONSE432"/>
          <correct identifier="RESPONSE432"/>
        </match>
        <setOutcomeValue identifier="SCORE432">
          <baseValue baseType="float">1</baseValue>
        </setOutcomeValue>
      </responseIf>
      <responseElse>
        <setOutcomeValue identifier="SCORE432">
          <baseValue baseType="float">0</baseValue>
        </setOutcomeValue>
      </responseElse>
    </responseCondition>
    <responseCondition>
      <responseIf>
        <match>
          <variable identifier="RESPONSE434"/>
          <correct identifier="RESPONSE434"/>
        </match>
        <setOutcomeValue identifier="SCORE434">
          <baseValue baseType="float">1</baseValue>
        </setOutcomeValue>
      </responseIf>
      <responseElse>
        <setOutcomeValue identifier="SCORE434">
          <baseValue baseType="float">0</baseValue>
        </setOutcomeValue>
      </responseElse>
    </responseCondition>
    <setOutcomeValue identifier="SCORE">
      <sum>
        <variable identifier="SCORE432"/>
        <variable identifier="SCORE434"/>
      </sum>
    </setOutcomeValue>
  </responseProcessing>
</assessmentItem>
