<?xml version="1.0"?>
<assessmentItem adaptive="false" identifier="ITEM-LOGIC-KS-818" timeDependent="false" title="Drag a ray to the number line to show all temperatures when the pool is open." toolName="ItemLogic" toolVersion="2.0.0" xmlns="http://www.imsglobal.org/xsd/imsqti_v2p1" xmlns:m="http://www.w3.org/1998/Math/MathML" xmlns:xsi="http://www.w3.org/2001/XMLSchema-instance" xsi:schemaLocation="http://www.imsglobal.org/xsd/imsqti_v2p1  http://www.imsglobal.org/xsd/qti/qtiv2p1/imsqti_v2p1.xsd">
  <responseDeclaration baseType="directedPair" cardinality="multiple" identifier="RESPONSE813">
    <correctResponse>
      <value>GI-14575 HS-14578</value>
    </correctResponse>
  </responseDeclaration>
  <responseDeclaration baseType="identifier" cardinality="single" identifier="RESPONSE814">
    <correctResponse>
      <value>SC-13916</value>
    </correctResponse>
  </responseDeclaration>
  <outcomeDeclaration baseType="float" cardinality="single" identifier="SCORE813">
    <defaultValue>
      <value>0</value>
    </defaultValue>
  </outcomeDeclaration>
  <outcomeDeclaration baseType="float" cardinality="single" identifier="SCORE814">
    <defaultValue>
      <value>0</value>
    </defaultValue>
  </outcomeDeclaration>
  <outcomeDeclaration baseType="float" cardinality="single" identifier="SCORE">
    <defaultValue>
      <value>0</value>
    </defaultValue>
  </outcomeDeclaration>
  <stylesheet href="../styles/bundled.css" type="text/css"/>
  <stylesheet href="../styles/inline.css" type="text/css"/>
  <itemBody>
    <rubricBlock use="stimulus" view="candidate author proctor scorer testConstructor tutor">
      <div>
        <p>The community pool is only open when the temperature outside is <strong>warmer</strong> than the temperature shown on the thermometer.</p>
        <p>
          <object data="../images/temp-vtherm@2x_9d6397b9ae.png" height="300" type="image/png" width="107"/>
        </p>
      </div>
    </rubricBlock>
    <graphicGapMatchInteraction responseIdentifier="RESPONSE813">
      <prompt>Drag a ray to the number line to show all temperatures when the pool is <strong>open</strong>.<br/></prompt>
      <object data="../images/temp-numline-canvas@2x_o_da3113b08f.png" height="150" type="image/png" width="500"/>
      <gapImg identifier="GI-14574" matchMax="1">
        <object data="../images/temp-numline-arrow-left@2x_o_627e4c710d.png" height="45" type="image/png" width="180"/>
      </gapImg>
      <gapImg identifier="GI-14575" matchMax="1">
        <object data="../images/temp-numline-arrow-rt@2x_o_1aa8918004.png" height="45" type="image/png" width="180"/>
      </gapImg>
      <associableHotspot coords="59,57,239,102" identifier="HS-14577" matchMax="1" shape="rect"/>
      <associableHotspot coords="208,57,388,102" identifier="HS-14578" matchMax="1" shape="rect"/>
    </graphicGapMatchInteraction>
    <choiceInteraction maxChoices="1" responseIdentifier="RESPONSE814" shuffle="false" xmlns:default="http://www.w3.org/1998/Math/MathML">
      <prompt>Which inequality shows all temperatures, <em>t</em>, when the pool is open?<br/></prompt>
      <simpleChoice fixed="true" identifier="SC-13917" xmlns:default="http://www.w3.org/1998/Math/MathML">
        <m:math xmlns="http://www.w3.org/1998/Math/MathML">   <m:mi>t</m:mi>   <m:mo>&lt;</m:mo>   <m:mn>64</m:mn> </m:math>
      </simpleChoice>
      <simpleChoice fixed="true" identifier="SC-13916" xmlns:default="http://www.w3.org/1998/Math/MathML">
        <m:math xmlns="http://www.w3.org/1998/Math/MathML">   <m:mi>t</m:mi>   <m:mo>&gt;</m:mo>   <m:mn>64</m:mn> </m:math>
      </simpleChoice>
      <simpleChoice fixed="true" identifier="SC-13918" xmlns:default="http://www.w3.org/1998/Math/MathML">
        <m:math xmlns="http://www.w3.org/1998/Math/MathML">   <m:mi>t</m:mi>   <m:mo>&lt;</m:mo>   <m:mn>65</m:mn> </m:math>
      </simpleChoice>
      <simpleChoice fixed="true" identifier="SC-13919" xmlns:default="http://www.w3.org/1998/Math/MathML">
        <m:math xmlns="http://www.w3.org/1998/Math/MathML">   <m:mi>t</m:mi>   <m:mo>&gt;</m:mo>   <m:mn>65</m:mn> </m:math>
      </simpleChoice>
    </choiceInteraction>
  </itemBody>
  <responseProcessing>
    <responseCondition>
      <responseIf>
        <match>
          <variable identifier="RESPONSE813"/>
          <correct identifier="RESPONSE813"/>
        </match>
        <setOutcomeValue identifier="SCORE813">
          <baseValue baseType="float">1</baseValue>
        </setOutcomeValue>
      </responseIf>
      <responseElse>
        <setOutcomeValue identifier="SCORE813">
          <baseValue baseType="float">0</baseValue>
        </setOutcomeValue>
      </responseElse>
    </responseCondition>
    <responseCondition>
      <responseIf>
        <match>
          <variable identifier="RESPONSE814"/>
          <correct identifier="RESPONSE814"/>
        </match>
        <setOutcomeValue identifier="SCORE814">
          <baseValue baseType="float">1</baseValue>
        </setOutcomeValue>
      </responseIf>
      <responseElse>
        <setOutcomeValue identifier="SCORE814">
          <baseValue baseType="float">0</baseValue>
        </setOutcomeValue>
      </responseElse>
    </responseCondition>
    <setOutcomeValue identifier="SCORE">
      <sum>
        <variable identifier="SCORE813"/>
        <variable identifier="SCORE814"/>
      </sum>
    </setOutcomeValue>
  </responseProcessing>
</assessmentItem>
