<?xml version="1.0"?>
<assessmentItem adaptive="false" identifier="ITEM-LOGIC-MP-626" timeDependent="false" title="Select a line from the poem that best shows how the young bird in Selection 1 is feeling." toolName="ItemLogic" toolVersion="2.0.0" xmlns="http://www.imsglobal.org/xsd/imsqti_v2p1" xmlns:m="http://www.w3.org/1998/Math/MathML" xmlns:xsi="http://www.w3.org/2001/XMLSchema-instance" xsi:schemaLocation="http://www.imsglobal.org/xsd/imsqti_v2p1  http://www.imsglobal.org/xsd/qti/qtiv2p1/imsqti_v2p1.xsd">
  <responseDeclaration baseType="identifier" cardinality="multiple" identifier="RESPONSE528">
    <correctResponse>
      <value>HT-18734</value>
    </correctResponse>
  </responseDeclaration>
  <outcomeDeclaration baseType="float" cardinality="single" identifier="SCORE528">
    <defaultValue>
      <value>0</value>
    </defaultValue>
  </outcomeDeclaration>
  <outcomeDeclaration baseType="float" cardinality="single" identifier="SCORE">
    <defaultValue>
      <value>0</value>
    </defaultValue>
  </outcomeDeclaration>
  <stylesheet href="../styles/bundled.css" type="text/css"/>
  <stylesheet href="../styles/inline.css" type="text/css"/>
  <itemBody>
    <rubricBlock use="context" view="candidate author proctor scorer testConstructor tutor">
      <div>
        <object data="../passages/RSC-LOGIC-MP-1648.html" type="text/html"/>
      </div>
    </rubricBlock>
    <hottextInteraction maxChoices="0" responseIdentifier="RESPONSE528"><prompt>Select a line from the poem that best shows how the young bird is feeling.<br/></prompt><p>Tousled and rumpled,<br/>scruffy, half finished,<br/>he perches, flutters,<br/> <hottext identifier="HT-18734">stumbles, falls out&#x2014;</hottext></p> <p><strong>5</strong> remembering wings<br/>too late&#x2014;<br/>crash-lands<br/><hottext identifier="HT-18735">on a thin twig.</hottext><br/> Holds <em>on</em>.</p> <p><strong>10</strong> (Are his eyes<br/>tightly shut?)<br/><hottext identifier="HT-18736">An hour later,</hottext> <br/> a long-distance flight: <br/>six inches higher.</p> <p><strong>15</strong> Little hunch of bird,<br/><hottext identifier="HT-18737">perches on a branch,</hottext> <br/> waiting, hoping,<br/>that Mom shows up<br/>with lunch.</p></hottextInteraction>
  </itemBody>
  <responseProcessing>
    <responseCondition>
      <responseIf>
        <match>
          <variable identifier="RESPONSE528"/>
          <correct identifier="RESPONSE528"/>
        </match>
        <setOutcomeValue identifier="SCORE528">
          <baseValue baseType="float">1</baseValue>
        </setOutcomeValue>
      </responseIf>
      <responseElse>
        <setOutcomeValue identifier="SCORE528">
          <baseValue baseType="float">0</baseValue>
        </setOutcomeValue>
      </responseElse>
    </responseCondition>
    <setOutcomeValue identifier="SCORE">
      <sum>
        <variable identifier="SCORE528"/>
      </sum>
    </setOutcomeValue>
  </responseProcessing>
</assessmentItem>
