<?xml version="1.0"?>
<assessmentItem adaptive="false" identifier="ITEM-LOGIC-KS-963" timeDependent="false" title="Select all of the clocks that show the times when Luis brushes his teeth." toolName="ItemLogic" toolVersion="2.0.0" xmlns="http://www.imsglobal.org/xsd/imsqti_v2p1" xmlns:m="http://www.w3.org/1998/Math/MathML" xmlns:xsi="http://www.w3.org/2001/XMLSchema-instance" xsi:schemaLocation="http://www.imsglobal.org/xsd/imsqti_v2p1  http://www.imsglobal.org/xsd/qti/qtiv2p1/imsqti_v2p1.xsd">
  <responseDeclaration baseType="identifier" cardinality="multiple" identifier="RESPONSE957">
    <correctResponse>
      <value>HS-17094</value>
      <value>HS-17090</value>
      <value>HS-17095</value>
    </correctResponse>
  </responseDeclaration>
  <responseDeclaration baseType="identifier" cardinality="single" identifier="RESPONSE958">
    <correctResponse>
      <value>SC-16835</value>
    </correctResponse>
  </responseDeclaration>
  <outcomeDeclaration baseType="float" cardinality="single" identifier="SCORE957">
    <defaultValue>
      <value>0</value>
    </defaultValue>
  </outcomeDeclaration>
  <outcomeDeclaration baseType="float" cardinality="single" identifier="SCORE958">
    <defaultValue>
      <value>0</value>
    </defaultValue>
  </outcomeDeclaration>
  <outcomeDeclaration baseType="float" cardinality="single" identifier="SCORE">
    <defaultValue>
      <value>0</value>
    </defaultValue>
  </outcomeDeclaration>
  <stylesheet href="../styles/bundled.css" type="text/css"/>
  <stylesheet href="../styles/inline.css" type="text/css"/>
  <itemBody>
    <rubricBlock use="stimulus" view="candidate author proctor scorer testConstructor tutor">
      <div>
        <p>Luis brushes his teeth every day at seven o&#x2019;clock in the morning and eight thirty at night.</p>
      </div>
    </rubricBlock>
    <hotspotInteraction maxChoices="0" responseIdentifier="RESPONSE957">
      <prompt>Select all of the clocks that show the times when Luis brushes his teeth.<br/></prompt>
      <object data="../images/clocks-hotspot@2x_o_40ceb8ac5f.png" height="291" type="image/png" width="500"/>
      <hotspotChoice coords="253,219,60" identifier="HS-17090" shape="circle"/>
      <hotspotChoice coords="421,74,60" identifier="HS-17091" shape="circle"/>
      <hotspotChoice coords="19,187,149,257" identifier="HS-17092" shape="rect"/>
      <hotspotChoice coords="187,39,317,109" identifier="HS-17093" shape="rect"/>
      <hotspotChoice coords="83,74,60" identifier="HS-17094" shape="circle"/>
      <hotspotChoice coords="356,185,486,255" identifier="HS-17095" shape="rect"/>
    </hotspotInteraction>
    <choiceInteraction maxChoices="1" responseIdentifier="RESPONSE958" shuffle="false">
      <prompt>Luis looks at the clock when the hour hand is halfway between the 9 and the 10. What time is it?<br/></prompt>
      <simpleChoice fixed="true" identifier="SC-16834">
        <p>9:00</p>
      </simpleChoice>
      <simpleChoice fixed="true" identifier="SC-16835">
        <p>9:30</p>
      </simpleChoice>
      <simpleChoice fixed="true" identifier="SC-16836">
        <p>10:00</p>
      </simpleChoice>
      <simpleChoice fixed="true" identifier="SC-16837">
        <p>10:30</p>
      </simpleChoice>
    </choiceInteraction>
  </itemBody>
  <responseProcessing>
    <responseCondition>
      <responseIf>
        <match>
          <variable identifier="RESPONSE957"/>
          <correct identifier="RESPONSE957"/>
        </match>
        <setOutcomeValue identifier="SCORE957">
          <baseValue baseType="float">1</baseValue>
        </setOutcomeValue>
      </responseIf>
      <responseElse>
        <setOutcomeValue identifier="SCORE957">
          <baseValue baseType="float">0</baseValue>
        </setOutcomeValue>
      </responseElse>
    </responseCondition>
    <responseCondition>
      <responseIf>
        <match>
          <variable identifier="RESPONSE958"/>
          <correct identifier="RESPONSE958"/>
        </match>
        <setOutcomeValue identifier="SCORE958">
          <baseValue baseType="float">1</baseValue>
        </setOutcomeValue>
      </responseIf>
      <responseElse>
        <setOutcomeValue identifier="SCORE958">
          <baseValue baseType="float">0</baseValue>
        </setOutcomeValue>
      </responseElse>
    </responseCondition>
    <setOutcomeValue identifier="SCORE">
      <sum>
        <variable identifier="SCORE957"/>
        <variable identifier="SCORE958"/>
      </sum>
    </setOutcomeValue>
  </responseProcessing>
</assessmentItem>
