<?xml version="1.0"?>
<assessmentItem adaptive="false" identifier="ITEM-LOGIC-MP-619" timeDependent="false" title="Which text structures do &quot;Seeking 'New Worlds'&#x201D;&#x9D; and &quot;The Pilgrims: Voyage to Freedom&quot;&#xA0;mainly us" toolName="ItemLogic" toolVersion="2.0.0" xmlns="http://www.imsglobal.org/xsd/imsqti_v2p1" xmlns:m="http://www.w3.org/1998/Math/MathML" xmlns:xsi="http://www.w3.org/2001/XMLSchema-instance" xsi:schemaLocation="http://www.imsglobal.org/xsd/imsqti_v2p1  http://www.imsglobal.org/xsd/qti/qtiv2p1/imsqti_v2p1.xsd">
  <responseDeclaration baseType="identifier" cardinality="single" identifier="RESPONSE516">
    <correctResponse>
      <value>IC-8670</value>
    </correctResponse>
  </responseDeclaration>
  <responseDeclaration baseType="identifier" cardinality="single" identifier="RESPONSE517">
    <correctResponse>
      <value>IC-8675</value>
    </correctResponse>
  </responseDeclaration>
  <outcomeDeclaration baseType="float" cardinality="single" identifier="SCORE516">
    <defaultValue>
      <value>0</value>
    </defaultValue>
  </outcomeDeclaration>
  <outcomeDeclaration baseType="float" cardinality="single" identifier="SCORE517">
    <defaultValue>
      <value>0</value>
    </defaultValue>
  </outcomeDeclaration>
  <outcomeDeclaration baseType="float" cardinality="single" identifier="SCORE">
    <defaultValue>
      <value>0</value>
    </defaultValue>
  </outcomeDeclaration>
  <stylesheet href="../styles/bundled.css" type="text/css"/>
  <stylesheet href="../styles/inline.css" type="text/css"/>
  <itemBody>
    <rubricBlock use="context" view="candidate author proctor scorer testConstructor tutor">
      <div>
        <object data="../passages/RSC-LOGIC-MP-1676.html" type="text/html"/>
      </div>
      <div>
        <object data="../passages/RSC-LOGIC-MP-1647.html" type="text/html"/>
      </div>
    </rubricBlock>
    <div class="stem stem_inline">
      <div class="stem_prompt">
        <p>Which text structures do "Seeking 'New Worlds'&#x201D;  and "The Pilgrims: Voyage to Freedom" <strong>mainly</strong> use to present information?</p>
      </div>
      <p>Selection 1 uses <inlineChoiceInteraction responseIdentifier="RESPONSE516" shuffle="false"><inlineChoice identifier="IC-8667">cause and effect</inlineChoice><inlineChoice identifier="IC-8668">detailed description</inlineChoice><inlineChoice identifier="IC-8669">compare and contrast</inlineChoice><inlineChoice identifier="IC-8670">problem and solution</inlineChoice></inlineChoiceInteraction> to present information.</p>
      <p>Selection 2 uses <inlineChoiceInteraction responseIdentifier="RESPONSE517" shuffle="false"><inlineChoice identifier="IC-8674">cause and effect</inlineChoice><inlineChoice identifier="IC-8675">chronological order</inlineChoice><inlineChoice identifier="IC-8676">compare and contrast</inlineChoice><inlineChoice identifier="IC-8677">problem and solution</inlineChoice></inlineChoiceInteraction>to present information.</p>
    </div>
  </itemBody>
  <responseProcessing>
    <responseCondition>
      <responseIf>
        <match>
          <variable identifier="RESPONSE516"/>
          <correct identifier="RESPONSE516"/>
        </match>
        <setOutcomeValue identifier="SCORE516">
          <baseValue baseType="float">1</baseValue>
        </setOutcomeValue>
      </responseIf>
      <responseElse>
        <setOutcomeValue identifier="SCORE516">
          <baseValue baseType="float">0</baseValue>
        </setOutcomeValue>
      </responseElse>
    </responseCondition>
    <responseCondition>
      <responseIf>
        <match>
          <variable identifier="RESPONSE517"/>
          <correct identifier="RESPONSE517"/>
        </match>
        <setOutcomeValue identifier="SCORE517">
          <baseValue baseType="float">1</baseValue>
        </setOutcomeValue>
      </responseIf>
      <responseElse>
        <setOutcomeValue identifier="SCORE517">
          <baseValue baseType="float">0</baseValue>
        </setOutcomeValue>
      </responseElse>
    </responseCondition>
    <setOutcomeValue identifier="SCORE">
      <sum>
        <variable identifier="SCORE516"/>
        <variable identifier="SCORE517"/>
      </sum>
    </setOutcomeValue>
  </responseProcessing>
</assessmentItem>
