<?xml version="1.0"?>
<assessmentItem adaptive="false" identifier="ITEM-LOGIC-MP-497" timeDependent="false" title="He wrote this answer to the problem." toolName="ItemLogic" toolVersion="2.0.0" xmlns="http://www.imsglobal.org/xsd/imsqti_v2p1" xmlns:m="http://www.w3.org/1998/Math/MathML" xmlns:xsi="http://www.w3.org/2001/XMLSchema-instance" xsi:schemaLocation="http://www.imsglobal.org/xsd/imsqti_v2p1  http://www.imsglobal.org/xsd/qti/qtiv2p1/imsqti_v2p1.xsd">
  <responseDeclaration baseType="identifier" cardinality="single" identifier="RESPONSE357">
    <correctResponse>
      <value>IC-7888</value>
    </correctResponse>
  </responseDeclaration>
  <responseDeclaration baseType="identifier" cardinality="single" identifier="RESPONSE358">
    <correctResponse>
      <value>IC-7892</value>
    </correctResponse>
  </responseDeclaration>
  <outcomeDeclaration baseType="float" cardinality="single" identifier="SCORE357">
    <defaultValue>
      <value>0</value>
    </defaultValue>
  </outcomeDeclaration>
  <outcomeDeclaration baseType="float" cardinality="single" identifier="SCORE358">
    <defaultValue>
      <value>0</value>
    </defaultValue>
  </outcomeDeclaration>
  <outcomeDeclaration baseType="float" cardinality="single" identifier="SCORE">
    <defaultValue>
      <value>0</value>
    </defaultValue>
  </outcomeDeclaration>
  <stylesheet href="../styles/bundled.css" type="text/css"/>
  <stylesheet href="../styles/inline.css" type="text/css"/>
  <itemBody>
    <rubricBlock use="stimulus" view="candidate author proctor scorer testConstructor tutor" xmlns:default="http://www.w3.org/1998/Math/MathML">
      <div><p>Kam solved this division problem.</p> <p><m:math xmlns="http://www.w3.org/1998/Math/MathML">   <m:mfrac>     <m:mrow>       <m:mn>2</m:mn>       <m:msup>         <m:mi>x</m:mi>         <m:mn>2</m:mn>       </m:msup>       <m:mo>+</m:mo>       <m:mn>6</m:mn>       <m:mi>x</m:mi>       <m:mo>+</m:mo>       <m:mn>2</m:mn>     </m:mrow>     <m:mrow>       <m:mi>x</m:mi>       <m:mo>+</m:mo>       <m:mn>1</m:mn>     </m:mrow>   </m:mfrac> </m:math></p></div>
    </rubricBlock>
    <div class="stem stem_inline" xmlns:default="http://www.w3.org/1998/Math/MathML">
      <div class="stem_prompt" xmlns:default="http://www.w3.org/1998/Math/MathML">
        <p>He wrote this answer to the problem.</p>
        <p xmlns:default="http://www.w3.org/1998/Math/MathML">
          <m:math xmlns="http://www.w3.org/1998/Math/MathML">   <m:mn>2</m:mn>   <m:mi>x</m:mi>   <m:mo>+</m:mo>   <m:mi mathvariant="normal">&#x394;<!-- Î” --></m:mi>   <m:mo>&#x2212;<!-- âˆ’ --></m:mo>   <m:mfrac>     <m:mi>&#x3D5;<!-- Ï• --></m:mi>     <m:mrow>       <m:mi>x</m:mi>       <m:mo>+</m:mo>       <m:mn>1</m:mn>     </m:mrow>   </m:mfrac> </m:math>
        </p>
      </div>
      <p>What are the missing values for each symbol?</p>
      <p>
        <m:math xmlns="http://www.w3.org/1998/Math/MathML">   <m:mi mathvariant="normal">&#x394;<!-- Î” --></m:mi>   <m:mo>=</m:mo> </m:math>
        <inlineChoiceInteraction responseIdentifier="RESPONSE357" shuffle="false">
          <inlineChoice identifier="IC-7887">3</inlineChoice>
          <inlineChoice identifier="IC-7888">4</inlineChoice>
          <inlineChoice identifier="IC-7889">5</inlineChoice>
          <inlineChoice identifier="IC-7890">8</inlineChoice>
        </inlineChoiceInteraction>
      </p>
      <p>
        <m:math xmlns="http://www.w3.org/1998/Math/MathML">   <m:mi>&#x3D5;<!-- Ï• --></m:mi>   <m:mo>=</m:mo> </m:math>
        <inlineChoiceInteraction responseIdentifier="RESPONSE358" shuffle="false">
          <inlineChoice identifier="IC-7891">1</inlineChoice>
          <inlineChoice identifier="IC-7892">2</inlineChoice>
          <inlineChoice identifier="IC-7893">3</inlineChoice>
          <inlineChoice identifier="IC-7894">6</inlineChoice>
        </inlineChoiceInteraction>
      </p>
    </div>
  </itemBody>
  <responseProcessing>
    <responseCondition>
      <responseIf>
        <match>
          <variable identifier="RESPONSE357"/>
          <correct identifier="RESPONSE357"/>
        </match>
        <setOutcomeValue identifier="SCORE357">
          <baseValue baseType="float">1</baseValue>
        </setOutcomeValue>
      </responseIf>
      <responseElse>
        <setOutcomeValue identifier="SCORE357">
          <baseValue baseType="float">0</baseValue>
        </setOutcomeValue>
      </responseElse>
    </responseCondition>
    <responseCondition>
      <responseIf>
        <match>
          <variable identifier="RESPONSE358"/>
          <correct identifier="RESPONSE358"/>
        </match>
        <setOutcomeValue identifier="SCORE358">
          <baseValue baseType="float">1</baseValue>
        </setOutcomeValue>
      </responseIf>
      <responseElse>
        <setOutcomeValue identifier="SCORE358">
          <baseValue baseType="float">0</baseValue>
        </setOutcomeValue>
      </responseElse>
    </responseCondition>
    <setOutcomeValue identifier="SCORE">
      <sum>
        <variable identifier="SCORE357"/>
        <variable identifier="SCORE358"/>
      </sum>
    </setOutcomeValue>
  </responseProcessing>
</assessmentItem>
