<?xml version="1.0"?>
<assessmentItem adaptive="false" identifier="ITEM-LOGIC-KS-830" timeDependent="false" title="Match each cause with its correct effect." toolName="ItemLogic" toolVersion="2.0.0" xmlns="http://www.imsglobal.org/xsd/imsqti_v2p1" xmlns:m="http://www.w3.org/1998/Math/MathML" xmlns:xsi="http://www.w3.org/2001/XMLSchema-instance" xsi:schemaLocation="http://www.imsglobal.org/xsd/imsqti_v2p1  http://www.imsglobal.org/xsd/qti/qtiv2p1/imsqti_v2p1.xsd">
  <responseDeclaration baseType="directedPair" cardinality="multiple" identifier="RESPONSE834">
    <correctResponse>
      <value>SAC-14115 SAC-14116</value>
      <value>SAC-14113 SAC-14114</value>
      <value>SAC-14111 SAC-14112</value>
      <value>SAC-14117 SAC-14118</value>
    </correctResponse>
    <mapping defaultValue="-0.50" lowerBound="0.00" upperBound="2.00">
      <mapEntry mapKey="SAC-14115 SAC-14116" mappedValue="0.50"/>
      <mapEntry mapKey="SAC-14113 SAC-14114" mappedValue="0.50"/>
      <mapEntry mapKey="SAC-14111 SAC-14112" mappedValue="0.50"/>
      <mapEntry mapKey="SAC-14117 SAC-14118" mappedValue="0.50"/>
    </mapping>
  </responseDeclaration>
  <outcomeDeclaration baseType="float" cardinality="single" identifier="SCORE834">
    <defaultValue>
      <value>0</value>
    </defaultValue>
  </outcomeDeclaration>
  <outcomeDeclaration baseType="float" cardinality="single" identifier="SCORE">
    <defaultValue>
      <value>0</value>
    </defaultValue>
  </outcomeDeclaration>
  <stylesheet href="../styles/bundled.css" type="text/css"/>
  <stylesheet href="../styles/inline.css" type="text/css"/>
  <itemBody>
    <rubricBlock use="context" view="candidate author proctor scorer testConstructor tutor">
      <div>
        <object data="../passages/RSC-LOGIC-KS-3873.html" type="text/html"/>
      </div>
    </rubricBlock>
    <rubricBlock use="stimulus" view="candidate author proctor scorer testConstructor tutor">
      <div>
        <p>Throughout the text, <em>Nani's Story</em>, the author presents various causes and effects.</p>
      </div>
    </rubricBlock>
    <matchInteraction maxAssociations="4" responseIdentifier="RESPONSE834" shuffle="false">
      <prompt>Match each cause with its correct effect.<br/></prompt>
      <simpleMatchSet>
        <simpleAssociableChoice identifier="SAC-14115" matchMax="1">
          <p>Nani's claws not growing back</p>
        </simpleAssociableChoice>
        <simpleAssociableChoice identifier="SAC-14113" matchMax="1">
          <p>Nani not recovering quickly in private care</p>
        </simpleAssociableChoice>
        <simpleAssociableChoice identifier="SAC-14111" matchMax="1">
          <p>dangerous weather conditions</p>
        </simpleAssociableChoice>
        <simpleAssociableChoice identifier="SAC-14117" matchMax="1">
          <p>hospital wants others to preserve koalas</p>
        </simpleAssociableChoice>
      </simpleMatchSet>
      <simpleMatchSet>
        <simpleAssociableChoice identifier="SAC-14112" matchMax="1">
          <p>outbreak of wild fires</p>
        </simpleAssociableChoice>
        <simpleAssociableChoice identifier="SAC-14114" matchMax="1">
          <p>Nani sent to Port Macquarie Hospital</p>
        </simpleAssociableChoice>
        <simpleAssociableChoice identifier="SAC-14118" matchMax="1">
          <p>daily "Walk and Talk" tours offered</p>
        </simpleAssociableChoice>
        <simpleAssociableChoice identifier="SAC-14116" matchMax="1">
          <p>Nani unable to climb trees</p>
        </simpleAssociableChoice>
      </simpleMatchSet>
    </matchInteraction>
  </itemBody>
  <responseProcessing>
    <responseCondition>
      <responseIf>
        <isNull>
          <variable identifier="RESPONSE834"/>
        </isNull>
        <setOutcomeValue identifier="SCORE834">
          <baseValue baseType="float">0.0</baseValue>
        </setOutcomeValue>
      </responseIf>
      <responseElse>
        <setOutcomeValue identifier="SCORE834">
          <mapResponse identifier="RESPONSE834"/>
        </setOutcomeValue>
      </responseElse>
    </responseCondition>
    <setOutcomeValue identifier="SCORE">
      <sum>
        <variable identifier="SCORE834"/>
      </sum>
    </setOutcomeValue>
  </responseProcessing>
</assessmentItem>
