<?xml version="1.0"?>
<assessmentItem adaptive="false" identifier="ITEM-LOGIC-MP-640" timeDependent="false" title="Find the value of each expression and then order the values from least to greatest." toolName="ItemLogic" toolVersion="2.0.0" xmlns="http://www.imsglobal.org/xsd/imsqti_v2p1" xmlns:m="http://www.w3.org/1998/Math/MathML" xmlns:xsi="http://www.w3.org/2001/XMLSchema-instance" xsi:schemaLocation="http://www.imsglobal.org/xsd/imsqti_v2p1  http://www.imsglobal.org/xsd/qti/qtiv2p1/imsqti_v2p1.xsd">
  <responseDeclaration baseType="identifier" cardinality="ordered" identifier="RESPONSE546">
    <correctResponse>
      <value>SC-8911</value>
      <value>SC-8909</value>
      <value>SC-8910</value>
      <value>SC-8912</value>
    </correctResponse>
  </responseDeclaration>
  <outcomeDeclaration baseType="float" cardinality="single" identifier="SCORE546">
    <defaultValue>
      <value>0</value>
    </defaultValue>
  </outcomeDeclaration>
  <outcomeDeclaration baseType="float" cardinality="single" identifier="SCORE">
    <defaultValue>
      <value>0</value>
    </defaultValue>
  </outcomeDeclaration>
  <stylesheet href="../styles/bundled.css" type="text/css"/>
  <stylesheet href="../styles/inline.css" type="text/css"/>
  <itemBody>
    <orderInteraction orientation="vertical" responseIdentifier="RESPONSE546" shuffle="false" xmlns:default="http://www.w3.org/1998/Math/MathML">
      <prompt>Find the value of each expression and then order the values from <strong>least</strong> to <strong>greatest</strong>.<br/></prompt>
      <simpleChoice identifier="SC-8909" xmlns:default="http://www.w3.org/1998/Math/MathML">
        <p xmlns:default="http://www.w3.org/1998/Math/MathML">
          <m:math xmlns="http://www.w3.org/1998/Math/MathML">   <m:mo>&#x2212;<!-- âˆ’ --></m:mo>   <m:mn>5</m:mn>   <m:mo>+</m:mo>   <m:mo>&#x2212;<!-- âˆ’ --></m:mo>   <m:mn>5</m:mn>   <m:mo>+</m:mo>   <m:mo>&#x2212;<!-- âˆ’ --></m:mo>   <m:mn>5</m:mn>   <m:mo>+</m:mo>   <m:mo>&#x2212;<!-- âˆ’ --></m:mo>   <m:mn>5</m:mn> </m:math>
        </p>
      </simpleChoice>
      <simpleChoice identifier="SC-8910" xmlns:default="http://www.w3.org/1998/Math/MathML">
        <p xmlns:default="http://www.w3.org/1998/Math/MathML">
          <m:math xmlns="http://www.w3.org/1998/Math/MathML">   <m:mo>&#x2212;<!-- âˆ’ --></m:mo>   <m:mfrac>     <m:mn>20</m:mn>     <m:mn>4</m:mn>   </m:mfrac> </m:math>
        </p>
      </simpleChoice>
      <simpleChoice identifier="SC-8911" xmlns:default="http://www.w3.org/1998/Math/MathML">
        <p xmlns:default="http://www.w3.org/1998/Math/MathML">
          <m:math xmlns="http://www.w3.org/1998/Math/MathML">   <m:mn>10</m:mn>   <m:mo stretchy="false">(</m:mo>   <m:mo>&#x2212;<!-- âˆ’ --></m:mo>   <m:mn>0.9</m:mn>   <m:mo stretchy="false">)</m:mo>   <m:mo>&#xD7;<!-- Ã— --></m:mo>   <m:mn>10</m:mn>   <m:mo stretchy="false">(</m:mo>   <m:mn>11</m:mn>   <m:mo stretchy="false">)</m:mo> </m:math>
        </p>
      </simpleChoice>
      <simpleChoice identifier="SC-8912" xmlns:default="http://www.w3.org/1998/Math/MathML">
        <p xmlns:default="http://www.w3.org/1998/Math/MathML">
          <m:math xmlns="http://www.w3.org/1998/Math/MathML">   <m:mo>&#x2212;<!-- âˆ’ --></m:mo>   <m:mfrac>     <m:mn>3</m:mn>     <m:mn>4</m:mn>   </m:mfrac>   <m:mo>&#xD7;<!-- Ã— --></m:mo>   <m:mfrac>     <m:mn>2</m:mn>     <m:mn>5</m:mn>   </m:mfrac> </m:math>
        </p>
      </simpleChoice>
    </orderInteraction>
  </itemBody>
  <responseProcessing>
    <responseCondition>
      <responseIf>
        <match>
          <variable identifier="RESPONSE546"/>
          <correct identifier="RESPONSE546"/>
        </match>
        <setOutcomeValue identifier="SCORE546">
          <baseValue baseType="float">1</baseValue>
        </setOutcomeValue>
      </responseIf>
      <responseElse>
        <setOutcomeValue identifier="SCORE546">
          <baseValue baseType="float">0</baseValue>
        </setOutcomeValue>
      </responseElse>
    </responseCondition>
    <setOutcomeValue identifier="SCORE">
      <sum>
        <variable identifier="SCORE546"/>
      </sum>
    </setOutcomeValue>
  </responseProcessing>
</assessmentItem>
