<?xml version="1.0"?>
<assessmentItem adaptive="false" identifier="ITEM-LOGIC-MP-250" timeDependent="false" title="Based on the information in the selection, complete the sentence below." toolName="ItemLogic" toolVersion="2.0.0" xmlns="http://www.imsglobal.org/xsd/imsqti_v2p1" xmlns:m="http://www.w3.org/1998/Math/MathML" xmlns:xsi="http://www.w3.org/2001/XMLSchema-instance" xsi:schemaLocation="http://www.imsglobal.org/xsd/imsqti_v2p1  http://www.imsglobal.org/xsd/qti/qtiv2p1/imsqti_v2p1.xsd">
  <responseDeclaration baseType="identifier" cardinality="single" identifier="RESPONSE104">
    <correctResponse>
      <value>IC-2541</value>
    </correctResponse>
  </responseDeclaration>
  <outcomeDeclaration baseType="float" cardinality="single" identifier="SCORE104">
    <defaultValue>
      <value>0</value>
    </defaultValue>
  </outcomeDeclaration>
  <outcomeDeclaration baseType="float" cardinality="single" identifier="SCORE">
    <defaultValue>
      <value>0</value>
    </defaultValue>
  </outcomeDeclaration>
  <stylesheet href="../styles/bundled.css" type="text/css"/>
  <stylesheet href="../styles/inline.css" type="text/css"/>
  <itemBody>
    <rubricBlock use="context" view="candidate author proctor scorer testConstructor tutor">
      <div>
        <object data="../passages/RSC-LOGIC-MP-482.html" type="text/html"/>
      </div>
    </rubricBlock>
    <rubricBlock use="stimulus" view="candidate author proctor scorer testConstructor tutor">
      <div><p>Read this sentence from paragraph 1.</p> <p class="style-dde26cb27dbc2b4b29edc5c752ef617e"><span class="para_number"/>Government classification and regulation of the ice cream industry began in 1910&#x2014;1911, when a classification was adopted to indicate whether or not eggs were present in an ice cream product.</p></div>
    </rubricBlock>
    <div class="stem stem_inline">
      <div class="stem_prompt">
        <p>Based on the information in the selection, complete the sentence below.</p>
      </div>
      <p>The ice cream product that contains eggs is known as <inlineChoiceInteraction responseIdentifier="RESPONSE104" shuffle="false"><inlineChoice identifier="IC-2540">frozen yogurt</inlineChoice><inlineChoice identifier="IC-2541">frozen custard</inlineChoice><inlineChoice identifier="IC-2542">soft-serve ice cream</inlineChoice><inlineChoice identifier="IC-2543">nonfat ice cream</inlineChoice><inlineChoice identifier="IC-2544">light ice cream</inlineChoice></inlineChoiceInteraction> and contains a minimum of 1.12&#x2014;1.40% egg yolk solids by weight.</p>
    </div>
  </itemBody>
  <responseProcessing>
    <responseCondition>
      <responseIf>
        <match>
          <variable identifier="RESPONSE104"/>
          <correct identifier="RESPONSE104"/>
        </match>
        <setOutcomeValue identifier="SCORE104">
          <baseValue baseType="float">1</baseValue>
        </setOutcomeValue>
      </responseIf>
      <responseElse>
        <setOutcomeValue identifier="SCORE104">
          <baseValue baseType="float">0</baseValue>
        </setOutcomeValue>
      </responseElse>
    </responseCondition>
    <setOutcomeValue identifier="SCORE">
      <sum>
        <variable identifier="SCORE104"/>
      </sum>
    </setOutcomeValue>
  </responseProcessing>
</assessmentItem>
