<?xml version="1.0"?>
<assessmentItem adaptive="false" identifier="ITEM-LOGIC-KS-738" timeDependent="false" title="Select the phrase that correctly completes each sentence." toolName="ItemLogic" toolVersion="2.0.0" xmlns="http://www.imsglobal.org/xsd/imsqti_v2p1" xmlns:m="http://www.w3.org/1998/Math/MathML" xmlns:xsi="http://www.w3.org/2001/XMLSchema-instance" xsi:schemaLocation="http://www.imsglobal.org/xsd/imsqti_v2p1  http://www.imsglobal.org/xsd/qti/qtiv2p1/imsqti_v2p1.xsd">
  <responseDeclaration baseType="directedPair" cardinality="multiple" identifier="RESPONSE690">
    <correctResponse>
      <value>GT-11259 GAP-11269</value>
      <value>GT-11258 GAP-11270</value>
      <value>GT-11257 GAP-11271</value>
      <value>GT-11256 GAP-17512</value>
    </correctResponse>
    <mapping defaultValue="-0.50" lowerBound="0.00" upperBound="2.00">
      <mapEntry mapKey="GT-11259 GAP-11269" mappedValue="0.50"/>
      <mapEntry mapKey="GT-11258 GAP-11270" mappedValue="0.50"/>
      <mapEntry mapKey="GT-11257 GAP-11271" mappedValue="0.50"/>
      <mapEntry mapKey="GT-11256 GAP-17512" mappedValue="0.50"/>
    </mapping>
  </responseDeclaration>
  <outcomeDeclaration baseType="float" cardinality="single" identifier="SCORE690">
    <defaultValue>
      <value>0</value>
    </defaultValue>
  </outcomeDeclaration>
  <outcomeDeclaration baseType="float" cardinality="single" identifier="SCORE">
    <defaultValue>
      <value>0</value>
    </defaultValue>
  </outcomeDeclaration>
  <stylesheet href="../styles/bundled.css" type="text/css"/>
  <stylesheet href="../styles/inline.css" type="text/css"/>
  <itemBody>
    <rubricBlock use="context" view="candidate author proctor scorer testConstructor tutor">
      <div>
        <object data="../passages/RSC-LOGIC-KS-2174.html" type="text/html"/>
      </div>
    </rubricBlock>
    <rubricBlock use="stimulus" view="candidate author proctor scorer testConstructor tutor">
      <div>
        <p>Each sentence below presents an inference from the text, Skunk Spray.</p>
      </div>
    </rubricBlock>
    <gapMatchInteraction responseIdentifier="RESPONSE690" shuffle="false">
      <prompt>Select the phrase that correctly completes each sentence.<br/></prompt>
      <gapText identifier="GT-11263" matchMax="1">close to home</gapText>
      <gapText identifier="GT-11256" matchMax="1">in danger</gapText>
      <gapText identifier="GT-11258" matchMax="1">looking for food</gapText>
      <gapText identifier="GT-11262" matchMax="1">in the daylight</gapText>
      <gapText identifier="GT-11264" matchMax="1">searching for someone to spray</gapText>
      <gapText identifier="GT-11259" matchMax="1">cluttered and unclean</gapText>
      <gapText identifier="GT-11261" matchMax="1">well-kept and clean</gapText>
      <gapText identifier="GT-11257" matchMax="1">at night</gapText>
      <p>If a skunk family is found denning in someone&#x2019;s yard, it is usually because the yard is <gap identifier="GAP-11269"/>.</p>
      <p>If a skunk is seen in someone's garage, it is most likely <gap identifier="GAP-11270"/>.</p>
      <p>Someone who sees a skunk up close is most likely outside <gap identifier="GAP-11271"/>.</p>
      <p>A skunk that believes it is <gap identifier="GAP-17512"/>&#xA0;will most likely make loud noises and big movements.</p>
    </gapMatchInteraction>
  </itemBody>
  <responseProcessing>
    <responseCondition>
      <responseIf>
        <isNull>
          <variable identifier="RESPONSE690"/>
        </isNull>
        <setOutcomeValue identifier="SCORE690">
          <baseValue baseType="float">0.0</baseValue>
        </setOutcomeValue>
      </responseIf>
      <responseElse>
        <setOutcomeValue identifier="SCORE690">
          <mapResponse identifier="RESPONSE690"/>
        </setOutcomeValue>
      </responseElse>
    </responseCondition>
    <setOutcomeValue identifier="SCORE">
      <sum>
        <variable identifier="SCORE690"/>
      </sum>
    </setOutcomeValue>
  </responseProcessing>
</assessmentItem>
