<?xml version="1.0"?>
<assessmentItem adaptive="false" identifier="ITEM-LOGIC-KS-783" timeDependent="false" title="The author explains the steps for changing the flower color. Put the steps in the correct order." toolName="ItemLogic" toolVersion="2.0.0" xmlns="http://www.imsglobal.org/xsd/imsqti_v2p1" xmlns:m="http://www.w3.org/1998/Math/MathML" xmlns:xsi="http://www.w3.org/2001/XMLSchema-instance" xsi:schemaLocation="http://www.imsglobal.org/xsd/imsqti_v2p1  http://www.imsglobal.org/xsd/qti/qtiv2p1/imsqti_v2p1.xsd">
  <responseDeclaration baseType="identifier" cardinality="ordered" identifier="RESPONSE755">
    <correctResponse>
      <value>SC-12182</value>
      <value>SC-12179</value>
      <value>SC-12181</value>
      <value>SC-12180</value>
    </correctResponse>
  </responseDeclaration>
  <outcomeDeclaration baseType="float" cardinality="single" identifier="SCORE755">
    <defaultValue>
      <value>0</value>
    </defaultValue>
  </outcomeDeclaration>
  <outcomeDeclaration baseType="float" cardinality="single" identifier="SCORE">
    <defaultValue>
      <value>0</value>
    </defaultValue>
  </outcomeDeclaration>
  <stylesheet href="../styles/bundled.css" type="text/css"/>
  <stylesheet href="../styles/inline.css" type="text/css"/>
  <itemBody>
    <rubricBlock use="context" view="candidate author proctor scorer testConstructor tutor">
      <div>
        <object data="../passages/RSC-LOGIC-KS-2171.html" type="text/html"/>
      </div>
    </rubricBlock>
    <orderInteraction orientation="vertical" responseIdentifier="RESPONSE755" shuffle="false">
      <prompt>The author explains the steps for changing the flower color. Put the steps in the correct order.<br/></prompt>
      <simpleChoice identifier="SC-12179">
        <p>Add some food coloring to the water in your jar.</p>
      </simpleChoice>
      <simpleChoice identifier="SC-12180">
        <p>Watch your petals begin to change color.</p>
      </simpleChoice>
      <simpleChoice identifier="SC-12181">
        <p>Put your flower into the jar of water.</p>
      </simpleChoice>
      <simpleChoice identifier="SC-12182">
        <p>Use scissors to cut the roots off of the flower.</p>
      </simpleChoice>
    </orderInteraction>
  </itemBody>
  <responseProcessing>
    <responseCondition>
      <responseIf>
        <match>
          <variable identifier="RESPONSE755"/>
          <correct identifier="RESPONSE755"/>
        </match>
        <setOutcomeValue identifier="SCORE755">
          <baseValue baseType="float">1</baseValue>
        </setOutcomeValue>
      </responseIf>
      <responseElse>
        <setOutcomeValue identifier="SCORE755">
          <baseValue baseType="float">0</baseValue>
        </setOutcomeValue>
      </responseElse>
    </responseCondition>
    <setOutcomeValue identifier="SCORE">
      <sum>
        <variable identifier="SCORE755"/>
      </sum>
    </setOutcomeValue>
  </responseProcessing>
</assessmentItem>
