<?xml version="1.0"?>
<assessmentItem adaptive="false" identifier="ITEM-LOGIC-MP-610" timeDependent="false" title="Match each number sentence to the number that makes it true." toolName="ItemLogic" toolVersion="2.0.0" xmlns="http://www.imsglobal.org/xsd/imsqti_v2p1" xmlns:m="http://www.w3.org/1998/Math/MathML" xmlns:xsi="http://www.w3.org/2001/XMLSchema-instance" xsi:schemaLocation="http://www.imsglobal.org/xsd/imsqti_v2p1  http://www.imsglobal.org/xsd/qti/qtiv2p1/imsqti_v2p1.xsd">
  <responseDeclaration baseType="directedPair" cardinality="multiple" identifier="RESPONSE506">
    <correctResponse>
      <value>SAC-8586 SAC-8591</value>
      <value>SAC-8585 SAC-8590</value>
      <value>SAC-8588 SAC-8593</value>
      <value>SAC-8589 SAC-8594</value>
      <value>SAC-8587 SAC-8592</value>
    </correctResponse>
  </responseDeclaration>
  <outcomeDeclaration baseType="float" cardinality="single" identifier="SCORE506">
    <defaultValue>
      <value>0</value>
    </defaultValue>
  </outcomeDeclaration>
  <outcomeDeclaration baseType="float" cardinality="single" identifier="SCORE">
    <defaultValue>
      <value>0</value>
    </defaultValue>
  </outcomeDeclaration>
  <stylesheet href="../styles/bundled.css" type="text/css"/>
  <stylesheet href="../styles/inline.css" type="text/css"/>
  <itemBody>
    <matchInteraction maxAssociations="5" responseIdentifier="RESPONSE506" shuffle="false">
      <prompt>Match each number sentence to the number that makes it true.<br/></prompt>
      <simpleMatchSet>
        <simpleAssociableChoice identifier="SAC-8586" matchMax="1">
          <m:math xmlns="http://www.w3.org/1998/Math/MathML">   <m:mn>24</m:mn>   <m:mo>&#xF7;<!-- Ã· --></m:mo>   <m:mn>6</m:mn>   <m:mo>=</m:mo>   <m:mo>?</m:mo> </m:math>
        </simpleAssociableChoice>
        <simpleAssociableChoice identifier="SAC-8585" matchMax="1">
          <m:math xmlns="http://www.w3.org/1998/Math/MathML">   <m:mn>24</m:mn>   <m:mo>=</m:mo>   <m:mo>?</m:mo>   <m:mo>&#xD7;<!-- Ã— --></m:mo>   <m:mn>8</m:mn> </m:math>
        </simpleAssociableChoice>
        <simpleAssociableChoice identifier="SAC-8588" matchMax="1">
          <m:math xmlns="http://www.w3.org/1998/Math/MathML">   <m:mo>?</m:mo>   <m:mo>=</m:mo>   <m:mn>1</m:mn>   <m:mo>&#xD7;<!-- Ã— --></m:mo>   <m:mn>6</m:mn> </m:math>
        </simpleAssociableChoice>
        <simpleAssociableChoice identifier="SAC-8589" matchMax="1">
          <m:math xmlns="http://www.w3.org/1998/Math/MathML">   <m:mo>?</m:mo>   <m:mo>&#xD7;<!-- Ã— --></m:mo>   <m:mn>4</m:mn>   <m:mo>=</m:mo>   <m:mn>28</m:mn> </m:math>
        </simpleAssociableChoice>
        <simpleAssociableChoice identifier="SAC-8587" matchMax="1">
          <p xmlns:default="http://www.w3.org/1998/Math/MathML">
            <m:math xmlns="http://www.w3.org/1998/Math/MathML">   <m:mn>20</m:mn>   <m:mo>&#xF7;<!-- Ã· --></m:mo>   <m:mo>?</m:mo>   <m:mo>=</m:mo>   <m:mn>4</m:mn> </m:math>
          </p>
        </simpleAssociableChoice>
      </simpleMatchSet>
      <simpleMatchSet>
        <simpleAssociableChoice identifier="SAC-8590" matchMax="1">
          <p>3</p>
        </simpleAssociableChoice>
        <simpleAssociableChoice identifier="SAC-8591" matchMax="1">
          <p>4</p>
        </simpleAssociableChoice>
        <simpleAssociableChoice identifier="SAC-8592" matchMax="1">
          <p>5</p>
        </simpleAssociableChoice>
        <simpleAssociableChoice identifier="SAC-8593" matchMax="1">
          <p>6</p>
        </simpleAssociableChoice>
        <simpleAssociableChoice identifier="SAC-8594" matchMax="1">
          <p>7</p>
        </simpleAssociableChoice>
      </simpleMatchSet>
    </matchInteraction>
  </itemBody>
  <responseProcessing>
    <responseCondition>
      <responseIf>
        <match>
          <variable identifier="RESPONSE506"/>
          <correct identifier="RESPONSE506"/>
        </match>
        <setOutcomeValue identifier="SCORE506">
          <baseValue baseType="float">1</baseValue>
        </setOutcomeValue>
      </responseIf>
      <responseElse>
        <setOutcomeValue identifier="SCORE506">
          <baseValue baseType="float">0</baseValue>
        </setOutcomeValue>
      </responseElse>
    </responseCondition>
    <setOutcomeValue identifier="SCORE">
      <sum>
        <variable identifier="SCORE506"/>
      </sum>
    </setOutcomeValue>
  </responseProcessing>
</assessmentItem>
