<?xml version="1.0"?>
<assessmentItem adaptive="false" identifier="ITEM-LOGIC-MP-446" timeDependent="false" title="Match each integer with the situation described." toolName="ItemLogic" toolVersion="2.0.0" xmlns="http://www.imsglobal.org/xsd/imsqti_v2p1" xmlns:m="http://www.w3.org/1998/Math/MathML" xmlns:xsi="http://www.w3.org/2001/XMLSchema-instance" xsi:schemaLocation="http://www.imsglobal.org/xsd/imsqti_v2p1  http://www.imsglobal.org/xsd/qti/qtiv2p1/imsqti_v2p1.xsd">
  <responseDeclaration baseType="directedPair" cardinality="multiple" identifier="RESPONSE279">
    <correctResponse>
      <value>SAC-5459 SAC-5460</value>
      <value>SAC-5461 SAC-5462</value>
      <value>SAC-5463 SAC-5464</value>
    </correctResponse>
  </responseDeclaration>
  <outcomeDeclaration baseType="float" cardinality="single" identifier="SCORE279">
    <defaultValue>
      <value>0</value>
    </defaultValue>
  </outcomeDeclaration>
  <outcomeDeclaration baseType="float" cardinality="single" identifier="SCORE">
    <defaultValue>
      <value>0</value>
    </defaultValue>
  </outcomeDeclaration>
  <stylesheet href="../styles/bundled.css" type="text/css"/>
  <stylesheet href="../styles/inline.css" type="text/css"/>
  <itemBody>
    <matchInteraction maxAssociations="3" responseIdentifier="RESPONSE279" shuffle="false">
      <prompt>Match each situation with the integer the situation describes.<br/></prompt>
      <simpleMatchSet>
        <simpleAssociableChoice identifier="SAC-5459" matchMax="1">
          <p>25 feet below sea level</p>
        </simpleAssociableChoice>
        <simpleAssociableChoice identifier="SAC-5463" matchMax="1">
          <p>at sea level</p>
        </simpleAssociableChoice>
        <simpleAssociableChoice identifier="SAC-5461" matchMax="1">
          <p>25 degrees above zero</p>
        </simpleAssociableChoice>
      </simpleMatchSet>
      <simpleMatchSet>
        <simpleAssociableChoice identifier="SAC-5460" matchMax="1">
          <p xmlns:default="http://www.w3.org/1998/Math/MathML">
            <m:math xmlns="http://www.w3.org/1998/Math/MathML">   <m:mo>&#x2212;<!-- âˆ’ --></m:mo>   <m:mn>25</m:mn> </m:math>
          </p>
        </simpleAssociableChoice>
        <simpleAssociableChoice identifier="SAC-5462" matchMax="1">
          <p>25</p>
        </simpleAssociableChoice>
        <simpleAssociableChoice identifier="SAC-5464" matchMax="1">
          <p>0</p>
        </simpleAssociableChoice>
      </simpleMatchSet>
    </matchInteraction>
  </itemBody>
  <responseProcessing>
    <responseCondition>
      <responseIf>
        <match>
          <variable identifier="RESPONSE279"/>
          <correct identifier="RESPONSE279"/>
        </match>
        <setOutcomeValue identifier="SCORE279">
          <baseValue baseType="float">1</baseValue>
        </setOutcomeValue>
      </responseIf>
      <responseElse>
        <setOutcomeValue identifier="SCORE279">
          <baseValue baseType="float">0</baseValue>
        </setOutcomeValue>
      </responseElse>
    </responseCondition>
    <setOutcomeValue identifier="SCORE">
      <sum>
        <variable identifier="SCORE279"/>
      </sum>
    </setOutcomeValue>
  </responseProcessing>
</assessmentItem>
