<?xml version="1.0"?>
<assessmentItem adaptive="false" identifier="ITEM-LOGIC-KS-1006" timeDependent="false" title="Part A Choose the main topic of the text." toolName="ItemLogic" toolVersion="2.0.0" xmlns="http://www.imsglobal.org/xsd/imsqti_v2p1" xmlns:m="http://www.w3.org/1998/Math/MathML" xmlns:xsi="http://www.w3.org/2001/XMLSchema-instance" xsi:schemaLocation="http://www.imsglobal.org/xsd/imsqti_v2p1  http://www.imsglobal.org/xsd/qti/qtiv2p1/imsqti_v2p1.xsd">
  <responseDeclaration baseType="identifier" cardinality="multiple" identifier="RESPONSE1055">
    <correctResponse>
      <value>HT-17953</value>
    </correctResponse>
  </responseDeclaration>
  <responseDeclaration baseType="identifier" cardinality="multiple" identifier="RESPONSE1057">
    <correctResponse>
      <value>HT-17960</value>
    </correctResponse>
  </responseDeclaration>
  <outcomeDeclaration baseType="float" cardinality="single" identifier="SCORE1055">
    <defaultValue>
      <value>0</value>
    </defaultValue>
  </outcomeDeclaration>
  <outcomeDeclaration baseType="float" cardinality="single" identifier="SCORE1057">
    <defaultValue>
      <value>0</value>
    </defaultValue>
  </outcomeDeclaration>
  <outcomeDeclaration baseType="float" cardinality="single" identifier="SCORE">
    <defaultValue>
      <value>0</value>
    </defaultValue>
  </outcomeDeclaration>
  <stylesheet href="../styles/bundled.css" type="text/css"/>
  <stylesheet href="../styles/inline.css" type="text/css"/>
  <itemBody>
    <rubricBlock use="context" view="candidate author proctor scorer testConstructor tutor">
      <div>
        <object data="../passages/RSC-LOGIC-KS-7410.html" type="text/html"/>
      </div>
    </rubricBlock>
    <rubricBlock use="stimulus" view="candidate author proctor scorer testConstructor tutor">
      <div>
        <p>The author of <em>We Can Taste</em> writes many details about the main topic.</p>
      </div>
    </rubricBlock>
    <hottextInteraction maxChoices="0" responseIdentifier="RESPONSE1055">
      <prompt>Part A<br/> Choose the main topic of the text.<br/></prompt>
      <p>
        <hottext identifier="HT-17957">Most kids like sweet foods more than bitter foods.</hottext>
      </p>
      <p>
        <hottext identifier="HT-17953">People can taste four different flavors with their tongues.</hottext>
      </p>
      <p>
        <hottext identifier="HT-17955">People have five senses: tasting, touching, seeing, hearing, and smelling.</hottext>
      </p>
    </hottextInteraction>
    <hottextInteraction maxChoices="0" responseIdentifier="RESPONSE1057">
      <prompt>Part B<br/>Choose one detail from the text that supports the main topic.<br/></prompt>
      <p>
        <hottext identifier="HT-17962">People use different parts of the body for each sense.</hottext>
      </p>
      <p>
        <hottext identifier="HT-17960">Taste buds can taste bitter, sour, sweet, and salty flavors.</hottext>
      </p>
      <p>
        <hottext identifier="HT-17964">It is good to eat healthy snacks that taste sweet and salty.</hottext>
      </p>
    </hottextInteraction>
  </itemBody>
  <responseProcessing>
    <responseCondition>
      <responseIf>
        <match>
          <variable identifier="RESPONSE1055"/>
          <correct identifier="RESPONSE1055"/>
        </match>
        <setOutcomeValue identifier="SCORE1055">
          <baseValue baseType="float">1</baseValue>
        </setOutcomeValue>
      </responseIf>
      <responseElse>
        <setOutcomeValue identifier="SCORE1055">
          <baseValue baseType="float">0</baseValue>
        </setOutcomeValue>
      </responseElse>
    </responseCondition>
    <responseCondition>
      <responseIf>
        <match>
          <variable identifier="RESPONSE1057"/>
          <correct identifier="RESPONSE1057"/>
        </match>
        <setOutcomeValue identifier="SCORE1057">
          <baseValue baseType="float">1</baseValue>
        </setOutcomeValue>
      </responseIf>
      <responseElse>
        <setOutcomeValue identifier="SCORE1057">
          <baseValue baseType="float">0</baseValue>
        </setOutcomeValue>
      </responseElse>
    </responseCondition>
    <setOutcomeValue identifier="SCORE">
      <sum>
        <variable identifier="SCORE1055"/>
        <variable identifier="SCORE1057"/>
      </sum>
    </setOutcomeValue>
  </responseProcessing>
</assessmentItem>
