<?xml version="1.0"?>
<assessmentItem adaptive="false" identifier="ITEM-LOGIC-MP-496" timeDependent="false" title="Drag a pentagon onto the grid to show the reflection of the pentagon over line x. Label this Pentago" toolName="ItemLogic" toolVersion="2.0.0" xmlns="http://www.imsglobal.org/xsd/imsqti_v2p1" xmlns:m="http://www.w3.org/1998/Math/MathML" xmlns:xsi="http://www.w3.org/2001/XMLSchema-instance" xsi:schemaLocation="http://www.imsglobal.org/xsd/imsqti_v2p1  http://www.imsglobal.org/xsd/qti/qtiv2p1/imsqti_v2p1.xsd">
  <responseDeclaration baseType="directedPair" cardinality="multiple" identifier="RESPONSE356">
    <correctResponse>
      <value>GI-7371 HS-16470</value>
      <value>GI-16514 HS-16471</value>
      <value>GI-7371 HS-16516</value>
      <value>GI-16515 HS-16517</value>
    </correctResponse>
    <mapping defaultValue="0.00" lowerBound="0.00" upperBound="2.00">
      <mapEntry mapKey="GI-7371 HS-16470" mappedValue="0.50"/>
      <mapEntry mapKey="GI-16514 HS-16471" mappedValue="0.50"/>
      <mapEntry mapKey="GI-7371 HS-16516" mappedValue="0.50"/>
      <mapEntry mapKey="GI-16515 HS-16517" mappedValue="0.50"/>
    </mapping>
  </responseDeclaration>
  <outcomeDeclaration baseType="float" cardinality="single" identifier="SCORE356">
    <defaultValue>
      <value>0</value>
    </defaultValue>
  </outcomeDeclaration>
  <outcomeDeclaration baseType="float" cardinality="single" identifier="SCORE">
    <defaultValue>
      <value>0</value>
    </defaultValue>
  </outcomeDeclaration>
  <stylesheet href="../styles/bundled.css" type="text/css"/>
  <stylesheet href="../styles/inline.css" type="text/css"/>
  <itemBody>
    <rubricBlock use="stimulus" view="candidate author proctor scorer testConstructor tutor">
      <div>
        <p>Look at pentagon <em>Q</em> on this coordinate grid.</p>
      </div>
    </rubricBlock>
    <graphicGapMatchInteraction responseIdentifier="RESPONSE356">
      <prompt>Drag a pentagon onto the grid to show the reflection of the pentagon over line <em>x</em>. Label this Pentagon <em>R</em>.<br/> Then, drag a pentagon onto the grid to show the reflection of Pentagon <em>R </em>over line <em>y</em>. Label this Pentagon <em>S</em>.<br/></prompt>
      <object data="../images/FROERI496_pentagons_stem_01_o_ed9b51bf47.png" height="364" type="image/png" width="355"/>
      <gapImg identifier="GI-7369" matchMax="1">
        <object data="../images/FROERI496_pentagons_opt_a01_o_8a366d5f6d.png" height="130" type="image/png" width="129"/>
      </gapImg>
      <gapImg identifier="GI-7370" matchMax="1">
        <object data="../images/FROERI496_pentagons_opt_b01_o_496701f893.png" height="129" type="image/png" width="129"/>
      </gapImg>
      <gapImg identifier="GI-7371" matchMax="1">
        <object data="../images/FROERI496_pentagons_opt_c01_o_be38d3c65a.png" height="129" type="image/png" width="129"/>
      </gapImg>
      <gapImg identifier="GI-7372" matchMax="1">
        <object data="../images/FROERI496_pentagons_opt_d01_o_5639cb9864.png" height="129" type="image/png" width="129"/>
      </gapImg>
      <gapImg identifier="GI-16514" matchMax="1">
        <object data="../images/FROERI496_pentagons_opt_e01_o_623e54ad9f.png" height="32" type="image/png" width="103"/>
      </gapImg>
      <gapImg identifier="GI-16515" matchMax="1">
        <object data="../images/FROERI496_pentagons_opt_f01_o_618b5dabf4.png" height="32" type="image/png" width="103"/>
      </gapImg>
      <associableHotspot coords="38,197,167,327" identifier="HS-16470" matchMax="1" shape="rect"/>
      <associableHotspot coords="53,330,156,362" identifier="HS-16471" matchMax="1" shape="rect"/>
      <associableHotspot coords="181,199,310,329" identifier="HS-16516" matchMax="1" shape="rect"/>
      <associableHotspot coords="196,330,299,362" identifier="HS-16517" matchMax="1" shape="rect"/>
    </graphicGapMatchInteraction>
  </itemBody>
  <responseProcessing>
    <responseCondition>
      <responseIf>
        <isNull>
          <variable identifier="RESPONSE356"/>
        </isNull>
        <setOutcomeValue identifier="SCORE356">
          <baseValue baseType="float">0.0</baseValue>
        </setOutcomeValue>
      </responseIf>
      <responseElse>
        <setOutcomeValue identifier="SCORE356">
          <mapResponse identifier="RESPONSE356"/>
        </setOutcomeValue>
      </responseElse>
    </responseCondition>
    <setOutcomeValue identifier="SCORE">
      <sum>
        <variable identifier="SCORE356"/>
      </sum>
    </setOutcomeValue>
  </responseProcessing>
</assessmentItem>
