<?xml version="1.0"?>
<assessmentItem adaptive="false" identifier="ITEM-LOGIC-MP-609" timeDependent="false" title="Drag the correct length to the diagram." toolName="ItemLogic" toolVersion="2.0.0" xmlns="http://www.imsglobal.org/xsd/imsqti_v2p1" xmlns:m="http://www.w3.org/1998/Math/MathML" xmlns:xsi="http://www.w3.org/2001/XMLSchema-instance" xsi:schemaLocation="http://www.imsglobal.org/xsd/imsqti_v2p1  http://www.imsglobal.org/xsd/qti/qtiv2p1/imsqti_v2p1.xsd">
  <responseDeclaration baseType="directedPair" cardinality="multiple" identifier="RESPONSE505">
    <correctResponse>
      <value>GI-10195 HS-10224</value>
    </correctResponse>
  </responseDeclaration>
  <outcomeDeclaration baseType="float" cardinality="single" identifier="SCORE505">
    <defaultValue>
      <value>0</value>
    </defaultValue>
  </outcomeDeclaration>
  <outcomeDeclaration baseType="float" cardinality="single" identifier="SCORE">
    <defaultValue>
      <value>0</value>
    </defaultValue>
  </outcomeDeclaration>
  <stylesheet href="../styles/bundled.css" type="text/css"/>
  <stylesheet href="../styles/inline.css" type="text/css"/>
  <itemBody>
    <rubricBlock use="stimulus" view="candidate author proctor scorer testConstructor tutor" xmlns:default="http://www.w3.org/1998/Math/MathML">
      <div>
        <p xmlns:default="http://www.w3.org/1998/Math/MathML">Carlos drew a rectangle. He shaded <m:math xmlns="http://www.w3.org/1998/Math/MathML">   <m:mfrac>     <m:mn>1</m:mn>     <m:mn>2</m:mn>   </m:mfrac> </m:math> of the rectangle. The shaded part of the rectangle has an area of 25 square feet. </p>
      </div>
    </rubricBlock>
    <graphicGapMatchInteraction responseIdentifier="RESPONSE505">
      <prompt>Drag the correct length to the diagram.<br/></prompt>
      <object data="../images/ERIFRO609_Triangle3_stem_01_o_734a4b51a0.png" height="187" type="image/png" width="345"/>
      <gapImg identifier="GI-10194" matchMax="1">
        <object data="../images/ERIFRO609_Triangle3_opt_a01_o_2441de1edc.png" height="24" type="image/png" width="82"/>
      </gapImg>
      <gapImg identifier="GI-10195" matchMax="1">
        <object data="../images/ERIFRO609_Triangle3_opt_b01_o_3ff88e14af.png" height="24" type="image/png" width="82"/>
      </gapImg>
      <gapImg identifier="GI-10196" matchMax="1">
        <object data="../images/ERIFRO609_Triangle3_opt_c01_o_d1da49636b.png" height="23" type="image/png" width="82"/>
      </gapImg>
      <gapImg identifier="GI-10197" matchMax="1">
        <object data="../images/ERIFRO609_Triangle3_opt_d01_o_fd3b2ba643.png" height="24" type="image/png" width="82"/>
      </gapImg>
      <gapImg identifier="GI-10198" matchMax="1">
        <object data="../images/ERIFRO609_Triangle3_opt_e01_o_d3a48905ee.png" height="23" type="image/png" width="82"/>
      </gapImg>
      <associableHotspot coords="161,160,243,184" identifier="HS-10224" matchMax="1" shape="rect"/>
    </graphicGapMatchInteraction>
  </itemBody>
  <responseProcessing>
    <responseCondition>
      <responseIf>
        <match>
          <variable identifier="RESPONSE505"/>
          <correct identifier="RESPONSE505"/>
        </match>
        <setOutcomeValue identifier="SCORE505">
          <baseValue baseType="float">1</baseValue>
        </setOutcomeValue>
      </responseIf>
      <responseElse>
        <setOutcomeValue identifier="SCORE505">
          <baseValue baseType="float">0</baseValue>
        </setOutcomeValue>
      </responseElse>
    </responseCondition>
    <setOutcomeValue identifier="SCORE">
      <sum>
        <variable identifier="SCORE505"/>
      </sum>
    </setOutcomeValue>
  </responseProcessing>
</assessmentItem>
