<?xml version="1.0"?>
<assessmentItem adaptive="false" identifier="ITEM-LOGIC-KS-986" timeDependent="false" title="Apply what you have learned about food chains in the text to complete this food chain of a snake." toolName="ItemLogic" toolVersion="2.0.0" xmlns="http://www.imsglobal.org/xsd/imsqti_v2p1" xmlns:m="http://www.w3.org/1998/Math/MathML" xmlns:xsi="http://www.w3.org/2001/XMLSchema-instance" xsi:schemaLocation="http://www.imsglobal.org/xsd/imsqti_v2p1  http://www.imsglobal.org/xsd/qti/qtiv2p1/imsqti_v2p1.xsd">
  <responseDeclaration baseType="directedPair" cardinality="multiple" identifier="RESPONSE1011">
    <correctResponse>
      <value>GI-17922 HS-17930</value>
      <value>GI-17923 HS-17931</value>
      <value>GI-17924 HS-17932</value>
      <value>GI-17925 HS-17933</value>
    </correctResponse>
    <mapping defaultValue="0.00" lowerBound="0.00" upperBound="2.00">
      <mapEntry mapKey="GI-17922 HS-17930" mappedValue="0.50"/>
      <mapEntry mapKey="GI-17923 HS-17931" mappedValue="0.50"/>
      <mapEntry mapKey="GI-17924 HS-17932" mappedValue="0.50"/>
      <mapEntry mapKey="GI-17925 HS-17933" mappedValue="0.50"/>
    </mapping>
  </responseDeclaration>
  <outcomeDeclaration baseType="float" cardinality="single" identifier="SCORE1011">
    <defaultValue>
      <value>0</value>
    </defaultValue>
  </outcomeDeclaration>
  <outcomeDeclaration baseType="float" cardinality="single" identifier="SCORE">
    <defaultValue>
      <value>0</value>
    </defaultValue>
  </outcomeDeclaration>
  <stylesheet href="../styles/bundled.css" type="text/css"/>
  <stylesheet href="../styles/inline.css" type="text/css"/>
  <itemBody>
    <rubricBlock use="context" view="candidate author proctor scorer testConstructor tutor">
      <div>
        <object data="../passages/RSC-LOGIC-KS-7323.html" type="text/html"/>
      </div>
    </rubricBlock>
    <rubricBlock use="stimulus" view="candidate author proctor scorer testConstructor tutor">
      <div>
        <p>The pictures and details in the text explain the connection between producers and consumers in a food chain.</p>
      </div>
    </rubricBlock>
    <graphicGapMatchInteraction responseIdentifier="RESPONSE1011">
      <prompt>Apply what you have learned about food chains in the text to complete this food chain of a snake.<br/></prompt>
      <object data="../images/food-chain-snake-canvas@2x_o_72822f7ad3.png" height="340" type="image/png" width="500"/>
      <gapImg identifier="GI-17923" matchMax="1">
        <object data="../images/food-chain-snake-grasshopper@2x_o_03177f15c4.png" height="125" type="image/png" width="125"/>
      </gapImg>
      <gapImg identifier="GI-17922" matchMax="1">
        <object data="../images/food-chain-snake-corn@2x_o_62603cb374.png" height="125" type="image/png" width="125"/>
      </gapImg>
      <gapImg identifier="GI-17925" matchMax="1">
        <object data="../images/food-chain-snake-snake@2x_o_8f7baeae4f.png" height="125" type="image/png" width="125"/>
      </gapImg>
      <gapImg identifier="GI-17924" matchMax="1">
        <object data="../images/food-chain-snake-lizard@2x_o_621962dc65.png" height="125" type="image/png" width="125"/>
      </gapImg>
      <associableHotspot coords="86,21,211,146" identifier="HS-17930" matchMax="1" shape="rect"/>
      <associableHotspot coords="289,22,414,147" identifier="HS-17931" matchMax="1" shape="rect"/>
      <associableHotspot coords="288,192,413,317" identifier="HS-17932" matchMax="1" shape="rect"/>
      <associableHotspot coords="87,193,212,318" identifier="HS-17933" matchMax="1" shape="rect"/>
    </graphicGapMatchInteraction>
  </itemBody>
  <responseProcessing>
    <responseCondition>
      <responseIf>
        <isNull>
          <variable identifier="RESPONSE1011"/>
        </isNull>
        <setOutcomeValue identifier="SCORE1011">
          <baseValue baseType="float">0.0</baseValue>
        </setOutcomeValue>
      </responseIf>
      <responseElse>
        <setOutcomeValue identifier="SCORE1011">
          <mapResponse identifier="RESPONSE1011"/>
        </setOutcomeValue>
      </responseElse>
    </responseCondition>
    <setOutcomeValue identifier="SCORE">
      <sum>
        <variable identifier="SCORE1011"/>
      </sum>
    </setOutcomeValue>
  </responseProcessing>
</assessmentItem>
