<?xml version="1.0"?>
<assessmentItem adaptive="false" identifier="ITEM-LOGIC-MP-427" timeDependent="false" title="Put the following events in order to create a summary of the selection." toolName="ItemLogic" toolVersion="2.0.0" xmlns="http://www.imsglobal.org/xsd/imsqti_v2p1" xmlns:m="http://www.w3.org/1998/Math/MathML" xmlns:xsi="http://www.w3.org/2001/XMLSchema-instance" xsi:schemaLocation="http://www.imsglobal.org/xsd/imsqti_v2p1  http://www.imsglobal.org/xsd/qti/qtiv2p1/imsqti_v2p1.xsd">
  <responseDeclaration baseType="identifier" cardinality="ordered" identifier="RESPONSE244">
    <correctResponse>
      <value>SC-5244</value>
      <value>SC-5246</value>
      <value>SC-5248</value>
      <value>SC-5243</value>
      <value>SC-5249</value>
      <value>SC-5245</value>
      <value>SC-5247</value>
    </correctResponse>
  </responseDeclaration>
  <outcomeDeclaration baseType="float" cardinality="single" identifier="SCORE244">
    <defaultValue>
      <value>0</value>
    </defaultValue>
  </outcomeDeclaration>
  <outcomeDeclaration baseType="float" cardinality="single" identifier="SCORE">
    <defaultValue>
      <value>0</value>
    </defaultValue>
  </outcomeDeclaration>
  <stylesheet href="../styles/bundled.css" type="text/css"/>
  <stylesheet href="../styles/inline.css" type="text/css"/>
  <itemBody>
    <rubricBlock use="context" view="candidate author proctor scorer testConstructor tutor">
      <div>
        <object data="../passages/RSC-LOGIC-MP-984.html" type="text/html"/>
      </div>
    </rubricBlock>
    <orderInteraction orientation="vertical" responseIdentifier="RESPONSE244" shuffle="false">
      <prompt>Put the following events in order to create a summary of the selection.<br/></prompt>
      <simpleChoice identifier="SC-5243">
        <p>The Aleuts arrive to speak to the narrator's father about getting some fish.</p>
      </simpleChoice>
      <simpleChoice identifier="SC-5244">
        <p>Ulape sees a school of white bass washed up on the shore ledge.</p>
      </simpleChoice>
      <simpleChoice identifier="SC-5245">
        <p>The Aleuts threaten the narrator's father with telling Captain Orlov about not sharing the fish.</p>
      </simpleChoice>
      <simpleChoice identifier="SC-5246">
        <p>Ulape runs back to her village to tell everyone about the white bass.</p>
      </simpleChoice>
      <simpleChoice identifier="SC-5247">
        <p>The Aleuts leave irritated, and the village eats the rest of the fish.</p>
      </simpleChoice>
      <simpleChoice identifier="SC-5248">
        <p>The village people return to the shore, pick up the white bass, and return to the village.</p>
      </simpleChoice>
      <simpleChoice identifier="SC-5249">
        <p>The narrator's father tells the Aleuts that there are none for them, and they must hunt for their own fish.</p>
      </simpleChoice>
    </orderInteraction>
  </itemBody>
  <responseProcessing>
    <responseCondition>
      <responseIf>
        <match>
          <variable identifier="RESPONSE244"/>
          <correct identifier="RESPONSE244"/>
        </match>
        <setOutcomeValue identifier="SCORE244">
          <baseValue baseType="float">1</baseValue>
        </setOutcomeValue>
      </responseIf>
      <responseElse>
        <setOutcomeValue identifier="SCORE244">
          <baseValue baseType="float">0</baseValue>
        </setOutcomeValue>
      </responseElse>
    </responseCondition>
    <setOutcomeValue identifier="SCORE">
      <sum>
        <variable identifier="SCORE244"/>
      </sum>
    </setOutcomeValue>
  </responseProcessing>
</assessmentItem>
