<?xml version="1.0"?>
<assessmentItem adaptive="false" identifier="ITEM-LOGIC-MP-448" timeDependent="false" title="List the students in order from the student who shaded the greatest part of the square to the studen" toolName="ItemLogic" toolVersion="2.0.0" xmlns="http://www.imsglobal.org/xsd/imsqti_v2p1" xmlns:m="http://www.w3.org/1998/Math/MathML" xmlns:xsi="http://www.w3.org/2001/XMLSchema-instance" xsi:schemaLocation="http://www.imsglobal.org/xsd/imsqti_v2p1  http://www.imsglobal.org/xsd/qti/qtiv2p1/imsqti_v2p1.xsd">
  <responseDeclaration baseType="identifier" cardinality="ordered" identifier="RESPONSE281">
    <correctResponse>
      <value>SC-5894</value>
      <value>SC-5490</value>
      <value>SC-5489</value>
      <value>SC-5491</value>
    </correctResponse>
  </responseDeclaration>
  <outcomeDeclaration baseType="float" cardinality="single" identifier="SCORE281">
    <defaultValue>
      <value>0</value>
    </defaultValue>
  </outcomeDeclaration>
  <outcomeDeclaration baseType="float" cardinality="single" identifier="SCORE">
    <defaultValue>
      <value>0</value>
    </defaultValue>
  </outcomeDeclaration>
  <stylesheet href="../styles/bundled.css" type="text/css"/>
  <stylesheet href="../styles/inline.css" type="text/css"/>
  <itemBody>
    <rubricBlock use="stimulus" view="candidate author proctor scorer testConstructor tutor" xmlns:default="http://www.w3.org/1998/Math/MathML">
      <div><p>Mitch, Kristen, Devlin, and Janet each shaded some parts of a square.</p> <ul> <li>Mitch shaded <m:math xmlns="http://www.w3.org/1998/Math/MathML">   <m:mfrac>     <m:mn>2</m:mn>     <m:mn>8</m:mn>   </m:mfrac> </m:math> of the square.</li> </ul> <ul> <li>Kristen shaded <m:math xmlns="http://www.w3.org/1998/Math/MathML">   <m:mfrac>     <m:mn>2</m:mn>     <m:mn>6</m:mn>   </m:mfrac> </m:math> of the square.</li> </ul> <ul> <li>Devlin shaded <m:math xmlns="http://www.w3.org/1998/Math/MathML">   <m:mfrac>     <m:mn>3</m:mn>     <m:mn>8</m:mn>   </m:mfrac> </m:math> of the square.</li> </ul> <ul> <li>Janet shaded less of the square than Mitch.</li> </ul></div>
    </rubricBlock>
    <orderInteraction orientation="vertical" responseIdentifier="RESPONSE281" shuffle="false">
      <prompt>List the students in order from the student who shaded the <strong>greatest</strong> part of the square to the student who shaded the <strong>least</strong>.<br/> Have the student who shaded the greatest part at the top of your list and the student who shaded the least at the bottom.<br/></prompt>
      <simpleChoice identifier="SC-5489">
        <p>Mitch</p>
      </simpleChoice>
      <simpleChoice identifier="SC-5490">
        <p>Kristen</p>
      </simpleChoice>
      <simpleChoice identifier="SC-5894">
        <p>Devlin</p>
      </simpleChoice>
      <simpleChoice identifier="SC-5491">
        <p>Janet</p>
      </simpleChoice>
    </orderInteraction>
  </itemBody>
  <responseProcessing>
    <responseCondition>
      <responseIf>
        <match>
          <variable identifier="RESPONSE281"/>
          <correct identifier="RESPONSE281"/>
        </match>
        <setOutcomeValue identifier="SCORE281">
          <baseValue baseType="float">1</baseValue>
        </setOutcomeValue>
      </responseIf>
      <responseElse>
        <setOutcomeValue identifier="SCORE281">
          <baseValue baseType="float">0</baseValue>
        </setOutcomeValue>
      </responseElse>
    </responseCondition>
    <setOutcomeValue identifier="SCORE">
      <sum>
        <variable identifier="SCORE281"/>
      </sum>
    </setOutcomeValue>
  </responseProcessing>
</assessmentItem>
