<?xml version="1.0"?>
<assessmentItem adaptive="false" identifier="ITEM-LOGIC-MP-484" timeDependent="false" title=" Jamie, Dave, Chris, and Jack each wrote a number on his paper. Jamie wrote 890.161 Dave wrote 890.0" toolName="ItemLogic" toolVersion="2.0.0" xmlns="http://www.imsglobal.org/xsd/imsqti_v2p1" xmlns:m="http://www.w3.org/1998/Math/MathML" xmlns:xsi="http://www.w3.org/2001/XMLSchema-instance" xsi:schemaLocation="http://www.imsglobal.org/xsd/imsqti_v2p1  http://www.imsglobal.org/xsd/qti/qtiv2p1/imsqti_v2p1.xsd">
  <responseDeclaration baseType="identifier" cardinality="ordered" identifier="RESPONSE341">
    <correctResponse>
      <value>SC-5854</value>
      <value>SC-5853</value>
      <value>SC-5934</value>
      <value>SC-5852</value>
    </correctResponse>
  </responseDeclaration>
  <outcomeDeclaration baseType="float" cardinality="single" identifier="SCORE341">
    <defaultValue>
      <value>0</value>
    </defaultValue>
  </outcomeDeclaration>
  <outcomeDeclaration baseType="float" cardinality="single" identifier="SCORE">
    <defaultValue>
      <value>0</value>
    </defaultValue>
  </outcomeDeclaration>
  <stylesheet href="../styles/bundled.css" type="text/css"/>
  <stylesheet href="../styles/inline.css" type="text/css"/>
  <itemBody>
    <rubricBlock use="stimulus" view="candidate author proctor scorer testConstructor tutor">
      <div>
        <div class="item_atom_content"> <p>Jamie, Dave, Chris, and Jack participate in a contest. They each write down a number.</p> <ul> <li>Jamie's number is 890.161</li> <li>Dave's number is 890.098</li> <li>Chris's number is 890.211 </li> <li>Jack's number is 890.17</li> </ul> <p>List the students in order from the student who wrote the<strong> least</strong> number at the top of the list to the student who wrote the <strong>greatest</strong> number at the bottom of the list.</p> </div>
      </div>
    </rubricBlock>
    <orderInteraction orientation="vertical" responseIdentifier="RESPONSE341" shuffle="false">
      <simpleChoice identifier="SC-5853">
        <p>Jamie - 890.161</p>
      </simpleChoice>
      <simpleChoice identifier="SC-5854">
        <p>Dave - 890.098</p>
      </simpleChoice>
      <simpleChoice identifier="SC-5852">
        <p>Chris - 890.211</p>
      </simpleChoice>
      <simpleChoice identifier="SC-5934">
        <p>Jack - 890.17</p>
      </simpleChoice>
    </orderInteraction>
  </itemBody>
  <responseProcessing>
    <responseCondition>
      <responseIf>
        <match>
          <variable identifier="RESPONSE341"/>
          <correct identifier="RESPONSE341"/>
        </match>
        <setOutcomeValue identifier="SCORE341">
          <baseValue baseType="float">1</baseValue>
        </setOutcomeValue>
      </responseIf>
      <responseElse>
        <setOutcomeValue identifier="SCORE341">
          <baseValue baseType="float">0</baseValue>
        </setOutcomeValue>
      </responseElse>
    </responseCondition>
    <setOutcomeValue identifier="SCORE">
      <sum>
        <variable identifier="SCORE341"/>
      </sum>
    </setOutcomeValue>
  </responseProcessing>
</assessmentItem>
