<?xml version="1.0"?>
<assessmentItem adaptive="false" identifier="ITEM-LOGIC-MP-533" timeDependent="false" title="Select and enter the appropriate transformations to transform building A into building B." toolName="ItemLogic" toolVersion="2.0.0" xmlns="http://www.imsglobal.org/xsd/imsqti_v2p1" xmlns:m="http://www.w3.org/1998/Math/MathML" xmlns:xsi="http://www.w3.org/2001/XMLSchema-instance" xsi:schemaLocation="http://www.imsglobal.org/xsd/imsqti_v2p1  http://www.imsglobal.org/xsd/qti/qtiv2p1/imsqti_v2p1.xsd">
  <responseDeclaration baseType="string" cardinality="single" identifier="RESPONSE416">
    <correctResponse>
      <value>10</value>
    </correctResponse>
    <mapping>
      <mapEntry mapKey="10" mappedValue="0.50"/>
    </mapping>
  </responseDeclaration>
  <responseDeclaration baseType="identifier" cardinality="single" identifier="RESPONSE417">
    <correctResponse>
      <value>IC-7897</value>
    </correctResponse>
    <mapping>
      <mapEntry mapKey="IC-7897" mappedValue="0.50"/>
    </mapping>
  </responseDeclaration>
  <responseDeclaration baseType="string" cardinality="single" identifier="RESPONSE418">
    <correctResponse>
      <value>10</value>
    </correctResponse>
    <mapping>
      <mapEntry mapKey="10" mappedValue="0.50"/>
    </mapping>
  </responseDeclaration>
  <responseDeclaration baseType="string" cardinality="single" identifier="RESPONSE419">
    <correctResponse>
      <value>10</value>
    </correctResponse>
    <mapping>
      <mapEntry mapKey="10" mappedValue="0.50"/>
    </mapping>
  </responseDeclaration>
  <outcomeDeclaration baseType="float" cardinality="single" identifier="SCORE416">
    <defaultValue>
      <value>0</value>
    </defaultValue>
  </outcomeDeclaration>
  <outcomeDeclaration baseType="float" cardinality="single" identifier="SCORE417">
    <defaultValue>
      <value>0</value>
    </defaultValue>
  </outcomeDeclaration>
  <outcomeDeclaration baseType="float" cardinality="single" identifier="SCORE418">
    <defaultValue>
      <value>0</value>
    </defaultValue>
  </outcomeDeclaration>
  <outcomeDeclaration baseType="float" cardinality="single" identifier="SCORE419">
    <defaultValue>
      <value>0</value>
    </defaultValue>
  </outcomeDeclaration>
  <outcomeDeclaration baseType="float" cardinality="single" identifier="SCORE">
    <defaultValue>
      <value>0</value>
    </defaultValue>
  </outcomeDeclaration>
  <stylesheet href="../styles/bundled.css" type="text/css"/>
  <stylesheet href="../styles/inline.css" type="text/css"/>
  <itemBody>
    <rubricBlock use="stimulus" view="candidate author proctor scorer testConstructor tutor">
      <div><p>The plans for a new apartment complex are shown.</p> <p>Building B is a reflection and then a rotation of building A.</p></div>
    </rubricBlock>
    <div class="stem stem_inline"><div class="stem_prompt"><p>Select and enter the appropriate transformations to transform building A into building B.</p><p><object data="../images/FROERI526_Reflection_Graph_640af7ceb6.png" height="496" type="image/png" width="494"/></p></div><p>Reflection across the vertical line (<em>x =</em> <textEntryInteraction responseIdentifier="RESPONSE416"/>)</p> <p>Rotation <inlineChoiceInteraction responseIdentifier="RESPONSE417" shuffle="false"><inlineChoice identifier="IC-7895">30</inlineChoice><inlineChoice identifier="IC-7896">45</inlineChoice><inlineChoice identifier="IC-7897">90</inlineChoice><inlineChoice identifier="IC-7898">180</inlineChoice></inlineChoiceInteraction> degrees counterclockwise about the point (<textEntryInteraction responseIdentifier="RESPONSE418"/>, <textEntryInteraction responseIdentifier="RESPONSE419"/>)</p></div>
  </itemBody>
  <responseProcessing>
    <responseCondition>
      <responseIf>
        <isNull>
          <variable identifier="RESPONSE416"/>
        </isNull>
        <setOutcomeValue identifier="SCORE416">
          <baseValue baseType="float">0.0</baseValue>
        </setOutcomeValue>
      </responseIf>
      <responseElse>
        <setOutcomeValue identifier="SCORE416">
          <mapResponse identifier="RESPONSE416"/>
        </setOutcomeValue>
      </responseElse>
    </responseCondition>
    <responseCondition>
      <responseIf>
        <isNull>
          <variable identifier="RESPONSE417"/>
        </isNull>
        <setOutcomeValue identifier="SCORE417">
          <baseValue baseType="float">0.0</baseValue>
        </setOutcomeValue>
      </responseIf>
      <responseElse>
        <setOutcomeValue identifier="SCORE417">
          <mapResponse identifier="RESPONSE417"/>
        </setOutcomeValue>
      </responseElse>
    </responseCondition>
    <responseCondition>
      <responseIf>
        <isNull>
          <variable identifier="RESPONSE418"/>
        </isNull>
        <setOutcomeValue identifier="SCORE418">
          <baseValue baseType="float">0.0</baseValue>
        </setOutcomeValue>
      </responseIf>
      <responseElse>
        <setOutcomeValue identifier="SCORE418">
          <mapResponse identifier="RESPONSE418"/>
        </setOutcomeValue>
      </responseElse>
    </responseCondition>
    <responseCondition>
      <responseIf>
        <isNull>
          <variable identifier="RESPONSE419"/>
        </isNull>
        <setOutcomeValue identifier="SCORE419">
          <baseValue baseType="float">0.0</baseValue>
        </setOutcomeValue>
      </responseIf>
      <responseElse>
        <setOutcomeValue identifier="SCORE419">
          <mapResponse identifier="RESPONSE419"/>
        </setOutcomeValue>
      </responseElse>
    </responseCondition>
    <setOutcomeValue identifier="SCORE">
      <sum>
        <variable identifier="SCORE416"/>
        <variable identifier="SCORE417"/>
        <variable identifier="SCORE418"/>
        <variable identifier="SCORE419"/>
      </sum>
    </setOutcomeValue>
  </responseProcessing>
</assessmentItem>
