<?xml version="1.0"?>
<assessmentItem adaptive="false" identifier="ITEM-LOGIC-KS-1046" timeDependent="false" title="Complete the sentences to explain why the author presents key points in a deliberate and specific or" toolName="ItemLogic" toolVersion="2.0.0" xmlns="http://www.imsglobal.org/xsd/imsqti_v2p1" xmlns:m="http://www.w3.org/1998/Math/MathML" xmlns:xsi="http://www.w3.org/2001/XMLSchema-instance" xsi:schemaLocation="http://www.imsglobal.org/xsd/imsqti_v2p1  http://www.imsglobal.org/xsd/qti/qtiv2p1/imsqti_v2p1.xsd">
  <responseDeclaration baseType="identifier" cardinality="single" identifier="RESPONSE1099">
    <correctResponse>
      <value>IC-18468</value>
    </correctResponse>
  </responseDeclaration>
  <responseDeclaration baseType="identifier" cardinality="single" identifier="RESPONSE1100">
    <correctResponse>
      <value>IC-18492</value>
    </correctResponse>
  </responseDeclaration>
  <responseDeclaration baseType="identifier" cardinality="single" identifier="RESPONSE1101">
    <correctResponse>
      <value>IC-18622</value>
    </correctResponse>
  </responseDeclaration>
  <responseDeclaration baseType="identifier" cardinality="single" identifier="RESPONSE1102">
    <correctResponse>
      <value>IC-18630</value>
    </correctResponse>
  </responseDeclaration>
  <outcomeDeclaration baseType="float" cardinality="single" identifier="SCORE1099">
    <defaultValue>
      <value>0</value>
    </defaultValue>
  </outcomeDeclaration>
  <outcomeDeclaration baseType="float" cardinality="single" identifier="SCORE1100">
    <defaultValue>
      <value>0</value>
    </defaultValue>
  </outcomeDeclaration>
  <outcomeDeclaration baseType="float" cardinality="single" identifier="SCORE1101">
    <defaultValue>
      <value>0</value>
    </defaultValue>
  </outcomeDeclaration>
  <outcomeDeclaration baseType="float" cardinality="single" identifier="SCORE1102">
    <defaultValue>
      <value>0</value>
    </defaultValue>
  </outcomeDeclaration>
  <outcomeDeclaration baseType="float" cardinality="single" identifier="SCORE">
    <defaultValue>
      <value>0</value>
    </defaultValue>
  </outcomeDeclaration>
  <stylesheet href="../styles/bundled.css" type="text/css"/>
  <stylesheet href="../styles/inline.css" type="text/css"/>
  <itemBody>
    <rubricBlock use="context" view="candidate author proctor scorer testConstructor tutor">
      <div>
        <object data="../passages/RSC-LOGIC-KS-4145.html" type="text/html"/>
      </div>
    </rubricBlock>
    <rubricBlock use="stimulus" view="candidate author proctor scorer testConstructor tutor">
      <div>
        <p>The author of&#xA0;<em>Play Smart, Play Safe</em>, presents concepts in a deliberate and specific order for a reason.</p>
      </div>
    </rubricBlock>
    <div class="stem stem_inline">
      <div class="stem_prompt">
        <p>Complete the sentences to explain why the author presents key points in a deliberate and specific order.</p>
      </div>
      <p>The author highlights the beneficial outcomes resulting from increased participation in <inlineChoiceInteraction responseIdentifier="RESPONSE1099" shuffle="false"><inlineChoice identifier="IC-18468">high school athletic programs</inlineChoice><inlineChoice identifier="IC-18497">valuable programs such as Heads Up</inlineChoice></inlineChoiceInteraction> before introducing any <inlineChoiceInteraction responseIdentifier="RESPONSE1100" shuffle="false"><inlineChoice identifier="IC-18498">statistics regarding the increase in female athlete participation</inlineChoice><inlineChoice identifier="IC-18492">risks or negative consequences associated with sports participation</inlineChoice></inlineChoiceInteraction>. </p>
      <p>Then, the author follows a somewhat serious tone, detailing the key components of Heads Up, with an encouraging tone, <span><inlineChoiceInteraction responseIdentifier="RESPONSE1101" shuffle="false"><inlineChoice identifier="IC-18622">minimizing the risk of long-term negative consequences</inlineChoice><inlineChoice identifier="IC-18623">minimizing the need for concussion programs in most states</inlineChoice></inlineChoiceInteraction></span><span>.</span></p>
      <p>The author's purpose in presenting the concepts in this order is to <inlineChoiceInteraction responseIdentifier="RESPONSE1102" shuffle="false"><inlineChoice identifier="IC-18631">persuade the reader to find out more about local concussion laws</inlineChoice><inlineChoice identifier="IC-18630">convince the reader that benefits outweigh risks in high school sports</inlineChoice></inlineChoiceInteraction>.<span><br/></span></p>
    </div>
  </itemBody>
  <responseProcessing>
    <responseCondition>
      <responseIf>
        <match>
          <variable identifier="RESPONSE1099"/>
          <correct identifier="RESPONSE1099"/>
        </match>
        <setOutcomeValue identifier="SCORE1099">
          <baseValue baseType="float">1</baseValue>
        </setOutcomeValue>
      </responseIf>
      <responseElse>
        <setOutcomeValue identifier="SCORE1099">
          <baseValue baseType="float">0</baseValue>
        </setOutcomeValue>
      </responseElse>
    </responseCondition>
    <responseCondition>
      <responseIf>
        <match>
          <variable identifier="RESPONSE1100"/>
          <correct identifier="RESPONSE1100"/>
        </match>
        <setOutcomeValue identifier="SCORE1100">
          <baseValue baseType="float">1</baseValue>
        </setOutcomeValue>
      </responseIf>
      <responseElse>
        <setOutcomeValue identifier="SCORE1100">
          <baseValue baseType="float">0</baseValue>
        </setOutcomeValue>
      </responseElse>
    </responseCondition>
    <responseCondition>
      <responseIf>
        <match>
          <variable identifier="RESPONSE1101"/>
          <correct identifier="RESPONSE1101"/>
        </match>
        <setOutcomeValue identifier="SCORE1101">
          <baseValue baseType="float">1</baseValue>
        </setOutcomeValue>
      </responseIf>
      <responseElse>
        <setOutcomeValue identifier="SCORE1101">
          <baseValue baseType="float">0</baseValue>
        </setOutcomeValue>
      </responseElse>
    </responseCondition>
    <responseCondition>
      <responseIf>
        <match>
          <variable identifier="RESPONSE1102"/>
          <correct identifier="RESPONSE1102"/>
        </match>
        <setOutcomeValue identifier="SCORE1102">
          <baseValue baseType="float">1</baseValue>
        </setOutcomeValue>
      </responseIf>
      <responseElse>
        <setOutcomeValue identifier="SCORE1102">
          <baseValue baseType="float">0</baseValue>
        </setOutcomeValue>
      </responseElse>
    </responseCondition>
    <setOutcomeValue identifier="SCORE">
      <sum>
        <variable identifier="SCORE1099"/>
        <variable identifier="SCORE1100"/>
        <variable identifier="SCORE1101"/>
        <variable identifier="SCORE1102"/>
      </sum>
    </setOutcomeValue>
  </responseProcessing>
</assessmentItem>
