<?xml version="1.0"?>
<assessmentItem adaptive="false" identifier="ITEM-LOGIC-MP-396" timeDependent="false" title="Select one main idea presented in &quot;Pioneering in the Ozarks,&quot; one main idea presented in &quot;On the Way" toolName="ItemLogic" toolVersion="2.0.0" xmlns="http://www.imsglobal.org/xsd/imsqti_v2p1" xmlns:m="http://www.w3.org/1998/Math/MathML" xmlns:xsi="http://www.w3.org/2001/XMLSchema-instance" xsi:schemaLocation="http://www.imsglobal.org/xsd/imsqti_v2p1  http://www.imsglobal.org/xsd/qti/qtiv2p1/imsqti_v2p1.xsd">
  <responseDeclaration baseType="directedPair" cardinality="multiple" identifier="RESPONSE190">
    <correctResponse>
      <value>GI-6527 HS-5880</value>
      <value>GI-7567 HS-5882</value>
      <value>GI-7566 HS-5881</value>
    </correctResponse>
  </responseDeclaration>
  <outcomeDeclaration baseType="float" cardinality="single" identifier="SCORE190">
    <defaultValue>
      <value>0</value>
    </defaultValue>
  </outcomeDeclaration>
  <outcomeDeclaration baseType="float" cardinality="single" identifier="SCORE">
    <defaultValue>
      <value>0</value>
    </defaultValue>
  </outcomeDeclaration>
  <stylesheet href="../styles/bundled.css" type="text/css"/>
  <stylesheet href="../styles/inline.css" type="text/css"/>
  <itemBody>
    <rubricBlock use="context" view="candidate author proctor scorer testConstructor tutor">
      <div>
        <object data="../passages/RSC-LOGIC-MP-954.html" type="text/html"/>
      </div>
      <div>
        <object data="../passages/RSC-LOGIC-MP-956.html" type="text/html"/>
      </div>
    </rubricBlock>
    <graphicGapMatchInteraction responseIdentifier="RESPONSE190">
      <prompt>Select one main idea presented in "Pioneering in the Ozarks," one main idea presented in "On the Way Home," and one main idea presented in both selections. Place the main ideas in the chart.<br/></prompt>
      <object data="../images/HAMDEB396_Ozarks_stem_01_o_c17ba85b0e.png" height="153" type="image/png" width="484"/>
      <gapImg identifier="GI-6527" matchMax="1">
        <object data="../images/HAMDEB396_Ozarks_opt_E01_o_aaf61111cf.png" height="85" type="image/png" width="160"/>
      </gapImg>
      <gapImg identifier="GI-5873" matchMax="1">
        <object data="../images/HAMDEB396_Ozarks_opt_A01_o_cd878ea166.png" height="82" type="image/png" width="153"/>
      </gapImg>
      <gapImg identifier="GI-5874" matchMax="1">
        <object data="../images/HAMDEB396_Ozarks_opt_B01_o_705ac55c42.png" height="81" type="image/png" width="153"/>
      </gapImg>
      <gapImg identifier="GI-7566" matchMax="1">
        <object data="../images/HAMDEB396_Ozarks_opt_C01_o_c7df74fdf8.png" height="85" type="image/png" width="160"/>
      </gapImg>
      <gapImg identifier="GI-5878" matchMax="1">
        <object data="../images/HAMDEB396_Ozarks_opt_F01_o_3f1e0991c9.png" height="81" type="image/png" width="154"/>
      </gapImg>
      <gapImg identifier="GI-5879" matchMax="1">
        <object data="../images/HAMDEB396_Ozarks_opt_G01_o_153f62e55a.png" height="81" type="image/png" width="154"/>
      </gapImg>
      <gapImg identifier="GI-7567" matchMax="1">
        <object data="../images/HAMDEB396_Ozarks_opt_D01_o_a4d527846b.png" height="84" type="image/png" width="160"/>
      </gapImg>
      <associableHotspot coords="4,58,164,143" identifier="HS-5880" matchMax="1" shape="rect"/>
      <associableHotspot coords="162,58,322,143" identifier="HS-5881" matchMax="1" shape="rect"/>
      <associableHotspot coords="319,58,479,143" identifier="HS-5882" matchMax="1" shape="rect"/>
    </graphicGapMatchInteraction>
  </itemBody>
  <responseProcessing>
    <responseCondition>
      <responseIf>
        <match>
          <variable identifier="RESPONSE190"/>
          <correct identifier="RESPONSE190"/>
        </match>
        <setOutcomeValue identifier="SCORE190">
          <baseValue baseType="float">1</baseValue>
        </setOutcomeValue>
      </responseIf>
      <responseElse>
        <setOutcomeValue identifier="SCORE190">
          <baseValue baseType="float">0</baseValue>
        </setOutcomeValue>
      </responseElse>
    </responseCondition>
    <setOutcomeValue identifier="SCORE">
      <sum>
        <variable identifier="SCORE190"/>
      </sum>
    </setOutcomeValue>
  </responseProcessing>
</assessmentItem>
