<?xml version="1.0"?>
<assessmentItem adaptive="false" identifier="ITEM-LOGIC-KS-855" timeDependent="false" title="Match each key term to the idea or message it supports. Each paragraph number is designated by the l" toolName="ItemLogic" toolVersion="2.0.0" xmlns="http://www.imsglobal.org/xsd/imsqti_v2p1" xmlns:m="http://www.w3.org/1998/Math/MathML" xmlns:xsi="http://www.w3.org/2001/XMLSchema-instance" xsi:schemaLocation="http://www.imsglobal.org/xsd/imsqti_v2p1  http://www.imsglobal.org/xsd/qti/qtiv2p1/imsqti_v2p1.xsd">
  <responseDeclaration baseType="directedPair" cardinality="multiple" identifier="RESPONSE892">
    <correctResponse>
      <value>SAC-14971 SAC-15311</value>
      <value>SAC-14972 SAC-15310</value>
      <value>SAC-14973 SAC-15309</value>
      <value>SAC-14970 SAC-15308</value>
    </correctResponse>
    <mapping defaultValue="-0.50" lowerBound="0.00" upperBound="2.00">
      <mapEntry mapKey="SAC-14971 SAC-15311" mappedValue="0.50"/>
      <mapEntry mapKey="SAC-14972 SAC-15310" mappedValue="0.50"/>
      <mapEntry mapKey="SAC-14973 SAC-15309" mappedValue="0.50"/>
      <mapEntry mapKey="SAC-14970 SAC-15308" mappedValue="0.50"/>
    </mapping>
  </responseDeclaration>
  <outcomeDeclaration baseType="float" cardinality="single" identifier="SCORE892">
    <defaultValue>
      <value>0</value>
    </defaultValue>
  </outcomeDeclaration>
  <outcomeDeclaration baseType="float" cardinality="single" identifier="SCORE">
    <defaultValue>
      <value>0</value>
    </defaultValue>
  </outcomeDeclaration>
  <stylesheet href="../styles/bundled.css" type="text/css"/>
  <stylesheet href="../styles/inline.css" type="text/css"/>
  <itemBody>
    <rubricBlock use="context" view="candidate author proctor scorer testConstructor tutor">
      <div>
        <object data="../passages/RSC-LOGIC-KS-4046.html" type="text/html"/>
      </div>
    </rubricBlock>
    <rubricBlock use="stimulus" view="candidate author proctor scorer testConstructor tutor">
      <div>
        <p>The author uses key terms related to the scientific content of the text to develop the overall message of the text.</p>
      </div>
    </rubricBlock>
    <matchInteraction maxAssociations="4" responseIdentifier="RESPONSE892" shuffle="false">
      <prompt>Match each key term to the idea or message it supports. Each paragraph number is designated by the letter "P" followed by the paragraph number.<br/></prompt>
      <simpleMatchSet>
        <simpleAssociableChoice identifier="SAC-14971" matchMax="1">
          <p>P1 tectonic plates</p>
        </simpleAssociableChoice>
        <simpleAssociableChoice identifier="SAC-14972" matchMax="1">
          <p>P9 diversification</p>
        </simpleAssociableChoice>
        <simpleAssociableChoice identifier="SAC-14973" matchMax="1">
          <p>P5 cataclysmic</p>
        </simpleAssociableChoice>
        <simpleAssociableChoice identifier="SAC-14970" matchMax="1">
          <p>P3 viability</p>
        </simpleAssociableChoice>
      </simpleMatchSet>
      <simpleMatchSet>
        <simpleAssociableChoice identifier="SAC-15308" matchMax="1">
          <p>The frigid physical conditions of the Svalbard Vault inhibit germination.</p>
        </simpleAssociableChoice>
        <simpleAssociableChoice identifier="SAC-15311" matchMax="1">
          <p>Substantial thought and care went into choosing the geographical location of the Svalbard Vault.</p>
        </simpleAssociableChoice>
        <simpleAssociableChoice identifier="SAC-15310" matchMax="1">
          <p>Seeds must be preserved for future generations in the event that original seed traits are lost over time.</p>
        </simpleAssociableChoice>
        <simpleAssociableChoice identifier="SAC-15309" matchMax="1">
          <p>The Svalbard Vault is critical for storing original seeds that could otherwise be wiped out as a result of a natural disaster.</p>
        </simpleAssociableChoice>
      </simpleMatchSet>
    </matchInteraction>
  </itemBody>
  <responseProcessing>
    <responseCondition>
      <responseIf>
        <isNull>
          <variable identifier="RESPONSE892"/>
        </isNull>
        <setOutcomeValue identifier="SCORE892">
          <baseValue baseType="float">0.0</baseValue>
        </setOutcomeValue>
      </responseIf>
      <responseElse>
        <setOutcomeValue identifier="SCORE892">
          <mapResponse identifier="RESPONSE892"/>
        </setOutcomeValue>
      </responseElse>
    </responseCondition>
    <setOutcomeValue identifier="SCORE">
      <sum>
        <variable identifier="SCORE892"/>
      </sum>
    </setOutcomeValue>
  </responseProcessing>
</assessmentItem>
