<?xml version="1.0"?>
<assessmentItem adaptive="false" identifier="ITEM-LOGIC-MP-671" timeDependent="false" title="Select the pair of points where the distance between the points is 4 units and then for each pair of" toolName="ItemLogic" toolVersion="2.0.0" xmlns="http://www.imsglobal.org/xsd/imsqti_v2p1" xmlns:m="http://www.w3.org/1998/Math/MathML" xmlns:xsi="http://www.w3.org/2001/XMLSchema-instance" xsi:schemaLocation="http://www.imsglobal.org/xsd/imsqti_v2p1  http://www.imsglobal.org/xsd/qti/qtiv2p1/imsqti_v2p1.xsd">
  <responseDeclaration baseType="directedPair" cardinality="multiple" identifier="RESPONSE591">
    <correctResponse>
      <value>SAC-16129 SAC-16130</value>
      <value>SAC-16129 SAC-16133</value>
      <value>SAC-16128 SAC-16136</value>
    </correctResponse>
    <mapping defaultValue="0.00" lowerBound="0.00" upperBound="2.00">
      <mapEntry mapKey="SAC-16129 SAC-16130" mappedValue="0.50"/>
      <mapEntry mapKey="SAC-16129 SAC-16133" mappedValue="0.50"/>
      <mapEntry mapKey="SAC-16129 SAC-16136" mappedValue="0.00"/>
      <mapEntry mapKey="SAC-16128 SAC-16130" mappedValue="0.00"/>
      <mapEntry mapKey="SAC-16128 SAC-16133" mappedValue="0.00"/>
      <mapEntry mapKey="SAC-16128 SAC-16136" mappedValue="1.00"/>
    </mapping>
  </responseDeclaration>
  <outcomeDeclaration baseType="float" cardinality="single" identifier="SCORE591">
    <defaultValue>
      <value>0</value>
    </defaultValue>
  </outcomeDeclaration>
  <outcomeDeclaration baseType="float" cardinality="single" identifier="SCORE">
    <defaultValue>
      <value>0</value>
    </defaultValue>
  </outcomeDeclaration>
  <stylesheet href="../styles/bundled.css" type="text/css"/>
  <stylesheet href="../styles/inline.css" type="text/css"/>
  <itemBody>
    <rubricBlock use="stimulus" view="candidate author proctor scorer testConstructor tutor">
      <div>
        <p>Cassie plotted two pairs of points on a coordinate plane. The distance between one of the pairs of points is 4 units.</p>
      </div>
    </rubricBlock>
    <matchInteraction class="table" maxAssociations="6" responseIdentifier="RESPONSE591" shuffle="false">
      <prompt>Select the pair of points where the distance between the points is 4 units and then for each pair of points select the orientation of a line drawn through the pair of points.<br/></prompt>
      <simpleMatchSet>
        <simpleAssociableChoice identifier="SAC-16129" matchMax="3">
          <p xmlns:default="http://www.w3.org/1998/Math/MathML">
            <m:math xmlns="http://www.w3.org/1998/Math/MathML">   <m:mo stretchy="false">(</m:mo>   <m:mn>2</m:mn>   <m:mo>,</m:mo>   <m:mn>2</m:mn>   <m:mfrac>     <m:mn>1</m:mn>     <m:mn>2</m:mn>   </m:mfrac>   <m:mo stretchy="false">)</m:mo> </m:math>
            <span>&#xA0;and&#xA0;</span>
            <m:math xmlns="http://www.w3.org/1998/Math/MathML">   <m:mo stretchy="false">(</m:mo>   <m:mn>2</m:mn>   <m:mo>,</m:mo>   <m:mo>&#x2212;<!-- âˆ’ --></m:mo>   <m:mn>1</m:mn>   <m:mfrac>     <m:mn>1</m:mn>     <m:mn>2</m:mn>   </m:mfrac>   <m:mo stretchy="false">)</m:mo> </m:math>
          </p>
        </simpleAssociableChoice>
        <simpleAssociableChoice identifier="SAC-16128" matchMax="3">
          <p>(3, 13) and (2, 13)</p>
        </simpleAssociableChoice>
      </simpleMatchSet>
      <simpleMatchSet>
        <simpleAssociableChoice identifier="SAC-16130" matchMax="2">
          <p>Distance of 4 units</p>
        </simpleAssociableChoice>
        <simpleAssociableChoice identifier="SAC-16133" matchMax="2">
          <p>Vertical</p>
        </simpleAssociableChoice>
        <simpleAssociableChoice identifier="SAC-16136" matchMax="2">
          <p>Horizontal</p>
        </simpleAssociableChoice>
      </simpleMatchSet>
    </matchInteraction>
  </itemBody>
  <responseProcessing>
    <responseCondition>
      <responseIf>
        <isNull>
          <variable identifier="RESPONSE591"/>
        </isNull>
        <setOutcomeValue identifier="SCORE591">
          <baseValue baseType="float">0.0</baseValue>
        </setOutcomeValue>
      </responseIf>
      <responseElse>
        <setOutcomeValue identifier="SCORE591">
          <mapResponse identifier="RESPONSE591"/>
        </setOutcomeValue>
      </responseElse>
    </responseCondition>
    <setOutcomeValue identifier="SCORE">
      <sum>
        <variable identifier="SCORE591"/>
      </sum>
    </setOutcomeValue>
  </responseProcessing>
</assessmentItem>
