<?xml version="1.0"?>
<assessmentItem adaptive="false" identifier="ITEM-LOGIC-MP-252" timeDependent="false" title="In paragraph 3 of &quot;Should Robots Have Faces?&quot; what does the word &quot;unsettling&quot; mean?" toolName="ItemLogic" toolVersion="2.0.0" xmlns="http://www.imsglobal.org/xsd/imsqti_v2p1" xmlns:m="http://www.w3.org/1998/Math/MathML" xmlns:xsi="http://www.w3.org/2001/XMLSchema-instance" xsi:schemaLocation="http://www.imsglobal.org/xsd/imsqti_v2p1  http://www.imsglobal.org/xsd/qti/qtiv2p1/imsqti_v2p1.xsd">
  <responseDeclaration baseType="identifier" cardinality="single" identifier="RESPONSE106">
    <correctResponse>
      <value>SC-2559</value>
    </correctResponse>
  </responseDeclaration>
  <responseDeclaration baseType="identifier" cardinality="multiple" identifier="RESPONSE107">
    <correctResponse>
      <value>HT-2569</value>
      <value>HT-2574</value>
    </correctResponse>
  </responseDeclaration>
  <outcomeDeclaration baseType="float" cardinality="single" identifier="SCORE106">
    <defaultValue>
      <value>0</value>
    </defaultValue>
  </outcomeDeclaration>
  <outcomeDeclaration baseType="float" cardinality="single" identifier="SCORE107">
    <defaultValue>
      <value>0</value>
    </defaultValue>
  </outcomeDeclaration>
  <outcomeDeclaration baseType="float" cardinality="single" identifier="SCORE">
    <defaultValue>
      <value>0</value>
    </defaultValue>
  </outcomeDeclaration>
  <stylesheet href="../styles/bundled.css" type="text/css"/>
  <stylesheet href="../styles/inline.css" type="text/css"/>
  <itemBody>
    <rubricBlock use="context" view="candidate author proctor scorer testConstructor tutor">
      <div>
        <object data="../passages/RSC-LOGIC-MP-465.html" type="text/html"/>
      </div>
    </rubricBlock>
    <choiceInteraction maxChoices="1" responseIdentifier="RESPONSE106" shuffle="false">
      <prompt>In paragraph 3 of "Should Robots Have Faces?" what does the word "unsettling" mean?<br/></prompt>
      <simpleChoice fixed="true" identifier="SC-2559">
        <p>disturbing</p>
      </simpleChoice>
      <simpleChoice fixed="true" identifier="SC-2561">
        <p>embarrassing</p>
      </simpleChoice>
      <simpleChoice fixed="true" identifier="SC-2560">
        <p>interesting</p>
      </simpleChoice>
      <simpleChoice fixed="true" identifier="SC-2557">
        <p>surprising</p>
      </simpleChoice>
    </choiceInteraction>
    <hottextInteraction maxChoices="2" responseIdentifier="RESPONSE107">
      <prompt>What phrases from the paragraph help the reader understand the meaning of "unsettling"?<br/></prompt>
      <p>Why is that? Some scientists believe that if robots look almost exactly, <span class="italic_text">but not quite</span>, human, we find them <hottext identifier="HT-2569">kind of creepy</hottext>. Maybe their skin doesn&#x2019;t move <hottext identifier="HT-2570">the way it&#x2019;s supposed to</hottext>. Or their <hottext identifier="HT-2571">eyes don't light up</hottext> when they laugh, and their <hottext identifier="HT-2572">smiles look fake</hottext>. This can make them seem like zombies&#x2014;almost, but not quite, alive. This unsettling effect is called the &#x201C;uncanny valley.&#x201D;  If a face falls in-between <hottext identifier="HT-2573">absolutely real</hottext> and obviously fake,<hottext identifier="HT-2574">it can feel spooky</hottext>.</p>
    </hottextInteraction>
  </itemBody>
  <responseProcessing>
    <responseCondition>
      <responseIf>
        <match>
          <variable identifier="RESPONSE106"/>
          <correct identifier="RESPONSE106"/>
        </match>
        <setOutcomeValue identifier="SCORE106">
          <baseValue baseType="float">1</baseValue>
        </setOutcomeValue>
      </responseIf>
      <responseElse>
        <setOutcomeValue identifier="SCORE106">
          <baseValue baseType="float">0</baseValue>
        </setOutcomeValue>
      </responseElse>
    </responseCondition>
    <responseCondition>
      <responseIf>
        <match>
          <variable identifier="RESPONSE107"/>
          <correct identifier="RESPONSE107"/>
        </match>
        <setOutcomeValue identifier="SCORE107">
          <baseValue baseType="float">1</baseValue>
        </setOutcomeValue>
      </responseIf>
      <responseElse>
        <setOutcomeValue identifier="SCORE107">
          <baseValue baseType="float">0</baseValue>
        </setOutcomeValue>
      </responseElse>
    </responseCondition>
    <setOutcomeValue identifier="SCORE">
      <sum>
        <variable identifier="SCORE106"/>
        <variable identifier="SCORE107"/>
      </sum>
    </setOutcomeValue>
  </responseProcessing>
</assessmentItem>
