<?xml version="1.0"?>
<assessmentItem adaptive="false" identifier="ITEM-LOGIC-MP-383" timeDependent="false" title="Order the students according to the maximum height their rockets reached, from greatest to least." toolName="ItemLogic" toolVersion="2.0.0" xmlns="http://www.imsglobal.org/xsd/imsqti_v2p1" xmlns:m="http://www.w3.org/1998/Math/MathML" xmlns:xsi="http://www.w3.org/2001/XMLSchema-instance" xsi:schemaLocation="http://www.imsglobal.org/xsd/imsqti_v2p1  http://www.imsglobal.org/xsd/qti/qtiv2p1/imsqti_v2p1.xsd">
  <responseDeclaration baseType="identifier" cardinality="ordered" identifier="RESPONSE167">
    <correctResponse>
      <value>SC-4603</value>
      <value>SC-4599</value>
      <value>SC-4691</value>
      <value>SC-4600</value>
    </correctResponse>
  </responseDeclaration>
  <outcomeDeclaration baseType="float" cardinality="single" identifier="SCORE167">
    <defaultValue>
      <value>0</value>
    </defaultValue>
  </outcomeDeclaration>
  <outcomeDeclaration baseType="float" cardinality="single" identifier="SCORE">
    <defaultValue>
      <value>0</value>
    </defaultValue>
  </outcomeDeclaration>
  <stylesheet href="../styles/bundled.css" type="text/css"/>
  <stylesheet href="../styles/inline.css" type="text/css"/>
  <itemBody>
    <rubricBlock use="stimulus" view="candidate author proctor scorer testConstructor tutor" xmlns:default="http://www.w3.org/1998/Math/MathML">
      <div><p>Four friends each launched a rocket for an experiment. They each recorded the height as it changed over time. Let <em>h</em> represent the height, in feet, of the rocket and <em>t</em> represent time, in seconds.</p> <table class="style-96e71e5cb7f30105a56e355de831f985"> <tbody> <tr> <td class="style-25150780864b21cd93ec9cb82758edc1"><strong>Name</strong></td> <td class="style-25150780864b21cd93ec9cb82758edc1"><strong>Calculation</strong></td> </tr> <tr> <td class="style-25150780864b21cd93ec9cb82758edc1"> Kila</td> <td class="style-25150780864b21cd93ec9cb82758edc1"> <p> <m:math xmlns="http://www.w3.org/1998/Math/MathML">   <m:mi>h</m:mi>   <m:mo stretchy="false">(</m:mo>   <m:mi>t</m:mi>   <m:mo stretchy="false">)</m:mo>   <m:mo>=</m:mo>   <m:mo>&#x2212;<!-- âˆ’ --></m:mo>   <m:mn>16</m:mn>   <m:msup>     <m:mi>t</m:mi>     <m:mn>2</m:mn>   </m:msup>   <m:mo>+</m:mo>   <m:mn>80</m:mn>   <m:mi>t</m:mi>   <m:mo>+</m:mo>   <m:mn>6</m:mn> </m:math></p> <p><em> </em></p> </td> </tr> <tr> <td class="style-25150780864b21cd93ec9cb82758edc1"> Raul</td> <td class="style-25150780864b21cd93ec9cb82758edc1"> Maximum Height: 90 feet</td> </tr> <tr> <td class="style-25150780864b21cd93ec9cb82758edc1">Janica</td> <td class="style-25150780864b21cd93ec9cb82758edc1"> <p> Values for (<em>t, h)</em>: (0,0), (3.125, 156.25), (6.25, 0)</p> </td> </tr> <tr> <td class="style-25150780864b21cd93ec9cb82758edc1">Peter</td> <td class="style-25150780864b21cd93ec9cb82758edc1"> <p><object data="../images/FROERI383_Peters_Parabola_3c273f1e41.png" height="244" type="image/png" width="256"/></p> </td> </tr> </tbody> </table></div>
    </rubricBlock>
    <orderInteraction orientation="vertical" responseIdentifier="RESPONSE167" shuffle="false">
      <prompt>Order the students according to the maximum height their rockets reached, from greatest to least.<br/></prompt>
      <simpleChoice identifier="SC-4599">
        <p>Kila</p>
      </simpleChoice>
      <simpleChoice identifier="SC-4600">
        <p>Raul</p>
      </simpleChoice>
      <simpleChoice identifier="SC-4603">
        <p>Janica</p>
      </simpleChoice>
      <simpleChoice identifier="SC-4691">
        <p>Peter</p>
      </simpleChoice>
    </orderInteraction>
  </itemBody>
  <responseProcessing>
    <responseCondition>
      <responseIf>
        <match>
          <variable identifier="RESPONSE167"/>
          <correct identifier="RESPONSE167"/>
        </match>
        <setOutcomeValue identifier="SCORE167">
          <baseValue baseType="float">1</baseValue>
        </setOutcomeValue>
      </responseIf>
      <responseElse>
        <setOutcomeValue identifier="SCORE167">
          <baseValue baseType="float">0</baseValue>
        </setOutcomeValue>
      </responseElse>
    </responseCondition>
    <setOutcomeValue identifier="SCORE">
      <sum>
        <variable identifier="SCORE167"/>
      </sum>
    </setOutcomeValue>
  </responseProcessing>
</assessmentItem>
