<?xml version="1.0"?>
<assessmentItem adaptive="false" identifier="ITEM-LOGIC-MP-475" timeDependent="false" title="Complete the chart with the correct steps for making a model of an eyeball that will show you how an" toolName="ItemLogic" toolVersion="2.0.0" xmlns="http://www.imsglobal.org/xsd/imsqti_v2p1" xmlns:m="http://www.w3.org/1998/Math/MathML" xmlns:xsi="http://www.w3.org/2001/XMLSchema-instance" xsi:schemaLocation="http://www.imsglobal.org/xsd/imsqti_v2p1  http://www.imsglobal.org/xsd/qti/qtiv2p1/imsqti_v2p1.xsd">
  <responseDeclaration baseType="directedPair" cardinality="multiple" identifier="RESPONSE326">
    <correctResponse>
      <value>GI-6591 HS-6595</value>
      <value>GI-6592 HS-6596</value>
      <value>GI-15440 HS-6597</value>
      <value>GI-7701 HS-6598</value>
    </correctResponse>
  </responseDeclaration>
  <outcomeDeclaration baseType="float" cardinality="single" identifier="SCORE326">
    <defaultValue>
      <value>0</value>
    </defaultValue>
  </outcomeDeclaration>
  <outcomeDeclaration baseType="float" cardinality="single" identifier="SCORE">
    <defaultValue>
      <value>0</value>
    </defaultValue>
  </outcomeDeclaration>
  <stylesheet href="../styles/bundled.css" type="text/css"/>
  <stylesheet href="../styles/inline.css" type="text/css"/>
  <itemBody>
    <rubricBlock use="context" view="candidate author proctor scorer testConstructor tutor">
      <div>
        <object data="../passages/RSC-LOGIC-MP-997.html" type="text/html"/>
      </div>
    </rubricBlock>
    <graphicGapMatchInteraction responseIdentifier="RESPONSE326">
      <prompt>Complete the chart with the correct steps for making a model of an eyeball that will show you how an iris works. Put the steps in the correct order.<br/></prompt>
      <object data="../images/MIGKIR475_Eyeball_stem_01_o_5c37c03c41.png" height="296" type="image/png" width="374"/>
      <gapImg identifier="GI-6592" matchMax="1">
        <object data="../images/MIGKIR475_Eyeball_opt_B01_o_f8578d7ef4.png" height="49" type="image/png" width="353"/>
      </gapImg>
      <gapImg identifier="GI-7701" matchMax="1">
        <object data="../images/MIGKIR475_Eyeball_opt_D01_o_6aa110bd31.png" height="48" type="image/png" width="353"/>
      </gapImg>
      <gapImg identifier="GI-6591" matchMax="1">
        <object data="../images/MIGKIR475_Eyeball_opt_A01_o_ca09f6f115.png" height="49" type="image/png" width="353"/>
      </gapImg>
      <gapImg identifier="GI-15440" matchMax="1">
        <object data="../images/MIGKIR475_Eyeball_opt_c01_o_def0be181b.png" height="49" type="image/png" width="353"/>
      </gapImg>
      <associableHotspot coords="10,42,363,91" identifier="HS-6595" matchMax="1" shape="rect"/>
      <associableHotspot coords="10,104,363,153" identifier="HS-6596" matchMax="1" shape="rect"/>
      <associableHotspot coords="12,172,365,221" identifier="HS-6597" matchMax="1" shape="rect"/>
      <associableHotspot coords="12,234,365,283" identifier="HS-6598" matchMax="1" shape="rect"/>
    </graphicGapMatchInteraction>
  </itemBody>
  <responseProcessing>
    <responseCondition>
      <responseIf>
        <match>
          <variable identifier="RESPONSE326"/>
          <correct identifier="RESPONSE326"/>
        </match>
        <setOutcomeValue identifier="SCORE326">
          <baseValue baseType="float">1</baseValue>
        </setOutcomeValue>
      </responseIf>
      <responseElse>
        <setOutcomeValue identifier="SCORE326">
          <baseValue baseType="float">0</baseValue>
        </setOutcomeValue>
      </responseElse>
    </responseCondition>
    <setOutcomeValue identifier="SCORE">
      <sum>
        <variable identifier="SCORE326"/>
      </sum>
    </setOutcomeValue>
  </responseProcessing>
</assessmentItem>
