<?xml version="1.0"?>
<assessmentItem adaptive="false" identifier="ITEM-LOGIC-KS-1004" timeDependent="false" title="Click all of the words or numbers in Bret's sentences that are not correct." toolName="ItemLogic" toolVersion="2.0.0" xmlns="http://www.imsglobal.org/xsd/imsqti_v2p1" xmlns:m="http://www.w3.org/1998/Math/MathML" xmlns:xsi="http://www.w3.org/2001/XMLSchema-instance" xsi:schemaLocation="http://www.imsglobal.org/xsd/imsqti_v2p1  http://www.imsglobal.org/xsd/qti/qtiv2p1/imsqti_v2p1.xsd">
  <responseDeclaration baseType="identifier" cardinality="multiple" identifier="RESPONSE1050">
    <correctResponse>
      <value>HT-17653</value>
      <value>HT-17654</value>
    </correctResponse>
  </responseDeclaration>
  <responseDeclaration baseType="identifier" cardinality="single" identifier="RESPONSE1052">
    <correctResponse>
      <value>SC-17657</value>
    </correctResponse>
  </responseDeclaration>
  <outcomeDeclaration baseType="float" cardinality="single" identifier="SCORE1050">
    <defaultValue>
      <value>0</value>
    </defaultValue>
  </outcomeDeclaration>
  <outcomeDeclaration baseType="float" cardinality="single" identifier="SCORE1052">
    <defaultValue>
      <value>0</value>
    </defaultValue>
  </outcomeDeclaration>
  <outcomeDeclaration baseType="float" cardinality="single" identifier="SCORE">
    <defaultValue>
      <value>0</value>
    </defaultValue>
  </outcomeDeclaration>
  <stylesheet href="../styles/bundled.css" type="text/css"/>
  <stylesheet href="../styles/inline.css" type="text/css"/>
  <itemBody>
    <rubricBlock use="stimulus" view="candidate author proctor scorer testConstructor tutor">
      <div>
        <p>Bret writes sentences about shapes, but he makes some mistakes.</p>
      </div>
    </rubricBlock>
    <hottextInteraction maxChoices="0" responseIdentifier="RESPONSE1050">
      <prompt>Click all of the words or numbers in Bret's sentences that are not correct.<br/></prompt>
      <p>A shape that has 3 sides has <hottext identifier="HT-17652">3</hottext> corners. A shape that has 5 sides has <hottext identifier="HT-17653">6</hottext> corners. A <hottext identifier="HT-17654">quadrilateral</hottext>has 3 sides. A <hottext identifier="HT-17655">hexagon</hottext>has 6 corners.</p>
    </hottextInteraction>
    <choiceInteraction maxChoices="1" responseIdentifier="RESPONSE1052" shuffle="false">
      <prompt>Bret wants to build a cube. What shapes does Bret need to build his cube?<br/></prompt>
      <simpleChoice fixed="true" identifier="SC-17659">
        <p>4 squares</p>
      </simpleChoice>
      <simpleChoice fixed="true" identifier="SC-17657">
        <p>6 squares</p>
      </simpleChoice>
      <simpleChoice fixed="true" identifier="SC-17660">
        <p>4 triangles</p>
      </simpleChoice>
      <simpleChoice fixed="true" identifier="SC-17658">
        <p>6 triangles</p>
      </simpleChoice>
    </choiceInteraction>
  </itemBody>
  <responseProcessing>
    <responseCondition>
      <responseIf>
        <match>
          <variable identifier="RESPONSE1050"/>
          <correct identifier="RESPONSE1050"/>
        </match>
        <setOutcomeValue identifier="SCORE1050">
          <baseValue baseType="float">1</baseValue>
        </setOutcomeValue>
      </responseIf>
      <responseElse>
        <setOutcomeValue identifier="SCORE1050">
          <baseValue baseType="float">0</baseValue>
        </setOutcomeValue>
      </responseElse>
    </responseCondition>
    <responseCondition>
      <responseIf>
        <match>
          <variable identifier="RESPONSE1052"/>
          <correct identifier="RESPONSE1052"/>
        </match>
        <setOutcomeValue identifier="SCORE1052">
          <baseValue baseType="float">1</baseValue>
        </setOutcomeValue>
      </responseIf>
      <responseElse>
        <setOutcomeValue identifier="SCORE1052">
          <baseValue baseType="float">0</baseValue>
        </setOutcomeValue>
      </responseElse>
    </responseCondition>
    <setOutcomeValue identifier="SCORE">
      <sum>
        <variable identifier="SCORE1050"/>
        <variable identifier="SCORE1052"/>
      </sum>
    </setOutcomeValue>
  </responseProcessing>
</assessmentItem>
