<?xml version="1.0"?>
<assessmentItem adaptive="false" identifier="ITEM-LOGIC-MP-473" timeDependent="false" title="Match each part of the eyeball with its function." toolName="ItemLogic" toolVersion="2.0.0" xmlns="http://www.imsglobal.org/xsd/imsqti_v2p1" xmlns:m="http://www.w3.org/1998/Math/MathML" xmlns:xsi="http://www.w3.org/2001/XMLSchema-instance" xsi:schemaLocation="http://www.imsglobal.org/xsd/imsqti_v2p1  http://www.imsglobal.org/xsd/qti/qtiv2p1/imsqti_v2p1.xsd">
  <responseDeclaration baseType="directedPair" cardinality="multiple" identifier="RESPONSE324">
    <correctResponse>
      <value>SAC-5725 SAC-5729</value>
      <value>SAC-5727 SAC-5731</value>
      <value>SAC-5728 SAC-5732</value>
      <value>SAC-5726 SAC-5730</value>
    </correctResponse>
    <mapping defaultValue="-1.00" lowerBound="0.00" upperBound="2.00">
      <mapEntry mapKey="SAC-5725 SAC-5729" mappedValue="0.50"/>
      <mapEntry mapKey="SAC-5727 SAC-5731" mappedValue="0.50"/>
      <mapEntry mapKey="SAC-5728 SAC-5732" mappedValue="0.50"/>
      <mapEntry mapKey="SAC-5726 SAC-5730" mappedValue="0.50"/>
    </mapping>
  </responseDeclaration>
  <outcomeDeclaration baseType="float" cardinality="single" identifier="SCORE324">
    <defaultValue>
      <value>0</value>
    </defaultValue>
  </outcomeDeclaration>
  <outcomeDeclaration baseType="float" cardinality="single" identifier="SCORE">
    <defaultValue>
      <value>0</value>
    </defaultValue>
  </outcomeDeclaration>
  <stylesheet href="../styles/bundled.css" type="text/css"/>
  <stylesheet href="../styles/inline.css" type="text/css"/>
  <itemBody>
    <rubricBlock use="context" view="candidate author proctor scorer testConstructor tutor">
      <div>
        <object data="../passages/RSC-LOGIC-MP-996.html" type="text/html"/>
      </div>
    </rubricBlock>
    <rubricBlock use="stimulus" view="candidate author proctor scorer testConstructor tutor">
      <div>
        <p>The eyeball has different parts that perform specific functions in order for a person to see.</p>
        <p>
          <br/>
          <object data="../images/Eyes_have_it_b657720cec.png" height="226" type="image/png" width="311"/>
        </p>
      </div>
    </rubricBlock>
    <matchInteraction maxAssociations="4" responseIdentifier="RESPONSE324" shuffle="false">
      <prompt>Match each part of the eyeball with its function.<br/></prompt>
      <simpleMatchSet>
        <simpleAssociableChoice identifier="SAC-5727" matchMax="1">
          <p>Lens</p>
        </simpleAssociableChoice>
        <simpleAssociableChoice identifier="SAC-5726" matchMax="1">
          <p>Pupil</p>
        </simpleAssociableChoice>
        <simpleAssociableChoice identifier="SAC-5728" matchMax="1">
          <p>Retina</p>
        </simpleAssociableChoice>
        <simpleAssociableChoice identifier="SAC-5725" matchMax="1">
          <p>Cornea</p>
        </simpleAssociableChoice>
      </simpleMatchSet>
      <simpleMatchSet>
        <simpleAssociableChoice identifier="SAC-5732" matchMax="1">
          <p>Converts light into electrical impulses sent to the brain</p>
        </simpleAssociableChoice>
        <simpleAssociableChoice identifier="SAC-5731" matchMax="1">
          <p>Changes shape as the eye looks at objects at different distances</p>
        </simpleAssociableChoice>
        <simpleAssociableChoice identifier="SAC-5730" matchMax="1">
          <p>Controls how much light gets into the eye</p>
        </simpleAssociableChoice>
        <simpleAssociableChoice identifier="SAC-5729" matchMax="1">
          <p>Bends light when it enters the eye</p>
        </simpleAssociableChoice>
      </simpleMatchSet>
    </matchInteraction>
  </itemBody>
  <responseProcessing>
    <responseCondition>
      <responseIf>
        <isNull>
          <variable identifier="RESPONSE324"/>
        </isNull>
        <setOutcomeValue identifier="SCORE324">
          <baseValue baseType="float">0.0</baseValue>
        </setOutcomeValue>
      </responseIf>
      <responseElse>
        <setOutcomeValue identifier="SCORE324">
          <mapResponse identifier="RESPONSE324"/>
        </setOutcomeValue>
      </responseElse>
    </responseCondition>
    <setOutcomeValue identifier="SCORE">
      <sum>
        <variable identifier="SCORE324"/>
      </sum>
    </setOutcomeValue>
  </responseProcessing>
</assessmentItem>
