<?xml version="1.0"?>
<assessmentItem adaptive="false" identifier="ITEM-LOGIC-KS-847" timeDependent="false" title="Match each phrase to its meaning as used in the paragraph noted. &amp;nbsp;Note that each paragraph numb" toolName="ItemLogic" toolVersion="2.0.0" xmlns="http://www.imsglobal.org/xsd/imsqti_v2p1" xmlns:m="http://www.w3.org/1998/Math/MathML" xmlns:xsi="http://www.w3.org/2001/XMLSchema-instance" xsi:schemaLocation="http://www.imsglobal.org/xsd/imsqti_v2p1  http://www.imsglobal.org/xsd/qti/qtiv2p1/imsqti_v2p1.xsd">
  <responseDeclaration baseType="directedPair" cardinality="multiple" identifier="RESPONSE873">
    <correctResponse>
      <value>SAC-14409 SAC-14423</value>
      <value>SAC-14411 SAC-14426</value>
      <value>SAC-14412 SAC-14425</value>
      <value>SAC-14415 SAC-14421</value>
    </correctResponse>
    <mapping defaultValue="-0.50" lowerBound="0.00" upperBound="2.00">
      <mapEntry mapKey="SAC-14409 SAC-14423" mappedValue="0.50"/>
      <mapEntry mapKey="SAC-14411 SAC-14426" mappedValue="0.50"/>
      <mapEntry mapKey="SAC-14412 SAC-14425" mappedValue="0.50"/>
      <mapEntry mapKey="SAC-14415 SAC-14421" mappedValue="0.50"/>
    </mapping>
  </responseDeclaration>
  <outcomeDeclaration baseType="float" cardinality="single" identifier="SCORE873">
    <defaultValue>
      <value>0</value>
    </defaultValue>
  </outcomeDeclaration>
  <outcomeDeclaration baseType="float" cardinality="single" identifier="SCORE">
    <defaultValue>
      <value>0</value>
    </defaultValue>
  </outcomeDeclaration>
  <stylesheet href="../styles/bundled.css" type="text/css"/>
  <stylesheet href="../styles/inline.css" type="text/css"/>
  <itemBody>
    <rubricBlock use="context" view="candidate author proctor scorer testConstructor tutor">
      <div>
        <object data="../passages/RSC-LOGIC-KS-3832.html" type="text/html"/>
      </div>
    </rubricBlock>
    <rubricBlock use="stimulus" view="candidate author proctor scorer testConstructor tutor">
      <div>
        <p>The author of <em>Mighty Toes</em> uses figurative language throughout the passage.</p>
      </div>
    </rubricBlock>
    <matchInteraction maxAssociations="4" responseIdentifier="RESPONSE873" shuffle="false">
      <prompt>Match each phrase to its meaning as used in the paragraph noted. &#xA0;Note that each paragraph number is written as the letter "P" followed by the paragraph number.<span>You will not use all of the definitions.</span><br/></prompt>
      <simpleMatchSet>
        <simpleAssociableChoice identifier="SAC-14415" matchMax="1">
          <p>P5: was contagious</p>
        </simpleAssociableChoice>
        <simpleAssociableChoice identifier="SAC-14409" matchMax="1">
          <p>P1: crept into my racing mind</p>
        </simpleAssociableChoice>
        <simpleAssociableChoice identifier="SAC-14412" matchMax="1">
          <p>P8: pleaded with me to take a break</p>
        </simpleAssociableChoice>
        <simpleAssociableChoice identifier="SAC-14411" matchMax="1">
          <p>P8: began competing for my immediate attention</p>
        </simpleAssociableChoice>
      </simpleMatchSet>
      <simpleMatchSet>
        <simpleAssociableChoice identifier="SAC-14423" matchMax="1">
          <p>caused me to fret</p>
        </simpleAssociableChoice>
        <simpleAssociableChoice identifier="SAC-14425" matchMax="1">
          <p>made me crave rest</p>
        </simpleAssociableChoice>
        <simpleAssociableChoice identifier="SAC-14424" matchMax="1">
          <p>helped my mind relax</p>
        </simpleAssociableChoice>
        <simpleAssociableChoice identifier="SAC-14422" matchMax="1">
          <p>caused others to become ill</p>
        </simpleAssociableChoice>
        <simpleAssociableChoice identifier="SAC-14421" matchMax="1">
          <p>encouraged others to do the same</p>
        </simpleAssociableChoice>
        <simpleAssociableChoice identifier="SAC-14427" matchMax="1">
          <p>forced me to listen more closely to my guide</p>
        </simpleAssociableChoice>
        <simpleAssociableChoice identifier="SAC-14426" matchMax="1">
          <p>forced me to decide which complaint to address first</p>
        </simpleAssociableChoice>
      </simpleMatchSet>
    </matchInteraction>
  </itemBody>
  <responseProcessing>
    <responseCondition>
      <responseIf>
        <isNull>
          <variable identifier="RESPONSE873"/>
        </isNull>
        <setOutcomeValue identifier="SCORE873">
          <baseValue baseType="float">0.0</baseValue>
        </setOutcomeValue>
      </responseIf>
      <responseElse>
        <setOutcomeValue identifier="SCORE873">
          <mapResponse identifier="RESPONSE873"/>
        </setOutcomeValue>
      </responseElse>
    </responseCondition>
    <setOutcomeValue identifier="SCORE">
      <sum>
        <variable identifier="SCORE873"/>
      </sum>
    </setOutcomeValue>
  </responseProcessing>
</assessmentItem>
