<?xml version="1.0"?>
<assessmentItem adaptive="false" identifier="ITEM-LOGIC-MP-582" timeDependent="false" title="Part A Select the answer that completes the sentence." toolName="ItemLogic" toolVersion="2.0.0" xmlns="http://www.imsglobal.org/xsd/imsqti_v2p1" xmlns:m="http://www.w3.org/1998/Math/MathML" xmlns:xsi="http://www.w3.org/2001/XMLSchema-instance" xsi:schemaLocation="http://www.imsglobal.org/xsd/imsqti_v2p1  http://www.imsglobal.org/xsd/qti/qtiv2p1/imsqti_v2p1.xsd">
  <responseDeclaration baseType="identifier" cardinality="single" identifier="RESPONSE475">
    <correctResponse>
      <value>IC-8301</value>
    </correctResponse>
  </responseDeclaration>
  <responseDeclaration baseType="identifier" cardinality="multiple" identifier="RESPONSE477">
    <correctResponse>
      <value>HT-18750</value>
    </correctResponse>
  </responseDeclaration>
  <outcomeDeclaration baseType="float" cardinality="single" identifier="SCORE475">
    <defaultValue>
      <value>0</value>
    </defaultValue>
  </outcomeDeclaration>
  <outcomeDeclaration baseType="float" cardinality="single" identifier="SCORE477">
    <defaultValue>
      <value>0</value>
    </defaultValue>
  </outcomeDeclaration>
  <outcomeDeclaration baseType="float" cardinality="single" identifier="SCORE">
    <defaultValue>
      <value>0</value>
    </defaultValue>
  </outcomeDeclaration>
  <stylesheet href="../styles/bundled.css" type="text/css"/>
  <stylesheet href="../styles/inline.css" type="text/css"/>
  <itemBody>
    <rubricBlock use="context" view="candidate author proctor scorer testConstructor tutor">
      <div>
        <object data="../passages/RSC-LOGIC-MP-1672.html" type="text/html"/>
      </div>
    </rubricBlock>
    <div class="stem stem_inline">
      <div class="stem_prompt"><p>Part A</p> <p>Select the answer that completes the sentence.</p></div>
      <p>
        <span>A theme of the selection is&#xA0;</span>
        <span><inlineChoiceInteraction responseIdentifier="RESPONSE475" shuffle="false"><inlineChoice identifier="IC-8304">parents and children see things differently</inlineChoice><inlineChoice identifier="IC-8301">it is good to have a sense of humor</inlineChoice><inlineChoice identifier="IC-8303">it is hard to please some people</inlineChoice><inlineChoice identifier="IC-8302">pets can be great companions</inlineChoice></inlineChoiceInteraction>.</span>
      </p>
    </div>
    <hottextInteraction maxChoices="0" responseIdentifier="RESPONSE477"><prompt>Part B<br/> Select the detail from the selection that <strong>best</strong> supports the answer in Part A.<br/></prompt><p><hottext identifier="HT-18747">&#x201C;&#x2018;If it&#x2019;s not too much trouble,&#x2019; she said, &#x2018;do you think I could have my other slipper?&#x2019;&#x201D;&#x9D;</hottext></p> <p><hottext identifier="HT-18748">&#x201C;&#x2018;What that dog needs is a new home,&#x2019; Mom said.&#x201D;&#x9D;</hottext></p> <p><hottext identifier="HT-18749">&#x201C;&#x2018;You can&#x2019;t take my dog away,&#x2019; I cried. &#x2018;We&#x2019;re pals!&#x2019;&#x201D;&#x9D;</hottext></p> <p><hottext identifier="HT-18750">&#x201C;A smile appeared on her face. &#x2018;Maybe so, Jordy,&#x2019; she said. &#x2018;Maybe so.&#x2019;&#x201D;</hottext></p></hottextInteraction>
  </itemBody>
  <responseProcessing>
    <responseCondition>
      <responseIf>
        <match>
          <variable identifier="RESPONSE475"/>
          <correct identifier="RESPONSE475"/>
        </match>
        <setOutcomeValue identifier="SCORE475">
          <baseValue baseType="float">1</baseValue>
        </setOutcomeValue>
      </responseIf>
      <responseElse>
        <setOutcomeValue identifier="SCORE475">
          <baseValue baseType="float">0</baseValue>
        </setOutcomeValue>
      </responseElse>
    </responseCondition>
    <responseCondition>
      <responseIf>
        <match>
          <variable identifier="RESPONSE477"/>
          <correct identifier="RESPONSE477"/>
        </match>
        <setOutcomeValue identifier="SCORE477">
          <baseValue baseType="float">1</baseValue>
        </setOutcomeValue>
      </responseIf>
      <responseElse>
        <setOutcomeValue identifier="SCORE477">
          <baseValue baseType="float">0</baseValue>
        </setOutcomeValue>
      </responseElse>
    </responseCondition>
    <setOutcomeValue identifier="SCORE">
      <sum>
        <variable identifier="SCORE475"/>
        <variable identifier="SCORE477"/>
      </sum>
    </setOutcomeValue>
  </responseProcessing>
</assessmentItem>
