<?xml version="1.0"?>
<assessmentItem adaptive="false" identifier="ITEM-LOGIC-MP-589" timeDependent="false" title="Complete this sentence to show how to find the number that belongs in the box." toolName="ItemLogic" toolVersion="2.0.0" xmlns="http://www.imsglobal.org/xsd/imsqti_v2p1" xmlns:m="http://www.w3.org/1998/Math/MathML" xmlns:xsi="http://www.w3.org/2001/XMLSchema-instance" xsi:schemaLocation="http://www.imsglobal.org/xsd/imsqti_v2p1  http://www.imsglobal.org/xsd/qti/qtiv2p1/imsqti_v2p1.xsd">
  <responseDeclaration baseType="identifier" cardinality="single" identifier="RESPONSE488">
    <correctResponse>
      <value>IC-8482</value>
    </correctResponse>
  </responseDeclaration>
  <responseDeclaration baseType="identifier" cardinality="single" identifier="RESPONSE490">
    <correctResponse>
      <value>IC-10189</value>
    </correctResponse>
  </responseDeclaration>
  <outcomeDeclaration baseType="float" cardinality="single" identifier="SCORE488">
    <defaultValue>
      <value>0</value>
    </defaultValue>
  </outcomeDeclaration>
  <outcomeDeclaration baseType="float" cardinality="single" identifier="SCORE490">
    <defaultValue>
      <value>0</value>
    </defaultValue>
  </outcomeDeclaration>
  <outcomeDeclaration baseType="float" cardinality="single" identifier="SCORE">
    <defaultValue>
      <value>0</value>
    </defaultValue>
  </outcomeDeclaration>
  <stylesheet href="../styles/bundled.css" type="text/css"/>
  <stylesheet href="../styles/inline.css" type="text/css"/>
  <itemBody>
    <rubricBlock use="stimulus" view="candidate author proctor scorer testConstructor tutor">
      <div>
        <p>Gina is solving this equation.</p>
        <p>
          <object data="../images/FROERI589_Equation_239d3a3757.png" height="37" type="image/png" width="100"/>
        </p>
      </div>
    </rubricBlock>
    <div class="stem stem_inline">
      <div class="stem_prompt">
        <p>Complete this sentence to show how to find the number that belongs in the box.</p>
      </div>
      <p>Find the number that can be <inlineChoiceInteraction responseIdentifier="RESPONSE488" shuffle="false"><inlineChoice identifier="IC-8480">added to</inlineChoice><inlineChoice identifier="IC-8481">divided by</inlineChoice><inlineChoice identifier="IC-8482">multiplied by</inlineChoice><inlineChoice identifier="IC-8483">subtracted from</inlineChoice></inlineChoiceInteraction>6 to make 42.</p>
    </div>
    <div class="stem stem_inline">
      <p>The number that belongs in the box is <inlineChoiceInteraction responseIdentifier="RESPONSE490" shuffle="false"><inlineChoice identifier="IC-10188">6</inlineChoice><inlineChoice identifier="IC-10189">7</inlineChoice><inlineChoice identifier="IC-10190">8</inlineChoice><inlineChoice identifier="IC-10191">9</inlineChoice></inlineChoiceInteraction>.</p>
    </div>
  </itemBody>
  <responseProcessing>
    <responseCondition>
      <responseIf>
        <match>
          <variable identifier="RESPONSE488"/>
          <correct identifier="RESPONSE488"/>
        </match>
        <setOutcomeValue identifier="SCORE488">
          <baseValue baseType="float">1</baseValue>
        </setOutcomeValue>
      </responseIf>
      <responseElse>
        <setOutcomeValue identifier="SCORE488">
          <baseValue baseType="float">0</baseValue>
        </setOutcomeValue>
      </responseElse>
    </responseCondition>
    <responseCondition>
      <responseIf>
        <match>
          <variable identifier="RESPONSE490"/>
          <correct identifier="RESPONSE490"/>
        </match>
        <setOutcomeValue identifier="SCORE490">
          <baseValue baseType="float">1</baseValue>
        </setOutcomeValue>
      </responseIf>
      <responseElse>
        <setOutcomeValue identifier="SCORE490">
          <baseValue baseType="float">0</baseValue>
        </setOutcomeValue>
      </responseElse>
    </responseCondition>
    <setOutcomeValue identifier="SCORE">
      <sum>
        <variable identifier="SCORE488"/>
        <variable identifier="SCORE490"/>
      </sum>
    </setOutcomeValue>
  </responseProcessing>
</assessmentItem>
