<?xml version="1.0"?>
<assessmentItem adaptive="false" identifier="ITEM-LOGIC-KS-748" timeDependent="false" title="Select the word or phrase that correctly completes each sentence." toolName="ItemLogic" toolVersion="2.0.0" xmlns="http://www.imsglobal.org/xsd/imsqti_v2p1" xmlns:m="http://www.w3.org/1998/Math/MathML" xmlns:xsi="http://www.w3.org/2001/XMLSchema-instance" xsi:schemaLocation="http://www.imsglobal.org/xsd/imsqti_v2p1  http://www.imsglobal.org/xsd/qti/qtiv2p1/imsqti_v2p1.xsd">
  <responseDeclaration baseType="directedPair" cardinality="multiple" identifier="RESPONSE702">
    <correctResponse>
      <value>GT-11583 GAP-11577</value>
      <value>GT-11585 GAP-11576</value>
      <value>GT-11584 GAP-11578</value>
      <value>GT-11580 GAP-11574</value>
      <value>GT-11581 GAP-11579</value>
      <value>GT-11582 GAP-11575</value>
    </correctResponse>
  </responseDeclaration>
  <outcomeDeclaration baseType="float" cardinality="single" identifier="SCORE702">
    <defaultValue>
      <value>0</value>
    </defaultValue>
  </outcomeDeclaration>
  <outcomeDeclaration baseType="float" cardinality="single" identifier="SCORE">
    <defaultValue>
      <value>0</value>
    </defaultValue>
  </outcomeDeclaration>
  <stylesheet href="../styles/bundled.css" type="text/css"/>
  <stylesheet href="../styles/inline.css" type="text/css"/>
  <itemBody>
    <rubricBlock use="context" view="candidate author proctor scorer testConstructor tutor">
      <div>
        <object data="../passages/RSC-LOGIC-KS-2176.html" type="text/html"/>
      </div>
    </rubricBlock>
    <rubricBlock use="stimulus" view="candidate author proctor scorer testConstructor tutor">
      <div>
        <p>The paragraph below summarizes the text, <em>Gum in School</em>.</p>
      </div>
    </rubricBlock>
    <gapMatchInteraction responseIdentifier="RESPONSE702" shuffle="false">
      <prompt>Select the word or phrase that correctly completes each sentence.<br/></prompt>
      <gapText identifier="GT-11583" matchMax="1">saliva</gapText>
      <gapText identifier="GT-11585" matchMax="1">acid</gapText>
      <gapText identifier="GT-11586" matchMax="1">expensive</gapText>
      <gapText identifier="GT-11584" matchMax="1">focus</gapText>
      <gapText identifier="GT-11587" matchMax="1">fun and exciting</gapText>
      <gapText identifier="GT-11580" matchMax="1">messy and loud</gapText>
      <gapText identifier="GT-11581" matchMax="1">gum-chewing</gapText>
      <gapText identifier="GT-11582" matchMax="1">helpful</gapText>
      <p>Many students are not allowed to chew gum in school because it is too <gap identifier="GAP-11574"/>. But, studies show that chewing gum may actually be <gap identifier="GAP-11575"/>. First, it may help protect your teeth from harmful <gap identifier="GAP-11576"/>. Dentists believe that sugarless gum helps your mouth make more <gap identifier="GAP-11577"/>, which is good for keeping cavities away. Second, chewing gum has been shown to help students <gap identifier="GAP-11578"/> during tests. More studies are needed before big changes in <gap identifier="GAP-11579"/> rules are made.</p>
    </gapMatchInteraction>
  </itemBody>
  <responseProcessing>
    <responseCondition>
      <responseIf>
        <match>
          <variable identifier="RESPONSE702"/>
          <correct identifier="RESPONSE702"/>
        </match>
        <setOutcomeValue identifier="SCORE702">
          <baseValue baseType="float">1</baseValue>
        </setOutcomeValue>
      </responseIf>
      <responseElse>
        <setOutcomeValue identifier="SCORE702">
          <baseValue baseType="float">0</baseValue>
        </setOutcomeValue>
      </responseElse>
    </responseCondition>
    <setOutcomeValue identifier="SCORE">
      <sum>
        <variable identifier="SCORE702"/>
      </sum>
    </setOutcomeValue>
  </responseProcessing>
</assessmentItem>
