<?xml version="1.0"?>
<assessmentItem adaptive="false" identifier="ITEM-LOGIC-KS-1040" timeDependent="false" title="Part ASelect the three key concepts that collectively provide the best objective summary of the text" toolName="ItemLogic" toolVersion="2.0.0" xmlns="http://www.imsglobal.org/xsd/imsqti_v2p1" xmlns:m="http://www.w3.org/1998/Math/MathML" xmlns:xsi="http://www.w3.org/2001/XMLSchema-instance" xsi:schemaLocation="http://www.imsglobal.org/xsd/imsqti_v2p1  http://www.imsglobal.org/xsd/qti/qtiv2p1/imsqti_v2p1.xsd">
  <responseDeclaration baseType="identifier" cardinality="multiple" identifier="RESPONSE1088">
    <correctResponse>
      <value>HT-18371</value>
      <value>HT-18373</value>
      <value>HT-18381</value>
    </correctResponse>
  </responseDeclaration>
  <responseDeclaration baseType="identifier" cardinality="multiple" identifier="RESPONSE1090">
    <correctResponse>
      <value>HT-18387</value>
    </correctResponse>
  </responseDeclaration>
  <outcomeDeclaration baseType="float" cardinality="single" identifier="SCORE1088">
    <defaultValue>
      <value>0</value>
    </defaultValue>
  </outcomeDeclaration>
  <outcomeDeclaration baseType="float" cardinality="single" identifier="SCORE1090">
    <defaultValue>
      <value>0</value>
    </defaultValue>
  </outcomeDeclaration>
  <outcomeDeclaration baseType="float" cardinality="single" identifier="SCORE">
    <defaultValue>
      <value>0</value>
    </defaultValue>
  </outcomeDeclaration>
  <stylesheet href="../styles/bundled.css" type="text/css"/>
  <stylesheet href="../styles/inline.css" type="text/css"/>
  <itemBody>
    <rubricBlock use="context" view="candidate author proctor scorer testConstructor tutor">
      <div>
        <object data="../passages/RSC-LOGIC-KS-4046.html" type="text/html"/>
      </div>
    </rubricBlock>
    <rubricBlock use="stimulus" view="candidate author proctor scorer testConstructor tutor">
      <div>
        <p>The author of <em>Saving Our Seeds</em>&#xA0;provides a thorough and informative presentation of the key concepts of the Svalbard Seed Vault.</p>
      </div>
    </rubricBlock>
    <hottextInteraction maxChoices="0" responseIdentifier="RESPONSE1088">
      <prompt>Part A<br/>Select the three key concepts that collectively provide the best objective summary of the text.<br/></prompt>
      <p>
        <hottext identifier="HT-18370">The vault makes good use of the Arctic Circle, an area not productive in any other way.</hottext>
      </p>
      <p>
        <hottext identifier="HT-18371">Storing seeds in the vault prevents the natural food supply from being decimated due to natural disasters.</hottext>
      </p>
      <p>
        <hottext identifier="HT-18374">The vault is critical to countries like Nigeria who rely heavily on access to a wide variety of seeds not found in its hot and humid climate.</hottext>
      </p>
      <p>
        <hottext identifier="HT-18373">The vault is key to preserving original copies of seeds so that useful traits lost through essential biodiversity may one day be reintegrated.</hottext>
      </p>
      <p>
        <hottext identifier="HT-18381">Native seeds, which comprise the majority of food consumed in the world, are protected in the vault and are available for future generations.</hottext>
      </p>
      <p>
        <hottext identifier="HT-18378">&lt;em&gt;Time&lt;/em&gt; magazine named the Svalbard Vault one of the best inventions in 2008, arguing that without additional support from worldwide organizations, the future of our food supply will face an unprecidented crisis.</hottext>
      </p>
    </hottextInteraction>
    <hottextInteraction maxChoices="0" responseIdentifier="RESPONSE1090">
      <prompt>Part B<br/>Based on the correct objective summary in Part A, choose a <strong>new</strong> key concept from the list that could be logically included in the text, <em>Saving Our Seeds</em>.<br/></prompt>
      <p>
        <hottext identifier="HT-18383">An illuminated work of art that marks the location of the vault from a distance runs the entire length of the vault's roof and down the front face to its entryway.</hottext>
      </p>
      <p>
        <hottext identifier="HT-18387">Researchers, plant breeders, and other groups wishing to access seed samples cannot do so through the seed vault; they must instead request samples from the depositing genebanks.</hottext>
      </p>
      <p>
        <hottext identifier="HT-18389">Primary funding for the vault's operating costs comes from such organizations as the Bill &amp; Melinda Gates Foundation and from various governments worldwide.</hottext>
      </p>
    </hottextInteraction>
  </itemBody>
  <responseProcessing>
    <responseCondition>
      <responseIf>
        <match>
          <variable identifier="RESPONSE1088"/>
          <correct identifier="RESPONSE1088"/>
        </match>
        <setOutcomeValue identifier="SCORE1088">
          <baseValue baseType="float">1</baseValue>
        </setOutcomeValue>
      </responseIf>
      <responseElse>
        <setOutcomeValue identifier="SCORE1088">
          <baseValue baseType="float">0</baseValue>
        </setOutcomeValue>
      </responseElse>
    </responseCondition>
    <responseCondition>
      <responseIf>
        <match>
          <variable identifier="RESPONSE1090"/>
          <correct identifier="RESPONSE1090"/>
        </match>
        <setOutcomeValue identifier="SCORE1090">
          <baseValue baseType="float">1</baseValue>
        </setOutcomeValue>
      </responseIf>
      <responseElse>
        <setOutcomeValue identifier="SCORE1090">
          <baseValue baseType="float">0</baseValue>
        </setOutcomeValue>
      </responseElse>
    </responseCondition>
    <setOutcomeValue identifier="SCORE">
      <sum>
        <variable identifier="SCORE1088"/>
        <variable identifier="SCORE1090"/>
      </sum>
    </setOutcomeValue>
  </responseProcessing>
</assessmentItem>
