<?xml version="1.0"?>
<assessmentItem adaptive="false" identifier="ITEM-LOGIC-MP-237" timeDependent="false" title="Select the portion of the sentence that contains an error, or select No error." toolName="ItemLogic" toolVersion="2.0.0" xmlns="http://www.imsglobal.org/xsd/imsqti_v2p1" xmlns:m="http://www.w3.org/1998/Math/MathML" xmlns:xsi="http://www.w3.org/2001/XMLSchema-instance" xsi:schemaLocation="http://www.imsglobal.org/xsd/imsqti_v2p1  http://www.imsglobal.org/xsd/qti/qtiv2p1/imsqti_v2p1.xsd">
  <responseDeclaration baseType="identifier" cardinality="multiple" identifier="RESPONSE76">
    <correctResponse>
      <value>HT-3830</value>
    </correctResponse>
  </responseDeclaration>
  <outcomeDeclaration baseType="float" cardinality="single" identifier="SCORE76">
    <defaultValue>
      <value>0</value>
    </defaultValue>
  </outcomeDeclaration>
  <outcomeDeclaration baseType="float" cardinality="single" identifier="SCORE">
    <defaultValue>
      <value>0</value>
    </defaultValue>
  </outcomeDeclaration>
  <stylesheet href="../styles/bundled.css" type="text/css"/>
  <stylesheet href="../styles/inline.css" type="text/css"/>
  <itemBody>
    <hottextInteraction maxChoices="0" responseIdentifier="RESPONSE76">
      <prompt>Select the portion of the sentence that contains an error, or select No error.<br/></prompt>
      <p>Jenna was planning to plot on a coordinate grid a square <em>RSTU</em> to show the shape of her garden. She plotted the vertices at <hottext identifier="HT-3827">(5, 3)</hottext>, <hottext identifier="HT-3828">(5, 6)</hottext>, <hottext identifier="HT-3829">(8, 3)</hottext> and <hottext identifier="HT-3830">(8, 5)</hottext>. <hottext identifier="HT-3831">No error</hottext>.</p>
    </hottextInteraction>
  </itemBody>
  <responseProcessing>
    <responseCondition>
      <responseIf>
        <match>
          <variable identifier="RESPONSE76"/>
          <correct identifier="RESPONSE76"/>
        </match>
        <setOutcomeValue identifier="SCORE76">
          <baseValue baseType="float">1</baseValue>
        </setOutcomeValue>
      </responseIf>
      <responseElse>
        <setOutcomeValue identifier="SCORE76">
          <baseValue baseType="float">0</baseValue>
        </setOutcomeValue>
      </responseElse>
    </responseCondition>
    <setOutcomeValue identifier="SCORE">
      <sum>
        <variable identifier="SCORE76"/>
      </sum>
    </setOutcomeValue>
  </responseProcessing>
</assessmentItem>
