<?xml version="1.0"?>
<assessmentItem adaptive="false" identifier="ITEM-LOGIC-KS-840" timeDependent="false" title="Drag numbers to correctly complete Leah's table." toolName="ItemLogic" toolVersion="2.0.0" xmlns="http://www.imsglobal.org/xsd/imsqti_v2p1" xmlns:m="http://www.w3.org/1998/Math/MathML" xmlns:xsi="http://www.w3.org/2001/XMLSchema-instance" xsi:schemaLocation="http://www.imsglobal.org/xsd/imsqti_v2p1  http://www.imsglobal.org/xsd/qti/qtiv2p1/imsqti_v2p1.xsd">
  <responseDeclaration baseType="directedPair" cardinality="multiple" identifier="RESPONSE858">
    <correctResponse>
      <value>GI-14555 HS-14559</value>
      <value>GI-14556 HS-14560</value>
    </correctResponse>
    <mapping defaultValue="0.00" lowerBound="0.00" upperBound="1.00">
      <mapEntry mapKey="GI-14555 HS-14559" mappedValue="0.50"/>
      <mapEntry mapKey="GI-14556 HS-14560" mappedValue="0.50"/>
    </mapping>
  </responseDeclaration>
  <responseDeclaration baseType="identifier" cardinality="single" identifier="RESPONSE859">
    <correctResponse>
      <value>SC-14246</value>
    </correctResponse>
  </responseDeclaration>
  <outcomeDeclaration baseType="float" cardinality="single" identifier="SCORE858">
    <defaultValue>
      <value>0</value>
    </defaultValue>
  </outcomeDeclaration>
  <outcomeDeclaration baseType="float" cardinality="single" identifier="SCORE859">
    <defaultValue>
      <value>0</value>
    </defaultValue>
  </outcomeDeclaration>
  <outcomeDeclaration baseType="float" cardinality="single" identifier="SCORE">
    <defaultValue>
      <value>0</value>
    </defaultValue>
  </outcomeDeclaration>
  <stylesheet href="../styles/bundled.css" type="text/css"/>
  <stylesheet href="../styles/inline.css" type="text/css"/>
  <itemBody>
    <rubricBlock use="stimulus" view="candidate author proctor scorer testConstructor tutor">
      <div>
        <p>Leah conducts a survey to find out how many 7th graders and 8th graders at Northern Middle School are taking a Spanish class. She records the results of her survey in a two-way table, but she forgets to include two of the numbers.</p>
      </div>
    </rubricBlock>
    <graphicGapMatchInteraction responseIdentifier="RESPONSE858">
      <prompt>Drag numbers to correctly complete Leah's table.<br/></prompt>
      <object data="../images/spanish-survey-canvas@2x_o_ca7c369dcc.png" height="250" type="image/png" width="500"/>
      <gapImg identifier="GI-14554" matchMax="1">
        <object data="../images/spanish-survey-stem1@2x_o_0769c19858.png" height="46" type="image/png" width="120"/>
      </gapImg>
      <gapImg identifier="GI-14555" matchMax="1">
        <object data="../images/spanish-survey-stem2@2x_o_1b754032f9.png" height="46" type="image/png" width="120"/>
      </gapImg>
      <gapImg identifier="GI-14556" matchMax="1">
        <object data="../images/spanish-survey-stem3@2x_o_4121c8c651.png" height="46" type="image/png" width="120"/>
      </gapImg>
      <gapImg identifier="GI-14557" matchMax="1">
        <object data="../images/spanish-survey-stem4@2x_o_148cd857e4.png" height="46" type="image/png" width="120"/>
      </gapImg>
      <gapImg identifier="GI-14558" matchMax="1">
        <object data="../images/spanish-survey-stem5@2x_o_24544f230f.png" height="46" type="image/png" width="120"/>
      </gapImg>
      <associableHotspot coords="283,144,403,191" identifier="HS-14559" matchMax="1" shape="rect"/>
      <associableHotspot coords="161,193,281,239" identifier="HS-14560" matchMax="1" shape="rect"/>
    </graphicGapMatchInteraction>
    <choiceInteraction maxChoices="1" responseIdentifier="RESPONSE859" shuffle="false">
      <prompt>What is the relative frequency of a 7th grade student taking Spanish class?<br/></prompt>
      <simpleChoice fixed="true" identifier="SC-14246">
        <p>0.31</p>
      </simpleChoice>
      <simpleChoice fixed="true" identifier="SC-14248">
        <p>0.61</p>
      </simpleChoice>
      <simpleChoice fixed="true" identifier="SC-14250">
        <p>0.73</p>
      </simpleChoice>
      <simpleChoice fixed="true" identifier="SC-14252">
        <p>0.93</p>
      </simpleChoice>
    </choiceInteraction>
  </itemBody>
  <responseProcessing>
    <responseCondition>
      <responseIf>
        <isNull>
          <variable identifier="RESPONSE858"/>
        </isNull>
        <setOutcomeValue identifier="SCORE858">
          <baseValue baseType="float">0.0</baseValue>
        </setOutcomeValue>
      </responseIf>
      <responseElse>
        <setOutcomeValue identifier="SCORE858">
          <mapResponse identifier="RESPONSE858"/>
        </setOutcomeValue>
      </responseElse>
    </responseCondition>
    <responseCondition>
      <responseIf>
        <match>
          <variable identifier="RESPONSE859"/>
          <correct identifier="RESPONSE859"/>
        </match>
        <setOutcomeValue identifier="SCORE859">
          <baseValue baseType="float">1</baseValue>
        </setOutcomeValue>
      </responseIf>
      <responseElse>
        <setOutcomeValue identifier="SCORE859">
          <baseValue baseType="float">0</baseValue>
        </setOutcomeValue>
      </responseElse>
    </responseCondition>
    <setOutcomeValue identifier="SCORE">
      <sum>
        <variable identifier="SCORE858"/>
        <variable identifier="SCORE859"/>
      </sum>
    </setOutcomeValue>
  </responseProcessing>
</assessmentItem>
