<?xml version="1.0"?>
<assessmentItem adaptive="false" identifier="ITEM-LOGIC-MP-372" timeDependent="false" title="Find the missing angle and the area of the circle." toolName="ItemLogic" toolVersion="2.0.0" xmlns="http://www.imsglobal.org/xsd/imsqti_v2p1" xmlns:m="http://www.w3.org/1998/Math/MathML" xmlns:xsi="http://www.w3.org/2001/XMLSchema-instance" xsi:schemaLocation="http://www.imsglobal.org/xsd/imsqti_v2p1  http://www.imsglobal.org/xsd/qti/qtiv2p1/imsqti_v2p1.xsd">
  <responseDeclaration baseType="directedPair" cardinality="multiple" identifier="RESPONSE150">
    <correctResponse>
      <value>GI-6133 HS-6766</value>
      <value>GI-6765 HS-6767</value>
    </correctResponse>
    <mapping defaultValue="0.00" lowerBound="0.00" upperBound="2.00">
      <mapEntry mapKey="GI-6133 HS-6766" mappedValue="1.00"/>
      <mapEntry mapKey="GI-6765 HS-6767" mappedValue="1.00"/>
    </mapping>
  </responseDeclaration>
  <outcomeDeclaration baseType="float" cardinality="single" identifier="SCORE150">
    <defaultValue>
      <value>0</value>
    </defaultValue>
  </outcomeDeclaration>
  <outcomeDeclaration baseType="float" cardinality="single" identifier="SCORE">
    <defaultValue>
      <value>0</value>
    </defaultValue>
  </outcomeDeclaration>
  <stylesheet href="../styles/bundled.css" type="text/css"/>
  <stylesheet href="../styles/inline.css" type="text/css"/>
  <itemBody>
    <rubricBlock use="stimulus" view="candidate author proctor scorer testConstructor tutor">
      <div>
        <p>Carla is designing this tepee with sticks and a circular floor. The radius of the circle is 3 feet.</p>
      </div>
    </rubricBlock>
    <graphicGapMatchInteraction responseIdentifier="RESPONSE150">
      <prompt>Find the missing angle and the area of the circle.<br/></prompt>
      <object data="../images/FROERI372_Teepee_stem_01_o_371a82b012.png" height="493" type="image/png" width="440"/>
      <gapImg identifier="GI-6133" matchMax="1">
        <object data="../images/FROERI372_Teepee_opt_B01_o_b0c7bd86ff.png" height="27" type="image/png" width="51"/>
      </gapImg>
      <gapImg identifier="GI-6134" matchMax="1">
        <object data="../images/FROERI372_Teepee_opt_C01_o_1c7c6091cf.png" height="28" type="image/png" width="51"/>
      </gapImg>
      <gapImg identifier="GI-6135" matchMax="1">
        <object data="../images/FROERI372_Teepee_opt_D01_o_9dce363a79.png" height="27" type="image/png" width="51"/>
      </gapImg>
      <gapImg identifier="GI-6136" matchMax="1">
        <object data="../images/FROERI372_Teepee_opt_E01_o_ce25982299.png" height="27" type="image/png" width="51"/>
      </gapImg>
      <gapImg identifier="GI-6762" matchMax="1">
        <object data="../images/FROERI372_Teepee_opt_F01_o_a0006f6bac.png" height="27" type="image/png" width="75"/>
      </gapImg>
      <gapImg identifier="GI-6763" matchMax="1">
        <object data="../images/FROERI372_Teepee_opt_G01_o_1d643d9ace.png" height="27" type="image/png" width="75"/>
      </gapImg>
      <gapImg identifier="GI-6764" matchMax="1">
        <object data="../images/FROERI372_Teepee_opt_H01_o_9ab79b584d.png" height="27" type="image/png" width="75"/>
      </gapImg>
      <gapImg identifier="GI-6765" matchMax="1">
        <object data="../images/FROERI372_Teepee_opt_I01_o_27dbb8e8a5.png" height="28" type="image/png" width="75"/>
      </gapImg>
      <associableHotspot coords="191,147,242,175" identifier="HS-6766" matchMax="1" shape="rect"/>
      <associableHotspot coords="183,458,258,486" identifier="HS-6767" matchMax="1" shape="rect"/>
    </graphicGapMatchInteraction>
  </itemBody>
  <responseProcessing>
    <responseCondition>
      <responseIf>
        <isNull>
          <variable identifier="RESPONSE150"/>
        </isNull>
        <setOutcomeValue identifier="SCORE150">
          <baseValue baseType="float">0.0</baseValue>
        </setOutcomeValue>
      </responseIf>
      <responseElse>
        <setOutcomeValue identifier="SCORE150">
          <mapResponse identifier="RESPONSE150"/>
        </setOutcomeValue>
      </responseElse>
    </responseCondition>
    <setOutcomeValue identifier="SCORE">
      <sum>
        <variable identifier="SCORE150"/>
      </sum>
    </setOutcomeValue>
  </responseProcessing>
</assessmentItem>
