<?xml version="1.0"?>
<assessmentItem adaptive="false" identifier="ITEM-LOGIC-KS-947" timeDependent="false" title="Drag the correct estimated length to each object." toolName="ItemLogic" toolVersion="2.0.0" xmlns="http://www.imsglobal.org/xsd/imsqti_v2p1" xmlns:m="http://www.w3.org/1998/Math/MathML" xmlns:xsi="http://www.w3.org/2001/XMLSchema-instance" xsi:schemaLocation="http://www.imsglobal.org/xsd/imsqti_v2p1  http://www.imsglobal.org/xsd/qti/qtiv2p1/imsqti_v2p1.xsd">
  <responseDeclaration baseType="directedPair" cardinality="multiple" identifier="RESPONSE933">
    <correctResponse>
      <value>GI-17742 HS-17744</value>
      <value>GI-18037 HS-17745</value>
      <value>GI-17738 HS-17746</value>
      <value>GI-17740 HS-17747</value>
    </correctResponse>
    <mapping defaultValue="0.00" lowerBound="0.00" upperBound="2.00">
      <mapEntry mapKey="GI-17742 HS-17744" mappedValue="0.50"/>
      <mapEntry mapKey="GI-18037 HS-17745" mappedValue="0.50"/>
      <mapEntry mapKey="GI-17738 HS-17746" mappedValue="0.50"/>
      <mapEntry mapKey="GI-17740 HS-17747" mappedValue="0.50"/>
    </mapping>
  </responseDeclaration>
  <outcomeDeclaration baseType="float" cardinality="single" identifier="SCORE933">
    <defaultValue>
      <value>0</value>
    </defaultValue>
  </outcomeDeclaration>
  <outcomeDeclaration baseType="float" cardinality="single" identifier="SCORE">
    <defaultValue>
      <value>0</value>
    </defaultValue>
  </outcomeDeclaration>
  <stylesheet href="../styles/bundled.css" type="text/css"/>
  <stylesheet href="../styles/inline.css" type="text/css"/>
  <itemBody>
    <graphicGapMatchInteraction responseIdentifier="RESPONSE933">
      <prompt>Drag the correct estimated length to each object.<br/></prompt>
      <object data="../images/objects-est-length-canvas@2x_o_d56c32a605.png" height="370" type="image/png" width="500"/>
      <gapImg identifier="GI-17738" matchMax="1">
        <object data="../images/objects-est-length-2m@2x_o_a1039cacbb.png" height="46" type="image/png" width="176"/>
      </gapImg>
      <gapImg identifier="GI-18037" matchMax="1">
        <object data="../images/objects-est-length-2ft@2x_o_fae5897590.png" height="46" type="image/png" width="176"/>
      </gapImg>
      <gapImg identifier="GI-17739" matchMax="1">
        <object data="../images/objects-est-length-3cm@2x_o_023e1d6e90.png" height="46" type="image/png" width="176"/>
      </gapImg>
      <gapImg identifier="GI-17740" matchMax="1">
        <object data="../images/objects-est-length-3in@2x_o_48ba720da0.png" height="46" type="image/png" width="176"/>
      </gapImg>
      <gapImg identifier="GI-17741" matchMax="1">
        <object data="../images/objects-est-length-18m@2x_o_eca26534d5.png" height="46" type="image/png" width="176"/>
      </gapImg>
      <gapImg identifier="GI-17742" matchMax="1">
        <object data="../images/objects-est-length-12in@2x_o_999ddb8d99.png" height="46" type="image/png" width="176"/>
      </gapImg>
      <associableHotspot coords="37,117,213,163" identifier="HS-17744" matchMax="1" shape="rect"/>
      <associableHotspot coords="287,117,463,163" identifier="HS-17745" matchMax="1" shape="rect"/>
      <associableHotspot coords="37,309,213,355" identifier="HS-17746" matchMax="1" shape="rect"/>
      <associableHotspot coords="288,309,464,355" identifier="HS-17747" matchMax="1" shape="rect"/>
    </graphicGapMatchInteraction>
  </itemBody>
  <responseProcessing>
    <responseCondition>
      <responseIf>
        <isNull>
          <variable identifier="RESPONSE933"/>
        </isNull>
        <setOutcomeValue identifier="SCORE933">
          <baseValue baseType="float">0.0</baseValue>
        </setOutcomeValue>
      </responseIf>
      <responseElse>
        <setOutcomeValue identifier="SCORE933">
          <mapResponse identifier="RESPONSE933"/>
        </setOutcomeValue>
      </responseElse>
    </responseCondition>
    <setOutcomeValue identifier="SCORE">
      <sum>
        <variable identifier="SCORE933"/>
      </sum>
    </setOutcomeValue>
  </responseProcessing>
</assessmentItem>
