<?xml version="1.0"?>
<assessmentItem adaptive="false" identifier="ITEM-LOGIC-MP-623" timeDependent="false" title="Choose the correct words to complete the sentences." toolName="ItemLogic" toolVersion="2.0.0" xmlns="http://www.imsglobal.org/xsd/imsqti_v2p1" xmlns:m="http://www.w3.org/1998/Math/MathML" xmlns:xsi="http://www.w3.org/2001/XMLSchema-instance" xsi:schemaLocation="http://www.imsglobal.org/xsd/imsqti_v2p1  http://www.imsglobal.org/xsd/qti/qtiv2p1/imsqti_v2p1.xsd">
  <responseDeclaration baseType="identifier" cardinality="single" identifier="RESPONSE522">
    <correctResponse>
      <value>IC-10457</value>
    </correctResponse>
  </responseDeclaration>
  <responseDeclaration baseType="identifier" cardinality="single" identifier="RESPONSE523">
    <correctResponse>
      <value>IC-10467</value>
    </correctResponse>
  </responseDeclaration>
  <outcomeDeclaration baseType="float" cardinality="single" identifier="SCORE522">
    <defaultValue>
      <value>0</value>
    </defaultValue>
  </outcomeDeclaration>
  <outcomeDeclaration baseType="float" cardinality="single" identifier="SCORE523">
    <defaultValue>
      <value>0</value>
    </defaultValue>
  </outcomeDeclaration>
  <outcomeDeclaration baseType="float" cardinality="single" identifier="SCORE">
    <defaultValue>
      <value>0</value>
    </defaultValue>
  </outcomeDeclaration>
  <stylesheet href="../styles/bundled.css" type="text/css"/>
  <stylesheet href="../styles/inline.css" type="text/css"/>
  <itemBody>
    <rubricBlock use="stimulus" view="candidate author proctor scorer testConstructor tutor">
      <div>
        <p>This pyramid has a square base. Carly uses a plane to cut the pyramid perpendicular to the base of the pyramid.</p>
        <p>
          <object data="../images/FROERI623_Pyramid_stem_01_e7eead5fbd.png" height="268" type="image/png" width="253"/>
        </p>
        <p>She wants to describe the two-dimensional shape that results after she cuts the pyramid with the plane.</p>
      </div>
    </rubricBlock>
    <div class="stem stem_inline">
      <div class="stem_prompt">
        <p>Choose the correct words to complete the sentences.</p>
      </div>
      <p>The intersection of the pyramid and the plane is a  <inlineChoiceInteraction responseIdentifier="RESPONSE522" shuffle="false"><inlineChoice identifier="IC-10455">circle</inlineChoice><inlineChoice identifier="IC-10456">triangle</inlineChoice><inlineChoice identifier="IC-10457">trapezoid</inlineChoice><inlineChoice identifier="IC-10458">rhombus</inlineChoice></inlineChoiceInteraction>. </p>
      <p>Carly uses the plane to cut through a different square pyramid. She cuts through the top vertex of the pyramid, perpendicular to the base. The intersection of the pyramid and the plane is in the shape of a <inlineChoiceInteraction responseIdentifier="RESPONSE523" shuffle="false"><inlineChoice identifier="IC-10466">circle</inlineChoice><inlineChoice identifier="IC-10467">triangle</inlineChoice><inlineChoice identifier="IC-10468">trapezoid</inlineChoice><inlineChoice identifier="IC-10469">rhombus</inlineChoice></inlineChoiceInteraction>.</p>
    </div>
  </itemBody>
  <responseProcessing>
    <responseCondition>
      <responseIf>
        <match>
          <variable identifier="RESPONSE522"/>
          <correct identifier="RESPONSE522"/>
        </match>
        <setOutcomeValue identifier="SCORE522">
          <baseValue baseType="float">1</baseValue>
        </setOutcomeValue>
      </responseIf>
      <responseElse>
        <setOutcomeValue identifier="SCORE522">
          <baseValue baseType="float">0</baseValue>
        </setOutcomeValue>
      </responseElse>
    </responseCondition>
    <responseCondition>
      <responseIf>
        <match>
          <variable identifier="RESPONSE523"/>
          <correct identifier="RESPONSE523"/>
        </match>
        <setOutcomeValue identifier="SCORE523">
          <baseValue baseType="float">1</baseValue>
        </setOutcomeValue>
      </responseIf>
      <responseElse>
        <setOutcomeValue identifier="SCORE523">
          <baseValue baseType="float">0</baseValue>
        </setOutcomeValue>
      </responseElse>
    </responseCondition>
    <setOutcomeValue identifier="SCORE">
      <sum>
        <variable identifier="SCORE522"/>
        <variable identifier="SCORE523"/>
      </sum>
    </setOutcomeValue>
  </responseProcessing>
</assessmentItem>
