<?xml version="1.0"?>
<assessmentItem adaptive="false" identifier="ITEM-LOGIC-KS-1042" timeDependent="false" title="Place the most accurate line of best fit into the scatter plot." toolName="ItemLogic" toolVersion="2.0.0" xmlns="http://www.imsglobal.org/xsd/imsqti_v2p1" xmlns:m="http://www.w3.org/1998/Math/MathML" xmlns:xsi="http://www.w3.org/2001/XMLSchema-instance" xsi:schemaLocation="http://www.imsglobal.org/xsd/imsqti_v2p1  http://www.imsglobal.org/xsd/qti/qtiv2p1/imsqti_v2p1.xsd">
  <responseDeclaration baseType="directedPair" cardinality="multiple" identifier="RESPONSE1094">
    <correctResponse>
      <value>GI-18460 HS-18461</value>
    </correctResponse>
  </responseDeclaration>
  <responseDeclaration baseType="string" cardinality="single" identifier="RESPONSE1095">
    <correctResponse>
      <value>195</value>
    </correctResponse>
  </responseDeclaration>
  <outcomeDeclaration baseType="float" cardinality="single" identifier="SCORE1094">
    <defaultValue>
      <value>0</value>
    </defaultValue>
  </outcomeDeclaration>
  <outcomeDeclaration baseType="float" cardinality="single" identifier="SCORE1095">
    <defaultValue>
      <value>0</value>
    </defaultValue>
  </outcomeDeclaration>
  <outcomeDeclaration baseType="float" cardinality="single" identifier="SCORE">
    <defaultValue>
      <value>0</value>
    </defaultValue>
  </outcomeDeclaration>
  <stylesheet href="../styles/bundled.css" type="text/css"/>
  <stylesheet href="../styles/inline.css" type="text/css"/>
  <itemBody>
    <rubricBlock use="stimulus" view="candidate author proctor scorer testConstructor tutor">
      <div>
        <p>The scatter plot shows the relationship between the number of movie DVD new releases at a store per day and the number of movie DVDs sold that day.</p>
        <p>
          <object data="../images/dvd-scatter-stimulus@2x_5ea53b13a7.png" height="292" type="image/png" width="400"/>
        </p>
      </div>
    </rubricBlock>
    <graphicGapMatchInteraction responseIdentifier="RESPONSE1094">
      <prompt>Place the most accurate line of best fit into the scatter plot.<br/></prompt>
      <object data="../images/dvd-scatter-canvas@2x_o_af4ccc6539.png" height="250" type="image/png" width="500"/>
      <gapImg identifier="GI-18457" matchMax="1">
        <object data="../images/dvd-best-fit1@2x_o_59301abaae.png" height="162" type="image/png" width="225"/>
      </gapImg>
      <gapImg identifier="GI-18458" matchMax="1">
        <object data="../images/dvd-best-fit2@2x_o_8a5fe6026c.png" height="162" type="image/png" width="225"/>
      </gapImg>
      <gapImg identifier="GI-18459" matchMax="1">
        <object data="../images/dvd-best-fit3@2x_o_84f167d1ad.png" height="162" type="image/png" width="225"/>
      </gapImg>
      <gapImg identifier="GI-18460" matchMax="1">
        <object data="../images/dvd-best-fit4@2x_o_8c74779b92.png" height="162" type="image/png" width="225"/>
      </gapImg>
      <associableHotspot coords="174,14,399,176" identifier="HS-18461" matchMax="1" shape="rect"/>
    </graphicGapMatchInteraction>
    <div class="stem stem_inline">
      <div class="stem_prompt">
        <p>Complete the sentence using a whole number.</p>
      </div>
      <p>Using the line of best fit, <textEntryInteraction responseIdentifier="RESPONSE1095"/>&#xA0;movie DVDs would be sold on a day when there were 5 new releases.</p>
    </div>
  </itemBody>
  <responseProcessing>
    <responseCondition>
      <responseIf>
        <match>
          <variable identifier="RESPONSE1094"/>
          <correct identifier="RESPONSE1094"/>
        </match>
        <setOutcomeValue identifier="SCORE1094">
          <baseValue baseType="float">1</baseValue>
        </setOutcomeValue>
      </responseIf>
      <responseElse>
        <setOutcomeValue identifier="SCORE1094">
          <baseValue baseType="float">0</baseValue>
        </setOutcomeValue>
      </responseElse>
    </responseCondition>
    <responseCondition>
      <responseIf>
        <match>
          <variable identifier="RESPONSE1095"/>
          <correct identifier="RESPONSE1095"/>
        </match>
        <setOutcomeValue identifier="SCORE1095">
          <baseValue baseType="float">1</baseValue>
        </setOutcomeValue>
      </responseIf>
      <responseElse>
        <setOutcomeValue identifier="SCORE1095">
          <baseValue baseType="float">0</baseValue>
        </setOutcomeValue>
      </responseElse>
    </responseCondition>
    <setOutcomeValue identifier="SCORE">
      <sum>
        <variable identifier="SCORE1094"/>
        <variable identifier="SCORE1095"/>
      </sum>
    </setOutcomeValue>
  </responseProcessing>
</assessmentItem>
