<?xml version="1.0"?>
<assessmentItem adaptive="false" identifier="ITEM-LOGIC-MP-435" timeDependent="false" title="Part A Based on the selection, Papa Audubon mostly wanted to" toolName="ItemLogic" toolVersion="2.0.0" xmlns="http://www.imsglobal.org/xsd/imsqti_v2p1" xmlns:m="http://www.w3.org/1998/Math/MathML" xmlns:xsi="http://www.w3.org/2001/XMLSchema-instance" xsi:schemaLocation="http://www.imsglobal.org/xsd/imsqti_v2p1  http://www.imsglobal.org/xsd/qti/qtiv2p1/imsqti_v2p1.xsd">
  <responseDeclaration baseType="identifier" cardinality="single" identifier="RESPONSE258">
    <correctResponse>
      <value>SC-5333</value>
    </correctResponse>
  </responseDeclaration>
  <responseDeclaration baseType="identifier" cardinality="multiple" identifier="RESPONSE259">
    <correctResponse>
      <value>HT-5359</value>
    </correctResponse>
  </responseDeclaration>
  <outcomeDeclaration baseType="float" cardinality="single" identifier="SCORE258">
    <defaultValue>
      <value>0</value>
    </defaultValue>
  </outcomeDeclaration>
  <outcomeDeclaration baseType="float" cardinality="single" identifier="SCORE259">
    <defaultValue>
      <value>0</value>
    </defaultValue>
  </outcomeDeclaration>
  <outcomeDeclaration baseType="float" cardinality="single" identifier="SCORE">
    <defaultValue>
      <value>0</value>
    </defaultValue>
  </outcomeDeclaration>
  <stylesheet href="../styles/bundled.css" type="text/css"/>
  <stylesheet href="../styles/inline.css" type="text/css"/>
  <itemBody>
    <rubricBlock use="context" view="candidate author proctor scorer testConstructor tutor">
      <div>
        <object data="../passages/RSC-LOGIC-MP-979.html" type="text/html"/>
      </div>
    </rubricBlock>
    <choiceInteraction maxChoices="1" responseIdentifier="RESPONSE258" shuffle="false">
      <prompt>Part A<br/> Based on the selection, Papa Audubon mostly wanted to<br/></prompt>
      <simpleChoice fixed="true" identifier="SC-5331">
        <p>isolate John James.</p>
      </simpleChoice>
      <simpleChoice fixed="true" identifier="SC-5332">
        <p>motivate John James.</p>
      </simpleChoice>
      <simpleChoice fixed="true" identifier="SC-5333">
        <p>protect John James.</p>
      </simpleChoice>
      <simpleChoice fixed="true" identifier="SC-5334">
        <p>control John James.</p>
      </simpleChoice>
    </choiceInteraction>
    <hottextInteraction maxChoices="0" responseIdentifier="RESPONSE259">
      <prompt>Part B<br/> Select the detail from the selection that best supports the answer in Part A.<br/></prompt>
      <p class="style-5e403a038863513e67891d0531e6ce85">     But now John James was eighteen years old and he walked through the Pennsylvania woods alone, <hottext identifier="HT-5356">his father four thousand miles away.</hottext> Only six months before, his father had put him on a ship. The ship carried John James to America, where<hottext identifier="HT-5357">he was to live in a farmhouse on the banks of a creek.</hottext> His father had <hottext identifier="HT-5358">sent him there to learn English, to learn commerce, to learn how to make money in America.</hottext> But mostly he had sent away his only son <hottext identifier="HT-5359">so that John James would not have to fight in Napoleon&#x2019;s war.</hottext> John James <hottext identifier="HT-5360">wondered if he would ever see his father again.</hottext></p>
    </hottextInteraction>
  </itemBody>
  <responseProcessing>
    <responseCondition>
      <responseIf>
        <match>
          <variable identifier="RESPONSE258"/>
          <correct identifier="RESPONSE258"/>
        </match>
        <setOutcomeValue identifier="SCORE258">
          <baseValue baseType="float">1</baseValue>
        </setOutcomeValue>
      </responseIf>
      <responseElse>
        <setOutcomeValue identifier="SCORE258">
          <baseValue baseType="float">0</baseValue>
        </setOutcomeValue>
      </responseElse>
    </responseCondition>
    <responseCondition>
      <responseIf>
        <match>
          <variable identifier="RESPONSE259"/>
          <correct identifier="RESPONSE259"/>
        </match>
        <setOutcomeValue identifier="SCORE259">
          <baseValue baseType="float">1</baseValue>
        </setOutcomeValue>
      </responseIf>
      <responseElse>
        <setOutcomeValue identifier="SCORE259">
          <baseValue baseType="float">0</baseValue>
        </setOutcomeValue>
      </responseElse>
    </responseCondition>
    <setOutcomeValue identifier="SCORE">
      <sum>
        <variable identifier="SCORE258"/>
        <variable identifier="SCORE259"/>
      </sum>
    </setOutcomeValue>
  </responseProcessing>
</assessmentItem>
