<?xml version="1.0"?>
<assessmentItem adaptive="false" identifier="ITEM-LOGIC-MP-500" timeDependent="false" title="Order these numbers from least to greatest." toolName="ItemLogic" toolVersion="2.0.0" xmlns="http://www.imsglobal.org/xsd/imsqti_v2p1" xmlns:m="http://www.w3.org/1998/Math/MathML" xmlns:xsi="http://www.w3.org/2001/XMLSchema-instance" xsi:schemaLocation="http://www.imsglobal.org/xsd/imsqti_v2p1  http://www.imsglobal.org/xsd/qti/qtiv2p1/imsqti_v2p1.xsd">
  <responseDeclaration baseType="identifier" cardinality="ordered" identifier="RESPONSE363">
    <correctResponse>
      <value>SC-6281</value>
      <value>SC-6282</value>
      <value>SC-6283</value>
      <value>SC-6280</value>
    </correctResponse>
  </responseDeclaration>
  <outcomeDeclaration baseType="float" cardinality="single" identifier="SCORE363">
    <defaultValue>
      <value>0</value>
    </defaultValue>
  </outcomeDeclaration>
  <outcomeDeclaration baseType="float" cardinality="single" identifier="SCORE">
    <defaultValue>
      <value>0</value>
    </defaultValue>
  </outcomeDeclaration>
  <stylesheet href="../styles/bundled.css" type="text/css"/>
  <stylesheet href="../styles/inline.css" type="text/css"/>
  <itemBody>
    <orderInteraction orientation="vertical" responseIdentifier="RESPONSE363" shuffle="false" xmlns:default="http://www.w3.org/1998/Math/MathML">
      <prompt>Order these numbers from least to greatest.<br/></prompt>
      <simpleChoice identifier="SC-6280" xmlns:default="http://www.w3.org/1998/Math/MathML">
        <m:math xmlns="http://www.w3.org/1998/Math/MathML">   <m:mn>6.5</m:mn>   <m:mo>&#xD7;<!-- Ã— --></m:mo>   <m:msup>     <m:mn>10</m:mn>     <m:mrow class="MJX-TeXAtom-ORD">       <m:mn>12</m:mn>     </m:mrow>   </m:msup> </m:math>
      </simpleChoice>
      <simpleChoice identifier="SC-6281">
        <p>0.00000095</p>
      </simpleChoice>
      <simpleChoice identifier="SC-6282" xmlns:default="http://www.w3.org/1998/Math/MathML">
        <p xmlns:default="http://www.w3.org/1998/Math/MathML">
          <m:math xmlns="http://www.w3.org/1998/Math/MathML">   <m:mn>9.2</m:mn>   <m:mo>&#xD7;<!-- Ã— --></m:mo>   <m:msup>     <m:mn>10</m:mn>     <m:mrow class="MJX-TeXAtom-ORD">       <m:mo>&#x2212;<!-- âˆ’ --></m:mo>       <m:mn>5</m:mn>     </m:mrow>   </m:msup> </m:math>
        </p>
      </simpleChoice>
      <simpleChoice identifier="SC-6283">
        <p>75,000,000,000</p>
      </simpleChoice>
    </orderInteraction>
  </itemBody>
  <responseProcessing>
    <responseCondition>
      <responseIf>
        <match>
          <variable identifier="RESPONSE363"/>
          <correct identifier="RESPONSE363"/>
        </match>
        <setOutcomeValue identifier="SCORE363">
          <baseValue baseType="float">1</baseValue>
        </setOutcomeValue>
      </responseIf>
      <responseElse>
        <setOutcomeValue identifier="SCORE363">
          <baseValue baseType="float">0</baseValue>
        </setOutcomeValue>
      </responseElse>
    </responseCondition>
    <setOutcomeValue identifier="SCORE">
      <sum>
        <variable identifier="SCORE363"/>
      </sum>
    </setOutcomeValue>
  </responseProcessing>
</assessmentItem>
