<?xml version="1.0"?>
<assessmentItem adaptive="false" identifier="ITEM-LOGIC-KS-797" timeDependent="false" title="Match each main idea with the detail that best supports it." toolName="ItemLogic" toolVersion="2.0.0" xmlns="http://www.imsglobal.org/xsd/imsqti_v2p1" xmlns:m="http://www.w3.org/1998/Math/MathML" xmlns:xsi="http://www.w3.org/2001/XMLSchema-instance" xsi:schemaLocation="http://www.imsglobal.org/xsd/imsqti_v2p1  http://www.imsglobal.org/xsd/qti/qtiv2p1/imsqti_v2p1.xsd">
  <responseDeclaration baseType="directedPair" cardinality="multiple" identifier="RESPONSE778">
    <correctResponse>
      <value>SAC-12682 SAC-12686</value>
      <value>SAC-12679 SAC-12683</value>
      <value>SAC-12680 SAC-12684</value>
      <value>SAC-12681 SAC-12685</value>
    </correctResponse>
    <mapping defaultValue="-0.50" lowerBound="0.00" upperBound="2.00">
      <mapEntry mapKey="SAC-12682 SAC-12686" mappedValue="0.50"/>
      <mapEntry mapKey="SAC-12679 SAC-12683" mappedValue="0.50"/>
      <mapEntry mapKey="SAC-12680 SAC-12684" mappedValue="0.50"/>
      <mapEntry mapKey="SAC-12681 SAC-12685" mappedValue="0.50"/>
    </mapping>
  </responseDeclaration>
  <outcomeDeclaration baseType="float" cardinality="single" identifier="SCORE778">
    <defaultValue>
      <value>0</value>
    </defaultValue>
  </outcomeDeclaration>
  <outcomeDeclaration baseType="float" cardinality="single" identifier="SCORE">
    <defaultValue>
      <value>0</value>
    </defaultValue>
  </outcomeDeclaration>
  <stylesheet href="../styles/bundled.css" type="text/css"/>
  <stylesheet href="../styles/inline.css" type="text/css"/>
  <itemBody>
    <rubricBlock use="context" view="candidate author proctor scorer testConstructor tutor">
      <div>
        <object data="../passages/RSC-LOGIC-KS-2172.html" type="text/html"/>
      </div>
    </rubricBlock>
    <rubricBlock use="stimulus" view="candidate author proctor scorer testConstructor tutor">
      <div>
        <p>Each paragraph in <em>April Fools</em> has a main topic and details.</p>
      </div>
    </rubricBlock>
    <matchInteraction maxAssociations="4" responseIdentifier="RESPONSE778" shuffle="false">
      <prompt>Match each main idea with the detail that best supports it.<br/></prompt>
      <simpleMatchSet>
        <simpleAssociableChoice identifier="SAC-12682" matchMax="1">
          <p>Jokes can be fun for everyone.</p>
        </simpleAssociableChoice>
        <simpleAssociableChoice identifier="SAC-12679" matchMax="1">
          <p>Thomas Edison played an April Fools&#x2019; prank.</p>
        </simpleAssociableChoice>
        <simpleAssociableChoice identifier="SAC-12680" matchMax="1">
          <p>There was a funny TV prank in Britain.</p>
        </simpleAssociableChoice>
        <simpleAssociableChoice identifier="SAC-12681" matchMax="1">
          <p>A prank with onions and coffee was fun.</p>
        </simpleAssociableChoice>
      </simpleMatchSet>
      <simpleMatchSet>
        <simpleAssociableChoice identifier="SAC-12684" matchMax="1">
          <p>People wanted to grow pasta trees.</p>
        </simpleAssociableChoice>
        <simpleAssociableChoice identifier="SAC-12686" matchMax="1">
          <p>They should be funny or silly.</p>
        </simpleAssociableChoice>
        <simpleAssociableChoice identifier="SAC-12685" matchMax="1">
          <p>People said they could smell the food on TV.</p>
        </simpleAssociableChoice>
        <simpleAssociableChoice identifier="SAC-12683" matchMax="1">
          <p>People believed that a machine could turn dirt into food.</p>
        </simpleAssociableChoice>
      </simpleMatchSet>
    </matchInteraction>
  </itemBody>
  <responseProcessing>
    <responseCondition>
      <responseIf>
        <isNull>
          <variable identifier="RESPONSE778"/>
        </isNull>
        <setOutcomeValue identifier="SCORE778">
          <baseValue baseType="float">0.0</baseValue>
        </setOutcomeValue>
      </responseIf>
      <responseElse>
        <setOutcomeValue identifier="SCORE778">
          <mapResponse identifier="RESPONSE778"/>
        </setOutcomeValue>
      </responseElse>
    </responseCondition>
    <setOutcomeValue identifier="SCORE">
      <sum>
        <variable identifier="SCORE778"/>
      </sum>
    </setOutcomeValue>
  </responseProcessing>
</assessmentItem>
