<?xml version="1.0"?>
<assessmentItem adaptive="false" identifier="ITEM-LOGIC-MP-378" timeDependent="false" title="Complete the chart with a detail for each selection that helps to develop the authors&#x2019; positions a" toolName="ItemLogic" toolVersion="2.0.0" xmlns="http://www.imsglobal.org/xsd/imsqti_v2p1" xmlns:m="http://www.w3.org/1998/Math/MathML" xmlns:xsi="http://www.w3.org/2001/XMLSchema-instance" xsi:schemaLocation="http://www.imsglobal.org/xsd/imsqti_v2p1  http://www.imsglobal.org/xsd/qti/qtiv2p1/imsqti_v2p1.xsd">
  <responseDeclaration baseType="directedPair" cardinality="multiple" identifier="RESPONSE159">
    <correctResponse>
      <value>GI-6014 HS-6019</value>
      <value>GI-6016 HS-6020</value>
    </correctResponse>
  </responseDeclaration>
  <outcomeDeclaration baseType="float" cardinality="single" identifier="SCORE159">
    <defaultValue>
      <value>0</value>
    </defaultValue>
  </outcomeDeclaration>
  <outcomeDeclaration baseType="float" cardinality="single" identifier="SCORE">
    <defaultValue>
      <value>0</value>
    </defaultValue>
  </outcomeDeclaration>
  <stylesheet href="../styles/bundled.css" type="text/css"/>
  <stylesheet href="../styles/inline.css" type="text/css"/>
  <itemBody>
    <rubricBlock use="context" view="candidate author proctor scorer testConstructor tutor">
      <div>
        <object data="../passages/RSC-LOGIC-MP-968.html" type="text/html"/>
      </div>
      <div>
        <object data="../passages/RSC-LOGIC-MP-969.html" type="text/html"/>
      </div>
    </rubricBlock>
    <graphicGapMatchInteraction responseIdentifier="RESPONSE159">
      <prompt>Complete the chart with a detail for each selection that helps to develop the authors&#x2019; positions about the decline of wild rice.<br/></prompt>
      <object data="../images/MIGKRI378_Wild_Rice_stem_01_o_95423f4c68.png" height="179" type="image/png" width="480"/>
      <gapImg identifier="GI-6013" matchMax="1">
        <object data="../images/MIGKRI378_Wild_Rice_opt_A01_o_d43bb76fe9.png" height="85" type="image/png" width="229"/>
      </gapImg>
      <gapImg identifier="GI-6014" matchMax="1">
        <object data="../images/MIGKRI378_Wild_Rice_opt_B01_o_7542850584.png" height="85" type="image/png" width="229"/>
      </gapImg>
      <gapImg identifier="GI-6015" matchMax="1">
        <object data="../images/MIGKRI378_Wild_Rice_opt_C01_o_ec0e38d1d7.png" height="85" type="image/png" width="229"/>
      </gapImg>
      <gapImg identifier="GI-6016" matchMax="1">
        <object data="../images/MIGKRI378_Wild_Rice_opt_D01_o_79cf48acb5.png" height="85" type="image/png" width="228"/>
      </gapImg>
      <gapImg identifier="GI-6017" matchMax="1">
        <object data="../images/MIGKRI378_Wild_Rice_opt_E01_o_2408d54818.png" height="85" type="image/png" width="228"/>
      </gapImg>
      <gapImg identifier="GI-6018" matchMax="1">
        <object data="../images/MIGKRI378_Wild_Rice_opt_F01_o_5c460c8116.png" height="85" type="image/png" width="228"/>
      </gapImg>
      <associableHotspot coords="7,88,236,173" identifier="HS-6019" matchMax="1" shape="rect"/>
      <associableHotspot coords="245,88,474,173" identifier="HS-6020" matchMax="1" shape="rect"/>
    </graphicGapMatchInteraction>
  </itemBody>
  <responseProcessing>
    <responseCondition>
      <responseIf>
        <match>
          <variable identifier="RESPONSE159"/>
          <correct identifier="RESPONSE159"/>
        </match>
        <setOutcomeValue identifier="SCORE159">
          <baseValue baseType="float">1</baseValue>
        </setOutcomeValue>
      </responseIf>
      <responseElse>
        <setOutcomeValue identifier="SCORE159">
          <baseValue baseType="float">0</baseValue>
        </setOutcomeValue>
      </responseElse>
    </responseCondition>
    <setOutcomeValue identifier="SCORE">
      <sum>
        <variable identifier="SCORE159"/>
      </sum>
    </setOutcomeValue>
  </responseProcessing>
</assessmentItem>
