<?xml version="1.0"?>
<assessmentItem adaptive="false" identifier="ITEM-LOGIC-MP-231" timeDependent="false" title="Which paragraph from &quot;What Are Faces For?&quot; describes the scientific term for what the robots are imi" toolName="ItemLogic" toolVersion="2.0.0" xmlns="http://www.imsglobal.org/xsd/imsqti_v2p1" xmlns:m="http://www.w3.org/1998/Math/MathML" xmlns:xsi="http://www.w3.org/2001/XMLSchema-instance" xsi:schemaLocation="http://www.imsglobal.org/xsd/imsqti_v2p1  http://www.imsglobal.org/xsd/qti/qtiv2p1/imsqti_v2p1.xsd">
  <responseDeclaration baseType="identifier" cardinality="single" identifier="RESPONSE68">
    <correctResponse>
      <value>IC-2377</value>
    </correctResponse>
  </responseDeclaration>
  <outcomeDeclaration baseType="float" cardinality="single" identifier="SCORE68">
    <defaultValue>
      <value>0</value>
    </defaultValue>
  </outcomeDeclaration>
  <outcomeDeclaration baseType="float" cardinality="single" identifier="SCORE">
    <defaultValue>
      <value>0</value>
    </defaultValue>
  </outcomeDeclaration>
  <stylesheet href="../styles/bundled.css" type="text/css"/>
  <stylesheet href="../styles/inline.css" type="text/css"/>
  <itemBody>
    <rubricBlock use="context" view="candidate author proctor scorer testConstructor tutor">
      <div>
        <object data="../passages/RSC-LOGIC-MP-463.html" type="text/html"/>
      </div>
      <div>
        <object data="../passages/RSC-LOGIC-MP-465.html" type="text/html"/>
      </div>
    </rubricBlock>
    <rubricBlock use="stimulus" view="candidate author proctor scorer testConstructor tutor">
      <div><p>Reread paragraph 5 of "Should Robots Have Faces?"</p> <p class="style-a1ff421652ad76b3871ff08b8ee5f387"><strong>5</strong>   Hanson&#x2019;s robots are also programmed to respond to expressions. Pretend one of his robots is looking at you. The robot&#x2019;s eyes contain cameras, which send images of your face to the robot&#x2019;s central computer. The computer analyzes the pictures to see what your face is expressing. If the robot sees your mouth curving up, it might guess that you are happy. If it spots a crease in your forehead, that might mean you&#x2019;re angry. Once the robot has analyzed your expression, it is programmed to respond with facial features that convey similar emotions.</p></div>
    </rubricBlock>
    <div class="stem stem_inline">
      <div class="stem_prompt">
        <p>Which paragraph from "What Are Faces For?" describes the scientific term for what the robots are imitating?</p>
      </div>
      <p>
        <inlineChoiceInteraction responseIdentifier="RESPONSE68" shuffle="false">
          <inlineChoice identifier="IC-4593">2</inlineChoice>
          <inlineChoice identifier="IC-2377">3</inlineChoice>
          <inlineChoice identifier="IC-4594">4</inlineChoice>
        </inlineChoiceInteraction>
      </p>
    </div>
  </itemBody>
  <responseProcessing>
    <responseCondition>
      <responseIf>
        <match>
          <variable identifier="RESPONSE68"/>
          <correct identifier="RESPONSE68"/>
        </match>
        <setOutcomeValue identifier="SCORE68">
          <baseValue baseType="float">1</baseValue>
        </setOutcomeValue>
      </responseIf>
      <responseElse>
        <setOutcomeValue identifier="SCORE68">
          <baseValue baseType="float">0</baseValue>
        </setOutcomeValue>
      </responseElse>
    </responseCondition>
    <setOutcomeValue identifier="SCORE">
      <sum>
        <variable identifier="SCORE68"/>
      </sum>
    </setOutcomeValue>
  </responseProcessing>
</assessmentItem>
