<?xml version="1.0"?>
<assessmentItem adaptive="false" identifier="ITEM-LOGIC-KS-758" timeDependent="false" title="Match each phrase to the character with that point of view during the train trip." toolName="ItemLogic" toolVersion="2.0.0" xmlns="http://www.imsglobal.org/xsd/imsqti_v2p1" xmlns:m="http://www.w3.org/1998/Math/MathML" xmlns:xsi="http://www.w3.org/2001/XMLSchema-instance" xsi:schemaLocation="http://www.imsglobal.org/xsd/imsqti_v2p1  http://www.imsglobal.org/xsd/qti/qtiv2p1/imsqti_v2p1.xsd">
  <responseDeclaration baseType="directedPair" cardinality="multiple" identifier="RESPONSE716">
    <correctResponse>
      <value>SAC-13436 SAC-13422</value>
      <value>SAC-13437 SAC-13424</value>
      <value>SAC-13438 SAC-13422</value>
      <value>SAC-13439 SAC-13424</value>
      <value>SAC-13440 SAC-13422</value>
      <value>SAC-13441 SAC-13424</value>
    </correctResponse>
    <mapping defaultValue="0.00" lowerBound="0.00" upperBound="3.00">
      <mapEntry mapKey="SAC-13436 SAC-13422" mappedValue="0.50"/>
      <mapEntry mapKey="SAC-13436 SAC-13424" mappedValue="0.00"/>
      <mapEntry mapKey="SAC-13437 SAC-13422" mappedValue="0.00"/>
      <mapEntry mapKey="SAC-13437 SAC-13424" mappedValue="0.50"/>
      <mapEntry mapKey="SAC-13438 SAC-13422" mappedValue="0.50"/>
      <mapEntry mapKey="SAC-13438 SAC-13424" mappedValue="0.00"/>
      <mapEntry mapKey="SAC-13439 SAC-13422" mappedValue="0.00"/>
      <mapEntry mapKey="SAC-13439 SAC-13424" mappedValue="0.50"/>
      <mapEntry mapKey="SAC-13440 SAC-13422" mappedValue="0.50"/>
      <mapEntry mapKey="SAC-13440 SAC-13424" mappedValue="0.00"/>
      <mapEntry mapKey="SAC-13441 SAC-13422" mappedValue="0.00"/>
      <mapEntry mapKey="SAC-13441 SAC-13424" mappedValue="0.50"/>
    </mapping>
  </responseDeclaration>
  <outcomeDeclaration baseType="float" cardinality="single" identifier="SCORE716">
    <defaultValue>
      <value>0</value>
    </defaultValue>
  </outcomeDeclaration>
  <outcomeDeclaration baseType="float" cardinality="single" identifier="SCORE">
    <defaultValue>
      <value>0</value>
    </defaultValue>
  </outcomeDeclaration>
  <stylesheet href="../styles/bundled.css" type="text/css"/>
  <stylesheet href="../styles/inline.css" type="text/css"/>
  <itemBody>
    <rubricBlock use="context" view="candidate author proctor scorer testConstructor tutor">
      <div>
        <object data="../passages/RSC-LOGIC-KS-2175.html" type="text/html"/>
      </div>
    </rubricBlock>
    <rubricBlock use="stimulus" view="candidate author proctor scorer testConstructor tutor">
      <div>
        <p>Annie and her mom had different points of view during the train trip.</p>
      </div>
    </rubricBlock>
    <matchInteraction class="table" maxAssociations="12" responseIdentifier="RESPONSE716" shuffle="false">
      <prompt>Match each phrase to the character with that point of view during the train trip.<br/></prompt>
      <simpleMatchSet>
        <simpleAssociableChoice identifier="SAC-13436" matchMax="1">
          <p>curious about the lady in the orange coat</p>
        </simpleAssociableChoice>
        <simpleAssociableChoice identifier="SAC-13437" matchMax="1">
          <p>wants to find seats on the train quickly</p>
        </simpleAssociableChoice>
        <simpleAssociableChoice identifier="SAC-13438" matchMax="1">
          <p>happy to find out about Oscar the cat</p>
        </simpleAssociableChoice>
        <simpleAssociableChoice identifier="SAC-13439" matchMax="1">
          <p>believes that it is important to be polite</p>
        </simpleAssociableChoice>
        <simpleAssociableChoice identifier="SAC-13440" matchMax="1">
          <p>believes that something wants her cheese</p>
        </simpleAssociableChoice>
        <simpleAssociableChoice identifier="SAC-13441" matchMax="1">
          <p>excited about the train beginning to move</p>
        </simpleAssociableChoice>
      </simpleMatchSet>
      <simpleMatchSet>
        <simpleAssociableChoice identifier="SAC-13422" matchMax="6">
          <p>
            <object data="../images/daughter@2x_3e036db126.png" height="100" type="image/png" width="100"/>
          </p>
        </simpleAssociableChoice>
        <simpleAssociableChoice identifier="SAC-13424" matchMax="6">
          <p>
            <object data="../images/mom@2x_f912e5e9db.png" height="100" type="image/png" width="100"/>
          </p>
        </simpleAssociableChoice>
      </simpleMatchSet>
    </matchInteraction>
  </itemBody>
  <responseProcessing>
    <responseCondition>
      <responseIf>
        <isNull>
          <variable identifier="RESPONSE716"/>
        </isNull>
        <setOutcomeValue identifier="SCORE716">
          <baseValue baseType="float">0.0</baseValue>
        </setOutcomeValue>
      </responseIf>
      <responseElse>
        <setOutcomeValue identifier="SCORE716">
          <mapResponse identifier="RESPONSE716"/>
        </setOutcomeValue>
      </responseElse>
    </responseCondition>
    <setOutcomeValue identifier="SCORE">
      <sum>
        <variable identifier="SCORE716"/>
      </sum>
    </setOutcomeValue>
  </responseProcessing>
</assessmentItem>
