<?xml version="1.0"?>
<assessmentItem adaptive="false" identifier="ITEM-LOGIC-KS-946" timeDependent="false" title="Click to show whether the number for each measurement is greater than the number of feet, 4, or less" toolName="ItemLogic" toolVersion="2.0.0" xmlns="http://www.imsglobal.org/xsd/imsqti_v2p1" xmlns:m="http://www.w3.org/1998/Math/MathML" xmlns:xsi="http://www.w3.org/2001/XMLSchema-instance" xsi:schemaLocation="http://www.imsglobal.org/xsd/imsqti_v2p1  http://www.imsglobal.org/xsd/qti/qtiv2p1/imsqti_v2p1.xsd">
  <responseDeclaration baseType="directedPair" cardinality="multiple" identifier="RESPONSE931">
    <correctResponse>
      <value>SAC-16485 SAC-16481</value>
      <value>SAC-16488 SAC-16481</value>
      <value>SAC-16491 SAC-16483</value>
    </correctResponse>
    <mapping defaultValue="0.00" lowerBound="0.00" upperBound="1.50">
      <mapEntry mapKey="SAC-16485 SAC-16481" mappedValue="0.50"/>
      <mapEntry mapKey="SAC-16485 SAC-16483" mappedValue="-0.50"/>
      <mapEntry mapKey="SAC-16488 SAC-16481" mappedValue="0.50"/>
      <mapEntry mapKey="SAC-16488 SAC-16483" mappedValue="-0.50"/>
      <mapEntry mapKey="SAC-16491 SAC-16481" mappedValue="-0.50"/>
      <mapEntry mapKey="SAC-16491 SAC-16483" mappedValue="0.50"/>
    </mapping>
  </responseDeclaration>
  <responseDeclaration baseType="identifier" cardinality="single" identifier="RESPONSE932">
    <correctResponse>
      <value>SC-16493</value>
    </correctResponse>
    <mapping defaultValue="-0.50" lowerBound="0.00" upperBound="0.50">
      <mapEntry mapKey="SC-16496" mappedValue="-0.50"/>
      <mapEntry mapKey="SC-16495" mappedValue="-0.50"/>
      <mapEntry mapKey="SC-16494" mappedValue="-0.50"/>
      <mapEntry mapKey="SC-16493" mappedValue="0.50"/>
    </mapping>
  </responseDeclaration>
  <outcomeDeclaration baseType="float" cardinality="single" identifier="SCORE931">
    <defaultValue>
      <value>0</value>
    </defaultValue>
  </outcomeDeclaration>
  <outcomeDeclaration baseType="float" cardinality="single" identifier="SCORE932">
    <defaultValue>
      <value>0</value>
    </defaultValue>
  </outcomeDeclaration>
  <outcomeDeclaration baseType="float" cardinality="single" identifier="SCORE">
    <defaultValue>
      <value>0</value>
    </defaultValue>
  </outcomeDeclaration>
  <stylesheet href="../styles/bundled.css" type="text/css"/>
  <stylesheet href="../styles/inline.css" type="text/css"/>
  <itemBody>
    <rubricBlock use="stimulus" view="candidate author proctor scorer testConstructor tutor">
      <div>
        <p>Diego measures his height in feet.</p>
        <p>
          <object data="../images/boy-growth-chart@2x_71d1c14b06.png" height="300" type="image/png" width="281"/>
        </p>
        <p>He also measures his height in inches, centimeters, and meters. He writes down the number for each measurement.</p>
      </div>
    </rubricBlock>
    <matchInteraction class="table" maxAssociations="6" responseIdentifier="RESPONSE931" shuffle="false">
      <prompt>Click to show whether the number for each measurement is greater than the number of feet, 4, or less than 4.<br/></prompt>
      <simpleMatchSet>
        <simpleAssociableChoice identifier="SAC-16485" matchMax="1">
          <p>Number of inches</p>
        </simpleAssociableChoice>
        <simpleAssociableChoice identifier="SAC-16488" matchMax="1">
          <p>Number of centimeters</p>
        </simpleAssociableChoice>
        <simpleAssociableChoice identifier="SAC-16491" matchMax="1">
          <p>Number of meters</p>
        </simpleAssociableChoice>
      </simpleMatchSet>
      <simpleMatchSet>
        <simpleAssociableChoice identifier="SAC-16481" matchMax="3">
          <p>Greater than 4</p>
        </simpleAssociableChoice>
        <simpleAssociableChoice identifier="SAC-16483" matchMax="3">
          <p>Less than 4</p>
        </simpleAssociableChoice>
      </simpleMatchSet>
    </matchInteraction>
    <choiceInteraction maxChoices="1" responseIdentifier="RESPONSE932" shuffle="false">
      <prompt>Sally's height, in inches, is 50. Which statement is true?<br/></prompt>
      <simpleChoice fixed="true" identifier="SC-16496">
        <p>Sally's height, in meters, is equal to 50.</p>
      </simpleChoice>
      <simpleChoice fixed="true" identifier="SC-16495">
        <p>Sally's height, in meters, is greater than 50.</p>
      </simpleChoice>
      <simpleChoice fixed="true" identifier="SC-16494">
        <p>Sally's height, in centimeters, is less than 50.</p>
      </simpleChoice>
      <simpleChoice fixed="true" identifier="SC-16493">
        <p>Sally's height, in centimeters, is greater than 50.</p>
      </simpleChoice>
    </choiceInteraction>
  </itemBody>
  <responseProcessing>
    <responseCondition>
      <responseIf>
        <isNull>
          <variable identifier="RESPONSE931"/>
        </isNull>
        <setOutcomeValue identifier="SCORE931">
          <baseValue baseType="float">0.0</baseValue>
        </setOutcomeValue>
      </responseIf>
      <responseElse>
        <setOutcomeValue identifier="SCORE931">
          <mapResponse identifier="RESPONSE931"/>
        </setOutcomeValue>
      </responseElse>
    </responseCondition>
    <responseCondition>
      <responseIf>
        <isNull>
          <variable identifier="RESPONSE932"/>
        </isNull>
        <setOutcomeValue identifier="SCORE932">
          <baseValue baseType="float">0.0</baseValue>
        </setOutcomeValue>
      </responseIf>
      <responseElse>
        <setOutcomeValue identifier="SCORE932">
          <mapResponse identifier="RESPONSE932"/>
        </setOutcomeValue>
      </responseElse>
    </responseCondition>
    <setOutcomeValue identifier="SCORE">
      <sum>
        <variable identifier="SCORE931"/>
        <variable identifier="SCORE932"/>
      </sum>
    </setOutcomeValue>
  </responseProcessing>
</assessmentItem>
