<?xml version="1.0"?>
<assessmentItem adaptive="false" identifier="ITEM-LOGIC-MP-660" timeDependent="false" title="Match each situation with the correct expression." toolName="ItemLogic" toolVersion="2.0.0" xmlns="http://www.imsglobal.org/xsd/imsqti_v2p1" xmlns:m="http://www.w3.org/1998/Math/MathML" xmlns:xsi="http://www.w3.org/2001/XMLSchema-instance" xsi:schemaLocation="http://www.imsglobal.org/xsd/imsqti_v2p1  http://www.imsglobal.org/xsd/qti/qtiv2p1/imsqti_v2p1.xsd">
  <responseDeclaration baseType="directedPair" cardinality="multiple" identifier="RESPONSE573">
    <correctResponse>
      <value>SAC-9144 SAC-9158</value>
      <value>SAC-9146 SAC-9159</value>
    </correctResponse>
    <mapping defaultValue="-1.00" lowerBound="0.00" upperBound="2.00">
      <mapEntry mapKey="SAC-9144 SAC-9158" mappedValue="1.00"/>
      <mapEntry mapKey="SAC-9146 SAC-9159" mappedValue="1.00"/>
    </mapping>
  </responseDeclaration>
  <outcomeDeclaration baseType="float" cardinality="single" identifier="SCORE573">
    <defaultValue>
      <value>0</value>
    </defaultValue>
  </outcomeDeclaration>
  <outcomeDeclaration baseType="float" cardinality="single" identifier="SCORE">
    <defaultValue>
      <value>0</value>
    </defaultValue>
  </outcomeDeclaration>
  <stylesheet href="../styles/bundled.css" type="text/css"/>
  <stylesheet href="../styles/inline.css" type="text/css"/>
  <itemBody>
    <rubricBlock use="stimulus" view="candidate author proctor scorer testConstructor tutor">
      <div>
        <p>Maria paid $19.95 for&#xA0;<em>n</em> pints of blueberries. She also bought 4 pints of strawberries for $3.99 per pint.</p>
      </div>
    </rubricBlock>
    <matchInteraction maxAssociations="2" responseIdentifier="RESPONSE573" shuffle="false">
      <prompt>Match each situation with the correct expression.<br/></prompt>
      <simpleMatchSet>
        <simpleAssociableChoice identifier="SAC-9144" matchMax="1">
          <p>the cost of 1 pint of blueberries</p>
        </simpleAssociableChoice>
        <simpleAssociableChoice identifier="SAC-9146" matchMax="1">
          <p>the total number of pints of blueberries plus the number of pints of strawberries Maria bought</p>
        </simpleAssociableChoice>
      </simpleMatchSet>
      <simpleMatchSet>
        <simpleAssociableChoice identifier="SAC-9160" matchMax="1">
          <p xmlns:default="http://www.w3.org/1998/Math/MathML">
            <m:math xmlns="http://www.w3.org/1998/Math/MathML">   <m:mn>19.95</m:mn>   <m:mi>n</m:mi> </m:math>
          </p>
        </simpleAssociableChoice>
        <simpleAssociableChoice identifier="SAC-9161" matchMax="1">
          <m:math xmlns="http://www.w3.org/1998/Math/MathML">   <m:mn>4</m:mn>   <m:mi>n</m:mi> </m:math>
        </simpleAssociableChoice>
        <simpleAssociableChoice identifier="SAC-9158" matchMax="1">
          <p xmlns:default="http://www.w3.org/1998/Math/MathML">
            <m:math xmlns="http://www.w3.org/1998/Math/MathML">   <m:mfrac>     <m:mn>19.95</m:mn>     <m:mi>n</m:mi>   </m:mfrac> </m:math>
          </p>
        </simpleAssociableChoice>
        <simpleAssociableChoice identifier="SAC-9159" matchMax="1">
          <p xmlns:default="http://www.w3.org/1998/Math/MathML">
            <m:math xmlns="http://www.w3.org/1998/Math/MathML">   <m:mi>n</m:mi>   <m:mo>+</m:mo>   <m:mn>4</m:mn> </m:math>
          </p>
        </simpleAssociableChoice>
        <simpleAssociableChoice identifier="SAC-9163" matchMax="1">
          <m:math xmlns="http://www.w3.org/1998/Math/MathML">   <m:mi>n</m:mi>   <m:mo>+</m:mo>   <m:mn>3.99</m:mn> </m:math>
        </simpleAssociableChoice>
      </simpleMatchSet>
    </matchInteraction>
  </itemBody>
  <responseProcessing>
    <responseCondition>
      <responseIf>
        <isNull>
          <variable identifier="RESPONSE573"/>
        </isNull>
        <setOutcomeValue identifier="SCORE573">
          <baseValue baseType="float">0.0</baseValue>
        </setOutcomeValue>
      </responseIf>
      <responseElse>
        <setOutcomeValue identifier="SCORE573">
          <mapResponse identifier="RESPONSE573"/>
        </setOutcomeValue>
      </responseElse>
    </responseCondition>
    <setOutcomeValue identifier="SCORE">
      <sum>
        <variable identifier="SCORE573"/>
      </sum>
    </setOutcomeValue>
  </responseProcessing>
</assessmentItem>
