<?xml version="1.0"?>
<assessmentItem adaptive="false" identifier="ITEM-LOGIC-KS-814" timeDependent="false" title="Click on the calculation Kami should complete first." toolName="ItemLogic" toolVersion="2.0.0" xmlns="http://www.imsglobal.org/xsd/imsqti_v2p1" xmlns:m="http://www.w3.org/1998/Math/MathML" xmlns:xsi="http://www.w3.org/2001/XMLSchema-instance" xsi:schemaLocation="http://www.imsglobal.org/xsd/imsqti_v2p1  http://www.imsglobal.org/xsd/qti/qtiv2p1/imsqti_v2p1.xsd">
  <responseDeclaration baseType="identifier" cardinality="multiple" identifier="RESPONSE804">
    <correctResponse>
      <value>HS-15554</value>
    </correctResponse>
  </responseDeclaration>
  <responseDeclaration baseType="identifier" cardinality="multiple" identifier="RESPONSE805">
    <correctResponse>
      <value>SC-13844</value>
      <value>SC-13846</value>
    </correctResponse>
    <mapping defaultValue="-0.50" lowerBound="0.00" upperBound="1.00">
      <mapEntry mapKey="SC-13845" mappedValue="-0.50"/>
      <mapEntry mapKey="SC-13844" mappedValue="0.50"/>
      <mapEntry mapKey="SC-13847" mappedValue="-0.50"/>
      <mapEntry mapKey="SC-16117" mappedValue="-0.50"/>
      <mapEntry mapKey="SC-13846" mappedValue="0.50"/>
    </mapping>
  </responseDeclaration>
  <outcomeDeclaration baseType="float" cardinality="single" identifier="SCORE804">
    <defaultValue>
      <value>0</value>
    </defaultValue>
  </outcomeDeclaration>
  <outcomeDeclaration baseType="float" cardinality="single" identifier="SCORE805">
    <defaultValue>
      <value>0</value>
    </defaultValue>
  </outcomeDeclaration>
  <outcomeDeclaration baseType="float" cardinality="single" identifier="SCORE">
    <defaultValue>
      <value>0</value>
    </defaultValue>
  </outcomeDeclaration>
  <stylesheet href="../styles/bundled.css" type="text/css"/>
  <stylesheet href="../styles/inline.css" type="text/css"/>
  <itemBody>
    <rubricBlock use="stimulus" view="candidate author proctor scorer testConstructor tutor">
      <div>
        <p>Kami is working on her math homework.</p>
      </div>
    </rubricBlock>
    <hotspotInteraction maxChoices="0" responseIdentifier="RESPONSE804">
      <prompt>Click on the calculation Kami should complete first.<br/></prompt>
      <object data="../images/worksheet-canvas@2x_o_5796f56e61.png" height="312" type="image/png" width="500"/>
      <hotspotChoice coords="36,190,146,225" identifier="HS-15551" shape="rect"/>
      <hotspotChoice coords="196,190,256,225" identifier="HS-15553" shape="rect"/>
      <hotspotChoice coords="290,190,350,225" identifier="HS-15554" shape="rect"/>
      <hotspotChoice coords="405,189,465,224" identifier="HS-15555" shape="rect"/>
    </hotspotInteraction>
    <choiceInteraction maxChoices="0" responseIdentifier="RESPONSE805" shuffle="false" xmlns:default="http://www.w3.org/1998/Math/MathML">
      <prompt>Kami needs to select all expressions that have a value of 12. Which of the following expressions should Kami select? Select all that apply.<br/></prompt>
      <simpleChoice fixed="true" identifier="SC-13845" xmlns:default="http://www.w3.org/1998/Math/MathML">
        <m:math xmlns="http://www.w3.org/1998/Math/MathML">   <m:mn>3</m:mn>   <m:mo>&#xD7;<!-- × --></m:mo>   <m:mo stretchy="false">(</m:mo>   <m:mn>3</m:mn>   <m:mo>+</m:mo>   <m:mn>3</m:mn>   <m:mo stretchy="false">)</m:mo> </m:math>
      </simpleChoice>
      <simpleChoice fixed="true" identifier="SC-13844" xmlns:default="http://www.w3.org/1998/Math/MathML">
        <m:math xmlns="http://www.w3.org/1998/Math/MathML">   <m:mn>2</m:mn>   <m:mo>+</m:mo>   <m:mn>40</m:mn>   <m:mo>&#xF7;<!-- ÷ --></m:mo>   <m:mn>4</m:mn> </m:math>
      </simpleChoice>
      <simpleChoice fixed="true" identifier="SC-13847" xmlns:default="http://www.w3.org/1998/Math/MathML">
        <m:math xmlns="http://www.w3.org/1998/Math/MathML">   <m:mn>4</m:mn>   <m:mo>&#xD7;<!-- × --></m:mo>   <m:mo stretchy="false">(</m:mo>   <m:mn>2</m:mn>   <m:mo>+</m:mo>   <m:mn>1</m:mn>   <m:mo stretchy="false">)</m:mo>   <m:mo>+</m:mo>   <m:mn>3</m:mn> </m:math>
      </simpleChoice>
      <simpleChoice fixed="true" identifier="SC-16117" xmlns:default="http://www.w3.org/1998/Math/MathML">
        <m:math xmlns="http://www.w3.org/1998/Math/MathML">   <m:mn>20</m:mn>   <m:mo>&#x2212;<!-- − --></m:mo>   <m:mrow>     <m:mo>(</m:mo>     <m:mn>5</m:mn>     <m:mo>&#xD7;<!-- × --></m:mo>     <m:mn>2</m:mn>     <m:mo>)</m:mo>   </m:mrow>   <m:mo>&#x2212;<!-- − --></m:mo>   <m:mn>2</m:mn> </m:math>
      </simpleChoice>
      <simpleChoice fixed="true" identifier="SC-13846" xmlns:default="http://www.w3.org/1998/Math/MathML">
        <m:math xmlns="http://www.w3.org/1998/Math/MathML">   <m:mo stretchy="false">(</m:mo>   <m:mn>50</m:mn>   <m:mo>&#x2212;<!-- − --></m:mo>   <m:mn>25</m:mn>   <m:mo stretchy="false">)</m:mo>   <m:mo>&#xF7;<!-- ÷ --></m:mo>   <m:mn>5</m:mn>   <m:mo>+</m:mo>   <m:mn>7</m:mn> </m:math>
      </simpleChoice>
    </choiceInteraction>
  </itemBody>
  <responseProcessing>
    <responseCondition>
      <responseIf>
        <match>
          <variable identifier="RESPONSE804"/>
          <correct identifier="RESPONSE804"/>
        </match>
        <setOutcomeValue identifier="SCORE804">
          <baseValue baseType="float">1</baseValue>
        </setOutcomeValue>
      </responseIf>
      <responseElse>
        <setOutcomeValue identifier="SCORE804">
          <baseValue baseType="float">0</baseValue>
        </setOutcomeValue>
      </responseElse>
    </responseCondition>
    <responseCondition>
      <responseIf>
        <isNull>
          <variable identifier="RESPONSE805"/>
        </isNull>
        <setOutcomeValue identifier="SCORE805">
          <baseValue baseType="float">0.0</baseValue>
        </setOutcomeValue>
      </responseIf>
      <responseElse>
        <setOutcomeValue identifier="SCORE805">
          <mapResponse identifier="RESPONSE805"/>
        </setOutcomeValue>
      </responseElse>
    </responseCondition>
    <setOutcomeValue identifier="SCORE">
      <sum>
        <variable identifier="SCORE804"/>
        <variable identifier="SCORE805"/>
      </sum>
    </setOutcomeValue>
  </responseProcessing>
</assessmentItem>
