<?xml version="1.0"?>
<assessmentItem adaptive="false" identifier="ITEM-LOGIC-MP-491" timeDependent="false" title="For each statement in Katie's table, choose true or false." toolName="ItemLogic" toolVersion="2.0.0" xmlns="http://www.imsglobal.org/xsd/imsqti_v2p1" xmlns:m="http://www.w3.org/1998/Math/MathML" xmlns:xsi="http://www.w3.org/2001/XMLSchema-instance" xsi:schemaLocation="http://www.imsglobal.org/xsd/imsqti_v2p1  http://www.imsglobal.org/xsd/qti/qtiv2p1/imsqti_v2p1.xsd">
  <responseDeclaration baseType="identifier" cardinality="multiple" identifier="RESPONSE349">
    <correctResponse>
      <value>HT-8809</value>
      <value>HT-8810</value>
      <value>HT-8813</value>
      <value>HT-8814</value>
    </correctResponse>
  </responseDeclaration>
  <outcomeDeclaration baseType="float" cardinality="single" identifier="SCORE349">
    <defaultValue>
      <value>0</value>
    </defaultValue>
  </outcomeDeclaration>
  <outcomeDeclaration baseType="float" cardinality="single" identifier="SCORE">
    <defaultValue>
      <value>0</value>
    </defaultValue>
  </outcomeDeclaration>
  <stylesheet href="../styles/bundled.css" type="text/css"/>
  <stylesheet href="../styles/inline.css" type="text/css"/>
  <itemBody>
    <rubricBlock use="stimulus" view="candidate author proctor scorer testConstructor tutor">
      <div>
        <p>Katie is estimating the size of irrational numbers and then comparing them to other numbers. She created this table to show her comparisons.</p>
      </div>
    </rubricBlock>
    <hottextInteraction maxChoices="4" responseIdentifier="RESPONSE349" xmlns:default="http://www.w3.org/1998/Math/MathML">
      <prompt>For each statement in Katie's table, choose true or false.<br/></prompt>
      <table class="style-a3f303f2f8a08e1dfaa5bdde04c0641d" xmlns:default="http://www.w3.org/1998/Math/MathML"> <tbody> <tr> <td class="style-25150780864b21cd93ec9cb82758edc1"><strong>Statement</strong></td> <td class="style-25150780864b21cd93ec9cb82758edc1"><strong>Answer</strong></td> </tr> <tr> <td class="style-25150780864b21cd93ec9cb82758edc1"><math xmlns="http://www.w3.org/1998/Math/MathML">   <msqrt>     <mn>2</mn>   </msqrt>   <mo>&gt;</mo>   <msqrt>     <mn>3</mn>   </msqrt> </math></td> <td class="style-25150780864b21cd93ec9cb82758edc1"> <hottext identifier="HT-8808">True</hottext>   <hottext identifier="HT-8809">False</hottext></td> </tr> <tr> <td class="style-25150780864b21cd93ec9cb82758edc1"> <math xmlns="http://www.w3.org/1998/Math/MathML">   <msqrt>     <mn>17</mn>   </msqrt> </math> rounded to the nearest whole number is 4.</td> <td class="style-25150780864b21cd93ec9cb82758edc1"> <hottext identifier="HT-8810">True</hottext>   <hottext identifier="HT-8811">False</hottext></td> </tr> <tr> <td class="style-25150780864b21cd93ec9cb82758edc1"><math xmlns="http://www.w3.org/1998/Math/MathML">   <msqrt>     <mn>3</mn>   </msqrt>   <mo>+</mo>   <msqrt>     <mn>4</mn>   </msqrt> </math>  is less than 2 and greater than 1.</td> <td class="style-25150780864b21cd93ec9cb82758edc1"> <hottext identifier="HT-8812">True</hottext>   <hottext identifier="HT-8813">False</hottext></td> </tr> <tr> <td class="style-25150780864b21cd93ec9cb82758edc1"> <math xmlns="http://www.w3.org/1998/Math/MathML">   <msqrt>     <mn>23</mn>   </msqrt> </math> is greater than 4.</td> <td class="style-25150780864b21cd93ec9cb82758edc1"> <hottext identifier="HT-8814">True</hottext>   <hottext identifier="HT-8815">False</hottext></td> </tr> </tbody> </table>
    </hottextInteraction>
  </itemBody>
  <responseProcessing>
    <responseCondition>
      <responseIf>
        <match>
          <variable identifier="RESPONSE349"/>
          <correct identifier="RESPONSE349"/>
        </match>
        <setOutcomeValue identifier="SCORE349">
          <baseValue baseType="float">1</baseValue>
        </setOutcomeValue>
      </responseIf>
      <responseElse>
        <setOutcomeValue identifier="SCORE349">
          <baseValue baseType="float">0</baseValue>
        </setOutcomeValue>
      </responseElse>
    </responseCondition>
    <setOutcomeValue identifier="SCORE">
      <sum>
        <variable identifier="SCORE349"/>
      </sum>
    </setOutcomeValue>
  </responseProcessing>
</assessmentItem>
