<?xml version="1.0"?>
<assessmentItem adaptive="false" identifier="ITEM-LOGIC-MP-511" timeDependent="false" title="Match the phrase from the selection with its most likely connotative meaning." toolName="ItemLogic" toolVersion="2.0.0" xmlns="http://www.imsglobal.org/xsd/imsqti_v2p1" xmlns:m="http://www.w3.org/1998/Math/MathML" xmlns:xsi="http://www.w3.org/2001/XMLSchema-instance" xsi:schemaLocation="http://www.imsglobal.org/xsd/imsqti_v2p1  http://www.imsglobal.org/xsd/qti/qtiv2p1/imsqti_v2p1.xsd">
  <responseDeclaration baseType="directedPair" cardinality="multiple" identifier="RESPONSE385">
    <correctResponse>
      <value>GI-6864 HS-7956</value>
      <value>GI-6859 HS-7957</value>
      <value>GI-6862 HS-7958</value>
      <value>GI-7955 HS-7959</value>
    </correctResponse>
  </responseDeclaration>
  <outcomeDeclaration baseType="float" cardinality="single" identifier="SCORE385">
    <defaultValue>
      <value>0</value>
    </defaultValue>
  </outcomeDeclaration>
  <outcomeDeclaration baseType="float" cardinality="single" identifier="SCORE">
    <defaultValue>
      <value>0</value>
    </defaultValue>
  </outcomeDeclaration>
  <stylesheet href="../styles/bundled.css" type="text/css"/>
  <stylesheet href="../styles/inline.css" type="text/css"/>
  <itemBody>
    <rubricBlock use="context" view="candidate author proctor scorer testConstructor tutor">
      <div>
        <object data="../passages/RSC-LOGIC-MP-975.html" type="text/html"/>
      </div>
    </rubricBlock>
    <graphicGapMatchInteraction responseIdentifier="RESPONSE385">
      <prompt>Match the phrase from the selection with its most likely connotative meaning.<br/></prompt>
      <object data="../images/ROGJOH511_The_Beach_stem_01_o_b2d0453922.png" height="382" type="image/png" width="497"/>
      <gapImg identifier="GI-6858" matchMax="1">
        <object data="../images/ROGJOH511_The_Beach_opt_A01_o_69ecbdf4bb.png" height="67" type="image/png" width="239"/>
      </gapImg>
      <gapImg identifier="GI-7955" matchMax="1">
        <object data="../images/ROGJOH511_The_Beach_opt_F01_o_fce036808a.png" height="66" type="image/png" width="239"/>
      </gapImg>
      <gapImg identifier="GI-6859" matchMax="1">
        <object data="../images/ROGJOH511_The_Beach_opt_B01_o_5ff4e17779.png" height="67" type="image/png" width="239"/>
      </gapImg>
      <gapImg identifier="GI-6860" matchMax="1">
        <object data="../images/ROGJOH511_The_Beach_opt_C01_o_205a1ac7b8.png" height="67" type="image/png" width="239"/>
      </gapImg>
      <gapImg identifier="GI-6861" matchMax="1">
        <object data="../images/ROGJOH511_The_Beach_opt_D01_o_94cf540077.png" height="67" type="image/png" width="239"/>
      </gapImg>
      <gapImg identifier="GI-6862" matchMax="1">
        <object data="../images/ROGJOH511_The_Beach_opt_E01_o_c790b64f15.png" height="67" type="image/png" width="240"/>
      </gapImg>
      <gapImg identifier="GI-6864" matchMax="1">
        <object data="../images/ROGJOH511_The_Beach_opt_G01_o_6e28109b0a.png" height="67" type="image/png" width="240"/>
      </gapImg>
      <associableHotspot coords="251,41,491,111" identifier="HS-7956" matchMax="1" shape="rect"/>
      <associableHotspot coords="251,127,491,197" identifier="HS-7957" matchMax="1" shape="rect"/>
      <associableHotspot coords="251,216,491,286" identifier="HS-7958" matchMax="1" shape="rect"/>
      <associableHotspot coords="251,301,491,371" identifier="HS-7959" matchMax="1" shape="rect"/>
    </graphicGapMatchInteraction>
  </itemBody>
  <responseProcessing>
    <responseCondition>
      <responseIf>
        <match>
          <variable identifier="RESPONSE385"/>
          <correct identifier="RESPONSE385"/>
        </match>
        <setOutcomeValue identifier="SCORE385">
          <baseValue baseType="float">1</baseValue>
        </setOutcomeValue>
      </responseIf>
      <responseElse>
        <setOutcomeValue identifier="SCORE385">
          <baseValue baseType="float">0</baseValue>
        </setOutcomeValue>
      </responseElse>
    </responseCondition>
    <setOutcomeValue identifier="SCORE">
      <sum>
        <variable identifier="SCORE385"/>
      </sum>
    </setOutcomeValue>
  </responseProcessing>
</assessmentItem>
