<?xml version="1.0"?>
<assessmentItem adaptive="false" identifier="ITEM-LOGIC-MP-680" timeDependent="false" title="Drag numbers to the boxes on the figure to show more of the dimensions." toolName="ItemLogic" toolVersion="2.0.0" xmlns="http://www.imsglobal.org/xsd/imsqti_v2p1" xmlns:m="http://www.w3.org/1998/Math/MathML" xmlns:xsi="http://www.w3.org/2001/XMLSchema-instance" xsi:schemaLocation="http://www.imsglobal.org/xsd/imsqti_v2p1  http://www.imsglobal.org/xsd/qti/qtiv2p1/imsqti_v2p1.xsd">
  <responseDeclaration baseType="directedPair" cardinality="multiple" identifier="RESPONSE609">
    <correctResponse>
      <value>GI-15545 HS-15549</value>
      <value>GI-15541 HS-15550</value>
    </correctResponse>
    <mapping defaultValue="0.00" lowerBound="0.00" upperBound="2.00">
      <mapEntry mapKey="GI-15545 HS-15549" mappedValue="1.00"/>
      <mapEntry mapKey="GI-15541 HS-15550" mappedValue="1.00"/>
    </mapping>
  </responseDeclaration>
  <outcomeDeclaration baseType="float" cardinality="single" identifier="SCORE609">
    <defaultValue>
      <value>0</value>
    </defaultValue>
  </outcomeDeclaration>
  <outcomeDeclaration baseType="float" cardinality="single" identifier="SCORE">
    <defaultValue>
      <value>0</value>
    </defaultValue>
  </outcomeDeclaration>
  <stylesheet href="../styles/bundled.css" type="text/css"/>
  <stylesheet href="../styles/inline.css" type="text/css"/>
  <itemBody>
    <rubricBlock use="stimulus" view="candidate author proctor scorer testConstructor tutor">
      <div>
        <p>Gina made this figure by gluing two right rectangular prisms together. Some of the dimensions are shown.</p>
        <p>The smaller prism has a volume of 150 cubic inches. The total volume of Gina&#x2019;s figure is 420 cubic inches.</p>
      </div>
    </rubricBlock>
    <graphicGapMatchInteraction responseIdentifier="RESPONSE609">
      <prompt>Drag numbers to the boxes on the figure to show more of the dimensions.<br/></prompt>
      <object data="../images/IGOMOL680_prism_stem_01_o_31737efdcc.png" height="274" type="image/png" width="469"/>
      <gapImg identifier="GI-15538" matchMax="1">
        <object data="../images/IGOMOL680_prism_opt_a01_o_f1036fca6a.png" height="31" type="image/png" width="31"/>
      </gapImg>
      <gapImg identifier="GI-15539" matchMax="1">
        <object data="../images/IGOMOL680_prism_opt_b01_o_e5deeac69a.png" height="31" type="image/png" width="31"/>
      </gapImg>
      <gapImg identifier="GI-15540" matchMax="1">
        <object data="../images/IGOMOL680_prism_opt_c01_o_91921d3157.png" height="31" type="image/png" width="31"/>
      </gapImg>
      <gapImg identifier="GI-15541" matchMax="1">
        <object data="../images/IGOMOL680_prism_opt_e01_o_2e814de6e2.png" height="31" type="image/png" width="31"/>
      </gapImg>
      <gapImg identifier="GI-15542" matchMax="1">
        <object data="../images/IGOMOL680_prism_opt_f01_o_d65c15cae7.png" height="31" type="image/png" width="31"/>
      </gapImg>
      <gapImg identifier="GI-15544" matchMax="1">
        <object data="../images/IGOMOL680_prism_opt_h01_o_071a740691.png" height="31" type="image/png" width="31"/>
      </gapImg>
      <gapImg identifier="GI-15545" matchMax="1">
        <object data="../images/IGOMOL680_prism_opt_i01_o_729820264d.png" height="31" type="image/png" width="31"/>
      </gapImg>
      <gapImg identifier="GI-15546" matchMax="1">
        <object data="../images/IGOMOL680_prism_opt_j01_o_759c7fa2d1.png" height="31" type="image/png" width="31"/>
      </gapImg>
      <associableHotspot coords="232,8,263,39" identifier="HS-15549" matchMax="1" shape="rect"/>
      <associableHotspot coords="410,208,441,239" identifier="HS-15550" matchMax="1" shape="rect"/>
    </graphicGapMatchInteraction>
  </itemBody>
  <responseProcessing>
    <responseCondition>
      <responseIf>
        <isNull>
          <variable identifier="RESPONSE609"/>
        </isNull>
        <setOutcomeValue identifier="SCORE609">
          <baseValue baseType="float">0.0</baseValue>
        </setOutcomeValue>
      </responseIf>
      <responseElse>
        <setOutcomeValue identifier="SCORE609">
          <mapResponse identifier="RESPONSE609"/>
        </setOutcomeValue>
      </responseElse>
    </responseCondition>
    <setOutcomeValue identifier="SCORE">
      <sum>
        <variable identifier="SCORE609"/>
      </sum>
    </setOutcomeValue>
  </responseProcessing>
</assessmentItem>
