<?xml version="1.0"?>
<assessmentItem adaptive="false" identifier="ITEM-LOGIC-KS-804" timeDependent="false" title="Click the numbers that are incorrect." toolName="ItemLogic" toolVersion="2.0.0" xmlns="http://www.imsglobal.org/xsd/imsqti_v2p1" xmlns:m="http://www.w3.org/1998/Math/MathML" xmlns:xsi="http://www.w3.org/2001/XMLSchema-instance" xsi:schemaLocation="http://www.imsglobal.org/xsd/imsqti_v2p1  http://www.imsglobal.org/xsd/qti/qtiv2p1/imsqti_v2p1.xsd">
  <responseDeclaration baseType="identifier" cardinality="multiple" identifier="RESPONSE791">
    <correctResponse>
      <value>HT-12757</value>
      <value>HT-12759</value>
    </correctResponse>
  </responseDeclaration>
  <responseDeclaration baseType="identifier" cardinality="single" identifier="RESPONSE793">
    <correctResponse>
      <value>SC-12768</value>
    </correctResponse>
  </responseDeclaration>
  <outcomeDeclaration baseType="float" cardinality="single" identifier="SCORE791">
    <defaultValue>
      <value>0</value>
    </defaultValue>
  </outcomeDeclaration>
  <outcomeDeclaration baseType="float" cardinality="single" identifier="SCORE793">
    <defaultValue>
      <value>0</value>
    </defaultValue>
  </outcomeDeclaration>
  <outcomeDeclaration baseType="float" cardinality="single" identifier="SCORE">
    <defaultValue>
      <value>0</value>
    </defaultValue>
  </outcomeDeclaration>
  <stylesheet href="../styles/bundled.css" type="text/css"/>
  <stylesheet href="../styles/inline.css" type="text/css"/>
  <itemBody>
    <rubricBlock use="stimulus" view="candidate author proctor scorer testConstructor tutor">
      <div>
        <p>Sal counted the number of chairs in some rooms at his school.</p>
        <ul> <li><span>The library has 90 chairs. </span></li> <li><span>Sal's classroom has 30 chairs. </span></li> <li><span>The principal's office has 5 chairs.</span></li> </ul>
        <p>
          <object data="../images/5-chairs@2x_ff0d7c3ecc.png" height="88" type="image/png" width="350"/>
        </p>
      </div>
    </rubricBlock>
    <hottextInteraction maxChoices="0" responseIdentifier="RESPONSE791">
      <prompt>Click the numbers that are incorrect.<br/></prompt>
      <p>Sal's classroom has <hottext identifier="HT-12757">25</hottext>times as many chairs as the principal's office. The library has <hottext identifier="HT-12758">3</hottext> times as many chairs as Sal's classroom. The library has <hottext identifier="HT-12759">18</hottext> more chairs than the principal's office. The library has <hottext identifier="HT-12760">60</hottext> more chairs than Sal's classroom.</p>
    </hottextInteraction>
    <choiceInteraction maxChoices="1" responseIdentifier="RESPONSE793" shuffle="false">
      <prompt>There are 2 times as many chairs in the cafeteria as there are in the library. How many chairs are in the cafeteria?<br/></prompt>
      <simpleChoice fixed="true" identifier="SC-12767">
        <p>45</p>
      </simpleChoice>
      <simpleChoice fixed="true" identifier="SC-12766">
        <p>92</p>
      </simpleChoice>
      <simpleChoice fixed="true" identifier="SC-12768">
        <p>180</p>
      </simpleChoice>
      <simpleChoice fixed="true" identifier="SC-12769">
        <p>900</p>
      </simpleChoice>
    </choiceInteraction>
  </itemBody>
  <responseProcessing>
    <responseCondition>
      <responseIf>
        <match>
          <variable identifier="RESPONSE791"/>
          <correct identifier="RESPONSE791"/>
        </match>
        <setOutcomeValue identifier="SCORE791">
          <baseValue baseType="float">1</baseValue>
        </setOutcomeValue>
      </responseIf>
      <responseElse>
        <setOutcomeValue identifier="SCORE791">
          <baseValue baseType="float">0</baseValue>
        </setOutcomeValue>
      </responseElse>
    </responseCondition>
    <responseCondition>
      <responseIf>
        <match>
          <variable identifier="RESPONSE793"/>
          <correct identifier="RESPONSE793"/>
        </match>
        <setOutcomeValue identifier="SCORE793">
          <baseValue baseType="float">1</baseValue>
        </setOutcomeValue>
      </responseIf>
      <responseElse>
        <setOutcomeValue identifier="SCORE793">
          <baseValue baseType="float">0</baseValue>
        </setOutcomeValue>
      </responseElse>
    </responseCondition>
    <setOutcomeValue identifier="SCORE">
      <sum>
        <variable identifier="SCORE791"/>
        <variable identifier="SCORE793"/>
      </sum>
    </setOutcomeValue>
  </responseProcessing>
</assessmentItem>
