<?xml version="1.0"?>
<assessmentItem adaptive="false" identifier="ITEM-LOGIC-MP-593" timeDependent="false" title="Place the events from &quot;The First Adventure&quot;&#xA0;in order to create an accurate summary." toolName="ItemLogic" toolVersion="2.0.0" xmlns="http://www.imsglobal.org/xsd/imsqti_v2p1" xmlns:m="http://www.w3.org/1998/Math/MathML" xmlns:xsi="http://www.w3.org/2001/XMLSchema-instance" xsi:schemaLocation="http://www.imsglobal.org/xsd/imsqti_v2p1  http://www.imsglobal.org/xsd/qti/qtiv2p1/imsqti_v2p1.xsd">
  <responseDeclaration baseType="identifier" cardinality="ordered" identifier="RESPONSE498">
    <correctResponse>
      <value>SC-10005</value>
      <value>SC-10000</value>
      <value>SC-10004</value>
      <value>SC-10003</value>
      <value>SC-10002</value>
      <value>SC-10001</value>
      <value>SC-9999</value>
    </correctResponse>
  </responseDeclaration>
  <outcomeDeclaration baseType="float" cardinality="single" identifier="SCORE498">
    <defaultValue>
      <value>0</value>
    </defaultValue>
  </outcomeDeclaration>
  <outcomeDeclaration baseType="float" cardinality="single" identifier="SCORE">
    <defaultValue>
      <value>0</value>
    </defaultValue>
  </outcomeDeclaration>
  <stylesheet href="../styles/bundled.css" type="text/css"/>
  <stylesheet href="../styles/inline.css" type="text/css"/>
  <itemBody>
    <rubricBlock use="context" view="candidate author proctor scorer testConstructor tutor">
      <div>
        <object data="../passages/RSC-LOGIC-MP-1659.html" type="text/html"/>
      </div>
    </rubricBlock>
    <orderInteraction orientation="vertical" responseIdentifier="RESPONSE498" shuffle="false">
      <prompt>Place the events from "The First Adventure" in order to create an accurate summary.<br/></prompt>
      <simpleChoice identifier="SC-9999">
        <p>A knight holds an old nemesis responsible for a humiliating turn of events.</p>
      </simpleChoice>
      <simpleChoice identifier="SC-10000">
        <p>Two friends sneak away from their hometown for a life of adventure.</p>
      </simpleChoice>
      <simpleChoice identifier="SC-10001">
        <p>A squire questions the mental condition of the knight he is serving.</p>
      </simpleChoice>
      <simpleChoice identifier="SC-10002">
        <p>A squire urges a knight to reconsider a rash decision.</p>
      </simpleChoice>
      <simpleChoice identifier="SC-10003">
        <p>A hopeful knight observes his first opportunity for combat.</p>
      </simpleChoice>
      <simpleChoice identifier="SC-10004">
        <p>A knight predicts unprecedented success in acquiring wealth for his squire.</p>
      </simpleChoice>
      <simpleChoice identifier="SC-10005">
        <p>An aspiring knight is embarrassed by the animal his squire has chosen to ride.</p>
      </simpleChoice>
    </orderInteraction>
  </itemBody>
  <responseProcessing>
    <responseCondition>
      <responseIf>
        <match>
          <variable identifier="RESPONSE498"/>
          <correct identifier="RESPONSE498"/>
        </match>
        <setOutcomeValue identifier="SCORE498">
          <baseValue baseType="float">1</baseValue>
        </setOutcomeValue>
      </responseIf>
      <responseElse>
        <setOutcomeValue identifier="SCORE498">
          <baseValue baseType="float">0</baseValue>
        </setOutcomeValue>
      </responseElse>
    </responseCondition>
    <setOutcomeValue identifier="SCORE">
      <sum>
        <variable identifier="SCORE498"/>
      </sum>
    </setOutcomeValue>
  </responseProcessing>
</assessmentItem>
