<?xml version="1.0"?>
<assessmentItem adaptive="false" identifier="ITEM-LOGIC-KS-1008" timeDependent="false" title="Which equations can be solved to find ?, the number of tokens Sal won? Click &quot;Yes&quot; if the equation c" toolName="ItemLogic" toolVersion="2.0.0" xmlns="http://www.imsglobal.org/xsd/imsqti_v2p1" xmlns:m="http://www.w3.org/1998/Math/MathML" xmlns:xsi="http://www.w3.org/2001/XMLSchema-instance" xsi:schemaLocation="http://www.imsglobal.org/xsd/imsqti_v2p1  http://www.imsglobal.org/xsd/qti/qtiv2p1/imsqti_v2p1.xsd">
  <responseDeclaration baseType="directedPair" cardinality="multiple" identifier="RESPONSE1060">
    <correctResponse>
      <value>SAC-17882 SAC-17878</value>
      <value>SAC-17885 SAC-17880</value>
      <value>SAC-17888 SAC-17878</value>
      <value>SAC-17891 SAC-17880</value>
    </correctResponse>
    <mapping defaultValue="0.00" lowerBound="0.00" upperBound="1.00">
      <mapEntry mapKey="SAC-17882 SAC-17878" mappedValue="0.25"/>
      <mapEntry mapKey="SAC-17882 SAC-17880" mappedValue="0.00"/>
      <mapEntry mapKey="SAC-17885 SAC-17878" mappedValue="0.00"/>
      <mapEntry mapKey="SAC-17885 SAC-17880" mappedValue="0.25"/>
      <mapEntry mapKey="SAC-17888 SAC-17878" mappedValue="0.25"/>
      <mapEntry mapKey="SAC-17888 SAC-17880" mappedValue="0.00"/>
      <mapEntry mapKey="SAC-17891 SAC-17878" mappedValue="0.00"/>
      <mapEntry mapKey="SAC-17891 SAC-17880" mappedValue="0.25"/>
    </mapping>
  </responseDeclaration>
  <responseDeclaration baseType="identifier" cardinality="single" identifier="RESPONSE1061">
    <correctResponse>
      <value>SC-17893</value>
    </correctResponse>
  </responseDeclaration>
  <outcomeDeclaration baseType="float" cardinality="single" identifier="SCORE1060">
    <defaultValue>
      <value>0</value>
    </defaultValue>
  </outcomeDeclaration>
  <outcomeDeclaration baseType="float" cardinality="single" identifier="SCORE1061">
    <defaultValue>
      <value>0</value>
    </defaultValue>
  </outcomeDeclaration>
  <outcomeDeclaration baseType="float" cardinality="single" identifier="SCORE">
    <defaultValue>
      <value>0</value>
    </defaultValue>
  </outcomeDeclaration>
  <stylesheet href="../styles/bundled.css" type="text/css"/>
  <stylesheet href="../styles/inline.css" type="text/css"/>
  <itemBody>
    <rubricBlock use="stimulus" view="candidate author proctor scorer testConstructor tutor">
      <div>
        <p>Sal had 40 tokens to spend at the fair. He used 6 tokens to play a game. In the game, he won some more tokens. Now he has 51 tokens.</p>
      </div>
    </rubricBlock>
    <matchInteraction class="table" maxAssociations="8" responseIdentifier="RESPONSE1060" shuffle="false">
      <prompt>Which equations can be solved to find ?, the number of tokens Sal won? Click "Yes" if the equation can be solved to find the number. Click "No" if the equation cannot be solved to find the number.<br/></prompt>
      <simpleMatchSet>
        <simpleAssociableChoice identifier="SAC-17882" matchMax="1">
          <m:math xmlns="http://www.w3.org/1998/Math/MathML">   <m:mn>40</m:mn>   <m:mo>&#x2212;<!-- − --></m:mo>   <m:mn>6</m:mn>   <m:mo>+</m:mo>   <m:mo>?</m:mo>   <m:mo>=</m:mo>   <m:mn>51</m:mn> </m:math>
        </simpleAssociableChoice>
        <simpleAssociableChoice identifier="SAC-17885" matchMax="1">
          <p xmlns:default="http://www.w3.org/1998/Math/MathML">
            <m:math xmlns="http://www.w3.org/1998/Math/MathML">   <m:mo>?</m:mo>   <m:mo>=</m:mo>   <m:mn>51</m:mn>   <m:mo>&#x2212;<!-- − --></m:mo>   <m:mn>40</m:mn>   <m:mo>&#x2212;<!-- − --></m:mo>   <m:mn>6</m:mn> </m:math>
          </p>
        </simpleAssociableChoice>
        <simpleAssociableChoice identifier="SAC-17888" matchMax="1">
          <m:math xmlns="http://www.w3.org/1998/Math/MathML">   <m:mo>?</m:mo>   <m:mo>=</m:mo>   <m:mn>51</m:mn>   <m:mo>&#x2212;<!-- − --></m:mo>   <m:mn>40</m:mn>   <m:mo>+</m:mo>   <m:mn>6</m:mn> </m:math>
        </simpleAssociableChoice>
        <simpleAssociableChoice identifier="SAC-17891" matchMax="1">
          <m:math xmlns="http://www.w3.org/1998/Math/MathML">   <m:mn>40</m:mn>   <m:mo>+</m:mo>   <m:mn>6</m:mn>   <m:mo>&#x2212;<!-- − --></m:mo>   <m:mo>?</m:mo>   <m:mo>=</m:mo>   <m:mn>51</m:mn> </m:math>
        </simpleAssociableChoice>
      </simpleMatchSet>
      <simpleMatchSet>
        <simpleAssociableChoice identifier="SAC-17878" matchMax="4">
          <p>Yes</p>
        </simpleAssociableChoice>
        <simpleAssociableChoice identifier="SAC-17880" matchMax="4">
          <p>No</p>
        </simpleAssociableChoice>
      </simpleMatchSet>
    </matchInteraction>
    <choiceInteraction maxChoices="1" responseIdentifier="RESPONSE1061" shuffle="false">
      <prompt>How many tickets did Sal win?<br/></prompt>
      <simpleChoice fixed="true" identifier="SC-17895">
        <p>5</p>
      </simpleChoice>
      <simpleChoice fixed="true" identifier="SC-17899">
        <p>7</p>
      </simpleChoice>
      <simpleChoice fixed="true" identifier="SC-17897">
        <p>15</p>
      </simpleChoice>
      <simpleChoice fixed="true" identifier="SC-17893">
        <p>17</p>
      </simpleChoice>
    </choiceInteraction>
  </itemBody>
  <responseProcessing>
    <responseCondition>
      <responseIf>
        <isNull>
          <variable identifier="RESPONSE1060"/>
        </isNull>
        <setOutcomeValue identifier="SCORE1060">
          <baseValue baseType="float">0.0</baseValue>
        </setOutcomeValue>
      </responseIf>
      <responseElse>
        <setOutcomeValue identifier="SCORE1060">
          <mapResponse identifier="RESPONSE1060"/>
        </setOutcomeValue>
      </responseElse>
    </responseCondition>
    <responseCondition>
      <responseIf>
        <match>
          <variable identifier="RESPONSE1061"/>
          <correct identifier="RESPONSE1061"/>
        </match>
        <setOutcomeValue identifier="SCORE1061">
          <baseValue baseType="float">1</baseValue>
        </setOutcomeValue>
      </responseIf>
      <responseElse>
        <setOutcomeValue identifier="SCORE1061">
          <baseValue baseType="float">0</baseValue>
        </setOutcomeValue>
      </responseElse>
    </responseCondition>
    <setOutcomeValue identifier="SCORE">
      <sum>
        <variable identifier="SCORE1060"/>
        <variable identifier="SCORE1061"/>
      </sum>
    </setOutcomeValue>
  </responseProcessing>
</assessmentItem>
