<?xml version="1.0"?>
<assessmentItem adaptive="false" identifier="ITEM-LOGIC-MP-493" timeDependent="false" title="Select the part of this sentence that contains an error, or select No Error." toolName="ItemLogic" toolVersion="2.0.0" xmlns="http://www.imsglobal.org/xsd/imsqti_v2p1" xmlns:m="http://www.w3.org/1998/Math/MathML" xmlns:xsi="http://www.w3.org/2001/XMLSchema-instance" xsi:schemaLocation="http://www.imsglobal.org/xsd/imsqti_v2p1  http://www.imsglobal.org/xsd/qti/qtiv2p1/imsqti_v2p1.xsd">
  <responseDeclaration baseType="identifier" cardinality="multiple" identifier="RESPONSE352">
    <correctResponse>
      <value>HT-14864</value>
      <value>HT-14867</value>
    </correctResponse>
  </responseDeclaration>
  <outcomeDeclaration baseType="float" cardinality="single" identifier="SCORE352">
    <defaultValue>
      <value>0</value>
    </defaultValue>
  </outcomeDeclaration>
  <outcomeDeclaration baseType="float" cardinality="single" identifier="SCORE">
    <defaultValue>
      <value>0</value>
    </defaultValue>
  </outcomeDeclaration>
  <stylesheet href="../styles/bundled.css" type="text/css"/>
  <stylesheet href="../styles/inline.css" type="text/css"/>
  <itemBody>
    <rubricBlock use="stimulus" view="candidate author proctor scorer testConstructor tutor">
      <div>
        <p>Look at this rectangle.</p>
        <p>
          <object data="../images/FROERI493_Rectangle_e71a7472d4.png" height="185" type="image/png" width="314"/>
        </p>
      </div>
    </rubricBlock>
    <hottextInteraction maxChoices="1" responseIdentifier="RESPONSE352">
      <prompt>Select the part or parts of this sentence that contains an error, or select No Error.<br/></prompt>
      <p>The area of the rectangle is <hottext identifier="HT-14864">rational</hottext> and the perimeter of the rectangle is <hottext identifier="HT-14865">irrational</hottext>. The sum and the product of two rational numbers are both <hottext identifier="HT-14866">rational</hottext> while the sum and the product of a rational number and an irrational number are both <hottext identifier="HT-14867">rational</hottext>. <hottext identifier="HT-14868">No error</hottext><em>.</em></p>
    </hottextInteraction>
  </itemBody>
  <responseProcessing>
    <responseCondition>
      <responseIf>
        <match>
          <variable identifier="RESPONSE352"/>
          <correct identifier="RESPONSE352"/>
        </match>
        <setOutcomeValue identifier="SCORE352">
          <baseValue baseType="float">1</baseValue>
        </setOutcomeValue>
      </responseIf>
      <responseElse>
        <setOutcomeValue identifier="SCORE352">
          <baseValue baseType="float">0</baseValue>
        </setOutcomeValue>
      </responseElse>
    </responseCondition>
    <setOutcomeValue identifier="SCORE">
      <sum>
        <variable identifier="SCORE352"/>
      </sum>
    </setOutcomeValue>
  </responseProcessing>
</assessmentItem>
