<?xml version="1.0"?>
<assessmentItem adaptive="false" identifier="ITEM-LOGIC-KS-960" timeDependent="false" title="Click the statements about Karen's flowers that are true." toolName="ItemLogic" toolVersion="2.0.0" xmlns="http://www.imsglobal.org/xsd/imsqti_v2p1" xmlns:m="http://www.w3.org/1998/Math/MathML" xmlns:xsi="http://www.w3.org/2001/XMLSchema-instance" xsi:schemaLocation="http://www.imsglobal.org/xsd/imsqti_v2p1  http://www.imsglobal.org/xsd/qti/qtiv2p1/imsqti_v2p1.xsd">
  <responseDeclaration baseType="identifier" cardinality="multiple" identifier="RESPONSE950">
    <correctResponse>
      <value>HT-16745</value>
      <value>HT-16746</value>
    </correctResponse>
  </responseDeclaration>
  <responseDeclaration baseType="identifier" cardinality="single" identifier="RESPONSE952">
    <correctResponse>
      <value>SC-16750</value>
    </correctResponse>
  </responseDeclaration>
  <outcomeDeclaration baseType="float" cardinality="single" identifier="SCORE950">
    <defaultValue>
      <value>0</value>
    </defaultValue>
  </outcomeDeclaration>
  <outcomeDeclaration baseType="float" cardinality="single" identifier="SCORE952">
    <defaultValue>
      <value>0</value>
    </defaultValue>
  </outcomeDeclaration>
  <outcomeDeclaration baseType="float" cardinality="single" identifier="SCORE">
    <defaultValue>
      <value>0</value>
    </defaultValue>
  </outcomeDeclaration>
  <stylesheet href="../styles/bundled.css" type="text/css"/>
  <stylesheet href="../styles/inline.css" type="text/css"/>
  <itemBody>
    <rubricBlock use="stimulus" view="candidate author proctor scorer testConstructor tutor">
      <div>
        <p>Karen has four flowers: a rose, a daisy, a lily, and a tulip. Karen compares the heights of some of the flowers.</p>
        <p>
          <object data="../images/flowers@2x_5e38a0d891.png" height="280" type="image/png" width="400"/>
        </p>
      </div>
    </rubricBlock>
    <hottextInteraction maxChoices="0" responseIdentifier="RESPONSE950">
      <prompt>Click the statements about Karen's flowers that are true.<br/></prompt>
      <p><hottext identifier="HT-16744">The rose is taller than the lily.</hottext> <hottext identifier="HT-16745">The tulip is shorter than the lily.</hottext> <hottext identifier="HT-16746">The daisy is taller than the rose.</hottext> <hottext identifier="HT-16747">The tulip is the tallest flower.</hottext> <hottext identifier="HT-16748">The daisy is the shortest flower.</hottext></p>
    </hottextInteraction>
    <choiceInteraction maxChoices="1" responseIdentifier="RESPONSE952" shuffle="false">
      <prompt>Karen's daisy is 12 inches tall. Which statement can be true?<br/></prompt>
      <simpleChoice fixed="true" identifier="SC-16752">
        <p>Karen's lily is 10 inches tall.</p>
      </simpleChoice>
      <simpleChoice fixed="true" identifier="SC-16753">
        <p>Karen's lily is 12 inches tall.</p>
      </simpleChoice>
      <simpleChoice fixed="true" identifier="SC-16750">
        <p>Karen's rose is 9 inches tall.</p>
      </simpleChoice>
      <simpleChoice fixed="true" identifier="SC-16751">
        <p>Karen's rose is 14 inches tall.</p>
      </simpleChoice>
    </choiceInteraction>
  </itemBody>
  <responseProcessing>
    <responseCondition>
      <responseIf>
        <match>
          <variable identifier="RESPONSE950"/>
          <correct identifier="RESPONSE950"/>
        </match>
        <setOutcomeValue identifier="SCORE950">
          <baseValue baseType="float">1</baseValue>
        </setOutcomeValue>
      </responseIf>
      <responseElse>
        <setOutcomeValue identifier="SCORE950">
          <baseValue baseType="float">0</baseValue>
        </setOutcomeValue>
      </responseElse>
    </responseCondition>
    <responseCondition>
      <responseIf>
        <match>
          <variable identifier="RESPONSE952"/>
          <correct identifier="RESPONSE952"/>
        </match>
        <setOutcomeValue identifier="SCORE952">
          <baseValue baseType="float">1</baseValue>
        </setOutcomeValue>
      </responseIf>
      <responseElse>
        <setOutcomeValue identifier="SCORE952">
          <baseValue baseType="float">0</baseValue>
        </setOutcomeValue>
      </responseElse>
    </responseCondition>
    <setOutcomeValue identifier="SCORE">
      <sum>
        <variable identifier="SCORE950"/>
        <variable identifier="SCORE952"/>
      </sum>
    </setOutcomeValue>
  </responseProcessing>
</assessmentItem>
