<?xml version="1.0"?>
<assessmentItem adaptive="false" identifier="ITEM-LOGIC-KS-816" timeDependent="false" title="Identify whether the height of each student's bean plant is greater than, less than, or equal to the" toolName="ItemLogic" toolVersion="2.0.0" xmlns="http://www.imsglobal.org/xsd/imsqti_v2p1" xmlns:m="http://www.w3.org/1998/Math/MathML" xmlns:xsi="http://www.w3.org/2001/XMLSchema-instance" xsi:schemaLocation="http://www.imsglobal.org/xsd/imsqti_v2p1  http://www.imsglobal.org/xsd/qti/qtiv2p1/imsqti_v2p1.xsd">
  <responseDeclaration baseType="directedPair" cardinality="multiple" identifier="RESPONSE809">
    <correctResponse>
      <value>SAC-13883 SAC-13877</value>
      <value>SAC-13884 SAC-13874</value>
      <value>SAC-13891 SAC-13880</value>
      <value>SAC-13892 SAC-13874</value>
    </correctResponse>
    <mapping defaultValue="0.00" lowerBound="0.00" upperBound="2.00">
      <mapEntry mapKey="SAC-13883 SAC-13874" mappedValue="-0.50"/>
      <mapEntry mapKey="SAC-13883 SAC-13877" mappedValue="0.50"/>
      <mapEntry mapKey="SAC-13883 SAC-13880" mappedValue="-0.50"/>
      <mapEntry mapKey="SAC-13884 SAC-13874" mappedValue="0.50"/>
      <mapEntry mapKey="SAC-13884 SAC-13877" mappedValue="-0.50"/>
      <mapEntry mapKey="SAC-13884 SAC-13880" mappedValue="-0.50"/>
      <mapEntry mapKey="SAC-13891 SAC-13874" mappedValue="-0.50"/>
      <mapEntry mapKey="SAC-13891 SAC-13877" mappedValue="-0.50"/>
      <mapEntry mapKey="SAC-13891 SAC-13880" mappedValue="0.50"/>
      <mapEntry mapKey="SAC-13892 SAC-13874" mappedValue="0.50"/>
      <mapEntry mapKey="SAC-13892 SAC-13877" mappedValue="-0.50"/>
      <mapEntry mapKey="SAC-13892 SAC-13880" mappedValue="-0.50"/>
    </mapping>
  </responseDeclaration>
  <outcomeDeclaration baseType="float" cardinality="single" identifier="SCORE809">
    <defaultValue>
      <value>0</value>
    </defaultValue>
  </outcomeDeclaration>
  <outcomeDeclaration baseType="float" cardinality="single" identifier="SCORE">
    <defaultValue>
      <value>0</value>
    </defaultValue>
  </outcomeDeclaration>
  <stylesheet href="../styles/bundled.css" type="text/css"/>
  <stylesheet href="../styles/inline.css" type="text/css"/>
  <itemBody>
    <rubricBlock use="stimulus" view="candidate author proctor scorer testConstructor tutor" xmlns:default="http://www.w3.org/1998/Math/MathML">
      <div>
        <p>Five students are growing bean plants for science class.</p>
        <ul xmlns:default="http://www.w3.org/1998/Math/MathML"> <li>The height of Aaron's bean plant is&#xA0;<m:math xmlns="http://www.w3.org/1998/Math/MathML">   <m:mfrac>     <m:mn>3</m:mn>     <m:mn>4</m:mn>   </m:mfrac> </m:math>&#xA0;the height of Gail's bean plant.</li> <li>The height of Bella's bean plant is&#xA0;<m:math xmlns="http://www.w3.org/1998/Math/MathML">   <m:mfrac>     <m:mn>7</m:mn>     <m:mn>4</m:mn>   </m:mfrac> </m:math>&#xA0;the height of Gail's bean plant.</li> <li>The height of Cory's bean plant is&#xA0;<m:math xmlns="http://www.w3.org/1998/Math/MathML">   <m:mfrac>     <m:mn>8</m:mn>     <m:mn>8</m:mn>   </m:mfrac> </m:math>&#xA0;the height of Gail's bean plant.</li> <li>The height of Dawn's bean plant is&#xA0;<m:math xmlns="http://www.w3.org/1998/Math/MathML">   <m:mn>1</m:mn>   <m:mfrac>     <m:mn>1</m:mn>     <m:mn>8</m:mn>   </m:mfrac> </m:math>&#xA0;the height of Gail's bean plant.</li> </ul>
      </div>
    </rubricBlock>
    <matchInteraction class="table" maxAssociations="12" responseIdentifier="RESPONSE809" shuffle="false">
      <prompt>Identify whether the height of each student's bean plant is greater than, less than, or equal to the height of Gail's bean plant.<br/></prompt>
      <simpleMatchSet>
        <simpleAssociableChoice identifier="SAC-13883" matchMax="1">
          <p>Aaron</p>
        </simpleAssociableChoice>
        <simpleAssociableChoice identifier="SAC-13884" matchMax="1">
          <p>Bella</p>
        </simpleAssociableChoice>
        <simpleAssociableChoice identifier="SAC-13891" matchMax="1">
          <p>Cory</p>
        </simpleAssociableChoice>
        <simpleAssociableChoice identifier="SAC-13892" matchMax="1">
          <p>Dawn</p>
        </simpleAssociableChoice>
      </simpleMatchSet>
      <simpleMatchSet>
        <simpleAssociableChoice identifier="SAC-13874" matchMax="4">
          <p>Greater than</p>
        </simpleAssociableChoice>
        <simpleAssociableChoice identifier="SAC-13877" matchMax="4">
          <p>Less than</p>
        </simpleAssociableChoice>
        <simpleAssociableChoice identifier="SAC-13880" matchMax="4">
          <p>Equal to</p>
        </simpleAssociableChoice>
      </simpleMatchSet>
    </matchInteraction>
  </itemBody>
  <responseProcessing>
    <responseCondition>
      <responseIf>
        <isNull>
          <variable identifier="RESPONSE809"/>
        </isNull>
        <setOutcomeValue identifier="SCORE809">
          <baseValue baseType="float">0.0</baseValue>
        </setOutcomeValue>
      </responseIf>
      <responseElse>
        <setOutcomeValue identifier="SCORE809">
          <mapResponse identifier="RESPONSE809"/>
        </setOutcomeValue>
      </responseElse>
    </responseCondition>
    <setOutcomeValue identifier="SCORE">
      <sum>
        <variable identifier="SCORE809"/>
      </sum>
    </setOutcomeValue>
  </responseProcessing>
</assessmentItem>
