<?xml version="1.0"?>
<assessmentItem adaptive="false" identifier="ITEM-LOGIC-MP-634" timeDependent="false" title="Select two lines of text from &#x201C;The New Colossus&#x201D;&#x9D; that are examples of personification." toolName="ItemLogic" toolVersion="2.0.0" xmlns="http://www.imsglobal.org/xsd/imsqti_v2p1" xmlns:m="http://www.w3.org/1998/Math/MathML" xmlns:xsi="http://www.w3.org/2001/XMLSchema-instance" xsi:schemaLocation="http://www.imsglobal.org/xsd/imsqti_v2p1  http://www.imsglobal.org/xsd/qti/qtiv2p1/imsqti_v2p1.xsd">
  <responseDeclaration baseType="identifier" cardinality="multiple" identifier="RESPONSE542">
    <correctResponse>
      <value>HT-783870</value>
      <value>HT-783871</value>
    </correctResponse>
  </responseDeclaration>
  <outcomeDeclaration baseType="float" cardinality="single" identifier="SCORE542">
    <defaultValue>
      <value>0</value>
    </defaultValue>
  </outcomeDeclaration>
  <outcomeDeclaration baseType="float" cardinality="single" identifier="SCORE">
    <defaultValue>
      <value>0</value>
    </defaultValue>
  </outcomeDeclaration>
  <stylesheet href="../styles/bundled.css" type="text/css"/>
  <stylesheet href="../styles/inline.css" type="text/css"/>
  <itemBody>
    <rubricBlock use="context" view="candidate author proctor scorer testConstructor tutor">
      <div>
        <object data="../passages/RSC-LOGIC-MP-1679.html" type="text/html"/>
      </div>
    </rubricBlock>
    <hottextInteraction maxChoices="0" responseIdentifier="RESPONSE542"><prompt>Select two lines of text from &#x201C;The New Colossus&#x201D;  that are examples of personification.<br/></prompt><p><strong>The New Colossus<br/></strong></p> <p><span><hottext identifier="HT-783868">Not like the brazen giant of Greek fame, / With conquering limbs astride from land to land;</hottext></span></p> <p><span>Here at our sea-washed sunset gates shall stand</span></p> <p><span><hottext identifier="HT-783869">A mighty woman with a torch, whose flame / Is the imprisoned lightning,</hottext></span></p> <p><span>and her name, / Mother of Exiles. From her beacon-hand / Glows world-wide welcome;</span></p> <p><span><hottext identifier="HT-783870">her mild eyes command / The air-bridged harbor that twin cities frame.</hottext></span></p> <p><span><hottext identifier="HT-783871">&#x201C;Keep, ancient lands, your storied pomp!&#x201D;&#x9D; cries she / With silent lips</hottext></span></p> <p><span><hottext identifier="HT-783872">Give me your tired, your poor, / Your huddled masses yearning to breathe free,</hottext></span></p> <p><span><hottext identifier="HT-783873">The wretched refuse of your teeming shore, / Send these, the homeless, tempest-tossed to me</hottext></span><span> </span></p></hottextInteraction>
  </itemBody>
  <responseProcessing>
    <responseCondition>
      <responseIf>
        <match>
          <variable identifier="RESPONSE542"/>
          <correct identifier="RESPONSE542"/>
        </match>
        <setOutcomeValue identifier="SCORE542">
          <baseValue baseType="float">1</baseValue>
        </setOutcomeValue>
      </responseIf>
      <responseElse>
        <setOutcomeValue identifier="SCORE542">
          <baseValue baseType="float">0</baseValue>
        </setOutcomeValue>
      </responseElse>
    </responseCondition>
    <setOutcomeValue identifier="SCORE">
      <sum>
        <variable identifier="SCORE542"/>
      </sum>
    </setOutcomeValue>
  </responseProcessing>
</assessmentItem>
