<?xml version="1.0"?>
<assessmentItem adaptive="false" identifier="ITEM-LOGIC-MP-584" timeDependent="false" title="Put the following events that led to Nellie Bly&#x2019;s trip around the world in the order that they hap" toolName="ItemLogic" toolVersion="2.0.0" xmlns="http://www.imsglobal.org/xsd/imsqti_v2p1" xmlns:m="http://www.w3.org/1998/Math/MathML" xmlns:xsi="http://www.w3.org/2001/XMLSchema-instance" xsi:schemaLocation="http://www.imsglobal.org/xsd/imsqti_v2p1  http://www.imsglobal.org/xsd/qti/qtiv2p1/imsqti_v2p1.xsd">
  <responseDeclaration baseType="identifier" cardinality="ordered" identifier="RESPONSE479">
    <correctResponse>
      <value>SC-8315</value>
      <value>SC-8313</value>
      <value>SC-8316</value>
      <value>SC-8312</value>
      <value>SC-8317</value>
      <value>SC-8314</value>
    </correctResponse>
  </responseDeclaration>
  <outcomeDeclaration baseType="float" cardinality="single" identifier="SCORE479">
    <defaultValue>
      <value>0</value>
    </defaultValue>
  </outcomeDeclaration>
  <outcomeDeclaration baseType="float" cardinality="single" identifier="SCORE">
    <defaultValue>
      <value>0</value>
    </defaultValue>
  </outcomeDeclaration>
  <stylesheet href="../styles/bundled.css" type="text/css"/>
  <stylesheet href="../styles/inline.css" type="text/css"/>
  <itemBody>
    <rubricBlock use="context" view="candidate author proctor scorer testConstructor tutor">
      <div>
        <object data="../passages/RSC-LOGIC-MP-1750.html" type="text/html"/>
      </div>
    </rubricBlock>
    <orderInteraction orientation="vertical" responseIdentifier="RESPONSE479" shuffle="false">
      <prompt>Put the following events that led to Nellie Bly&#x2019;s trip around the world in the order that they happened.<br/></prompt>
      <simpleChoice identifier="SC-8312">
        <p>The editors denied her the opportunity because she was a woman, but then changed their minds when she threatened to leave.</p>
      </simpleChoice>
      <simpleChoice identifier="SC-8313">
        <p>Nellie Bly researched different ways of traveling across North America with the idea of trying to get around the world in less than eighty days.</p>
      </simpleChoice>
      <simpleChoice identifier="SC-8314">
        <p>Finally, on November 14, 1889, Nellie Bly left for her three-month around-the-world adventure.</p>
      </simpleChoice>
      <simpleChoice identifier="SC-8315">
        <p>Jules Verne wrote a book about a man who travels around the world in eighty days.</p>
      </simpleChoice>
      <simpleChoice identifier="SC-8316">
        <p>Nellie Bly approached her editors about allowing her to make the trip while also writing newspaper articles about her adventures.</p>
      </simpleChoice>
      <simpleChoice identifier="SC-8317">
        <p>Nellie Bly continued to write for the newspaper as she waited for the opportunity to make the trip.</p>
      </simpleChoice>
    </orderInteraction>
  </itemBody>
  <responseProcessing>
    <responseCondition>
      <responseIf>
        <match>
          <variable identifier="RESPONSE479"/>
          <correct identifier="RESPONSE479"/>
        </match>
        <setOutcomeValue identifier="SCORE479">
          <baseValue baseType="float">1</baseValue>
        </setOutcomeValue>
      </responseIf>
      <responseElse>
        <setOutcomeValue identifier="SCORE479">
          <baseValue baseType="float">0</baseValue>
        </setOutcomeValue>
      </responseElse>
    </responseCondition>
    <setOutcomeValue identifier="SCORE">
      <sum>
        <variable identifier="SCORE479"/>
      </sum>
    </setOutcomeValue>
  </responseProcessing>
</assessmentItem>
