<?xml version="1.0"?>
<assessmentItem adaptive="false" identifier="ITEM-LOGIC-KS-988" timeDependent="false" title="Order these numbers from greatest to least." toolName="ItemLogic" toolVersion="2.0.0" xmlns="http://www.imsglobal.org/xsd/imsqti_v2p1" xmlns:m="http://www.w3.org/1998/Math/MathML" xmlns:xsi="http://www.w3.org/2001/XMLSchema-instance" xsi:schemaLocation="http://www.imsglobal.org/xsd/imsqti_v2p1  http://www.imsglobal.org/xsd/qti/qtiv2p1/imsqti_v2p1.xsd">
  <responseDeclaration baseType="identifier" cardinality="ordered" identifier="RESPONSE1016">
    <correctResponse>
      <value>SC-17113</value>
      <value>SC-17114</value>
      <value>SC-17111</value>
      <value>SC-17112</value>
      <value>SC-17110</value>
    </correctResponse>
  </responseDeclaration>
  <responseDeclaration baseType="identifier" cardinality="single" identifier="RESPONSE1017">
    <correctResponse>
      <value>SC-17121</value>
    </correctResponse>
  </responseDeclaration>
  <outcomeDeclaration baseType="float" cardinality="single" identifier="SCORE1016">
    <defaultValue>
      <value>0</value>
    </defaultValue>
  </outcomeDeclaration>
  <outcomeDeclaration baseType="float" cardinality="single" identifier="SCORE1017">
    <defaultValue>
      <value>0</value>
    </defaultValue>
  </outcomeDeclaration>
  <outcomeDeclaration baseType="float" cardinality="single" identifier="SCORE">
    <defaultValue>
      <value>0</value>
    </defaultValue>
  </outcomeDeclaration>
  <stylesheet href="../styles/bundled.css" type="text/css"/>
  <stylesheet href="../styles/inline.css" type="text/css"/>
  <itemBody>
    <rubricBlock use="stimulus" view="candidate author proctor scorer testConstructor tutor">
      <div>
        <p>Cassie re-writes several numbers by writing the number of tens and ones in each number.</p>
      </div>
    </rubricBlock>
    <orderInteraction orientation="vertical" responseIdentifier="RESPONSE1016" shuffle="false">
      <prompt>Order these numbers from greatest to least.<br/></prompt>
      <simpleChoice identifier="SC-17112">
        <p>1 ten and 8 ones</p>
      </simpleChoice>
      <simpleChoice identifier="SC-17111">
        <p>1 ten and 12 ones</p>
      </simpleChoice>
      <simpleChoice identifier="SC-17114">
        <p>2 tens and 9 ones</p>
      </simpleChoice>
      <simpleChoice identifier="SC-17113">
        <p>2 tens and 16 ones</p>
      </simpleChoice>
      <simpleChoice identifier="SC-17110">
        <p>0 tens and 9 ones</p>
      </simpleChoice>
    </orderInteraction>
    <choiceInteraction maxChoices="1" responseIdentifier="RESPONSE1017" shuffle="false">
      <prompt>Which number is less than a number with 4 tens and 6 ones?<br/></prompt>
      <simpleChoice fixed="true" identifier="SC-17122">
        <p>53</p>
      </simpleChoice>
      <simpleChoice fixed="true" identifier="SC-17125">
        <p>48</p>
      </simpleChoice>
      <simpleChoice fixed="true" identifier="SC-17121">
        <p>39</p>
      </simpleChoice>
      <simpleChoice fixed="true" identifier="SC-17127">
        <p>46</p>
      </simpleChoice>
    </choiceInteraction>
  </itemBody>
  <responseProcessing>
    <responseCondition>
      <responseIf>
        <match>
          <variable identifier="RESPONSE1016"/>
          <correct identifier="RESPONSE1016"/>
        </match>
        <setOutcomeValue identifier="SCORE1016">
          <baseValue baseType="float">1</baseValue>
        </setOutcomeValue>
      </responseIf>
      <responseElse>
        <setOutcomeValue identifier="SCORE1016">
          <baseValue baseType="float">0</baseValue>
        </setOutcomeValue>
      </responseElse>
    </responseCondition>
    <responseCondition>
      <responseIf>
        <match>
          <variable identifier="RESPONSE1017"/>
          <correct identifier="RESPONSE1017"/>
        </match>
        <setOutcomeValue identifier="SCORE1017">
          <baseValue baseType="float">1</baseValue>
        </setOutcomeValue>
      </responseIf>
      <responseElse>
        <setOutcomeValue identifier="SCORE1017">
          <baseValue baseType="float">0</baseValue>
        </setOutcomeValue>
      </responseElse>
    </responseCondition>
    <setOutcomeValue identifier="SCORE">
      <sum>
        <variable identifier="SCORE1016"/>
        <variable identifier="SCORE1017"/>
      </sum>
    </setOutcomeValue>
  </responseProcessing>
</assessmentItem>
