<?xml version="1.0"?>
<assessmentItem adaptive="false" identifier="ITEM-LOGIC-KS-852" timeDependent="false" title="Select two main ideas revealed in the text, Mo'Ne Davis: Baseball Superstar." toolName="ItemLogic" toolVersion="2.0.0" xmlns="http://www.imsglobal.org/xsd/imsqti_v2p1" xmlns:m="http://www.w3.org/1998/Math/MathML" xmlns:xsi="http://www.w3.org/2001/XMLSchema-instance" xsi:schemaLocation="http://www.imsglobal.org/xsd/imsqti_v2p1  http://www.imsglobal.org/xsd/qti/qtiv2p1/imsqti_v2p1.xsd">
  <responseDeclaration baseType="identifier" cardinality="multiple" identifier="RESPONSE886">
    <correctResponse>
      <value>HT-15459</value>
      <value>HT-15466</value>
    </correctResponse>
  </responseDeclaration>
  <responseDeclaration baseType="identifier" cardinality="multiple" identifier="RESPONSE888">
    <correctResponse>
      <value>HT-15470</value>
      <value>HT-15463</value>
    </correctResponse>
  </responseDeclaration>
  <outcomeDeclaration baseType="float" cardinality="single" identifier="SCORE886">
    <defaultValue>
      <value>0</value>
    </defaultValue>
  </outcomeDeclaration>
  <outcomeDeclaration baseType="float" cardinality="single" identifier="SCORE888">
    <defaultValue>
      <value>0</value>
    </defaultValue>
  </outcomeDeclaration>
  <outcomeDeclaration baseType="float" cardinality="single" identifier="SCORE">
    <defaultValue>
      <value>0</value>
    </defaultValue>
  </outcomeDeclaration>
  <stylesheet href="../styles/bundled.css" type="text/css"/>
  <stylesheet href="../styles/inline.css" type="text/css"/>
  <itemBody>
    <rubricBlock use="context" view="candidate author proctor scorer testConstructor tutor">
      <div>
        <object data="../passages/RSC-LOGIC-KS-3848.html" type="text/html"/>
      </div>
    </rubricBlock>
    <rubricBlock use="stimulus" view="candidate author proctor scorer testConstructor tutor">
      <div>
        <p>The author of <em>Mo'Ne Davis: Baseball Superstar&#xA0;</em>develops and reveals several main ideas throughout the text.</p>
      </div>
    </rubricBlock>
    <hottextInteraction maxChoices="0" responseIdentifier="RESPONSE886">
      <prompt>Select two main ideas revealed in the text, <em>Mo'Ne Davis: Baseball Superstar</em>.<br/></prompt>
      <p>
        <hottext identifier="HT-15456">the importance of family</hottext>
      </p>
      <p>
        <hottext identifier="HT-15457">understanding social pressure</hottext>
      </p>
      <p>
        <hottext identifier="HT-15458">overcoming physical challenges</hottext>
      </p>
      <p>
        <hottext identifier="HT-15459">maintaining humility and grace in all circumstances</hottext>
      </p>
      <p>
        <hottext identifier="HT-15466">the reward that comes from hard work and determination </hottext>
      </p>
    </hottextInteraction>
    <hottextInteraction maxChoices="0" responseIdentifier="RESPONSE888">
      <prompt>Choose the two circumstances in which the correct main ideas are revealed in the text.<br/></prompt>
      <p>
        <hottext identifier="HT-15473">Mo'Ne transferred to a private girls school.</hottext>
      </p>
      <p>
        <hottext identifier="HT-15470">Mo'Ne was publicly honored numerous times.</hottext>
      </p>
      <p>
        <hottext identifier="HT-15472">Mo'Ne played football with her older cousins and brothers.</hottext>
      </p>
      <p>
        <hottext identifier="HT-15463">Mo'Ne asked a school to reinstate a baseball player that had been rude to her.</hottext>
      </p>
      <p>
        <hottext identifier="HT-15474">Mo'Ne's mom was not happy when Mo'Ne first joined an all-boys baseball team.</hottext>
      </p>
    </hottextInteraction>
  </itemBody>
  <responseProcessing>
    <responseCondition>
      <responseIf>
        <match>
          <variable identifier="RESPONSE886"/>
          <correct identifier="RESPONSE886"/>
        </match>
        <setOutcomeValue identifier="SCORE886">
          <baseValue baseType="float">1</baseValue>
        </setOutcomeValue>
      </responseIf>
      <responseElse>
        <setOutcomeValue identifier="SCORE886">
          <baseValue baseType="float">0</baseValue>
        </setOutcomeValue>
      </responseElse>
    </responseCondition>
    <responseCondition>
      <responseIf>
        <match>
          <variable identifier="RESPONSE888"/>
          <correct identifier="RESPONSE888"/>
        </match>
        <setOutcomeValue identifier="SCORE888">
          <baseValue baseType="float">1</baseValue>
        </setOutcomeValue>
      </responseIf>
      <responseElse>
        <setOutcomeValue identifier="SCORE888">
          <baseValue baseType="float">0</baseValue>
        </setOutcomeValue>
      </responseElse>
    </responseCondition>
    <setOutcomeValue identifier="SCORE">
      <sum>
        <variable identifier="SCORE886"/>
        <variable identifier="SCORE888"/>
      </sum>
    </setOutcomeValue>
  </responseProcessing>
</assessmentItem>
