<?xml version="1.0"?>
<assessmentItem adaptive="false" identifier="ITEM-LOGIC-MP-563" timeDependent="false" title="The following events from the story show why some animals now sleep through the winter. Put the foll" toolName="ItemLogic" toolVersion="2.0.0" xmlns="http://www.imsglobal.org/xsd/imsqti_v2p1" xmlns:m="http://www.w3.org/1998/Math/MathML" xmlns:xsi="http://www.w3.org/2001/XMLSchema-instance" xsi:schemaLocation="http://www.imsglobal.org/xsd/imsqti_v2p1  http://www.imsglobal.org/xsd/qti/qtiv2p1/imsqti_v2p1.xsd">
  <responseDeclaration baseType="identifier" cardinality="ordered" identifier="RESPONSE447">
    <correctResponse>
      <value>SC-8101</value>
      <value>SC-8099</value>
      <value>SC-8102</value>
      <value>SC-8098</value>
      <value>SC-8103</value>
      <value>SC-8100</value>
    </correctResponse>
  </responseDeclaration>
  <outcomeDeclaration baseType="float" cardinality="single" identifier="SCORE447">
    <defaultValue>
      <value>0</value>
    </defaultValue>
  </outcomeDeclaration>
  <outcomeDeclaration baseType="float" cardinality="single" identifier="SCORE">
    <defaultValue>
      <value>0</value>
    </defaultValue>
  </outcomeDeclaration>
  <stylesheet href="../styles/bundled.css" type="text/css"/>
  <stylesheet href="../styles/inline.css" type="text/css"/>
  <itemBody>
    <rubricBlock use="context" view="candidate author proctor scorer testConstructor tutor">
      <div>
        <object data="../passages/RSC-LOGIC-MP-1670.html" type="text/html"/>
      </div>
    </rubricBlock>
    <orderInteraction orientation="vertical" responseIdentifier="RESPONSE447" shuffle="false">
      <prompt>The following events from the story show why some animals now sleep through the winter.<br/> Put the following events in the correct order.<br/></prompt>
      <simpleChoice identifier="SC-8098">
        <p>Ukko asks the bear to carry him across the stream, and the bear gladly takes him.</p>
      </simpleChoice>
      <simpleChoice identifier="SC-8099">
        <p>Ukko asks the horse to carry him across the stream, but the horse tells him no.</p>
      </simpleChoice>
      <simpleChoice identifier="SC-8100">
        <p>Ukko rewards the bear for its kindness by letting it sleep all winter.</p>
      </simpleChoice>
      <simpleChoice identifier="SC-8101">
        <p>Ukko decides to explore the earth before winter arrives.</p>
      </simpleChoice>
      <simpleChoice identifier="SC-8102">
        <p>Ukko asks the reindeer to carry him across the stream, but the reindeer says no.</p>
      </simpleChoice>
      <simpleChoice identifier="SC-8103">
        <p>Ukko finds the bear sleepy and full of berries resting outside a cave.</p>
      </simpleChoice>
    </orderInteraction>
  </itemBody>
  <responseProcessing>
    <responseCondition>
      <responseIf>
        <match>
          <variable identifier="RESPONSE447"/>
          <correct identifier="RESPONSE447"/>
        </match>
        <setOutcomeValue identifier="SCORE447">
          <baseValue baseType="float">1</baseValue>
        </setOutcomeValue>
      </responseIf>
      <responseElse>
        <setOutcomeValue identifier="SCORE447">
          <baseValue baseType="float">0</baseValue>
        </setOutcomeValue>
      </responseElse>
    </responseCondition>
    <setOutcomeValue identifier="SCORE">
      <sum>
        <variable identifier="SCORE447"/>
      </sum>
    </setOutcomeValue>
  </responseProcessing>
</assessmentItem>
