<?xml version="1.0"?>
<assessmentItem adaptive="false" identifier="ITEM-LOGIC-MP-391" timeDependent="false" title="Part AWhich character traits best describe the characters in the selection? Match one character tra" toolName="ItemLogic" toolVersion="2.0.0" xmlns="http://www.imsglobal.org/xsd/imsqti_v2p1" xmlns:m="http://www.w3.org/1998/Math/MathML" xmlns:xsi="http://www.w3.org/2001/XMLSchema-instance" xsi:schemaLocation="http://www.imsglobal.org/xsd/imsqti_v2p1  http://www.imsglobal.org/xsd/qti/qtiv2p1/imsqti_v2p1.xsd">
  <responseDeclaration baseType="directedPair" cardinality="multiple" identifier="RESPONSE181">
    <correctResponse>
      <value>SAC-4751 SAC-4755</value>
      <value>SAC-4752 SAC-4757</value>
      <value>SAC-4753 SAC-4762</value>
    </correctResponse>
  </responseDeclaration>
  <responseDeclaration baseType="directedPair" cardinality="multiple" identifier="RESPONSE182">
    <correctResponse>
      <value>SAC-4764 SAC-4771</value>
      <value>SAC-4765 SAC-4769</value>
      <value>SAC-4766 SAC-4772</value>
    </correctResponse>
  </responseDeclaration>
  <outcomeDeclaration baseType="float" cardinality="single" identifier="SCORE181">
    <defaultValue>
      <value>0</value>
    </defaultValue>
  </outcomeDeclaration>
  <outcomeDeclaration baseType="float" cardinality="single" identifier="SCORE182">
    <defaultValue>
      <value>0</value>
    </defaultValue>
  </outcomeDeclaration>
  <outcomeDeclaration baseType="float" cardinality="single" identifier="SCORE">
    <defaultValue>
      <value>0</value>
    </defaultValue>
  </outcomeDeclaration>
  <stylesheet href="../styles/bundled.css" type="text/css"/>
  <stylesheet href="../styles/inline.css" type="text/css"/>
  <itemBody>
    <rubricBlock use="context" view="candidate author proctor scorer testConstructor tutor">
      <div>
        <object data="../passages/RSC-LOGIC-MP-964.html" type="text/html"/>
      </div>
    </rubricBlock>
    <matchInteraction maxAssociations="3" responseIdentifier="RESPONSE181" shuffle="false">
      <prompt>Part A<br/>Which character traits <strong>best</strong> describe the characters in the selection? Match one character trait for each character.<br/></prompt>
      <simpleMatchSet>
        <simpleAssociableChoice identifier="SAC-4751" matchMax="1">
          <p>Dad</p>
        </simpleAssociableChoice>
        <simpleAssociableChoice identifier="SAC-4752" matchMax="1">
          <p>Marilyn</p>
        </simpleAssociableChoice>
        <simpleAssociableChoice identifier="SAC-4753" matchMax="1">
          <p>Julia</p>
        </simpleAssociableChoice>
      </simpleMatchSet>
      <simpleMatchSet>
        <simpleAssociableChoice identifier="SAC-4754" matchMax="1">
          <p>restless</p>
        </simpleAssociableChoice>
        <simpleAssociableChoice identifier="SAC-4755" matchMax="1">
          <p>fairminded</p>
        </simpleAssociableChoice>
        <simpleAssociableChoice identifier="SAC-4756" matchMax="1">
          <p>inconsiderate</p>
        </simpleAssociableChoice>
        <simpleAssociableChoice identifier="SAC-4757" matchMax="1">
          <p>focused</p>
        </simpleAssociableChoice>
        <simpleAssociableChoice identifier="SAC-4758" matchMax="1">
          <p>easygoing</p>
        </simpleAssociableChoice>
        <simpleAssociableChoice identifier="SAC-4762" matchMax="1">
          <p>unassured</p>
        </simpleAssociableChoice>
      </simpleMatchSet>
    </matchInteraction>
    <matchInteraction maxAssociations="3" responseIdentifier="RESPONSE182" shuffle="false">
      <prompt>Part B<br/><span class="style-9a6b2f1c152ed63441e9037431e2e1eb">Match each character with the detail from the selection that </span><strong class="style-9a6b2f1c152ed63441e9037431e2e1eb">best </strong><span class="style-9a6b2f1c152ed63441e9037431e2e1eb">supports the answer in Part A.</span><br/> <span class="style-2787aabf637a4d874143f28dc55b33de"> </span><br/></prompt>
      <simpleMatchSet>
        <simpleAssociableChoice identifier="SAC-4764" matchMax="1">
          <p>Dad</p>
        </simpleAssociableChoice>
        <simpleAssociableChoice identifier="SAC-4765" matchMax="1">
          <p>Marilyn</p>
        </simpleAssociableChoice>
        <simpleAssociableChoice identifier="SAC-4766" matchMax="1">
          <p>Julia</p>
        </simpleAssociableChoice>
      </simpleMatchSet>
      <simpleMatchSet>
        <simpleAssociableChoice identifier="SAC-4769" matchMax="1">
          <p>&#x201C;Marilyn seemed unaware of anything but Dad.&#x201D; </p>
        </simpleAssociableChoice>
        <simpleAssociableChoice identifier="SAC-4767" matchMax="1">
          <p>&#x201C;She leaned over Marilyn, determined to interrupt.&#x201D; </p>
        </simpleAssociableChoice>
        <simpleAssociableChoice identifier="SAC-4768" matchMax="1">
          <p>&#x201C;&#x2018;Should have brought earplugs,&#x2019;&#x201D; </p>
        </simpleAssociableChoice>
        <simpleAssociableChoice identifier="SAC-4770" matchMax="1">
          <p>&#x201C;As usual, Marilyn rushed for the front door.&#x201D; </p>
        </simpleAssociableChoice>
        <simpleAssociableChoice identifier="SAC-4771" matchMax="1">
          <p>&#x201C;&#x2018;Why don&#x2019;t you let Julia sit up front with me?&#x2019;&#x201D; </p>
        </simpleAssociableChoice>
        <simpleAssociableChoice identifier="SAC-4772" matchMax="1">
          <p>&#x201C;Tell him that, she thought. But she was quiet.&#x201D; </p>
        </simpleAssociableChoice>
      </simpleMatchSet>
    </matchInteraction>
  </itemBody>
  <responseProcessing>
    <responseCondition>
      <responseIf>
        <match>
          <variable identifier="RESPONSE181"/>
          <correct identifier="RESPONSE181"/>
        </match>
        <setOutcomeValue identifier="SCORE181">
          <baseValue baseType="float">1</baseValue>
        </setOutcomeValue>
      </responseIf>
      <responseElse>
        <setOutcomeValue identifier="SCORE181">
          <baseValue baseType="float">0</baseValue>
        </setOutcomeValue>
      </responseElse>
    </responseCondition>
    <responseCondition>
      <responseIf>
        <match>
          <variable identifier="RESPONSE182"/>
          <correct identifier="RESPONSE182"/>
        </match>
        <setOutcomeValue identifier="SCORE182">
          <baseValue baseType="float">1</baseValue>
        </setOutcomeValue>
      </responseIf>
      <responseElse>
        <setOutcomeValue identifier="SCORE182">
          <baseValue baseType="float">0</baseValue>
        </setOutcomeValue>
      </responseElse>
    </responseCondition>
    <setOutcomeValue identifier="SCORE">
      <sum>
        <variable identifier="SCORE181"/>
        <variable identifier="SCORE182"/>
      </sum>
    </setOutcomeValue>
  </responseProcessing>
</assessmentItem>
