<?xml version="1.0"?>
<assessmentItem adaptive="false" identifier="ITEM-LOGIC-KS-765" timeDependent="false" title="Match each action to the correct character." toolName="ItemLogic" toolVersion="2.0.0" xmlns="http://www.imsglobal.org/xsd/imsqti_v2p1" xmlns:m="http://www.w3.org/1998/Math/MathML" xmlns:xsi="http://www.w3.org/2001/XMLSchema-instance" xsi:schemaLocation="http://www.imsglobal.org/xsd/imsqti_v2p1  http://www.imsglobal.org/xsd/qti/qtiv2p1/imsqti_v2p1.xsd">
  <responseDeclaration baseType="directedPair" cardinality="multiple" identifier="RESPONSE725">
    <correctResponse>
      <value>SAC-12469 SAC-12465</value>
      <value>SAC-12480 SAC-12467</value>
      <value>SAC-12481 SAC-12467</value>
      <value>SAC-12482 SAC-12467</value>
      <value>SAC-12483 SAC-12465</value>
      <value>SAC-12484 SAC-12465</value>
    </correctResponse>
    <mapping defaultValue="0.00" lowerBound="0.00" upperBound="3.00">
      <mapEntry mapKey="SAC-12469 SAC-12465" mappedValue="0.50"/>
      <mapEntry mapKey="SAC-12469 SAC-12467" mappedValue="0.00"/>
      <mapEntry mapKey="SAC-12480 SAC-12465" mappedValue="0.00"/>
      <mapEntry mapKey="SAC-12480 SAC-12467" mappedValue="0.50"/>
      <mapEntry mapKey="SAC-12481 SAC-12465" mappedValue="0.00"/>
      <mapEntry mapKey="SAC-12481 SAC-12467" mappedValue="0.50"/>
      <mapEntry mapKey="SAC-12482 SAC-12465" mappedValue="0.00"/>
      <mapEntry mapKey="SAC-12482 SAC-12467" mappedValue="0.50"/>
      <mapEntry mapKey="SAC-12483 SAC-12465" mappedValue="0.50"/>
      <mapEntry mapKey="SAC-12483 SAC-12467" mappedValue="0.00"/>
      <mapEntry mapKey="SAC-12484 SAC-12465" mappedValue="0.50"/>
      <mapEntry mapKey="SAC-12484 SAC-12467" mappedValue="0.00"/>
    </mapping>
  </responseDeclaration>
  <outcomeDeclaration baseType="float" cardinality="single" identifier="SCORE725">
    <defaultValue>
      <value>0</value>
    </defaultValue>
  </outcomeDeclaration>
  <outcomeDeclaration baseType="float" cardinality="single" identifier="SCORE">
    <defaultValue>
      <value>0</value>
    </defaultValue>
  </outcomeDeclaration>
  <stylesheet href="../styles/bundled.css" type="text/css"/>
  <stylesheet href="../styles/inline.css" type="text/css"/>
  <itemBody>
    <rubricBlock use="context" view="candidate author proctor scorer testConstructor tutor">
      <div>
        <object data="../passages/RSC-LOGIC-KS-2173.html" type="text/html"/>
      </div>
    </rubricBlock>
    <rubricBlock use="stimulus" view="candidate author proctor scorer testConstructor tutor">
      <div>
        <p>In the poem, Pip and the boy do some different things.</p>
      </div>
    </rubricBlock>
    <matchInteraction class="table" maxAssociations="12" responseIdentifier="RESPONSE725" shuffle="false">
      <prompt>Match each action to the correct character.<br/></prompt>
      <simpleMatchSet>
        <simpleAssociableChoice identifier="SAC-12469" matchMax="1">
          <p>Tosses sticks</p>
        </simpleAssociableChoice>
        <simpleAssociableChoice identifier="SAC-12480" matchMax="1">
          <p>Splashes in the lake</p>
        </simpleAssociableChoice>
        <simpleAssociableChoice identifier="SAC-12481" matchMax="1">
          <p>Swats a fly</p>
        </simpleAssociableChoice>
        <simpleAssociableChoice identifier="SAC-12482" matchMax="1">
          <p>Puts on a show</p>
        </simpleAssociableChoice>
        <simpleAssociableChoice identifier="SAC-12483" matchMax="1">
          <p>Says, &#x201C;Come here, old boy!&#x201D;</p>
        </simpleAssociableChoice>
        <simpleAssociableChoice identifier="SAC-12484" matchMax="1">
          <p>Cools his toes in the grass</p>
        </simpleAssociableChoice>
      </simpleMatchSet>
      <simpleMatchSet>
        <simpleAssociableChoice identifier="SAC-12465" matchMax="6">
          <p>
            <object data="../images/boy-dog-boy@2x_600201be1c.png" height="100" type="image/png" width="100"/>
          </p>
        </simpleAssociableChoice>
        <simpleAssociableChoice identifier="SAC-12467" matchMax="6">
          <p>
            <object data="../images/boy-dog-dog@2x_962335278f.png" height="100" type="image/png" width="100"/>
          </p>
        </simpleAssociableChoice>
      </simpleMatchSet>
    </matchInteraction>
  </itemBody>
  <responseProcessing>
    <responseCondition>
      <responseIf>
        <isNull>
          <variable identifier="RESPONSE725"/>
        </isNull>
        <setOutcomeValue identifier="SCORE725">
          <baseValue baseType="float">0.0</baseValue>
        </setOutcomeValue>
      </responseIf>
      <responseElse>
        <setOutcomeValue identifier="SCORE725">
          <mapResponse identifier="RESPONSE725"/>
        </setOutcomeValue>
      </responseElse>
    </responseCondition>
    <setOutcomeValue identifier="SCORE">
      <sum>
        <variable identifier="SCORE725"/>
      </sum>
    </setOutcomeValue>
  </responseProcessing>
</assessmentItem>
