<?xml version="1.0"?>
<assessmentItem adaptive="false" identifier="ITEM-LOGIC-MP-482" timeDependent="false" title="Match each question with the answer." toolName="ItemLogic" toolVersion="2.0.0" xmlns="http://www.imsglobal.org/xsd/imsqti_v2p1" xmlns:m="http://www.w3.org/1998/Math/MathML" xmlns:xsi="http://www.w3.org/2001/XMLSchema-instance" xsi:schemaLocation="http://www.imsglobal.org/xsd/imsqti_v2p1  http://www.imsglobal.org/xsd/qti/qtiv2p1/imsqti_v2p1.xsd">
  <responseDeclaration baseType="directedPair" cardinality="multiple" identifier="RESPONSE340">
    <correctResponse>
      <value>SAC-5838 SAC-5844</value>
      <value>SAC-5841 SAC-5840</value>
    </correctResponse>
  </responseDeclaration>
  <outcomeDeclaration baseType="float" cardinality="single" identifier="SCORE340">
    <defaultValue>
      <value>0</value>
    </defaultValue>
  </outcomeDeclaration>
  <outcomeDeclaration baseType="float" cardinality="single" identifier="SCORE">
    <defaultValue>
      <value>0</value>
    </defaultValue>
  </outcomeDeclaration>
  <stylesheet href="../styles/bundled.css" type="text/css"/>
  <stylesheet href="../styles/inline.css" type="text/css"/>
  <itemBody>
    <rubricBlock use="stimulus" view="candidate author proctor scorer testConstructor tutor">
      <div>
        <p>Riley tosses a fair coin 100 times. The coin lands on heads 46 times and on tails 54 times.</p>
      </div>
    </rubricBlock>
    <matchInteraction maxAssociations="2" responseIdentifier="RESPONSE340" shuffle="false">
      <prompt>Match each question with the answer.<br/></prompt>
      <simpleMatchSet>
        <simpleAssociableChoice identifier="SAC-5838" matchMax="1">
          <p>What is the relative frequency of the coin landing on tails?</p>
        </simpleAssociableChoice>
        <simpleAssociableChoice identifier="SAC-5841" matchMax="1">
          <p>What is the difference between the theoretical probability of the coin landing on tails and the relative frequency of it landing on tails?</p>
        </simpleAssociableChoice>
      </simpleMatchSet>
      <simpleMatchSet>
        <simpleAssociableChoice identifier="SAC-5840" matchMax="1">
          <p>  4%</p>
        </simpleAssociableChoice>
        <simpleAssociableChoice identifier="SAC-5842" matchMax="1">
          <p>  8%</p>
        </simpleAssociableChoice>
        <simpleAssociableChoice identifier="SAC-5843" matchMax="1">
          <p>46%</p>
        </simpleAssociableChoice>
        <simpleAssociableChoice identifier="SAC-5844" matchMax="1">
          <p>54%</p>
        </simpleAssociableChoice>
      </simpleMatchSet>
    </matchInteraction>
  </itemBody>
  <responseProcessing>
    <responseCondition>
      <responseIf>
        <match>
          <variable identifier="RESPONSE340"/>
          <correct identifier="RESPONSE340"/>
        </match>
        <setOutcomeValue identifier="SCORE340">
          <baseValue baseType="float">1</baseValue>
        </setOutcomeValue>
      </responseIf>
      <responseElse>
        <setOutcomeValue identifier="SCORE340">
          <baseValue baseType="float">0</baseValue>
        </setOutcomeValue>
      </responseElse>
    </responseCondition>
    <setOutcomeValue identifier="SCORE">
      <sum>
        <variable identifier="SCORE340"/>
      </sum>
    </setOutcomeValue>
  </responseProcessing>
</assessmentItem>
