<?xml version="1.0"?>
<assessmentItem adaptive="false" identifier="ITEM-LOGIC-KS-992" timeDependent="false" title="Several numbers are shown. If the number is even, complete the equation that shows the number is eve" toolName="ItemLogic" toolVersion="2.0.0" xmlns="http://www.imsglobal.org/xsd/imsqti_v2p1" xmlns:m="http://www.w3.org/1998/Math/MathML" xmlns:xsi="http://www.w3.org/2001/XMLSchema-instance" xsi:schemaLocation="http://www.imsglobal.org/xsd/imsqti_v2p1  http://www.imsglobal.org/xsd/qti/qtiv2p1/imsqti_v2p1.xsd">
  <responseDeclaration baseType="directedPair" cardinality="multiple" identifier="RESPONSE1023">
    <correctResponse>
      <value>GI-17685 HS-17690</value>
      <value>GI-17689 HS-17691</value>
      <value>GI-17689 HS-17692</value>
      <value>GI-17688 HS-17695</value>
    </correctResponse>
  </responseDeclaration>
  <responseDeclaration baseType="directedPair" cardinality="multiple" identifier="RESPONSE1024">
    <correctResponse>
      <value>SAC-17175 SAC-17180</value>
      <value>SAC-17176 SAC-17179</value>
      <value>SAC-17177 SAC-17180</value>
      <value>SAC-17178 SAC-17179</value>
    </correctResponse>
  </responseDeclaration>
  <outcomeDeclaration baseType="float" cardinality="single" identifier="SCORE1023">
    <defaultValue>
      <value>0</value>
    </defaultValue>
  </outcomeDeclaration>
  <outcomeDeclaration baseType="float" cardinality="single" identifier="SCORE1024">
    <defaultValue>
      <value>0</value>
    </defaultValue>
  </outcomeDeclaration>
  <outcomeDeclaration baseType="float" cardinality="single" identifier="SCORE">
    <defaultValue>
      <value>0</value>
    </defaultValue>
  </outcomeDeclaration>
  <stylesheet href="../styles/bundled.css" type="text/css"/>
  <stylesheet href="../styles/inline.css" type="text/css"/>
  <itemBody>
    <graphicGapMatchInteraction responseIdentifier="RESPONSE1023">
      <prompt>Several numbers are shown. If the number is even, complete the equation that shows the number is even. If the number is odd, drag the word "odd" to the box next to the number.<br/></prompt>
      <object data="../images/equations-odd-canvas@2x_o_f5ed3bb528.png" height="350" type="image/png" width="500"/>
      <gapImg identifier="GI-17684" matchMax="1">
        <object data="../images/equations-odd-4p4@2x_o_5151fcaadc.png" height="60" type="image/png" width="216"/>
      </gapImg>
      <gapImg identifier="GI-17685" matchMax="1">
        <object data="../images/equations-odd-5p5@2x_o_ff898ca26a.png" height="60" type="image/png" width="216"/>
      </gapImg>
      <gapImg identifier="GI-17686" matchMax="1">
        <object data="../images/equations-odd-6p6@2x_o_414ee4f9b3.png" height="60" type="image/png" width="216"/>
      </gapImg>
      <gapImg identifier="GI-17687" matchMax="1">
        <object data="../images/equations-odd-8p8@2x_o_44f6c1ff7a.png" height="60" type="image/png" width="216"/>
      </gapImg>
      <gapImg identifier="GI-17688" matchMax="1">
        <object data="../images/equations-odd-9p9@2x_o_d0ae188f11.png" height="60" type="image/png" width="216"/>
      </gapImg>
      <gapImg identifier="GI-17689" matchMax="1">
        <object data="../images/equations-odd-odd@2x_o_8c04eb1d02.png" height="60" type="image/png" width="216"/>
      </gapImg>
      <associableHotspot coords="182,18,398,78" identifier="HS-17690" matchMax="1" shape="rect"/>
      <associableHotspot coords="182,102,398,162" identifier="HS-17691" matchMax="1" shape="rect"/>
      <associableHotspot coords="182,187,398,247" identifier="HS-17692" matchMax="1" shape="rect"/>
      <associableHotspot coords="182,271,398,331" identifier="HS-17695" matchMax="1" shape="rect"/>
    </graphicGapMatchInteraction>
    <matchInteraction maxAssociations="4" responseIdentifier="RESPONSE1024" shuffle="false">
      <prompt>Match each number to show whether it is even or odd.<br/></prompt>
      <simpleMatchSet>
        <simpleAssociableChoice identifier="SAC-17175" matchMax="1">
          <p>5</p>
        </simpleAssociableChoice>
        <simpleAssociableChoice identifier="SAC-17176" matchMax="1">
          <p>8</p>
        </simpleAssociableChoice>
        <simpleAssociableChoice identifier="SAC-17177" matchMax="1">
          <p>13</p>
        </simpleAssociableChoice>
        <simpleAssociableChoice identifier="SAC-17178" matchMax="1">
          <p>16</p>
        </simpleAssociableChoice>
      </simpleMatchSet>
      <simpleMatchSet>
        <simpleAssociableChoice identifier="SAC-17179" matchMax="1">
          <p>even</p>
        </simpleAssociableChoice>
        <simpleAssociableChoice identifier="SAC-17180" matchMax="1">
          <p>odd</p>
        </simpleAssociableChoice>
      </simpleMatchSet>
    </matchInteraction>
  </itemBody>
  <responseProcessing>
    <responseCondition>
      <responseIf>
        <match>
          <variable identifier="RESPONSE1023"/>
          <correct identifier="RESPONSE1023"/>
        </match>
        <setOutcomeValue identifier="SCORE1023">
          <baseValue baseType="float">1</baseValue>
        </setOutcomeValue>
      </responseIf>
      <responseElse>
        <setOutcomeValue identifier="SCORE1023">
          <baseValue baseType="float">0</baseValue>
        </setOutcomeValue>
      </responseElse>
    </responseCondition>
    <responseCondition>
      <responseIf>
        <match>
          <variable identifier="RESPONSE1024"/>
          <correct identifier="RESPONSE1024"/>
        </match>
        <setOutcomeValue identifier="SCORE1024">
          <baseValue baseType="float">1</baseValue>
        </setOutcomeValue>
      </responseIf>
      <responseElse>
        <setOutcomeValue identifier="SCORE1024">
          <baseValue baseType="float">0</baseValue>
        </setOutcomeValue>
      </responseElse>
    </responseCondition>
    <setOutcomeValue identifier="SCORE">
      <sum>
        <variable identifier="SCORE1023"/>
        <variable identifier="SCORE1024"/>
      </sum>
    </setOutcomeValue>
  </responseProcessing>
</assessmentItem>
