<?xml version="1.0"?>
<assessmentItem adaptive="false" identifier="ITEM-LOGIC-MP-393" timeDependent="false" title="Part A What is a main idea of paragraphs 15&#x2014;17 in Selection 1?" toolName="ItemLogic" toolVersion="2.0.0" xmlns="http://www.imsglobal.org/xsd/imsqti_v2p1" xmlns:m="http://www.w3.org/1998/Math/MathML" xmlns:xsi="http://www.w3.org/2001/XMLSchema-instance" xsi:schemaLocation="http://www.imsglobal.org/xsd/imsqti_v2p1  http://www.imsglobal.org/xsd/qti/qtiv2p1/imsqti_v2p1.xsd">
  <responseDeclaration baseType="identifier" cardinality="single" identifier="RESPONSE184">
    <correctResponse>
      <value>SC-6938</value>
    </correctResponse>
  </responseDeclaration>
  <responseDeclaration baseType="identifier" cardinality="multiple" identifier="RESPONSE185">
    <correctResponse>
      <value>HT-8016</value>
      <value>HT-8018</value>
      <value>HT-8024</value>
    </correctResponse>
  </responseDeclaration>
  <outcomeDeclaration baseType="float" cardinality="single" identifier="SCORE184">
    <defaultValue>
      <value>0</value>
    </defaultValue>
  </outcomeDeclaration>
  <outcomeDeclaration baseType="float" cardinality="single" identifier="SCORE185">
    <defaultValue>
      <value>0</value>
    </defaultValue>
  </outcomeDeclaration>
  <outcomeDeclaration baseType="float" cardinality="single" identifier="SCORE">
    <defaultValue>
      <value>0</value>
    </defaultValue>
  </outcomeDeclaration>
  <stylesheet href="../styles/bundled.css" type="text/css"/>
  <stylesheet href="../styles/inline.css" type="text/css"/>
  <itemBody>
    <rubricBlock use="context" view="candidate author proctor scorer testConstructor tutor">
      <div>
        <object data="../passages/RSC-LOGIC-MP-954.html" type="text/html"/>
      </div>
    </rubricBlock>
    <choiceInteraction maxChoices="1" responseIdentifier="RESPONSE184" shuffle="false">
      <prompt>Part A<br/> What is a main idea of paragraphs 15&#x2014;17?<br/></prompt>
      <simpleChoice fixed="true" identifier="SC-6937">
        <p>The Wilders worked hard so the improvements would be completed quickly.</p>
      </simpleChoice>
      <simpleChoice fixed="true" identifier="SC-6938">
        <p>The Wilders were actively involved in the improvements of their properties.</p>
      </simpleChoice>
      <simpleChoice fixed="true" identifier="SC-6939">
        <p>The Wilders were interested in making improvements that would not harm the environment.</p>
      </simpleChoice>
      <simpleChoice fixed="true" identifier="SC-6940">
        <p>The Wilders made the improvements bigger and better so their home would be more beautiful.</p>
      </simpleChoice>
    </choiceInteraction>
    <hottextInteraction maxChoices="0" responseIdentifier="RESPONSE185"><prompt>Part B<br/>Select <strong>three</strong> pieces of evidence that <strong>best</strong> support the answer in Part A.<br/></prompt><p class="MsoNormal"><strong><span>15</span></strong> <span><hottext identifier="HT-8016">After a few years of living on the farm and then in a little house in Mansfield, Laura drew plans for a new farmhouse.</hottext> <hottext identifier="HT-8017">She believed that a house in the country should be built from materials from the land.</hottext> Manly cut down huge oak trees from Rocky Ridge. He hauled them to the sawmill and brought back great timbers and boards for building. <hottext identifier="HT-8018">He and Laura collected stones from the fields for the foundation and fireplace.</hottext></span></p> <p class="MsoNormal"><strong><span>16</span></strong> <span><hottext identifier="HT-8019">Laura wanted wide, broad windows of clear glass so that she could look out onto the fields and woods.</hottext> She planned three porches so she could always find a cool place on hot days. She loved to read, so a corner of the parlor was set aside for a little library. <hottext identifier="HT-8020">Laura loved fires crackling on a hearth, so a mammoth rock fireplace was planned for one end of the parlor.</hottext></span></p> <p class="MsoNormal"><strong><span>17</span></strong> <span>The house on Rocky Ridge was started in 1896. <hottext identifier="HT-8021">Slowly but steadily, Laura saw her house expand</hottext>. Rooms and improvements were added until finally there were ten rooms. <hottext identifier="HT-8022">It took nearly seventeen years to finish the house.</hottext> <hottext identifier="HT-8023">When it was done, people from all around the countryside called the Wilder house one of the prettiest places in the Ozarks.</hottext> Rocky Ridge Farm grew too. <hottext identifier="HT-8024">Laura and Manly saved money and continued to buy more land until they owned nearly two hundred acres.</hottext></span></p></hottextInteraction>
  </itemBody>
  <responseProcessing>
    <responseCondition>
      <responseIf>
        <match>
          <variable identifier="RESPONSE184"/>
          <correct identifier="RESPONSE184"/>
        </match>
        <setOutcomeValue identifier="SCORE184">
          <baseValue baseType="float">1</baseValue>
        </setOutcomeValue>
      </responseIf>
      <responseElse>
        <setOutcomeValue identifier="SCORE184">
          <baseValue baseType="float">0</baseValue>
        </setOutcomeValue>
      </responseElse>
    </responseCondition>
    <responseCondition>
      <responseIf>
        <match>
          <variable identifier="RESPONSE185"/>
          <correct identifier="RESPONSE185"/>
        </match>
        <setOutcomeValue identifier="SCORE185">
          <baseValue baseType="float">1</baseValue>
        </setOutcomeValue>
      </responseIf>
      <responseElse>
        <setOutcomeValue identifier="SCORE185">
          <baseValue baseType="float">0</baseValue>
        </setOutcomeValue>
      </responseElse>
    </responseCondition>
    <setOutcomeValue identifier="SCORE">
      <sum>
        <variable identifier="SCORE184"/>
        <variable identifier="SCORE185"/>
      </sum>
    </setOutcomeValue>
  </responseProcessing>
</assessmentItem>
