<?xml version="1.0"?>
<assessmentItem adaptive="false" identifier="ITEM-LOGIC-MP-664" timeDependent="false" title="Match each situation about Kyle's budget with the correct answer." toolName="ItemLogic" toolVersion="2.0.0" xmlns="http://www.imsglobal.org/xsd/imsqti_v2p1" xmlns:m="http://www.w3.org/1998/Math/MathML" xmlns:xsi="http://www.w3.org/2001/XMLSchema-instance" xsi:schemaLocation="http://www.imsglobal.org/xsd/imsqti_v2p1  http://www.imsglobal.org/xsd/qti/qtiv2p1/imsqti_v2p1.xsd">
  <responseDeclaration baseType="directedPair" cardinality="multiple" identifier="RESPONSE575">
    <correctResponse>
      <value>SAC-9203 SAC-9267</value>
      <value>SAC-9204 SAC-9268</value>
      <value>SAC-9207 SAC-9258</value>
    </correctResponse>
  </responseDeclaration>
  <outcomeDeclaration baseType="float" cardinality="single" identifier="SCORE575">
    <defaultValue>
      <value>0</value>
    </defaultValue>
  </outcomeDeclaration>
  <outcomeDeclaration baseType="float" cardinality="single" identifier="SCORE">
    <defaultValue>
      <value>0</value>
    </defaultValue>
  </outcomeDeclaration>
  <stylesheet href="../styles/bundled.css" type="text/css"/>
  <stylesheet href="../styles/inline.css" type="text/css"/>
  <itemBody>
    <rubricBlock use="stimulus" view="candidate author proctor scorer testConstructor tutor">
      <div>
        <p>Kyle is purchasing oil for his home at $2.95 per gallon. He is creating a budget for his oil costs.</p>
      </div>
    </rubricBlock>
    <matchInteraction maxAssociations="3" responseIdentifier="RESPONSE575" shuffle="false">
      <prompt>Match each situation about Kyle's budget with the correct answer.<br/></prompt>
      <simpleMatchSet>
        <simpleAssociableChoice identifier="SAC-9203" matchMax="1">
          <p>cost of 150 gallons of oil</p>
        </simpleAssociableChoice>
        <simpleAssociableChoice identifier="SAC-9204" matchMax="1">
          <p>cost of 150 gallons of oil with a $0.10 per gallon discount</p>
        </simpleAssociableChoice>
        <simpleAssociableChoice identifier="SAC-9207" matchMax="1">
          <p>cost per month if he pays $1200.48 for 12 months</p>
        </simpleAssociableChoice>
      </simpleMatchSet>
      <simpleMatchSet>
        <simpleAssociableChoice identifier="SAC-9258" matchMax="1">
          <p>$100.04</p>
        </simpleAssociableChoice>
        <simpleAssociableChoice identifier="SAC-9259" matchMax="1">
          <p>$100.48</p>
        </simpleAssociableChoice>
        <simpleAssociableChoice identifier="SAC-9260" matchMax="1">
          <p>$1040.00</p>
        </simpleAssociableChoice>
        <simpleAssociableChoice identifier="SAC-9262" matchMax="1">
          <p>$1560.00</p>
        </simpleAssociableChoice>
        <simpleAssociableChoice identifier="SAC-9265" matchMax="1">
          <p>$425.50</p>
        </simpleAssociableChoice>
        <simpleAssociableChoice identifier="SAC-9266" matchMax="1">
          <p>$440.50</p>
        </simpleAssociableChoice>
        <simpleAssociableChoice identifier="SAC-9267" matchMax="1">
          <p>$442.50</p>
        </simpleAssociableChoice>
        <simpleAssociableChoice identifier="SAC-9268" matchMax="1">
          <p>$427.50</p>
        </simpleAssociableChoice>
      </simpleMatchSet>
    </matchInteraction>
  </itemBody>
  <responseProcessing>
    <responseCondition>
      <responseIf>
        <match>
          <variable identifier="RESPONSE575"/>
          <correct identifier="RESPONSE575"/>
        </match>
        <setOutcomeValue identifier="SCORE575">
          <baseValue baseType="float">1</baseValue>
        </setOutcomeValue>
      </responseIf>
      <responseElse>
        <setOutcomeValue identifier="SCORE575">
          <baseValue baseType="float">0</baseValue>
        </setOutcomeValue>
      </responseElse>
    </responseCondition>
    <setOutcomeValue identifier="SCORE">
      <sum>
        <variable identifier="SCORE575"/>
      </sum>
    </setOutcomeValue>
  </responseProcessing>
</assessmentItem>
