<?xml version="1.0"?>
<assessmentItem adaptive="false" identifier="ITEM-LOGIC-KS-984" timeDependent="false" title="Compare each experience by matching it to the correct comment in the story." toolName="ItemLogic" toolVersion="2.0.0" xmlns="http://www.imsglobal.org/xsd/imsqti_v2p1" xmlns:m="http://www.w3.org/1998/Math/MathML" xmlns:xsi="http://www.w3.org/2001/XMLSchema-instance" xsi:schemaLocation="http://www.imsglobal.org/xsd/imsqti_v2p1  http://www.imsglobal.org/xsd/qti/qtiv2p1/imsqti_v2p1.xsd">
  <responseDeclaration baseType="directedPair" cardinality="multiple" identifier="RESPONSE1006">
    <correctResponse>
      <value>SAC-17443 SAC-17437</value>
      <value>SAC-17442 SAC-17436</value>
      <value>SAC-17444 SAC-17438</value>
      <value>SAC-17445 SAC-17439</value>
    </correctResponse>
    <mapping defaultValue="-0.50" lowerBound="0.00" upperBound="2.00">
      <mapEntry mapKey="SAC-17443 SAC-17437" mappedValue="0.50"/>
      <mapEntry mapKey="SAC-17442 SAC-17436" mappedValue="0.50"/>
      <mapEntry mapKey="SAC-17444 SAC-17438" mappedValue="0.50"/>
      <mapEntry mapKey="SAC-17445 SAC-17439" mappedValue="0.50"/>
    </mapping>
  </responseDeclaration>
  <outcomeDeclaration baseType="float" cardinality="single" identifier="SCORE1006">
    <defaultValue>
      <value>0</value>
    </defaultValue>
  </outcomeDeclaration>
  <outcomeDeclaration baseType="float" cardinality="single" identifier="SCORE">
    <defaultValue>
      <value>0</value>
    </defaultValue>
  </outcomeDeclaration>
  <stylesheet href="../styles/bundled.css" type="text/css"/>
  <stylesheet href="../styles/inline.css" type="text/css"/>
  <itemBody>
    <rubricBlock use="context" view="candidate author proctor scorer testConstructor tutor">
      <div>
        <object data="../passages/RSC-LOGIC-KS-7322.html" type="text/html"/>
      </div>
    </rubricBlock>
    <rubricBlock use="stimulus" view="candidate author proctor scorer testConstructor tutor">
      <div>
        <p>In the story,<em>Too Crowded, </em>the characters'&#xA0;comments help describe different experiences.</p>
      </div>
    </rubricBlock>
    <matchInteraction maxAssociations="4" responseIdentifier="RESPONSE1006" shuffle="false">
      <prompt>Compare each experience by matching it to the correct comment in the story.<br/></prompt>
      <simpleMatchSet>
        <simpleAssociableChoice identifier="SAC-17442" matchMax="1">
          <p>Joanne hears the pool noises.</p>
        </simpleAssociableChoice>
        <simpleAssociableChoice identifier="SAC-17445" matchMax="1">
          <p>Dad sees the community lake.</p>
        </simpleAssociableChoice>
        <simpleAssociableChoice identifier="SAC-17443" matchMax="1">
          <p>Dad sees the people in the pool.</p>
        </simpleAssociableChoice>
        <simpleAssociableChoice identifier="SAC-17444" matchMax="1">
          <p>Joanne and Erin see the diving board.</p>
        </simpleAssociableChoice>
      </simpleMatchSet>
      <simpleMatchSet>
        <simpleAssociableChoice identifier="SAC-17437" matchMax="1">
          <p>"Whoa!"</p>
        </simpleAssociableChoice>
        <simpleAssociableChoice identifier="SAC-17439" matchMax="1">
          <p>"Now that is what I call fun!"</p>
        </simpleAssociableChoice>
        <simpleAssociableChoice identifier="SAC-17436" matchMax="1">
          <p>"This is going to be so much fun, Erin!"</p>
        </simpleAssociableChoice>
        <simpleAssociableChoice identifier="SAC-17438" matchMax="1">
          <p>"I don't think this looks like very much fun."</p>
        </simpleAssociableChoice>
      </simpleMatchSet>
    </matchInteraction>
  </itemBody>
  <responseProcessing>
    <responseCondition>
      <responseIf>
        <isNull>
          <variable identifier="RESPONSE1006"/>
        </isNull>
        <setOutcomeValue identifier="SCORE1006">
          <baseValue baseType="float">0.0</baseValue>
        </setOutcomeValue>
      </responseIf>
      <responseElse>
        <setOutcomeValue identifier="SCORE1006">
          <mapResponse identifier="RESPONSE1006"/>
        </setOutcomeValue>
      </responseElse>
    </responseCondition>
    <setOutcomeValue identifier="SCORE">
      <sum>
        <variable identifier="SCORE1006"/>
      </sum>
    </setOutcomeValue>
  </responseProcessing>
</assessmentItem>
