<?xml version="1.0"?>
<assessmentItem adaptive="false" identifier="ITEM-LOGIC-MP-203" timeDependent="false" title="In &quot;Cold Snap,&quot; the author uses different words to mean &quot;warm&quot; and &quot;cold.&quot; Select the meaning of eac" toolName="ItemLogic" toolVersion="2.0.0" xmlns="http://www.imsglobal.org/xsd/imsqti_v2p1" xmlns:m="http://www.w3.org/1998/Math/MathML" xmlns:xsi="http://www.w3.org/2001/XMLSchema-instance" xsi:schemaLocation="http://www.imsglobal.org/xsd/imsqti_v2p1  http://www.imsglobal.org/xsd/qti/qtiv2p1/imsqti_v2p1.xsd">
  <responseDeclaration baseType="identifier" cardinality="multiple" identifier="RESPONSE23">
    <correctResponse>
      <value>HT-6575</value>
      <value>HT-6577</value>
      <value>HT-6578</value>
      <value>HT-6580</value>
      <value>HT-6583</value>
    </correctResponse>
  </responseDeclaration>
  <outcomeDeclaration baseType="float" cardinality="single" identifier="SCORE23">
    <defaultValue>
      <value>0</value>
    </defaultValue>
  </outcomeDeclaration>
  <outcomeDeclaration baseType="float" cardinality="single" identifier="SCORE">
    <defaultValue>
      <value>0</value>
    </defaultValue>
  </outcomeDeclaration>
  <stylesheet href="../styles/bundled.css" type="text/css"/>
  <stylesheet href="../styles/inline.css" type="text/css"/>
  <itemBody>
    <rubricBlock use="context" view="candidate author proctor scorer testConstructor tutor">
      <div>
        <object data="../passages/RSC-LOGIC-MP-970.html" type="text/html"/>
      </div>
    </rubricBlock>
    <hottextInteraction maxChoices="0" responseIdentifier="RESPONSE23">
      <prompt>In "Cold Snap," the author uses different words to mean "warm" and "cold." Select the meaning of each of the following words.<br/></prompt>
      <table class="style-a3f303f2f8a08e1dfaa5bdde04c0641d"> <tbody> <tr> <td class="style-25150780864b21cd93ec9cb82758edc1"> <p><span>frigid</span></p> </td> <td class="style-020463708b9d5452dff034889dd6f3cc"> <p><span><hottext identifier="HT-6574">Warm</hottext></span></p> </td> <td class="style-020463708b9d5452dff034889dd6f3cc"> <p><span><hottext identifier="HT-6575">Cold</hottext></span></p> </td> </tr> <tr> <td class="style-25150780864b21cd93ec9cb82758edc1"> <p><span>shivering</span></p> </td> <td class="style-020463708b9d5452dff034889dd6f3cc"> <p><span><hottext identifier="HT-6576">Warm</hottext></span></p> </td> <td class="style-020463708b9d5452dff034889dd6f3cc"> <p><span><hottext identifier="HT-6577">Cold</hottext></span></p> </td> </tr> <tr> <td class="style-25150780864b21cd93ec9cb82758edc1"> <p><span>steamy</span></p> </td> <td class="style-020463708b9d5452dff034889dd6f3cc"> <p><span><hottext identifier="HT-6578">Warm</hottext></span></p> </td> <td class="style-020463708b9d5452dff034889dd6f3cc"> <p><span><hottext identifier="HT-6579">Cold</hottext></span></p> </td> </tr> <tr> <td class="style-25150780864b21cd93ec9cb82758edc1"> <p><span>toasty</span></p> </td> <td class="style-020463708b9d5452dff034889dd6f3cc"> <p><span><hottext identifier="HT-6580">Warm</hottext></span></p> </td> <td class="style-020463708b9d5452dff034889dd6f3cc"> <p><span><hottext identifier="HT-6581">Cold</hottext></span></p> </td> </tr> <tr> <td class="style-25150780864b21cd93ec9cb82758edc1"> <p><span>bitter</span></p> </td> <td class="style-020463708b9d5452dff034889dd6f3cc"> <p><span><hottext identifier="HT-6582">Warm</hottext></span></p> </td> <td class="style-020463708b9d5452dff034889dd6f3cc"> <p><span><hottext identifier="HT-6583">Cold</hottext></span></p> </td> </tr> </tbody> </table>
    </hottextInteraction>
  </itemBody>
  <responseProcessing>
    <responseCondition>
      <responseIf>
        <match>
          <variable identifier="RESPONSE23"/>
          <correct identifier="RESPONSE23"/>
        </match>
        <setOutcomeValue identifier="SCORE23">
          <baseValue baseType="float">1</baseValue>
        </setOutcomeValue>
      </responseIf>
      <responseElse>
        <setOutcomeValue identifier="SCORE23">
          <baseValue baseType="float">0</baseValue>
        </setOutcomeValue>
      </responseElse>
    </responseCondition>
    <setOutcomeValue identifier="SCORE">
      <sum>
        <variable identifier="SCORE23"/>
      </sum>
    </setOutcomeValue>
  </responseProcessing>
</assessmentItem>
