<?xml version="1.0"?>
<assessmentItem adaptive="false" identifier="ITEM-LOGIC-KS-835" timeDependent="false" title="Match each descriptive phrase with the emotional impact it reflects. The paragraph number in which e" toolName="ItemLogic" toolVersion="2.0.0" xmlns="http://www.imsglobal.org/xsd/imsqti_v2p1" xmlns:m="http://www.w3.org/1998/Math/MathML" xmlns:xsi="http://www.w3.org/2001/XMLSchema-instance" xsi:schemaLocation="http://www.imsglobal.org/xsd/imsqti_v2p1  http://www.imsglobal.org/xsd/qti/qtiv2p1/imsqti_v2p1.xsd">
  <responseDeclaration baseType="directedPair" cardinality="multiple" identifier="RESPONSE846">
    <correctResponse>
      <value>SAC-14209 SAC-14214</value>
      <value>SAC-14210 SAC-14212</value>
      <value>SAC-16849 SAC-16854</value>
      <value>SAC-16857 SAC-14211</value>
    </correctResponse>
    <mapping defaultValue="-0.50" lowerBound="0.00" upperBound="2.00">
      <mapEntry mapKey="SAC-14209 SAC-14214" mappedValue="0.50"/>
      <mapEntry mapKey="SAC-14210 SAC-14212" mappedValue="0.50"/>
      <mapEntry mapKey="SAC-16849 SAC-16854" mappedValue="0.50"/>
      <mapEntry mapKey="SAC-16857 SAC-14211" mappedValue="0.50"/>
    </mapping>
  </responseDeclaration>
  <outcomeDeclaration baseType="float" cardinality="single" identifier="SCORE846">
    <defaultValue>
      <value>0</value>
    </defaultValue>
  </outcomeDeclaration>
  <outcomeDeclaration baseType="float" cardinality="single" identifier="SCORE">
    <defaultValue>
      <value>0</value>
    </defaultValue>
  </outcomeDeclaration>
  <stylesheet href="../styles/bundled.css" type="text/css"/>
  <stylesheet href="../styles/inline.css" type="text/css"/>
  <itemBody>
    <rubricBlock use="context" view="candidate author proctor scorer testConstructor tutor">
      <div>
        <object data="../passages/RSC-LOGIC-KS-3781.html" type="text/html"/>
      </div>
    </rubricBlock>
    <rubricBlock use="stimulus" view="candidate author proctor scorer testConstructor tutor">
      <div>
        <p>The author of <em>King's Chosen</em>, uses descriptive phrases to add emotional impact to the storyline.</p>
      </div>
    </rubricBlock>
    <matchInteraction maxAssociations="4" responseIdentifier="RESPONSE846" shuffle="false">
      <prompt>Match each descriptive phrase with the emotional impact it reflects. The paragraph number in which each phrase is found is noted by the letter "P" followed by a number.<br/></prompt>
      <simpleMatchSet>
        <simpleAssociableChoice identifier="SAC-16849" matchMax="1">
          <p>P1: "Sun lowered her eyes"</p>
        </simpleAssociableChoice>
        <simpleAssociableChoice identifier="SAC-16857" matchMax="1">
          <p>P6: "fill my face with prickles"</p>
        </simpleAssociableChoice>
        <simpleAssociableChoice identifier="SAC-14209" matchMax="1">
          <p>P4: "jolted into obedient action"</p>
        </simpleAssociableChoice>
        <simpleAssociableChoice identifier="SAC-14210" matchMax="1">
          <p>P13: "tumbled angrily down the hill"</p>
        </simpleAssociableChoice>
      </simpleMatchSet>
      <simpleMatchSet>
        <simpleAssociableChoice identifier="SAC-14212" matchMax="1">
          <p>reflects the hostility and hatred felt by Zebra</p>
        </simpleAssociableChoice>
        <simpleAssociableChoice identifier="SAC-14211" matchMax="1">
          <p>reflects a level of distrust and suspicion about a partnership</p>
        </simpleAssociableChoice>
        <simpleAssociableChoice identifier="SAC-14214" matchMax="1">
          <p>reflects the fear and respect the animals feel toward King Lion</p>
        </simpleAssociableChoice>
        <simpleAssociableChoice identifier="SAC-16854" matchMax="1">
          <p>reflects a feeling of disapproval and sadness about the contest</p>
        </simpleAssociableChoice>
        <simpleAssociableChoice identifier="SAC-14213" matchMax="1">
          <p>reflects Zebra's eagerness to defeat the other animals in the contest</p>
        </simpleAssociableChoice>
      </simpleMatchSet>
    </matchInteraction>
  </itemBody>
  <responseProcessing>
    <responseCondition>
      <responseIf>
        <isNull>
          <variable identifier="RESPONSE846"/>
        </isNull>
        <setOutcomeValue identifier="SCORE846">
          <baseValue baseType="float">0.0</baseValue>
        </setOutcomeValue>
      </responseIf>
      <responseElse>
        <setOutcomeValue identifier="SCORE846">
          <mapResponse identifier="RESPONSE846"/>
        </setOutcomeValue>
      </responseElse>
    </responseCondition>
    <setOutcomeValue identifier="SCORE">
      <sum>
        <variable identifier="SCORE846"/>
      </sum>
    </setOutcomeValue>
  </responseProcessing>
</assessmentItem>
