<?xml version="1.0"?>
<assessmentItem adaptive="false" identifier="ITEM-LOGIC-MP-406" timeDependent="false" title="Drag a quadrilateral to the chart for each category." toolName="ItemLogic" toolVersion="2.0.0" xmlns="http://www.imsglobal.org/xsd/imsqti_v2p1" xmlns:m="http://www.w3.org/1998/Math/MathML" xmlns:xsi="http://www.w3.org/2001/XMLSchema-instance" xsi:schemaLocation="http://www.imsglobal.org/xsd/imsqti_v2p1  http://www.imsglobal.org/xsd/qti/qtiv2p1/imsqti_v2p1.xsd">
  <responseDeclaration baseType="directedPair" cardinality="multiple" identifier="RESPONSE204">
    <correctResponse>
      <value>GI-16923 HS-14987</value>
      <value>GI-6236 HS-14988</value>
    </correctResponse>
    <mapping defaultValue="0.00" lowerBound="0.00" upperBound="2.00">
      <mapEntry mapKey="GI-16923 HS-14987" mappedValue="1.00"/>
      <mapEntry mapKey="GI-6236 HS-14988" mappedValue="1.00"/>
    </mapping>
  </responseDeclaration>
  <outcomeDeclaration baseType="float" cardinality="single" identifier="SCORE204">
    <defaultValue>
      <value>0</value>
    </defaultValue>
  </outcomeDeclaration>
  <outcomeDeclaration baseType="float" cardinality="single" identifier="SCORE">
    <defaultValue>
      <value>0</value>
    </defaultValue>
  </outcomeDeclaration>
  <stylesheet href="../styles/bundled.css" type="text/css"/>
  <stylesheet href="../styles/inline.css" type="text/css"/>
  <itemBody>
    <rubricBlock use="stimulus" view="candidate author proctor scorer testConstructor tutor">
      <div>
        <p>Kyla made a chart with two different categories.</p>
      </div>
    </rubricBlock>
    <graphicGapMatchInteraction responseIdentifier="RESPONSE204">
      <prompt>Drag a quadrilateral to the chart for each category.<br/></prompt>
      <object data="../images/FROERI406_Quads_stem_01_o_cc8cb4bb22.png" height="238" type="image/png" width="290"/>
      <gapImg identifier="GI-16923" matchMax="1">
        <object data="../images/FROERI406_Quads_opt_a01_o_03ef4ab451.png" height="125" type="image/png" width="125"/>
      </gapImg>
      <gapImg identifier="GI-6233" matchMax="1">
        <object data="../images/FROERI406_Quads_opt_B01_o_8b323ccae1.png" height="125" type="image/png" width="125"/>
      </gapImg>
      <gapImg identifier="GI-6234" matchMax="1">
        <object data="../images/FROERI406_Quads_opt_C01_o_7988a31cf8.png" height="125" type="image/png" width="125"/>
      </gapImg>
      <gapImg identifier="GI-6236" matchMax="1">
        <object data="../images/FROERI406_Quads_opt_E01_o_b56b481e14.png" height="125" type="image/png" width="125"/>
      </gapImg>
      <associableHotspot coords="12,101,137,226" identifier="HS-14987" matchMax="1" shape="rect"/>
      <associableHotspot coords="154,102,279,227" identifier="HS-14988" matchMax="1" shape="rect"/>
    </graphicGapMatchInteraction>
  </itemBody>
  <responseProcessing>
    <responseCondition>
      <responseIf>
        <isNull>
          <variable identifier="RESPONSE204"/>
        </isNull>
        <setOutcomeValue identifier="SCORE204">
          <baseValue baseType="float">0.0</baseValue>
        </setOutcomeValue>
      </responseIf>
      <responseElse>
        <setOutcomeValue identifier="SCORE204">
          <mapResponse identifier="RESPONSE204"/>
        </setOutcomeValue>
      </responseElse>
    </responseCondition>
    <setOutcomeValue identifier="SCORE">
      <sum>
        <variable identifier="SCORE204"/>
      </sum>
    </setOutcomeValue>
  </responseProcessing>
</assessmentItem>
