<?xml version="1.0"?>
<assessmentItem adaptive="false" identifier="ITEM-LOGIC-MP-643" timeDependent="false" title="Did each student represent the number correctly? Click correct or incorrect." toolName="ItemLogic" toolVersion="2.0.0" xmlns="http://www.imsglobal.org/xsd/imsqti_v2p1" xmlns:m="http://www.w3.org/1998/Math/MathML" xmlns:xsi="http://www.w3.org/2001/XMLSchema-instance" xsi:schemaLocation="http://www.imsglobal.org/xsd/imsqti_v2p1  http://www.imsglobal.org/xsd/qti/qtiv2p1/imsqti_v2p1.xsd">
  <responseDeclaration baseType="identifier" cardinality="multiple" identifier="RESPONSE547">
    <correctResponse>
      <value>HT-18660</value>
      <value>HT-18663</value>
      <value>HT-18665</value>
      <value>HT-18666</value>
      <value>HT-18669</value>
    </correctResponse>
  </responseDeclaration>
  <outcomeDeclaration baseType="float" cardinality="single" identifier="SCORE547">
    <defaultValue>
      <value>0</value>
    </defaultValue>
  </outcomeDeclaration>
  <outcomeDeclaration baseType="float" cardinality="single" identifier="SCORE">
    <defaultValue>
      <value>0</value>
    </defaultValue>
  </outcomeDeclaration>
  <stylesheet href="../styles/bundled.css" type="text/css"/>
  <stylesheet href="../styles/inline.css" type="text/css"/>
  <itemBody>
    <rubricBlock use="stimulus" view="candidate author proctor scorer testConstructor tutor">
      <div>
        <p>Mr. Hogan wrote this number and asked some students to represent it in a different way.</p>
        <p>
          <object data="../images/IGOMOL643_written_number_1e52946a39.png" height="27" type="image/png" width="450"/>
        </p>
      </div>
    </rubricBlock>
    <hottextInteraction maxChoices="0" responseIdentifier="RESPONSE547">
      <prompt>Did each student represent the number correctly? Click correct or incorrect.<br/></prompt>
      <table class="style-a3f303f2f8a08e1dfaa5bdde04c0641d"> <tbody> <tr> <td class="style-25150780864b21cd93ec9cb82758edc1">Paul wrote 10,000 + 500 + 70 + 3</td> <td class="style-25150780864b21cd93ec9cb82758edc1"><hottext identifier="HT-18660">correct</hottext></td> <td class="style-25150780864b21cd93ec9cb82758edc1"><hottext identifier="HT-18661">incorrect</hottext></td> </tr> <tr> <td class="style-25150780864b21cd93ec9cb82758edc1">Carrie wrote 100,573</td> <td class="style-25150780864b21cd93ec9cb82758edc1"><hottext identifier="HT-18662">correct</hottext></td> <td class="style-25150780864b21cd93ec9cb82758edc1"><hottext identifier="HT-18663">incorrect</hottext></td> </tr> <tr> <td class="style-25150780864b21cd93ec9cb82758edc1">Jenny wrote 1000 + 500 + 70 + 3</td> <td class="style-25150780864b21cd93ec9cb82758edc1"><hottext identifier="HT-18664">correct</hottext></td> <td class="style-25150780864b21cd93ec9cb82758edc1"><hottext identifier="HT-18665">incorrect</hottext></td> </tr> <tr> <td class="style-25150780864b21cd93ec9cb82758edc1">David wrote 10,573</td> <td class="style-25150780864b21cd93ec9cb82758edc1"><hottext identifier="HT-18666">correct</hottext></td> <td class="style-25150780864b21cd93ec9cb82758edc1"><hottext identifier="HT-18667">incorrect</hottext></td> </tr> <tr> <td class="style-25150780864b21cd93ec9cb82758edc1">Walt wrote 1 + 0 + 5 + 7 + 3</td> <td class="style-25150780864b21cd93ec9cb82758edc1"><hottext identifier="HT-18668">correct</hottext></td> <td class="style-25150780864b21cd93ec9cb82758edc1"><hottext identifier="HT-18669">incorrect</hottext></td> </tr> </tbody> </table>
    </hottextInteraction>
  </itemBody>
  <responseProcessing>
    <responseCondition>
      <responseIf>
        <match>
          <variable identifier="RESPONSE547"/>
          <correct identifier="RESPONSE547"/>
        </match>
        <setOutcomeValue identifier="SCORE547">
          <baseValue baseType="float">1</baseValue>
        </setOutcomeValue>
      </responseIf>
      <responseElse>
        <setOutcomeValue identifier="SCORE547">
          <baseValue baseType="float">0</baseValue>
        </setOutcomeValue>
      </responseElse>
    </responseCondition>
    <setOutcomeValue identifier="SCORE">
      <sum>
        <variable identifier="SCORE547"/>
      </sum>
    </setOutcomeValue>
  </responseProcessing>
</assessmentItem>
