<?xml version="1.0"?>
<assessmentItem adaptive="false" identifier="ITEM-LOGIC-MP-397" timeDependent="false" title="Select the statement that Marc Kuchner, a planetary scientist at NASA, would most likely agree with." toolName="ItemLogic" toolVersion="2.0.0" xmlns="http://www.imsglobal.org/xsd/imsqti_v2p1" xmlns:m="http://www.w3.org/1998/Math/MathML" xmlns:xsi="http://www.w3.org/2001/XMLSchema-instance" xsi:schemaLocation="http://www.imsglobal.org/xsd/imsqti_v2p1  http://www.imsglobal.org/xsd/qti/qtiv2p1/imsqti_v2p1.xsd">
  <responseDeclaration baseType="directedPair" cardinality="multiple" identifier="RESPONSE191">
    <correctResponse>
      <value>GI-7698 HS-6505</value>
    </correctResponse>
  </responseDeclaration>
  <outcomeDeclaration baseType="float" cardinality="single" identifier="SCORE191">
    <defaultValue>
      <value>0</value>
    </defaultValue>
  </outcomeDeclaration>
  <outcomeDeclaration baseType="float" cardinality="single" identifier="SCORE">
    <defaultValue>
      <value>0</value>
    </defaultValue>
  </outcomeDeclaration>
  <stylesheet href="../styles/bundled.css" type="text/css"/>
  <stylesheet href="../styles/inline.css" type="text/css"/>
  <itemBody>
    <rubricBlock use="context" view="candidate author proctor scorer testConstructor tutor">
      <div>
        <object data="../passages/RSC-LOGIC-MP-967.html" type="text/html"/>
      </div>
    </rubricBlock>
    <graphicGapMatchInteraction responseIdentifier="RESPONSE191">
      <prompt>Select the statement that Marc Kuchner, a planetary scientist at NASA, would most likely agree with. Then place it in the chart.<br/></prompt>
      <object data="../images/MIGKIR397_Pluto_stem_01_o_ba89f41e34.png" height="102" type="image/png" width="456"/>
      <gapImg identifier="GI-6493" matchMax="1">
        <object data="../images/MIGKIR397_Pluto_opt_C01_o_96e5dd7619.png" height="52" type="image/png" width="435"/>
      </gapImg>
      <gapImg identifier="GI-7699" matchMax="1">
        <object data="../images/MIGKIR397_Pluto_opt_D01_o_08e1e41ae2.png" height="51" type="image/png" width="435"/>
      </gapImg>
      <gapImg identifier="GI-7698" matchMax="1">
        <object data="../images/MIGKIR397_Pluto_opt_A01_o_e916f55c3d.png" height="51" type="image/png" width="435"/>
      </gapImg>
      <associableHotspot coords="9,37,444,89" identifier="HS-6505" matchMax="1" shape="rect"/>
    </graphicGapMatchInteraction>
  </itemBody>
  <responseProcessing>
    <responseCondition>
      <responseIf>
        <match>
          <variable identifier="RESPONSE191"/>
          <correct identifier="RESPONSE191"/>
        </match>
        <setOutcomeValue identifier="SCORE191">
          <baseValue baseType="float">1</baseValue>
        </setOutcomeValue>
      </responseIf>
      <responseElse>
        <setOutcomeValue identifier="SCORE191">
          <baseValue baseType="float">0</baseValue>
        </setOutcomeValue>
      </responseElse>
    </responseCondition>
    <setOutcomeValue identifier="SCORE">
      <sum>
        <variable identifier="SCORE191"/>
      </sum>
    </setOutcomeValue>
  </responseProcessing>
</assessmentItem>
