<?xml version="1.0"?>
<assessmentItem adaptive="false" identifier="ITEM-LOGIC-MP-498" timeDependent="false" title="Provide an accurate and objective summary of the selection by identifying the events from the select" toolName="ItemLogic" toolVersion="2.0.0" xmlns="http://www.imsglobal.org/xsd/imsqti_v2p1" xmlns:m="http://www.w3.org/1998/Math/MathML" xmlns:xsi="http://www.w3.org/2001/XMLSchema-instance" xsi:schemaLocation="http://www.imsglobal.org/xsd/imsqti_v2p1  http://www.imsglobal.org/xsd/qti/qtiv2p1/imsqti_v2p1.xsd">
  <responseDeclaration baseType="directedPair" cardinality="multiple" identifier="RESPONSE360">
    <correctResponse>
      <value>GI-6844 HS-6849</value>
      <value>GI-6842 HS-6850</value>
      <value>GI-6848 HS-6851</value>
      <value>GI-6846 HS-6852</value>
    </correctResponse>
  </responseDeclaration>
  <outcomeDeclaration baseType="float" cardinality="single" identifier="SCORE360">
    <defaultValue>
      <value>0</value>
    </defaultValue>
  </outcomeDeclaration>
  <outcomeDeclaration baseType="float" cardinality="single" identifier="SCORE">
    <defaultValue>
      <value>0</value>
    </defaultValue>
  </outcomeDeclaration>
  <stylesheet href="../styles/bundled.css" type="text/css"/>
  <stylesheet href="../styles/inline.css" type="text/css"/>
  <itemBody>
    <rubricBlock use="context" view="candidate author proctor scorer testConstructor tutor">
      <div>
        <object data="../passages/RSC-LOGIC-MP-974.html" type="text/html"/>
      </div>
    </rubricBlock>
    <graphicGapMatchInteraction responseIdentifier="RESPONSE360">
      <prompt>Provide an accurate and objective summary of the selection by identifying the events from the selection and placing them in the order in which they occur.<br/></prompt>
      <object data="../images/RODJOH498_RodgersJ_stem_01_o_4dfe888871.png" height="267" type="image/png" width="477"/>
      <gapImg identifier="GI-6842" matchMax="1">
        <object data="../images/RODJOH498_RodgersJ_opt_A01_o_af7cbb54e5.png" height="53" type="image/png" width="376"/>
      </gapImg>
      <gapImg identifier="GI-7952" matchMax="1">
        <object data="../images/RODJOH498_RodgersJ_opt_B01_o_0eb7133457.png" height="51" type="image/png" width="376"/>
      </gapImg>
      <gapImg identifier="GI-6844" matchMax="1">
        <object data="../images/RODJOH498_RodgersJ_opt_C01_o_57c29b8e51.png" height="52" type="image/png" width="376"/>
      </gapImg>
      <gapImg identifier="GI-6845" matchMax="1">
        <object data="../images/RODJOH498_RodgersJ_opt_D01_o_a0e46b5d9b.png" height="53" type="image/png" width="376"/>
      </gapImg>
      <gapImg identifier="GI-6846" matchMax="1">
        <object data="../images/RODJOH498_RodgersJ_opt_E01_o_931f00d577.png" height="52" type="image/png" width="376"/>
      </gapImg>
      <gapImg identifier="GI-6848" matchMax="1">
        <object data="../images/RODJOH498_RodgersJ_opt_G01_o_c9290661d2.png" height="52" type="image/png" width="376"/>
      </gapImg>
      <gapImg identifier="GI-7953" matchMax="1">
        <object data="../images/RODJOH498_RodgersJ_opt_F01_o_f976adffc3.png" height="51" type="image/png" width="376"/>
      </gapImg>
      <associableHotspot coords="89,10,465,63" identifier="HS-6849" matchMax="1" shape="rect"/>
      <associableHotspot coords="87,75,463,128" identifier="HS-6850" matchMax="1" shape="rect"/>
      <associableHotspot coords="89,141,465,194" identifier="HS-6851" matchMax="1" shape="rect"/>
      <associableHotspot coords="90,203,466,256" identifier="HS-6852" matchMax="1" shape="rect"/>
    </graphicGapMatchInteraction>
  </itemBody>
  <responseProcessing>
    <responseCondition>
      <responseIf>
        <match>
          <variable identifier="RESPONSE360"/>
          <correct identifier="RESPONSE360"/>
        </match>
        <setOutcomeValue identifier="SCORE360">
          <baseValue baseType="float">1</baseValue>
        </setOutcomeValue>
      </responseIf>
      <responseElse>
        <setOutcomeValue identifier="SCORE360">
          <baseValue baseType="float">0</baseValue>
        </setOutcomeValue>
      </responseElse>
    </responseCondition>
    <setOutcomeValue identifier="SCORE">
      <sum>
        <variable identifier="SCORE360"/>
      </sum>
    </setOutcomeValue>
  </responseProcessing>
</assessmentItem>
