<?xml version="1.0"?>
<assessmentItem adaptive="false" identifier="ITEM-LOGIC-MP-432" timeDependent="false" title="Put the following events in the correct order to create a summary of the selection." toolName="ItemLogic" toolVersion="2.0.0" xmlns="http://www.imsglobal.org/xsd/imsqti_v2p1" xmlns:m="http://www.w3.org/1998/Math/MathML" xmlns:xsi="http://www.w3.org/2001/XMLSchema-instance" xsi:schemaLocation="http://www.imsglobal.org/xsd/imsqti_v2p1  http://www.imsglobal.org/xsd/qti/qtiv2p1/imsqti_v2p1.xsd">
  <responseDeclaration baseType="identifier" cardinality="ordered" identifier="RESPONSE254">
    <correctResponse>
      <value>SC-5292</value>
      <value>SC-5296</value>
      <value>SC-5289</value>
      <value>SC-5295</value>
      <value>SC-5290</value>
      <value>SC-5288</value>
      <value>SC-5293</value>
      <value>SC-5294</value>
    </correctResponse>
  </responseDeclaration>
  <outcomeDeclaration baseType="float" cardinality="single" identifier="SCORE254">
    <defaultValue>
      <value>0</value>
    </defaultValue>
  </outcomeDeclaration>
  <outcomeDeclaration baseType="float" cardinality="single" identifier="SCORE">
    <defaultValue>
      <value>0</value>
    </defaultValue>
  </outcomeDeclaration>
  <stylesheet href="../styles/bundled.css" type="text/css"/>
  <stylesheet href="../styles/inline.css" type="text/css"/>
  <itemBody>
    <rubricBlock use="context" view="candidate author proctor scorer testConstructor tutor">
      <div>
        <object data="../passages/RSC-LOGIC-MP-986.html" type="text/html"/>
      </div>
    </rubricBlock>
    <orderInteraction orientation="vertical" responseIdentifier="RESPONSE254" shuffle="false">
      <prompt>Put the following events in the correct order to create a summary of the selection.<br/></prompt>
      <simpleChoice identifier="SC-5288">
        <p>Lila explains to Jon about her library and what he needs to do to check out a book.</p>
      </simpleChoice>
      <simpleChoice identifier="SC-5289">
        <p>As Lila tries to forget her problem, she overhears a disagreement outside.</p>
      </simpleChoice>
      <simpleChoice identifier="SC-5290">
        <p>Jon sees Lila looking out the window and decides to see what she is up to.</p>
      </simpleChoice>
      <simpleChoice identifier="SC-5292">
        <p>Lila has had a disagreement with her friends and is spending the day alone.</p>
      </simpleChoice>
      <simpleChoice identifier="SC-5293">
        <p>Jon is interested in bugs, and Lila happens to have a book about backyard bugs.</p>
      </simpleChoice>
      <simpleChoice identifier="SC-5294">
        <p>Lila is happy to know that she no longer has to spend the day alone.</p>
      </simpleChoice>
      <simpleChoice identifier="SC-5295">
        <p>Her friends, Amy, Alan, and Jon, are jumping rope and seem to be arguing with each other.</p>
      </simpleChoice>
      <simpleChoice identifier="SC-5296">
        <p>To get her mind off her troubles, Lila sets up a pretend library.</p>
      </simpleChoice>
    </orderInteraction>
  </itemBody>
  <responseProcessing>
    <responseCondition>
      <responseIf>
        <match>
          <variable identifier="RESPONSE254"/>
          <correct identifier="RESPONSE254"/>
        </match>
        <setOutcomeValue identifier="SCORE254">
          <baseValue baseType="float">1</baseValue>
        </setOutcomeValue>
      </responseIf>
      <responseElse>
        <setOutcomeValue identifier="SCORE254">
          <baseValue baseType="float">0</baseValue>
        </setOutcomeValue>
      </responseElse>
    </responseCondition>
    <setOutcomeValue identifier="SCORE">
      <sum>
        <variable identifier="SCORE254"/>
      </sum>
    </setOutcomeValue>
  </responseProcessing>
</assessmentItem>
