<?xml version="1.0"?>
<assessmentItem adaptive="false" identifier="ITEM-LOGIC-MP-651" timeDependent="false" title="Part A Based on &quot;Huckleberry Finn,&quot;&#xA0;complete the following sentence." toolName="ItemLogic" toolVersion="2.0.0" xmlns="http://www.imsglobal.org/xsd/imsqti_v2p1" xmlns:m="http://www.w3.org/1998/Math/MathML" xmlns:xsi="http://www.w3.org/2001/XMLSchema-instance" xsi:schemaLocation="http://www.imsglobal.org/xsd/imsqti_v2p1  http://www.imsglobal.org/xsd/qti/qtiv2p1/imsqti_v2p1.xsd">
  <responseDeclaration baseType="identifier" cardinality="single" identifier="RESPONSE559">
    <correctResponse>
      <value>IC-9028</value>
    </correctResponse>
  </responseDeclaration>
  <responseDeclaration baseType="identifier" cardinality="multiple" identifier="RESPONSE561">
    <correctResponse>
      <value>HT-18657</value>
      <value>HT-18658</value>
    </correctResponse>
  </responseDeclaration>
  <outcomeDeclaration baseType="float" cardinality="single" identifier="SCORE559">
    <defaultValue>
      <value>0</value>
    </defaultValue>
  </outcomeDeclaration>
  <outcomeDeclaration baseType="float" cardinality="single" identifier="SCORE561">
    <defaultValue>
      <value>0</value>
    </defaultValue>
  </outcomeDeclaration>
  <outcomeDeclaration baseType="float" cardinality="single" identifier="SCORE">
    <defaultValue>
      <value>0</value>
    </defaultValue>
  </outcomeDeclaration>
  <stylesheet href="../styles/bundled.css" type="text/css"/>
  <stylesheet href="../styles/inline.css" type="text/css"/>
  <itemBody>
    <rubricBlock use="context" view="candidate author proctor scorer testConstructor tutor">
      <div>
        <object data="../passages/RSC-LOGIC-MP-1663.html" type="text/html"/>
      </div>
    </rubricBlock>
    <div class="stem stem_inline">
      <div class="stem_prompt"><p>Part A</p> <p>Based on "Huckleberry Finn," complete the following sentence.</p></div>
      <p>Huckleberry Finn believes it is "rough living" at the widow's house because <inlineChoiceInteraction responseIdentifier="RESPONSE559" shuffle="false"><inlineChoice identifier="IC-9030">Huckleberry is mistreated by the widow.</inlineChoice><inlineChoice identifier="IC-9028">the widow expects Huckleberry to follow her rules.</inlineChoice><inlineChoice identifier="IC-9031">Huckleberry does not like the widow's cooking.</inlineChoice><inlineChoice identifier="IC-9029">the widow keeps Huckleberry's money from him.</inlineChoice></inlineChoiceInteraction></p>
    </div>
    <hottextInteraction maxChoices="0" responseIdentifier="RESPONSE561">
      <prompt>Part B<br/> Select two pieces of evidence from Selection 2 that <strong>best</strong> support the answer in Part A.<br/></prompt>
      <p><hottext identifier="HT-18655">The widow she cried over me,</hottext>and called me a poor lost lamb, and <hottext identifier="HT-18656">she called me a lot of other names,</hottext> too, but she never meant no harm by it. She put me in them new clothes again, and <hottext identifier="HT-18657">I couldn&#x2019;t do nothing but sweat and sweat, and feel all cramped up.</hottext> Well, then, the old thing commenced again. The widow rung a bell for supper, and you had to come to time. When you got to the table you couldn&#x2019;t go right to eating, but <hottext identifier="HT-18658">you had to wait for the widow to tuck down her head</hottext> and grumble a little over the victuals, though there warn&#x2019;t really anything the matter with them,&#x2014;that is, <hottext identifier="HT-18659">nothing only everything was cooked by itself.</hottext> In a barrel of odds and ends it is different; things get mixed up, and the juice kind of swaps around, and the things go better.</p>
    </hottextInteraction>
  </itemBody>
  <responseProcessing>
    <responseCondition>
      <responseIf>
        <match>
          <variable identifier="RESPONSE559"/>
          <correct identifier="RESPONSE559"/>
        </match>
        <setOutcomeValue identifier="SCORE559">
          <baseValue baseType="float">1</baseValue>
        </setOutcomeValue>
      </responseIf>
      <responseElse>
        <setOutcomeValue identifier="SCORE559">
          <baseValue baseType="float">0</baseValue>
        </setOutcomeValue>
      </responseElse>
    </responseCondition>
    <responseCondition>
      <responseIf>
        <match>
          <variable identifier="RESPONSE561"/>
          <correct identifier="RESPONSE561"/>
        </match>
        <setOutcomeValue identifier="SCORE561">
          <baseValue baseType="float">1</baseValue>
        </setOutcomeValue>
      </responseIf>
      <responseElse>
        <setOutcomeValue identifier="SCORE561">
          <baseValue baseType="float">0</baseValue>
        </setOutcomeValue>
      </responseElse>
    </responseCondition>
    <setOutcomeValue identifier="SCORE">
      <sum>
        <variable identifier="SCORE559"/>
        <variable identifier="SCORE561"/>
      </sum>
    </setOutcomeValue>
  </responseProcessing>
</assessmentItem>
