<?xml version="1.0"?>
<assessmentItem adaptive="false" identifier="ITEM-LOGIC-KS-1034" timeDependent="false" title="Choose two concepts from the text that work together to provide support for this statement." toolName="ItemLogic" toolVersion="2.0.0" xmlns="http://www.imsglobal.org/xsd/imsqti_v2p1" xmlns:m="http://www.w3.org/1998/Math/MathML" xmlns:xsi="http://www.w3.org/2001/XMLSchema-instance" xsi:schemaLocation="http://www.imsglobal.org/xsd/imsqti_v2p1  http://www.imsglobal.org/xsd/qti/qtiv2p1/imsqti_v2p1.xsd">
  <responseDeclaration baseType="identifier" cardinality="multiple" identifier="RESPONSE1082">
    <correctResponse>
      <value>HT-18441</value>
      <value>HT-18443</value>
    </correctResponse>
  </responseDeclaration>
  <outcomeDeclaration baseType="float" cardinality="single" identifier="SCORE1082">
    <defaultValue>
      <value>0</value>
    </defaultValue>
  </outcomeDeclaration>
  <outcomeDeclaration baseType="float" cardinality="single" identifier="SCORE">
    <defaultValue>
      <value>0</value>
    </defaultValue>
  </outcomeDeclaration>
  <stylesheet href="../styles/bundled.css" type="text/css"/>
  <stylesheet href="../styles/inline.css" type="text/css"/>
  <itemBody>
    <rubricBlock use="stimulus" view="candidate author proctor scorer testConstructor tutor">
      <div>
        <p>In the text, <em>Saving Our Seeds</em>, the author explains why the unique design of the Svalbard Global Seed Vault is critical to its goal of keeping seeds safe for future generations.</p>
      </div>
    </rubricBlock>
    <hottextInteraction maxChoices="0" responseIdentifier="RESPONSE1082">
      <prompt>
        <span>Choose two concepts from the text that work together to provide support for this statement.</span>
        <br/>
      </prompt>
      <p>
        <hottext identifier="HT-18338">The high humidity in some countries accelerates the metabolism of seeds thus greatly decreasing their viability.</hottext>
      </p>
      <p>
        <hottext identifier="HT-18445">Seeds from around the world are flown into the Longyearbyen Airport, which is located about one mile from the Svalbard Seed Vault.</hottext>
      </p>
      <p>
        <hottext identifier="HT-18441">An internal temperature of -4 degrees Celsius is maintained at all times, even during power outages.</hottext>
      </p>
      <p>
        <hottext identifier="HT-18443">Protective crates, airlock doors and airtight tubs prevent germination and extend seed viability.</hottext>
      </p>
      <p>
        <hottext identifier="HT-18444">The critical nature of storing seeds for future generations is recognized by many countries, including the United States.</hottext>
      </p>
    </hottextInteraction>
  </itemBody>
  <responseProcessing>
    <responseCondition>
      <responseIf>
        <match>
          <variable identifier="RESPONSE1082"/>
          <correct identifier="RESPONSE1082"/>
        </match>
        <setOutcomeValue identifier="SCORE1082">
          <baseValue baseType="float">1</baseValue>
        </setOutcomeValue>
      </responseIf>
      <responseElse>
        <setOutcomeValue identifier="SCORE1082">
          <baseValue baseType="float">0</baseValue>
        </setOutcomeValue>
      </responseElse>
    </responseCondition>
    <setOutcomeValue identifier="SCORE">
      <sum>
        <variable identifier="SCORE1082"/>
      </sum>
    </setOutcomeValue>
  </responseProcessing>
</assessmentItem>
