<?xml version="1.0"?>
<assessmentItem adaptive="false" identifier="ITEM-LOGIC-MP-222" timeDependent="false" title="Gina is making this area model to solve [math] . Drag the numbers into the correct boxes to complete" toolName="ItemLogic" toolVersion="2.0.0" xmlns="http://www.imsglobal.org/xsd/imsqti_v2p1" xmlns:m="http://www.w3.org/1998/Math/MathML" xmlns:xsi="http://www.w3.org/2001/XMLSchema-instance" xsi:schemaLocation="http://www.imsglobal.org/xsd/imsqti_v2p1  http://www.imsglobal.org/xsd/qti/qtiv2p1/imsqti_v2p1.xsd">
  <responseDeclaration baseType="directedPair" cardinality="multiple" identifier="RESPONSE58">
    <correctResponse>
      <value>GI-3588 HS-3591</value>
      <value>GI-3586 HS-3592</value>
      <value>GI-3587 HS-3593</value>
      <value>GI-3582 HS-3594</value>
    </correctResponse>
    <mapping defaultValue="0.00" lowerBound="0.00" upperBound="2.00">
      <mapEntry mapKey="GI-3588 HS-3591" mappedValue="0.50"/>
      <mapEntry mapKey="GI-3586 HS-3592" mappedValue="0.50"/>
      <mapEntry mapKey="GI-3587 HS-3593" mappedValue="0.50"/>
      <mapEntry mapKey="GI-3582 HS-3594" mappedValue="0.50"/>
    </mapping>
  </responseDeclaration>
  <outcomeDeclaration baseType="float" cardinality="single" identifier="SCORE58">
    <defaultValue>
      <value>0</value>
    </defaultValue>
  </outcomeDeclaration>
  <outcomeDeclaration baseType="float" cardinality="single" identifier="SCORE">
    <defaultValue>
      <value>0</value>
    </defaultValue>
  </outcomeDeclaration>
  <stylesheet href="../styles/bundled.css" type="text/css"/>
  <stylesheet href="../styles/inline.css" type="text/css"/>
  <itemBody>
    <graphicGapMatchInteraction responseIdentifier="RESPONSE58">
      <prompt xmlns:default="http://www.w3.org/1998/Math/MathML">Gina is making this area model to solve <m:math xmlns="http://www.w3.org/1998/Math/MathML">   <m:mn>24</m:mn>   <m:mo>&#xD7;<!-- Ã— --></m:mo>   <m:mn>35</m:mn> </m:math>. Drag the numbers into the correct boxes to complete the model.<br/></prompt>
      <object data="../images/FRO_ERI_AreaTiles_o_d13124fdf8.png" height="244" type="image/png" width="351"/>
      <gapImg identifier="GI-3581" matchMax="1">
        <object data="../images/FRO_ERI_AreaTiles_opt_01_o_07fe6e63c5.png" height="20" type="image/png" width="30"/>
      </gapImg>
      <gapImg identifier="GI-3582" matchMax="1">
        <object data="../images/FRO_ERI_AreaTiles_opt_02_o_24bcffa1bf.png" height="21" type="image/png" width="30"/>
      </gapImg>
      <gapImg identifier="GI-3583" matchMax="1">
        <object data="../images/FRO_ERI_AreaTiles_opt_03_o_6a166e79a8.png" height="20" type="image/png" width="30"/>
      </gapImg>
      <gapImg identifier="GI-3584" matchMax="1">
        <object data="../images/FRO_ERI_AreaTiles_opt_04_o_03c8f71358.png" height="21" type="image/png" width="30"/>
      </gapImg>
      <gapImg identifier="GI-3585" matchMax="1">
        <object data="../images/FRO_ERI_AreaTiles_opt_05_o_cf0041f95f.png" height="20" type="image/png" width="30"/>
      </gapImg>
      <gapImg identifier="GI-3595" matchMax="1">
        <object data="../images/FROERI011_Canoe_Swim_opt_I01_o_2b07fdc69a.png" height="19" type="image/png" width="28"/>
      </gapImg>
      <gapImg identifier="GI-3586" matchMax="1">
        <object data="../images/FRO_ERI_AreaTiles_opt_06_o_d8fbc6997e.png" height="21" type="image/png" width="30"/>
      </gapImg>
      <gapImg identifier="GI-3587" matchMax="1">
        <object data="../images/FRO_ERI_AreaTiles_opt_07_o_4f003cafbc.png" height="20" type="image/png" width="30"/>
      </gapImg>
      <gapImg identifier="GI-3588" matchMax="1">
        <object data="../images/FRO_ERI_AreaTiles_opt_08_o_eee48e2a3f.png" height="21" type="image/png" width="30"/>
      </gapImg>
      <gapImg identifier="GI-3589" matchMax="1">
        <object data="../images/FRO_ERI_AreaTiles_opt_09_o_46a7208831.png" height="20" type="image/png" width="30"/>
      </gapImg>
      <gapImg identifier="GI-3590" matchMax="1">
        <object data="../images/FRO_ERI_AreaTiles_opt_10_o_6d70d6e3ed.png" height="21" type="image/png" width="30"/>
      </gapImg>
      <associableHotspot coords="146,100,176,121" identifier="HS-3591" matchMax="1" shape="rect"/>
      <associableHotspot coords="311,100,341,121" identifier="HS-3592" matchMax="1" shape="rect"/>
      <associableHotspot coords="146,215,176,236" identifier="HS-3593" matchMax="1" shape="rect"/>
      <associableHotspot coords="314,214,344,235" identifier="HS-3594" matchMax="1" shape="rect"/>
    </graphicGapMatchInteraction>
  </itemBody>
  <responseProcessing>
    <responseCondition>
      <responseIf>
        <isNull>
          <variable identifier="RESPONSE58"/>
        </isNull>
        <setOutcomeValue identifier="SCORE58">
          <baseValue baseType="float">0.0</baseValue>
        </setOutcomeValue>
      </responseIf>
      <responseElse>
        <setOutcomeValue identifier="SCORE58">
          <mapResponse identifier="RESPONSE58"/>
        </setOutcomeValue>
      </responseElse>
    </responseCondition>
    <setOutcomeValue identifier="SCORE">
      <sum>
        <variable identifier="SCORE58"/>
      </sum>
    </setOutcomeValue>
  </responseProcessing>
</assessmentItem>
