<?xml version="1.0"?>
<assessmentItem adaptive="false" identifier="ITEM-LOGIC-KS-1000" timeDependent="false" title="Part A Choose one key point the author makes in the text." toolName="ItemLogic" toolVersion="2.0.0" xmlns="http://www.imsglobal.org/xsd/imsqti_v2p1" xmlns:m="http://www.w3.org/1998/Math/MathML" xmlns:xsi="http://www.w3.org/2001/XMLSchema-instance" xsi:schemaLocation="http://www.imsglobal.org/xsd/imsqti_v2p1  http://www.imsglobal.org/xsd/qti/qtiv2p1/imsqti_v2p1.xsd">
  <responseDeclaration baseType="identifier" cardinality="multiple" identifier="RESPONSE1041">
    <correctResponse>
      <value>HT-17834</value>
    </correctResponse>
  </responseDeclaration>
  <responseDeclaration baseType="identifier" cardinality="multiple" identifier="RESPONSE1043">
    <correctResponse>
      <value>HT-17840</value>
      <value>HT-17845</value>
    </correctResponse>
  </responseDeclaration>
  <outcomeDeclaration baseType="float" cardinality="single" identifier="SCORE1041">
    <defaultValue>
      <value>0</value>
    </defaultValue>
  </outcomeDeclaration>
  <outcomeDeclaration baseType="float" cardinality="single" identifier="SCORE1043">
    <defaultValue>
      <value>0</value>
    </defaultValue>
  </outcomeDeclaration>
  <outcomeDeclaration baseType="float" cardinality="single" identifier="SCORE">
    <defaultValue>
      <value>0</value>
    </defaultValue>
  </outcomeDeclaration>
  <stylesheet href="../styles/bundled.css" type="text/css"/>
  <stylesheet href="../styles/inline.css" type="text/css"/>
  <itemBody>
    <rubricBlock use="context" view="candidate author proctor scorer testConstructor tutor">
      <div>
        <object data="../passages/RSC-LOGIC-KS-7326.html" type="text/html"/>
      </div>
    </rubricBlock>
    <rubricBlock use="stimulus" view="candidate author proctor scorer testConstructor tutor">
      <div>
        <p>The author of <em>A Human Food Chain</em> makes many key points in the text.</p>
      </div>
    </rubricBlock>
    <hottextInteraction maxChoices="0" responseIdentifier="RESPONSE1041">
      <prompt>Part A<br/> Choose one key point the author makes in the text.<br/></prompt>
      <p>
        <hottext identifier="HT-17834">People are consumers.</hottext>
      </p>
      <p>
        <hottext identifier="HT-17836">Top predators usually eat producers.</hottext>
      </p>
      <p>
        <hottext identifier="HT-17838">Primary consumers get their energy from top predators.</hottext>
      </p>
    </hottextInteraction>
    <hottextInteraction maxChoices="0" responseIdentifier="RESPONSE1043">
      <prompt>Part B<br/>Choose two details that support the main point in Part A.<br/></prompt>
      <p>
        <hottext identifier="HT-17844">Top predators include lions and hawks.</hottext>
      </p>
      <p>
        <hottext identifier="HT-17847">Primary consumers include pigs and cows.</hottext>
      </p>
      <p>
        <hottext identifier="HT-17840">Most humans eat plants and animals to get energy.</hottext>
      </p>
      <p>
        <hottext identifier="HT-17845">People do not make their own energy the way plants do.</hottext>
      </p>
      <p>
        <hottext identifier="HT-17849">Producers make their own energy with help from a primary energy source</hottext>
      </p>
    </hottextInteraction>
  </itemBody>
  <responseProcessing>
    <responseCondition>
      <responseIf>
        <match>
          <variable identifier="RESPONSE1041"/>
          <correct identifier="RESPONSE1041"/>
        </match>
        <setOutcomeValue identifier="SCORE1041">
          <baseValue baseType="float">1</baseValue>
        </setOutcomeValue>
      </responseIf>
      <responseElse>
        <setOutcomeValue identifier="SCORE1041">
          <baseValue baseType="float">0</baseValue>
        </setOutcomeValue>
      </responseElse>
    </responseCondition>
    <responseCondition>
      <responseIf>
        <match>
          <variable identifier="RESPONSE1043"/>
          <correct identifier="RESPONSE1043"/>
        </match>
        <setOutcomeValue identifier="SCORE1043">
          <baseValue baseType="float">1</baseValue>
        </setOutcomeValue>
      </responseIf>
      <responseElse>
        <setOutcomeValue identifier="SCORE1043">
          <baseValue baseType="float">0</baseValue>
        </setOutcomeValue>
      </responseElse>
    </responseCondition>
    <setOutcomeValue identifier="SCORE">
      <sum>
        <variable identifier="SCORE1041"/>
        <variable identifier="SCORE1043"/>
      </sum>
    </setOutcomeValue>
  </responseProcessing>
</assessmentItem>
