<?xml version="1.0"?>
<assessmentItem adaptive="false" identifier="ITEM-LOGIC-KS-838" timeDependent="false" title="Place the details of Zebra's development in the order in which they occur in King's Chosen." toolName="ItemLogic" toolVersion="2.0.0" xmlns="http://www.imsglobal.org/xsd/imsqti_v2p1" xmlns:m="http://www.w3.org/1998/Math/MathML" xmlns:xsi="http://www.w3.org/2001/XMLSchema-instance" xsi:schemaLocation="http://www.imsglobal.org/xsd/imsqti_v2p1  http://www.imsglobal.org/xsd/qti/qtiv2p1/imsqti_v2p1.xsd">
  <responseDeclaration baseType="identifier" cardinality="ordered" identifier="RESPONSE852">
    <correctResponse>
      <value>SC-15141</value>
      <value>SC-15144</value>
      <value>SC-15142</value>
      <value>SC-15143</value>
    </correctResponse>
  </responseDeclaration>
  <outcomeDeclaration baseType="float" cardinality="single" identifier="SCORE852">
    <defaultValue>
      <value>0</value>
    </defaultValue>
  </outcomeDeclaration>
  <outcomeDeclaration baseType="float" cardinality="single" identifier="SCORE">
    <defaultValue>
      <value>0</value>
    </defaultValue>
  </outcomeDeclaration>
  <stylesheet href="../styles/bundled.css" type="text/css"/>
  <stylesheet href="../styles/inline.css" type="text/css"/>
  <itemBody>
    <rubricBlock use="context" view="candidate author proctor scorer testConstructor tutor">
      <div>
        <object data="../passages/RSC-LOGIC-KS-3781.html" type="text/html"/>
      </div>
    </rubricBlock>
    <rubricBlock use="stimulus" view="candidate author proctor scorer testConstructor tutor">
      <div>
        <p>In&#xA0;<em>King's Chosen, </em>Zebra&#xA0;changes and develops as the plot evolves.</p>
      </div>
    </rubricBlock>
    <orderInteraction orientation="vertical" responseIdentifier="RESPONSE852" shuffle="false">
      <prompt>Place the details of Zebra's development in the order in which they occur in <em>King's Chosen</em>.<br/></prompt>
      <simpleChoice identifier="SC-15143">
        <p>Zebra feels shocked and betrayed.</p>
      </simpleChoice>
      <simpleChoice identifier="SC-15141">
        <p>Zebra is suspicious of his friend's loyalty.</p>
      </simpleChoice>
      <simpleChoice identifier="SC-15142">
        <p>Zebra is exhausted and needs a short rest.</p>
      </simpleChoice>
      <simpleChoice identifier="SC-15144">
        <p>Zebra feels hopeful that winning is imminent.</p>
      </simpleChoice>
    </orderInteraction>
  </itemBody>
  <responseProcessing>
    <responseCondition>
      <responseIf>
        <match>
          <variable identifier="RESPONSE852"/>
          <correct identifier="RESPONSE852"/>
        </match>
        <setOutcomeValue identifier="SCORE852">
          <baseValue baseType="float">1</baseValue>
        </setOutcomeValue>
      </responseIf>
      <responseElse>
        <setOutcomeValue identifier="SCORE852">
          <baseValue baseType="float">0</baseValue>
        </setOutcomeValue>
      </responseElse>
    </responseCondition>
    <setOutcomeValue identifier="SCORE">
      <sum>
        <variable identifier="SCORE852"/>
      </sum>
    </setOutcomeValue>
  </responseProcessing>
</assessmentItem>
