<?xml version="1.0"?>
<assessmentItem adaptive="false" identifier="ITEM-LOGIC-MP-227" timeDependent="false" title="She wrote two equations to represent the number of miles she ran and swam.&#xA0;Drag the correct ratios " toolName="ItemLogic" toolVersion="2.0.0" xmlns="http://www.imsglobal.org/xsd/imsqti_v2p1" xmlns:m="http://www.w3.org/1998/Math/MathML" xmlns:xsi="http://www.w3.org/2001/XMLSchema-instance" xsi:schemaLocation="http://www.imsglobal.org/xsd/imsqti_v2p1  http://www.imsglobal.org/xsd/qti/qtiv2p1/imsqti_v2p1.xsd">
  <responseDeclaration baseType="directedPair" cardinality="multiple" identifier="RESPONSE63">
    <correctResponse>
      <value>GI-2912 HS-3841</value>
      <value>GI-2925 HS-654647</value>
      <value>GI-2915 HS-3844</value>
      <value>GI-2924 HS-3845</value>
    </correctResponse>
    <mapping defaultValue="0.00" lowerBound="0.00" upperBound="2.00">
      <mapEntry mapKey="GI-2912 HS-3841" mappedValue="0.50"/>
      <mapEntry mapKey="GI-2925 HS-654647" mappedValue="0.50"/>
      <mapEntry mapKey="GI-2915 HS-3844" mappedValue="0.50"/>
      <mapEntry mapKey="GI-2924 HS-3845" mappedValue="0.50"/>
    </mapping>
  </responseDeclaration>
  <outcomeDeclaration baseType="float" cardinality="single" identifier="SCORE63">
    <defaultValue>
      <value>0</value>
    </defaultValue>
  </outcomeDeclaration>
  <outcomeDeclaration baseType="float" cardinality="single" identifier="SCORE">
    <defaultValue>
      <value>0</value>
    </defaultValue>
  </outcomeDeclaration>
  <stylesheet href="../styles/bundled.css" type="text/css"/>
  <stylesheet href="../styles/inline.css" type="text/css"/>
  <itemBody>
    <rubricBlock use="stimulus" view="candidate author proctor scorer testConstructor tutor">
      <div>
        <p>Kit is training to run and swim in a race. She recorded her results in this table.</p>
        <p>
          <object data="../images/FROERI031_RunSwim_stem_01_e7e9b8ee07.png" height="242" type="image/png" width="180"/>
        </p>
      </div>
    </rubricBlock>
    <graphicGapMatchInteraction responseIdentifier="RESPONSE63">
      <prompt>She wrote two equations to represent the number of miles she ran and swam. Drag the correct ratios and answer into each box.<br/></prompt>
      <object data="../images/FROERI031_RunSwim_stem_02_o_7c9a98de27.png" height="106" type="image/png" width="429"/>
      <gapImg identifier="GI-2912" matchMax="1">
        <object data="../images/FROERI031_RunSwim_opt_A01_o_327b8a92d8.png" height="37" type="image/png" width="83"/>
      </gapImg>
      <gapImg identifier="GI-2913" matchMax="1">
        <object data="../images/FROERI031_RunSwim_opt_B01_o_6c74964f59.png" height="37" type="image/png" width="83"/>
      </gapImg>
      <gapImg identifier="GI-2915" matchMax="1">
        <object data="../images/FROERI031_RunSwim_opt_D01_o_570b91e18d.png" height="37" type="image/png" width="83"/>
      </gapImg>
      <gapImg identifier="GI-2916" matchMax="1">
        <object data="../images/FROERI031_RunSwim_opt_E01_o_72ddb8014b.png" height="37" type="image/png" width="83"/>
      </gapImg>
      <gapImg identifier="GI-2919" matchMax="1">
        <object data="../images/FROERI031_RunSwim_opt_H01_o_2c65a9c796.png" height="37" type="image/png" width="83"/>
      </gapImg>
      <gapImg identifier="GI-2922" matchMax="1">
        <object data="../images/FROERI031_RunSwim_opt_K01_o_b8cb6369de.png" height="37" type="image/png" width="83"/>
      </gapImg>
      <gapImg identifier="GI-2923" matchMax="1">
        <object data="../images/FROERI031_RunSwim_opt_L01_o_4b44691f42.png" height="38" type="image/png" width="83"/>
      </gapImg>
      <gapImg identifier="GI-2924" matchMax="1">
        <object data="../images/FROERI031_RunSwim_opt_M01_o_27c1e26b81.png" height="37" type="image/png" width="83"/>
      </gapImg>
      <gapImg identifier="GI-2925" matchMax="1">
        <object data="../images/FROERI031_RunSwim_opt_N01_o_c89a5415fa.png" height="37" type="image/png" width="83"/>
      </gapImg>
      <gapImg identifier="GI-2926" matchMax="1">
        <object data="../images/FROERI031_RunSwim_opt_O01_o_38d4866958.png" height="37" type="image/png" width="83"/>
      </gapImg>
      <gapImg identifier="GI-2927" matchMax="1">
        <object data="../images/FROERI031_RunSwim_opt_P01_o_73be1e1e11.png" height="37" type="image/png" width="83"/>
      </gapImg>
      <gapImg identifier="GI-2928" matchMax="1">
        <object data="../images/FROERI031_RunSwim_opt_Q01_o_22a863cbdc.png" height="38" type="image/png" width="83"/>
      </gapImg>
      <associableHotspot coords="126,7,209,38" identifier="HS-3841" matchMax="1" shape="rect"/>
      <associableHotspot coords="126,65,209,96" identifier="HS-3844" matchMax="1" shape="rect"/>
      <associableHotspot coords="341,62,424,99" identifier="HS-3845" matchMax="1" shape="rect"/>
      <associableHotspot coords="231,6,314,43" identifier="HS-654647" matchMax="1" shape="rect"/>
    </graphicGapMatchInteraction>
  </itemBody>
  <responseProcessing>
    <responseCondition>
      <responseIf>
        <isNull>
          <variable identifier="RESPONSE63"/>
        </isNull>
        <setOutcomeValue identifier="SCORE63">
          <baseValue baseType="float">0.0</baseValue>
        </setOutcomeValue>
      </responseIf>
      <responseElse>
        <setOutcomeValue identifier="SCORE63">
          <mapResponse identifier="RESPONSE63"/>
        </setOutcomeValue>
      </responseElse>
    </responseCondition>
    <setOutcomeValue identifier="SCORE">
      <sum>
        <variable identifier="SCORE63"/>
      </sum>
    </setOutcomeValue>
  </responseProcessing>
</assessmentItem>
