<?xml version="1.0"?>
<assessmentItem adaptive="false" identifier="ITEM-LOGIC-KS-996" timeDependent="false" title="Part A Choose one point the author makes in Food Chains." toolName="ItemLogic" toolVersion="2.0.0" xmlns="http://www.imsglobal.org/xsd/imsqti_v2p1" xmlns:m="http://www.w3.org/1998/Math/MathML" xmlns:xsi="http://www.w3.org/2001/XMLSchema-instance" xsi:schemaLocation="http://www.imsglobal.org/xsd/imsqti_v2p1  http://www.imsglobal.org/xsd/qti/qtiv2p1/imsqti_v2p1.xsd">
  <responseDeclaration baseType="identifier" cardinality="multiple" identifier="RESPONSE1032">
    <correctResponse>
      <value>HT-17530</value>
    </correctResponse>
  </responseDeclaration>
  <responseDeclaration baseType="directedPair" cardinality="multiple" identifier="RESPONSE1034">
    <correctResponse>
      <value>GI-18067 HS-18079</value>
      <value>GI-18068 HS-18079</value>
      <value>GI-18067 HS-18080</value>
      <value>GI-18068 HS-18080</value>
    </correctResponse>
    <mapping defaultValue="0.00" lowerBound="0.00" upperBound="1.00">
      <mapEntry mapKey="GI-18067 HS-18079" mappedValue="0.50"/>
      <mapEntry mapKey="GI-18068 HS-18079" mappedValue="0.50"/>
      <mapEntry mapKey="GI-18067 HS-18080" mappedValue="0.50"/>
      <mapEntry mapKey="GI-18068 HS-18080" mappedValue="0.50"/>
    </mapping>
  </responseDeclaration>
  <outcomeDeclaration baseType="float" cardinality="single" identifier="SCORE1032">
    <defaultValue>
      <value>0</value>
    </defaultValue>
  </outcomeDeclaration>
  <outcomeDeclaration baseType="float" cardinality="single" identifier="SCORE1034">
    <defaultValue>
      <value>0</value>
    </defaultValue>
  </outcomeDeclaration>
  <outcomeDeclaration baseType="float" cardinality="single" identifier="SCORE">
    <defaultValue>
      <value>0</value>
    </defaultValue>
  </outcomeDeclaration>
  <stylesheet href="../styles/bundled.css" type="text/css"/>
  <stylesheet href="../styles/inline.css" type="text/css"/>
  <itemBody>
    <rubricBlock use="context" view="candidate author proctor scorer testConstructor tutor">
      <div>
        <object data="../passages/RSC-LOGIC-KS-7323.html" type="text/html"/>
      </div>
    </rubricBlock>
    <rubricBlock use="stimulus" view="candidate author proctor scorer testConstructor tutor">
      <div>
        <p>The author makes several points in <em>Food Chains</em>.</p>
      </div>
    </rubricBlock>
    <hottextInteraction maxChoices="0" responseIdentifier="RESPONSE1032">
      <prompt>Part A<br/> Choose one point the author makes in <em>Food Chains</em>.<br/></prompt>
      <p>
        <hottext identifier="HT-17524">Carnivores can be consumers or producers.</hottext>
      </p>
      <p>
        <hottext identifier="HT-17530">Omnivores, herbivores, and carnivores are all consumers.</hottext>
      </p>
      <p>
        <hottext identifier="HT-17529">Herbivores may be found at the beginning or end of food chains.&#xA0;</hottext>
      </p>
    </hottextInteraction>
    <graphicGapMatchInteraction responseIdentifier="RESPONSE1034">
      <prompt>Part B<br/>Choose two details that support the correct answer in Part A.<br/></prompt>
      <object data="../images/food-chain-supports@2x_o_fe4322bd51.png" height="220" type="image/png" width="500"/>
      <gapImg identifier="GI-18067" matchMax="1">
        <object data="../images/food-chain-supports-token1@2x_o_de4b8fe35f.png" height="55" type="image/png" width="210"/>
      </gapImg>
      <gapImg identifier="GI-18068" matchMax="1">
        <object data="../images/food-chain-supports-token2@2x_o_b0a75b9ad5.png" height="55" type="image/png" width="210"/>
      </gapImg>
      <gapImg identifier="GI-18651" matchMax="1">
        <object data="../images/food-chain-supports-token5@2x_o_a36d6cf08b.png" height="55" type="image/png" width="210"/>
      </gapImg>
      <gapImg identifier="GI-18652" matchMax="1">
        <object data="../images/food-chain-supports-token6@2x_o_14bc47e49b.png" height="55" type="image/png" width="210"/>
      </gapImg>
      <associableHotspot coords="88,54,412,109" identifier="HS-18079" matchMax="1" shape="rect"/>
      <associableHotspot coords="88,126,412,181" identifier="HS-18080" matchMax="1" shape="rect"/>
    </graphicGapMatchInteraction>
  </itemBody>
  <responseProcessing>
    <responseCondition>
      <responseIf>
        <match>
          <variable identifier="RESPONSE1032"/>
          <correct identifier="RESPONSE1032"/>
        </match>
        <setOutcomeValue identifier="SCORE1032">
          <baseValue baseType="float">1</baseValue>
        </setOutcomeValue>
      </responseIf>
      <responseElse>
        <setOutcomeValue identifier="SCORE1032">
          <baseValue baseType="float">0</baseValue>
        </setOutcomeValue>
      </responseElse>
    </responseCondition>
    <responseCondition>
      <responseIf>
        <isNull>
          <variable identifier="RESPONSE1034"/>
        </isNull>
        <setOutcomeValue identifier="SCORE1034">
          <baseValue baseType="float">0.0</baseValue>
        </setOutcomeValue>
      </responseIf>
      <responseElse>
        <setOutcomeValue identifier="SCORE1034">
          <mapResponse identifier="RESPONSE1034"/>
        </setOutcomeValue>
      </responseElse>
    </responseCondition>
    <setOutcomeValue identifier="SCORE">
      <sum>
        <variable identifier="SCORE1032"/>
        <variable identifier="SCORE1034"/>
      </sum>
    </setOutcomeValue>
  </responseProcessing>
</assessmentItem>
