<?xml version="1.0"?>
<assessmentItem adaptive="false" identifier="ITEM-LOGIC-KS-859" timeDependent="false" title="Select one claim the author makes in Play Smart, Play Safe." toolName="ItemLogic" toolVersion="2.0.0" xmlns="http://www.imsglobal.org/xsd/imsqti_v2p1" xmlns:m="http://www.w3.org/1998/Math/MathML" xmlns:xsi="http://www.w3.org/2001/XMLSchema-instance" xsi:schemaLocation="http://www.imsglobal.org/xsd/imsqti_v2p1  http://www.imsglobal.org/xsd/qti/qtiv2p1/imsqti_v2p1.xsd">
  <responseDeclaration baseType="identifier" cardinality="multiple" identifier="RESPONSE903">
    <correctResponse>
      <value>HT-15333</value>
    </correctResponse>
  </responseDeclaration>
  <responseDeclaration baseType="identifier" cardinality="multiple" identifier="RESPONSE905">
    <correctResponse>
      <value>HT-15336</value>
      <value>HT-15201</value>
      <value>HT-15337</value>
    </correctResponse>
  </responseDeclaration>
  <outcomeDeclaration baseType="float" cardinality="single" identifier="SCORE903">
    <defaultValue>
      <value>0</value>
    </defaultValue>
  </outcomeDeclaration>
  <outcomeDeclaration baseType="float" cardinality="single" identifier="SCORE905">
    <defaultValue>
      <value>0</value>
    </defaultValue>
  </outcomeDeclaration>
  <outcomeDeclaration baseType="float" cardinality="single" identifier="SCORE">
    <defaultValue>
      <value>0</value>
    </defaultValue>
  </outcomeDeclaration>
  <stylesheet href="../styles/bundled.css" type="text/css"/>
  <stylesheet href="../styles/inline.css" type="text/css"/>
  <itemBody>
    <rubricBlock use="context" view="candidate author proctor scorer testConstructor tutor">
      <div>
        <object data="../passages/RSC-LOGIC-KS-4145.html" type="text/html"/>
      </div>
    </rubricBlock>
    <rubricBlock use="stimulus" view="candidate author proctor scorer testConstructor tutor">
      <div>
        <p>The author of <em>Play Smart, Play Safe</em>&#xA0;makes many claims about high school athletics.</p>
      </div>
    </rubricBlock>
    <hottextInteraction maxChoices="0" responseIdentifier="RESPONSE903">
      <prompt>Select one claim the author makes in <em>Play Smart, Play Safe</em>.<br/></prompt>
      <p>
        <hottext identifier="HT-15333">The benefits of high school athletics outweigh the risks as long as athletes are mindful and respectful of the rules and procedures.</hottext>
      </p>
      <p>
        <hottext identifier="HT-15192">The rate of head injuries, including concussions, has risen to the point that it is no longer safe for high school athletes to participate in school sports.</hottext>
      </p>
      <p>
        <hottext identifier="HT-15335">The &lt;em&gt;Heads Up&lt;/em&gt; program needs to make resources to high school coaches and athletes more readily available to increase the awareness of serious brain injuries.</hottext>
      </p>
    </hottextInteraction>
    <hottextInteraction maxChoices="0" responseIdentifier="RESPONSE905">
      <prompt>Choose the details from the text that develop the author's claim.<br/></prompt>
      <p>
        <hottext identifier="HT-14660">The rate of head injuries, including concussions, has risen significantly.</hottext>
      </p>
      <p>
        <hottext identifier="HT-15336">Feeling invested in the overall school experience is helpful in achieving success.</hottext>
      </p>
      <p>
        <hottext identifier="HT-15201">Student athletes tend to miss fewer days of school than their non-athletic classmates.</hottext>
      </p>
      <p>
        <hottext identifier="HT-15199">It is estimated that 33% of student athletes will have two or more concussions in the same year.</hottext>
      </p>
      <p>
        <hottext identifier="HT-15204">Concussions are generally caused by a blow to the head but may also be caused by a jolt or shake to the upper body.</hottext>
      </p>
      <p>
        <hottext identifier="HT-15200">Athletes who suffer multiple concussions may begin to feel depressed or moody.</hottext>
      </p>
      <p>
        <hottext identifier="HT-15337">Athletes who adhere the &lt;em&gt;Heads Up&lt;/em&gt; procedures following a concussion generally return to normal activity with little or no lasting consequences.</hottext>
      </p>
    </hottextInteraction>
  </itemBody>
  <responseProcessing>
    <responseCondition>
      <responseIf>
        <match>
          <variable identifier="RESPONSE903"/>
          <correct identifier="RESPONSE903"/>
        </match>
        <setOutcomeValue identifier="SCORE903">
          <baseValue baseType="float">1</baseValue>
        </setOutcomeValue>
      </responseIf>
      <responseElse>
        <setOutcomeValue identifier="SCORE903">
          <baseValue baseType="float">0</baseValue>
        </setOutcomeValue>
      </responseElse>
    </responseCondition>
    <responseCondition>
      <responseIf>
        <match>
          <variable identifier="RESPONSE905"/>
          <correct identifier="RESPONSE905"/>
        </match>
        <setOutcomeValue identifier="SCORE905">
          <baseValue baseType="float">1</baseValue>
        </setOutcomeValue>
      </responseIf>
      <responseElse>
        <setOutcomeValue identifier="SCORE905">
          <baseValue baseType="float">0</baseValue>
        </setOutcomeValue>
      </responseElse>
    </responseCondition>
    <setOutcomeValue identifier="SCORE">
      <sum>
        <variable identifier="SCORE903"/>
        <variable identifier="SCORE905"/>
      </sum>
    </setOutcomeValue>
  </responseProcessing>
</assessmentItem>
