<?xml version="1.0"?>
<assessmentItem adaptive="false" identifier="ITEM-LOGIC-MP-452" timeDependent="false" title="You may use the coordinate grid to help you answer this question." toolName="ItemLogic" toolVersion="2.0.0" xmlns="http://www.imsglobal.org/xsd/imsqti_v2p1" xmlns:m="http://www.w3.org/1998/Math/MathML" xmlns:xsi="http://www.w3.org/2001/XMLSchema-instance" xsi:schemaLocation="http://www.imsglobal.org/xsd/imsqti_v2p1  http://www.imsglobal.org/xsd/qti/qtiv2p1/imsqti_v2p1.xsd">
  <responseDeclaration baseType="identifier" cardinality="multiple" identifier="RESPONSE288">
    <correctResponse>
      <value>HT-5529</value>
      <value>HT-5530</value>
    </correctResponse>
  </responseDeclaration>
  <outcomeDeclaration baseType="float" cardinality="single" identifier="SCORE288">
    <defaultValue>
      <value>0</value>
    </defaultValue>
  </outcomeDeclaration>
  <outcomeDeclaration baseType="float" cardinality="single" identifier="SCORE">
    <defaultValue>
      <value>0</value>
    </defaultValue>
  </outcomeDeclaration>
  <stylesheet href="../styles/bundled.css" type="text/css"/>
  <stylesheet href="../styles/inline.css" type="text/css"/>
  <itemBody>
    <hottextInteraction maxChoices="0" responseIdentifier="RESPONSE288">
      <prompt>You may use the coordinate grid to help you answer this question.<br/><object data="../images/FROERI452_Coordinate_Grid_16da205c88.png" height="498" type="image/png" width="496"/><br/>Square <em>PQRS</em> has vertices at (0,1), (0,4), (3,1) and (3,4). Select each coordinate point that is located inside square <em>PQRS</em>.<br/></prompt>
      <p><hottext identifier="HT-5528">(2, 0)&#xA0;</hottext>   <hottext identifier="HT-5529">(1, 3)</hottext>    <hottext identifier="HT-5530">(2, 2)</hottext>    <hottext identifier="HT-5531">(4, 1)</hottext>    <hottext identifier="HT-5532">(0, 5)</hottext></p>
    </hottextInteraction>
  </itemBody>
  <responseProcessing>
    <responseCondition>
      <responseIf>
        <match>
          <variable identifier="RESPONSE288"/>
          <correct identifier="RESPONSE288"/>
        </match>
        <setOutcomeValue identifier="SCORE288">
          <baseValue baseType="float">1</baseValue>
        </setOutcomeValue>
      </responseIf>
      <responseElse>
        <setOutcomeValue identifier="SCORE288">
          <baseValue baseType="float">0</baseValue>
        </setOutcomeValue>
      </responseElse>
    </responseCondition>
    <setOutcomeValue identifier="SCORE">
      <sum>
        <variable identifier="SCORE288"/>
      </sum>
    </setOutcomeValue>
  </responseProcessing>
</assessmentItem>
