<?xml version="1.0"?>
<assessmentItem adaptive="false" identifier="ITEM-LOGIC-KS-854" timeDependent="false" title="Decide which evidence from the text is relevant to the author's claim that Davis is a baseball super" toolName="ItemLogic" toolVersion="2.0.0" xmlns="http://www.imsglobal.org/xsd/imsqti_v2p1" xmlns:m="http://www.w3.org/1998/Math/MathML" xmlns:xsi="http://www.w3.org/2001/XMLSchema-instance" xsi:schemaLocation="http://www.imsglobal.org/xsd/imsqti_v2p1  http://www.imsglobal.org/xsd/qti/qtiv2p1/imsqti_v2p1.xsd">
  <responseDeclaration baseType="directedPair" cardinality="multiple" identifier="RESPONSE891">
    <correctResponse>
      <value>SAC-14731 SAC-14729</value>
      <value>SAC-14738 SAC-14729</value>
      <value>SAC-14739 SAC-14727</value>
      <value>SAC-14743 SAC-14727</value>
    </correctResponse>
    <mapping defaultValue="0.00" lowerBound="0.00" upperBound="2.00">
      <mapEntry mapKey="SAC-14731 SAC-14727" mappedValue="0.00"/>
      <mapEntry mapKey="SAC-14731 SAC-14729" mappedValue="0.50"/>
      <mapEntry mapKey="SAC-14738 SAC-14727" mappedValue="0.00"/>
      <mapEntry mapKey="SAC-14738 SAC-14729" mappedValue="0.50"/>
      <mapEntry mapKey="SAC-14739 SAC-14727" mappedValue="0.50"/>
      <mapEntry mapKey="SAC-14739 SAC-14729" mappedValue="0.00"/>
      <mapEntry mapKey="SAC-14743 SAC-14727" mappedValue="0.50"/>
      <mapEntry mapKey="SAC-14743 SAC-14729" mappedValue="0.00"/>
    </mapping>
  </responseDeclaration>
  <outcomeDeclaration baseType="float" cardinality="single" identifier="SCORE891">
    <defaultValue>
      <value>0</value>
    </defaultValue>
  </outcomeDeclaration>
  <outcomeDeclaration baseType="float" cardinality="single" identifier="SCORE">
    <defaultValue>
      <value>0</value>
    </defaultValue>
  </outcomeDeclaration>
  <stylesheet href="../styles/bundled.css" type="text/css"/>
  <stylesheet href="../styles/inline.css" type="text/css"/>
  <itemBody>
    <rubricBlock use="context" view="candidate author proctor scorer testConstructor tutor">
      <div>
        <object data="../passages/RSC-LOGIC-KS-3848.html" type="text/html"/>
      </div>
    </rubricBlock>
    <rubricBlock use="stimulus" view="candidate author proctor scorer testConstructor tutor">
      <div>
        <p>The author calls Mo'Ne Davis a "baseball superstar" in the title of the text.</p>
      </div>
    </rubricBlock>
    <matchInteraction class="table" maxAssociations="8" responseIdentifier="RESPONSE891" shuffle="false">
      <prompt>Decide which evidence from the text is relevant to the author's claim that Davis is a baseball superstar and which evidence is not relevant.<br/></prompt>
      <simpleMatchSet>
        <simpleAssociableChoice identifier="SAC-14731" matchMax="1">
          <p>Davis threw perfect spirals and tackled bigger and older kids with ease.</p>
        </simpleAssociableChoice>
        <simpleAssociableChoice identifier="SAC-14738" matchMax="1">
          <p>Davis' mom didn't realize how athletic Davis was.</p>
        </simpleAssociableChoice>
        <simpleAssociableChoice identifier="SAC-14739" matchMax="1">
          <p>Davis was the first girl to pitch a shutout in the Little League World Series.</p>
        </simpleAssociableChoice>
        <simpleAssociableChoice identifier="SAC-14743" matchMax="1">
          <p>Davis threw fast-balls at a speed of 70 miles per hour in the Little League World Series.</p>
        </simpleAssociableChoice>
      </simpleMatchSet>
      <simpleMatchSet>
        <simpleAssociableChoice identifier="SAC-14727" matchMax="4">
          <p>Relevant</p>
        </simpleAssociableChoice>
        <simpleAssociableChoice identifier="SAC-14729" matchMax="4">
          <p>Not Relevant</p>
        </simpleAssociableChoice>
      </simpleMatchSet>
    </matchInteraction>
  </itemBody>
  <responseProcessing>
    <responseCondition>
      <responseIf>
        <isNull>
          <variable identifier="RESPONSE891"/>
        </isNull>
        <setOutcomeValue identifier="SCORE891">
          <baseValue baseType="float">0.0</baseValue>
        </setOutcomeValue>
      </responseIf>
      <responseElse>
        <setOutcomeValue identifier="SCORE891">
          <mapResponse identifier="RESPONSE891"/>
        </setOutcomeValue>
      </responseElse>
    </responseCondition>
    <setOutcomeValue identifier="SCORE">
      <sum>
        <variable identifier="SCORE891"/>
      </sum>
    </setOutcomeValue>
  </responseProcessing>
</assessmentItem>
