<?xml version="1.0"?>
<assessmentItem adaptive="false" identifier="ITEM-LOGIC-MP-562" timeDependent="false" title="Part A Match a word that best&amp;nbsp;describes Ukko and a word that best&amp;nbsp;describes the bear. Then" toolName="ItemLogic" toolVersion="2.0.0" xmlns="http://www.imsglobal.org/xsd/imsqti_v2p1" xmlns:m="http://www.w3.org/1998/Math/MathML" xmlns:xsi="http://www.w3.org/2001/XMLSchema-instance" xsi:schemaLocation="http://www.imsglobal.org/xsd/imsqti_v2p1  http://www.imsglobal.org/xsd/qti/qtiv2p1/imsqti_v2p1.xsd">
  <responseDeclaration baseType="directedPair" cardinality="multiple" identifier="RESPONSE445">
    <correctResponse>
      <value>SAC-8073 SAC-8078</value>
      <value>SAC-8074 SAC-8076</value>
      <value>SAC-8075 SAC-8080</value>
    </correctResponse>
  </responseDeclaration>
  <responseDeclaration baseType="directedPair" cardinality="multiple" identifier="RESPONSE446">
    <correctResponse>
      <value>SAC-8085 SAC-8093</value>
      <value>SAC-8086 SAC-8091</value>
      <value>SAC-8087 SAC-8088</value>
    </correctResponse>
  </responseDeclaration>
  <outcomeDeclaration baseType="float" cardinality="single" identifier="SCORE445">
    <defaultValue>
      <value>0</value>
    </defaultValue>
  </outcomeDeclaration>
  <outcomeDeclaration baseType="float" cardinality="single" identifier="SCORE446">
    <defaultValue>
      <value>0</value>
    </defaultValue>
  </outcomeDeclaration>
  <outcomeDeclaration baseType="float" cardinality="single" identifier="SCORE">
    <defaultValue>
      <value>0</value>
    </defaultValue>
  </outcomeDeclaration>
  <stylesheet href="../styles/bundled.css" type="text/css"/>
  <stylesheet href="../styles/inline.css" type="text/css"/>
  <itemBody>
    <rubricBlock use="context" view="candidate author proctor scorer testConstructor tutor">
      <div>
        <object data="../passages/RSC-LOGIC-MP-1670.html" type="text/html"/>
      </div>
    </rubricBlock>
    <matchInteraction maxAssociations="3" responseIdentifier="RESPONSE445" shuffle="false">
      <prompt>Part A<br/> Match a word that <strong>best&#xA0;</strong>describes Ukko and a word that <strong>best&#xA0;</strong>describes the bear. Then match a word that <strong>best&#xA0;</strong>describes the horse and reindeer.<br/></prompt>
      <simpleMatchSet>
        <simpleAssociableChoice identifier="SAC-8073" matchMax="1">
          <p>Ukko</p>
        </simpleAssociableChoice>
        <simpleAssociableChoice identifier="SAC-8074" matchMax="1">
          <p>the bear</p>
        </simpleAssociableChoice>
        <simpleAssociableChoice identifier="SAC-8075" matchMax="1">
          <p>the horse and reindeer</p>
        </simpleAssociableChoice>
      </simpleMatchSet>
      <simpleMatchSet>
        <simpleAssociableChoice identifier="SAC-8076" matchMax="1">
          <p>Positive</p>
        </simpleAssociableChoice>
        <simpleAssociableChoice identifier="SAC-8077" matchMax="1">
          <p>Angry</p>
        </simpleAssociableChoice>
        <simpleAssociableChoice identifier="SAC-8078" matchMax="1">
          <p>Grateful</p>
        </simpleAssociableChoice>
        <simpleAssociableChoice identifier="SAC-8079" matchMax="1">
          <p>Excited</p>
        </simpleAssociableChoice>
        <simpleAssociableChoice identifier="SAC-8080" matchMax="1">
          <p>Worried</p>
        </simpleAssociableChoice>
      </simpleMatchSet>
    </matchInteraction>
    <matchInteraction maxAssociations="3" responseIdentifier="RESPONSE446" shuffle="false">
      <prompt>Part B<br/> Match a detail from the selection that <strong>best</strong> supports the answers in Part A.<br/></prompt>
      <simpleMatchSet>
        <simpleAssociableChoice identifier="SAC-8085" matchMax="1">
          <p>Ukko</p>
        </simpleAssociableChoice>
        <simpleAssociableChoice identifier="SAC-8086" matchMax="1">
          <p>the bear</p>
        </simpleAssociableChoice>
        <simpleAssociableChoice identifier="SAC-8087" matchMax="1">
          <p>the horse and reindeer</p>
        </simpleAssociableChoice>
      </simpleMatchSet>
      <simpleMatchSet>
        <simpleAssociableChoice identifier="SAC-8088" matchMax="1">
          <p>&#x201C;&#x2018;Snow will soon cover the food on the ground.&#x2019;&#x201D; </p>
        </simpleAssociableChoice>
        <simpleAssociableChoice identifier="SAC-8089" matchMax="1">
          <p>&#x201C;Ukko shook his head and walked farther along the stream.&#x201D; </p>
        </simpleAssociableChoice>
        <simpleAssociableChoice identifier="SAC-8090" matchMax="1">
          <p>&#x201C;He hadn&#x2019;t gone half a mile before a leaping reindeer appeared.&#x201D; </p>
        </simpleAssociableChoice>
        <simpleAssociableChoice identifier="SAC-8091" matchMax="1">
          <p>&#x201C;&#x2018;More berries may grow on the other side,&#x2019; said the bear.&#x201D; </p>
        </simpleAssociableChoice>
        <simpleAssociableChoice identifier="SAC-8092" matchMax="1">
          <p>&#x201C;The sleepy bear, with a full stomach, leaned against the rocky entrance of a cave.&#x201D; </p>
        </simpleAssociableChoice>
        <simpleAssociableChoice identifier="SAC-8093" matchMax="1">
          <p>&#x201C;Ukko climbed the mountains and back up to the clouds, happy to have rewarded a good deed.&#x201D; </p>
        </simpleAssociableChoice>
      </simpleMatchSet>
    </matchInteraction>
  </itemBody>
  <responseProcessing>
    <responseCondition>
      <responseIf>
        <match>
          <variable identifier="RESPONSE445"/>
          <correct identifier="RESPONSE445"/>
        </match>
        <setOutcomeValue identifier="SCORE445">
          <baseValue baseType="float">1</baseValue>
        </setOutcomeValue>
      </responseIf>
      <responseElse>
        <setOutcomeValue identifier="SCORE445">
          <baseValue baseType="float">0</baseValue>
        </setOutcomeValue>
      </responseElse>
    </responseCondition>
    <responseCondition>
      <responseIf>
        <match>
          <variable identifier="RESPONSE446"/>
          <correct identifier="RESPONSE446"/>
        </match>
        <setOutcomeValue identifier="SCORE446">
          <baseValue baseType="float">1</baseValue>
        </setOutcomeValue>
      </responseIf>
      <responseElse>
        <setOutcomeValue identifier="SCORE446">
          <baseValue baseType="float">0</baseValue>
        </setOutcomeValue>
      </responseElse>
    </responseCondition>
    <setOutcomeValue identifier="SCORE">
      <sum>
        <variable identifier="SCORE445"/>
        <variable identifier="SCORE446"/>
      </sum>
    </setOutcomeValue>
  </responseProcessing>
</assessmentItem>
