<?xml version="1.0"?>
<assessmentItem adaptive="false" identifier="ITEM-LOGIC-KS-1041" timeDependent="false" title="Choose one key concept relating to the Svalbard Seed Vault that is developed by a series of ideas an" toolName="ItemLogic" toolVersion="2.0.0" xmlns="http://www.imsglobal.org/xsd/imsqti_v2p1" xmlns:m="http://www.w3.org/1998/Math/MathML" xmlns:xsi="http://www.w3.org/2001/XMLSchema-instance" xsi:schemaLocation="http://www.imsglobal.org/xsd/imsqti_v2p1  http://www.imsglobal.org/xsd/qti/qtiv2p1/imsqti_v2p1.xsd">
  <responseDeclaration baseType="identifier" cardinality="multiple" identifier="RESPONSE1092">
    <correctResponse>
      <value>HT-18400</value>
    </correctResponse>
  </responseDeclaration>
  <outcomeDeclaration baseType="float" cardinality="single" identifier="SCORE1092">
    <defaultValue>
      <value>0</value>
    </defaultValue>
  </outcomeDeclaration>
  <outcomeDeclaration baseType="float" cardinality="single" identifier="SCORE">
    <defaultValue>
      <value>0</value>
    </defaultValue>
  </outcomeDeclaration>
  <stylesheet href="../styles/bundled.css" type="text/css"/>
  <stylesheet href="../styles/inline.css" type="text/css"/>
  <itemBody>
    <rubricBlock use="context" view="candidate author proctor scorer testConstructor tutor">
      <div>
        <object data="../passages/RSC-LOGIC-KS-4046.html" type="text/html"/>
      </div>
    </rubricBlock>
    <rubricBlock use="stimulus" view="candidate author proctor scorer testConstructor tutor">
      <div>
        <p>The author of <em>Saving Our Seeds</em>, presents a series of key ideas and concepts that build on one another and develop throughout the text.</p>
      </div>
    </rubricBlock>
    <hottextInteraction maxChoices="0" responseIdentifier="RESPONSE1092">
      <prompt>Choose one key concept relating to the Svalbard Seed Vault that is developed by a series of ideas and details throughout the text, <em>Saving Our Seeds</em>.<br/></prompt>
      <p>
        <hottext identifier="HT-18405">The location of the Svalbard Seed Vault was chosen carefully, based on many factors, including the juxtaposition of tectonic plates that often shift, resulting in earthquakes that can damage or destroy property.</hottext>
      </p>
      <p>
        <hottext identifier="HT-18403">The Longyearbyen Airport, located about a mile from the Svalbard Seed Vault, makes it possible for countries all over the world to fly their seeds to the Arctic Circle, where they are carried in crates to the concrete entrance of the vault.</hottext>
      </p>
      <p>
        <hottext identifier="HT-18400">Cataloging seeds in the Svalbard Vault ensures that future generations of scientists and farmers will have access to current seed samples in spite of natural disasters, environmental adaptations in plants, and genetic modification of seeds.</hottext>
      </p>
      <p>
        <hottext identifier="HT-18401">Unlike the United States, which has already sent more than 69,000 seeds to the Savlbard Seed Vault, the Phillipines has only recently recognized the need to send seeds to the vault, after fire and floods destroyed the country's local seed vaults.</hottext>
      </p>
    </hottextInteraction>
  </itemBody>
  <responseProcessing>
    <responseCondition>
      <responseIf>
        <match>
          <variable identifier="RESPONSE1092"/>
          <correct identifier="RESPONSE1092"/>
        </match>
        <setOutcomeValue identifier="SCORE1092">
          <baseValue baseType="float">1</baseValue>
        </setOutcomeValue>
      </responseIf>
      <responseElse>
        <setOutcomeValue identifier="SCORE1092">
          <baseValue baseType="float">0</baseValue>
        </setOutcomeValue>
      </responseElse>
    </responseCondition>
    <setOutcomeValue identifier="SCORE">
      <sum>
        <variable identifier="SCORE1092"/>
      </sum>
    </setOutcomeValue>
  </responseProcessing>
</assessmentItem>
