<?xml version="1.0"?>
<assessmentItem adaptive="false" identifier="ITEM-LOGIC-MP-659" timeDependent="false" title="Match the correct solution for each problem that may occur when using a watch rather than a compass " toolName="ItemLogic" toolVersion="2.0.0" xmlns="http://www.imsglobal.org/xsd/imsqti_v2p1" xmlns:m="http://www.w3.org/1998/Math/MathML" xmlns:xsi="http://www.w3.org/2001/XMLSchema-instance" xsi:schemaLocation="http://www.imsglobal.org/xsd/imsqti_v2p1  http://www.imsglobal.org/xsd/qti/qtiv2p1/imsqti_v2p1.xsd">
  <responseDeclaration baseType="directedPair" cardinality="multiple" identifier="RESPONSE572">
    <correctResponse>
      <value>GI-13105 HS-14458</value>
      <value>GI-13104 HS-14460</value>
      <value>GI-14456 HS-14461</value>
      <value>GI-13106 HS-14462</value>
    </correctResponse>
    <mapping defaultValue="-0.50" lowerBound="0.00" upperBound="3.00">
      <mapEntry mapKey="GI-13105 HS-14458" mappedValue="0.50"/>
      <mapEntry mapKey="GI-13104 HS-14460" mappedValue="0.50"/>
      <mapEntry mapKey="GI-14456 HS-14461" mappedValue="0.50"/>
      <mapEntry mapKey="GI-13106 HS-14462" mappedValue="0.50"/>
    </mapping>
  </responseDeclaration>
  <outcomeDeclaration baseType="float" cardinality="single" identifier="SCORE572">
    <defaultValue>
      <value>0</value>
    </defaultValue>
  </outcomeDeclaration>
  <outcomeDeclaration baseType="float" cardinality="single" identifier="SCORE">
    <defaultValue>
      <value>0</value>
    </defaultValue>
  </outcomeDeclaration>
  <stylesheet href="../styles/bundled.css" type="text/css"/>
  <stylesheet href="../styles/inline.css" type="text/css"/>
  <itemBody>
    <rubricBlock use="context" view="candidate author proctor scorer testConstructor tutor">
      <div>
        <object data="../passages/RSC-LOGIC-MP-1680.html" type="text/html"/>
      </div>
    </rubricBlock>
    <graphicGapMatchInteraction responseIdentifier="RESPONSE572">
      <prompt>Match the correct solution for each problem that may occur when using a watch rather than a compass to determine directions in the back country.<br/></prompt>
      <object data="../images/FreEvon659_Compass_stem_01_o_47359afe99.png" height="396" type="image/png" width="496"/>
      <gapImg identifier="GI-13104" matchMax="1">
        <object data="../images/FreEvon659_Compass_opt_d01_o_ab01ee2774.png" height="66" type="image/png" width="229"/>
      </gapImg>
      <gapImg identifier="GI-13105" matchMax="1">
        <object data="../images/FreEvon659_Compass_opt_e01_o_219c901cfb.png" height="66" type="image/png" width="229"/>
      </gapImg>
      <gapImg identifier="GI-13106" matchMax="1">
        <object data="../images/FreEvon659_Compass_opt_f01_o_4477a971ac.png" height="66" type="image/png" width="229"/>
      </gapImg>
      <gapImg identifier="GI-14456" matchMax="1">
        <object data="../images/FreEvon659_Compass_opt_b01_o_8ec98e935a.png" height="58" type="image/png" width="219"/>
      </gapImg>
      <associableHotspot coords="255,50,484,117" identifier="HS-14458" matchMax="1" shape="rect"/>
      <associableHotspot coords="255,138,484,205" identifier="HS-14460" matchMax="1" shape="rect"/>
      <associableHotspot coords="253,227,482,294" identifier="HS-14461" matchMax="1" shape="rect"/>
      <associableHotspot coords="255,317,484,384" identifier="HS-14462" matchMax="1" shape="rect"/>
    </graphicGapMatchInteraction>
  </itemBody>
  <responseProcessing>
    <responseCondition>
      <responseIf>
        <isNull>
          <variable identifier="RESPONSE572"/>
        </isNull>
        <setOutcomeValue identifier="SCORE572">
          <baseValue baseType="float">0.0</baseValue>
        </setOutcomeValue>
      </responseIf>
      <responseElse>
        <setOutcomeValue identifier="SCORE572">
          <mapResponse identifier="RESPONSE572"/>
        </setOutcomeValue>
      </responseElse>
    </responseCondition>
    <setOutcomeValue identifier="SCORE">
      <sum>
        <variable identifier="SCORE572"/>
      </sum>
    </setOutcomeValue>
  </responseProcessing>
</assessmentItem>
