<?xml version="1.0"?>
<assessmentItem adaptive="false" identifier="ITEM-LOGIC-MP-682" timeDependent="false" title="Read the following lines from paragraph 11 of the selection. As reported in this column in previous " toolName="ItemLogic" toolVersion="2.0.0" xmlns="http://www.imsglobal.org/xsd/imsqti_v2p1" xmlns:m="http://www.w3.org/1998/Math/MathML" xmlns:xsi="http://www.w3.org/2001/XMLSchema-instance" xsi:schemaLocation="http://www.imsglobal.org/xsd/imsqti_v2p1  http://www.imsglobal.org/xsd/qti/qtiv2p1/imsqti_v2p1.xsd">
  <responseDeclaration baseType="identifier" cardinality="single" identifier="RESPONSE611">
    <correctResponse>
      <value>IC-9584</value>
    </correctResponse>
  </responseDeclaration>
  <outcomeDeclaration baseType="float" cardinality="single" identifier="SCORE611">
    <defaultValue>
      <value>0</value>
    </defaultValue>
  </outcomeDeclaration>
  <outcomeDeclaration baseType="float" cardinality="single" identifier="SCORE">
    <defaultValue>
      <value>0</value>
    </defaultValue>
  </outcomeDeclaration>
  <stylesheet href="../styles/bundled.css" type="text/css"/>
  <stylesheet href="../styles/inline.css" type="text/css"/>
  <itemBody>
    <rubricBlock use="context" view="candidate author proctor scorer testConstructor tutor">
      <div>
        <object data="../passages/RSC-LOGIC-MP-1683.html" type="text/html"/>
      </div>
    </rubricBlock>
    <div class="stem stem_inline">
      <div class="stem_prompt"><p>Read the following lines from paragraph 11 of the selection.</p> <p>As reported in this column in previous <em>Science Scope</em> issues, very young children are particularly <span class="style-e83e4a09420f86a24571a608a6bbb3c5">susceptible</span> to poisoning and are more commonly affected by poisons than adults due to their proximity to the ground, their play habits, the frequent insertion of fingers and hands into their mouths, and the consumption of nonfood items.</p></div>
      <p>In paragraph 11, <span class="style-e83e4a09420f86a24571a608a6bbb3c5">susceptible</span> is closest in meaning to <inlineChoiceInteraction responseIdentifier="RESPONSE611" shuffle="false"><inlineChoice identifier="IC-9582">opposed.</inlineChoice><inlineChoice identifier="IC-9583">accustomed.</inlineChoice><inlineChoice identifier="IC-9584">defenseless.</inlineChoice><inlineChoice identifier="IC-9585">impressionable.</inlineChoice></inlineChoiceInteraction></p>
    </div>
  </itemBody>
  <responseProcessing>
    <responseCondition>
      <responseIf>
        <match>
          <variable identifier="RESPONSE611"/>
          <correct identifier="RESPONSE611"/>
        </match>
        <setOutcomeValue identifier="SCORE611">
          <baseValue baseType="float">1</baseValue>
        </setOutcomeValue>
      </responseIf>
      <responseElse>
        <setOutcomeValue identifier="SCORE611">
          <baseValue baseType="float">0</baseValue>
        </setOutcomeValue>
      </responseElse>
    </responseCondition>
    <setOutcomeValue identifier="SCORE">
      <sum>
        <variable identifier="SCORE611"/>
      </sum>
    </setOutcomeValue>
  </responseProcessing>
</assessmentItem>
