<?xml version="1.0"?>
<assessmentItem adaptive="false" identifier="ITEM-LOGIC-MP-507" timeDependent="false" title="Order the events in &quot;The Song of Hiawatha&quot;&#xA0;to provide an accurate and objective summary." toolName="ItemLogic" toolVersion="2.0.0" xmlns="http://www.imsglobal.org/xsd/imsqti_v2p1" xmlns:m="http://www.w3.org/1998/Math/MathML" xmlns:xsi="http://www.w3.org/2001/XMLSchema-instance" xsi:schemaLocation="http://www.imsglobal.org/xsd/imsqti_v2p1  http://www.imsglobal.org/xsd/qti/qtiv2p1/imsqti_v2p1.xsd">
  <responseDeclaration baseType="identifier" cardinality="ordered" identifier="RESPONSE374">
    <correctResponse>
      <value>SC-6411</value>
      <value>SC-6407</value>
      <value>SC-6410</value>
      <value>SC-6406</value>
      <value>SC-6409</value>
      <value>SC-6408</value>
    </correctResponse>
  </responseDeclaration>
  <outcomeDeclaration baseType="float" cardinality="single" identifier="SCORE374">
    <defaultValue>
      <value>0</value>
    </defaultValue>
  </outcomeDeclaration>
  <outcomeDeclaration baseType="float" cardinality="single" identifier="SCORE">
    <defaultValue>
      <value>0</value>
    </defaultValue>
  </outcomeDeclaration>
  <stylesheet href="../styles/bundled.css" type="text/css"/>
  <stylesheet href="../styles/inline.css" type="text/css"/>
  <itemBody>
    <rubricBlock use="context" view="candidate author proctor scorer testConstructor tutor">
      <div>
        <object data="../passages/RSC-LOGIC-MP-960.html" type="text/html"/>
      </div>
    </rubricBlock>
    <orderInteraction orientation="vertical" responseIdentifier="RESPONSE374" shuffle="false">
      <prompt>Order the events in "The Song of Hiawatha" to provide an accurate and objective summary.<br/></prompt>
      <simpleChoice identifier="SC-6406">
        <p>Hiawatha is introduced, and his significance is indicated.</p>
      </simpleChoice>
      <simpleChoice identifier="SC-6407">
        <p>The narrator envisions Nawadaha&#x2019;s experience of receiving the story from nature.</p>
      </simpleChoice>
      <simpleChoice identifier="SC-6408">
        <p>The narrator urges those who wish to connect with ancient times to pay close attention.</p>
      </simpleChoice>
      <simpleChoice identifier="SC-6409">
        <p>The narrator invites those who cherish nature to hear the poem.</p>
      </simpleChoice>
      <simpleChoice identifier="SC-6410">
        <p>The peaceful beauty of Nawadaha&#x2019;s home is described.</p>
      </simpleChoice>
      <simpleChoice identifier="SC-6411">
        <p>The narrator explains that he first heard this story recited by Nawadaha.</p>
      </simpleChoice>
    </orderInteraction>
  </itemBody>
  <responseProcessing>
    <responseCondition>
      <responseIf>
        <match>
          <variable identifier="RESPONSE374"/>
          <correct identifier="RESPONSE374"/>
        </match>
        <setOutcomeValue identifier="SCORE374">
          <baseValue baseType="float">1</baseValue>
        </setOutcomeValue>
      </responseIf>
      <responseElse>
        <setOutcomeValue identifier="SCORE374">
          <baseValue baseType="float">0</baseValue>
        </setOutcomeValue>
      </responseElse>
    </responseCondition>
    <setOutcomeValue identifier="SCORE">
      <sum>
        <variable identifier="SCORE374"/>
      </sum>
    </setOutcomeValue>
  </responseProcessing>
</assessmentItem>
