<?xml version="1.0"?>
<assessmentItem adaptive="false" identifier="ITEM-LOGIC-MP-389" timeDependent="false" title="Match each function with the shift described." toolName="ItemLogic" toolVersion="2.0.0" xmlns="http://www.imsglobal.org/xsd/imsqti_v2p1" xmlns:m="http://www.w3.org/1998/Math/MathML" xmlns:xsi="http://www.w3.org/2001/XMLSchema-instance" xsi:schemaLocation="http://www.imsglobal.org/xsd/imsqti_v2p1  http://www.imsglobal.org/xsd/qti/qtiv2p1/imsqti_v2p1.xsd">
  <responseDeclaration baseType="directedPair" cardinality="multiple" identifier="RESPONSE176">
    <correctResponse>
      <value>SAC-4678 SAC-4684</value>
      <value>SAC-4679 SAC-4685</value>
      <value>SAC-4680 SAC-4687</value>
      <value>SAC-4681 SAC-4688</value>
      <value>SAC-4682 SAC-4683</value>
    </correctResponse>
  </responseDeclaration>
  <outcomeDeclaration baseType="float" cardinality="single" identifier="SCORE176">
    <defaultValue>
      <value>0</value>
    </defaultValue>
  </outcomeDeclaration>
  <outcomeDeclaration baseType="float" cardinality="single" identifier="SCORE">
    <defaultValue>
      <value>0</value>
    </defaultValue>
  </outcomeDeclaration>
  <stylesheet href="../styles/bundled.css" type="text/css"/>
  <stylesheet href="../styles/inline.css" type="text/css"/>
  <itemBody>
    <matchInteraction maxAssociations="5" responseIdentifier="RESPONSE176" shuffle="false">
      <prompt>Match each function with the shift described.<br/></prompt>
      <simpleMatchSet>
        <simpleAssociableChoice identifier="SAC-4678" matchMax="1">
          <p xmlns:default="http://www.w3.org/1998/Math/MathML">
            <m:math xmlns="http://www.w3.org/1998/Math/MathML">   <m:mi>f</m:mi>   <m:mo stretchy="false">(</m:mo>   <m:mi>x</m:mi>   <m:mo stretchy="false">)</m:mo>   <m:mo>=</m:mo>   <m:mo stretchy="false">(</m:mo>   <m:mi>x</m:mi>   <m:mo>&#x2212;<!-- âˆ’ --></m:mo>   <m:mn>2</m:mn>   <m:msup>     <m:mo stretchy="false">)</m:mo>     <m:mn>3</m:mn>   </m:msup> </m:math>
          </p>
        </simpleAssociableChoice>
        <simpleAssociableChoice identifier="SAC-4679" matchMax="1">
          <p xmlns:default="http://www.w3.org/1998/Math/MathML">
            <m:math xmlns="http://www.w3.org/1998/Math/MathML">   <m:mi>f</m:mi>   <m:mo stretchy="false">(</m:mo>   <m:mi>x</m:mi>   <m:mo stretchy="false">)</m:mo>   <m:mo>=</m:mo>   <m:msup>     <m:mi>x</m:mi>     <m:mn>3</m:mn>   </m:msup>   <m:mo>&#x2212;<!-- âˆ’ --></m:mo>   <m:mn>2</m:mn> </m:math>
          </p>
        </simpleAssociableChoice>
        <simpleAssociableChoice identifier="SAC-4680" matchMax="1">
          <p xmlns:default="http://www.w3.org/1998/Math/MathML">
            <m:math xmlns="http://www.w3.org/1998/Math/MathML">   <m:mi>f</m:mi>   <m:mo stretchy="false">(</m:mo>   <m:mi>x</m:mi>   <m:mo stretchy="false">)</m:mo>   <m:mo>=</m:mo>   <m:mo>&#x2212;<!-- âˆ’ --></m:mo>   <m:mn>2</m:mn>   <m:msup>     <m:mi>x</m:mi>     <m:mn>3</m:mn>   </m:msup> </m:math>
          </p>
        </simpleAssociableChoice>
        <simpleAssociableChoice identifier="SAC-4681" matchMax="1">
          <p xmlns:default="http://www.w3.org/1998/Math/MathML">
            <m:math xmlns="http://www.w3.org/1998/Math/MathML">   <m:mi>f</m:mi>   <m:mo stretchy="false">(</m:mo>   <m:mi>x</m:mi>   <m:mo stretchy="false">)</m:mo>   <m:mo>=</m:mo>   <m:mo stretchy="false">(</m:mo>   <m:mn>2</m:mn>   <m:mi>x</m:mi>   <m:msup>     <m:mo stretchy="false">)</m:mo>     <m:mn>3</m:mn>   </m:msup> </m:math>
          </p>
        </simpleAssociableChoice>
        <simpleAssociableChoice identifier="SAC-4682" matchMax="1">
          <p xmlns:default="http://www.w3.org/1998/Math/MathML">
            <m:math xmlns="http://www.w3.org/1998/Math/MathML">   <m:mi>f</m:mi>   <m:mo stretchy="false">(</m:mo>   <m:mi>x</m:mi>   <m:mo stretchy="false">)</m:mo>   <m:mo>=</m:mo>   <m:mo stretchy="false">(</m:mo>   <m:mi>x</m:mi>   <m:mo>+</m:mo>   <m:mn>2</m:mn>   <m:msup>     <m:mo stretchy="false">)</m:mo>     <m:mn>3</m:mn>   </m:msup> </m:math>
          </p>
        </simpleAssociableChoice>
      </simpleMatchSet>
      <simpleMatchSet>
        <simpleAssociableChoice identifier="SAC-4683" matchMax="1">
          <p xmlns:default="http://www.w3.org/1998/Math/MathML">a shift of <m:math xmlns="http://www.w3.org/1998/Math/MathML">   <m:mi>f</m:mi>   <m:mo stretchy="false">(</m:mo>   <m:mi>x</m:mi>   <m:mo stretchy="false">)</m:mo>   <m:mo>=</m:mo>   <m:msup>     <m:mi>x</m:mi>     <m:mn>3</m:mn>   </m:msup> </m:math> two units to the left</p>
        </simpleAssociableChoice>
        <simpleAssociableChoice identifier="SAC-4684" matchMax="1">
          <p xmlns:default="http://www.w3.org/1998/Math/MathML">a shift of <m:math xmlns="http://www.w3.org/1998/Math/MathML">   <m:mi>f</m:mi>   <m:mo stretchy="false">(</m:mo>   <m:mi>x</m:mi>   <m:mo stretchy="false">)</m:mo>   <m:mo>=</m:mo>   <m:msup>     <m:mi>x</m:mi>     <m:mn>3</m:mn>   </m:msup> </m:math> two units to the right</p>
        </simpleAssociableChoice>
        <simpleAssociableChoice identifier="SAC-4685" matchMax="1">
          <p xmlns:default="http://www.w3.org/1998/Math/MathML">a shift of <m:math xmlns="http://www.w3.org/1998/Math/MathML">   <m:mi>f</m:mi>   <m:mo stretchy="false">(</m:mo>   <m:mi>x</m:mi>   <m:mo stretchy="false">)</m:mo>   <m:mo>=</m:mo>   <m:msup>     <m:mi>x</m:mi>     <m:mn>3</m:mn>   </m:msup> </m:math> two units down</p>
        </simpleAssociableChoice>
        <simpleAssociableChoice identifier="SAC-4686" matchMax="1">
          <p xmlns:default="http://www.w3.org/1998/Math/MathML">a shift of <m:math xmlns="http://www.w3.org/1998/Math/MathML">   <m:mi>f</m:mi>   <m:mo stretchy="false">(</m:mo>   <m:mi>x</m:mi>   <m:mo stretchy="false">)</m:mo>   <m:mo>=</m:mo>   <m:msup>     <m:mi>x</m:mi>     <m:mn>3</m:mn>   </m:msup> </m:math> two units up</p>
        </simpleAssociableChoice>
        <simpleAssociableChoice identifier="SAC-4687" matchMax="1">
          <p xmlns:default="http://www.w3.org/1998/Math/MathML">a stretch and a reflection of <m:math xmlns="http://www.w3.org/1998/Math/MathML">   <m:mi>f</m:mi>   <m:mo stretchy="false">(</m:mo>   <m:mi>x</m:mi>   <m:mo stretchy="false">)</m:mo>   <m:mo>=</m:mo>   <m:msup>     <m:mi>x</m:mi>     <m:mn>3</m:mn>   </m:msup> </m:math> over the <em>x</em>-axis</p>
        </simpleAssociableChoice>
        <simpleAssociableChoice identifier="SAC-4688" matchMax="1">
          <p>no match</p>
        </simpleAssociableChoice>
      </simpleMatchSet>
    </matchInteraction>
  </itemBody>
  <responseProcessing>
    <responseCondition>
      <responseIf>
        <match>
          <variable identifier="RESPONSE176"/>
          <correct identifier="RESPONSE176"/>
        </match>
        <setOutcomeValue identifier="SCORE176">
          <baseValue baseType="float">1</baseValue>
        </setOutcomeValue>
      </responseIf>
      <responseElse>
        <setOutcomeValue identifier="SCORE176">
          <baseValue baseType="float">0</baseValue>
        </setOutcomeValue>
      </responseElse>
    </responseCondition>
    <setOutcomeValue identifier="SCORE">
      <sum>
        <variable identifier="SCORE176"/>
      </sum>
    </setOutcomeValue>
  </responseProcessing>
</assessmentItem>
