<?xml version="1.0"?>
<assessmentItem adaptive="false" identifier="ITEM-LOGIC-MP-614" timeDependent="false" title="Mr. Kellen is using the data to make this bar graph. Drag the numbers to the bar graph to show the c" toolName="ItemLogic" toolVersion="2.0.0" xmlns="http://www.imsglobal.org/xsd/imsqti_v2p1" xmlns:m="http://www.w3.org/1998/Math/MathML" xmlns:xsi="http://www.w3.org/2001/XMLSchema-instance" xsi:schemaLocation="http://www.imsglobal.org/xsd/imsqti_v2p1  http://www.imsglobal.org/xsd/qti/qtiv2p1/imsqti_v2p1.xsd">
  <responseDeclaration baseType="directedPair" cardinality="multiple" identifier="RESPONSE510">
    <correctResponse>
      <value>GI-15975 HS-10388</value>
      <value>GI-15977 HS-10389</value>
      <value>GI-15979 HS-10390</value>
      <value>GI-15981 HS-10391</value>
    </correctResponse>
    <mapping defaultValue="-2.00" lowerBound="0.00" upperBound="2.00">
      <mapEntry mapKey="GI-15975 HS-10388" mappedValue="0.50"/>
      <mapEntry mapKey="GI-15977 HS-10389" mappedValue="0.50"/>
      <mapEntry mapKey="GI-15979 HS-10390" mappedValue="0.50"/>
      <mapEntry mapKey="GI-15981 HS-10391" mappedValue="0.50"/>
    </mapping>
  </responseDeclaration>
  <outcomeDeclaration baseType="float" cardinality="single" identifier="SCORE510">
    <defaultValue>
      <value>0</value>
    </defaultValue>
  </outcomeDeclaration>
  <outcomeDeclaration baseType="float" cardinality="single" identifier="SCORE">
    <defaultValue>
      <value>0</value>
    </defaultValue>
  </outcomeDeclaration>
  <stylesheet href="../styles/bundled.css" type="text/css"/>
  <stylesheet href="../styles/inline.css" type="text/css"/>
  <itemBody>
    <rubricBlock use="stimulus" view="candidate author proctor scorer testConstructor tutor">
      <div><p>Mr. Kellen asked each student in his class, "What color is your backpack?" He collected the data below.</p> <p>1 student said orange.<br/> 5 students said blue.<br/> More students said green than said blue.<br/> The same number of students said red as said purple.</p></div>
    </rubricBlock>
    <graphicGapMatchInteraction responseIdentifier="RESPONSE510">
      <prompt>Mr. Kellen is using the data to make this bar graph. Drag the numbers to the bar graph to show the correct scale. <br/></prompt>
      <object data="../images/FROERI614_Backpacks_stem_01_o_7fcd6a1450.png" height="354" type="image/png" width="347"/>
      <gapImg identifier="GI-15974" matchMax="1">
        <object data="../images/FROERI614_Backpacks_opt_a01_o_b9c3111661.png" height="32" type="image/png" width="32"/>
      </gapImg>
      <gapImg identifier="GI-15975" matchMax="1">
        <object data="../images/FROERI614_Backpacks_opt_b01_o_e13583d4fa.png" height="32" type="image/png" width="32"/>
      </gapImg>
      <gapImg identifier="GI-15976" matchMax="1">
        <object data="../images/FROERI614_Backpacks_opt_c01_o_ee76cae361.png" height="32" type="image/png" width="32"/>
      </gapImg>
      <gapImg identifier="GI-15977" matchMax="1">
        <object data="../images/FROERI614_Backpacks_opt_d01_o_90308ddab5.png" height="32" type="image/png" width="32"/>
      </gapImg>
      <gapImg identifier="GI-15978" matchMax="1">
        <object data="../images/FROERI614_Backpacks_opt_e01_o_387111e36e.png" height="32" type="image/png" width="32"/>
      </gapImg>
      <gapImg identifier="GI-15979" matchMax="1">
        <object data="../images/FROERI614_Backpacks_opt_f01_o_04cdd59205.png" height="32" type="image/png" width="32"/>
      </gapImg>
      <gapImg identifier="GI-15980" matchMax="1">
        <object data="../images/FROERI614_Backpacks_opt_g01_o_185257ac0e.png" height="32" type="image/png" width="32"/>
      </gapImg>
      <gapImg identifier="GI-15981" matchMax="1">
        <object data="../images/FROERI614_Backpacks_opt_h01_o_c8fcc4de69.png" height="32" type="image/png" width="32"/>
      </gapImg>
      <gapImg identifier="GI-15982" matchMax="1">
        <object data="../images/FROERI614_Backpacks_opt_i01_o_8a58ce5a56.png" height="32" type="image/png" width="32"/>
      </gapImg>
      <gapImg identifier="GI-15983" matchMax="1">
        <object data="../images/FROERI614_Backpacks_opt_j01_o_44a93f9418.png" height="32" type="image/png" width="32"/>
      </gapImg>
      <associableHotspot coords="125,294,157,326" identifier="HS-10388" matchMax="1" shape="rect"/>
      <associableHotspot coords="176,296,208,328" identifier="HS-10389" matchMax="1" shape="rect"/>
      <associableHotspot coords="228,296,260,328" identifier="HS-10390" matchMax="1" shape="rect"/>
      <associableHotspot coords="280,295,312,327" identifier="HS-10391" matchMax="1" shape="rect"/>
    </graphicGapMatchInteraction>
  </itemBody>
  <responseProcessing>
    <responseCondition>
      <responseIf>
        <isNull>
          <variable identifier="RESPONSE510"/>
        </isNull>
        <setOutcomeValue identifier="SCORE510">
          <baseValue baseType="float">0.0</baseValue>
        </setOutcomeValue>
      </responseIf>
      <responseElse>
        <setOutcomeValue identifier="SCORE510">
          <mapResponse identifier="RESPONSE510"/>
        </setOutcomeValue>
      </responseElse>
    </responseCondition>
    <setOutcomeValue identifier="SCORE">
      <sum>
        <variable identifier="SCORE510"/>
      </sum>
    </setOutcomeValue>
  </responseProcessing>
</assessmentItem>
