<?xml version="1.0"?>
<assessmentItem adaptive="false" identifier="ITEM-LOGIC-KS-1009" timeDependent="false" title="Match each shape with the name of the shape Kira can make by combining the shape with her triangle." toolName="ItemLogic" toolVersion="2.0.0" xmlns="http://www.imsglobal.org/xsd/imsqti_v2p1" xmlns:m="http://www.w3.org/1998/Math/MathML" xmlns:xsi="http://www.w3.org/2001/XMLSchema-instance" xsi:schemaLocation="http://www.imsglobal.org/xsd/imsqti_v2p1  http://www.imsglobal.org/xsd/qti/qtiv2p1/imsqti_v2p1.xsd">
  <responseDeclaration baseType="directedPair" cardinality="multiple" identifier="RESPONSE1062">
    <correctResponse>
      <value>SAC-17905 SAC-18032</value>
      <value>SAC-17906 SAC-18031</value>
      <value>SAC-17907 SAC-18030</value>
    </correctResponse>
  </responseDeclaration>
  <responseDeclaration baseType="identifier" cardinality="single" identifier="RESPONSE1063">
    <correctResponse>
      <value>SC-17913</value>
    </correctResponse>
  </responseDeclaration>
  <outcomeDeclaration baseType="float" cardinality="single" identifier="SCORE1062">
    <defaultValue>
      <value>0</value>
    </defaultValue>
  </outcomeDeclaration>
  <outcomeDeclaration baseType="float" cardinality="single" identifier="SCORE1063">
    <defaultValue>
      <value>0</value>
    </defaultValue>
  </outcomeDeclaration>
  <outcomeDeclaration baseType="float" cardinality="single" identifier="SCORE">
    <defaultValue>
      <value>0</value>
    </defaultValue>
  </outcomeDeclaration>
  <stylesheet href="../styles/bundled.css" type="text/css"/>
  <stylesheet href="../styles/inline.css" type="text/css"/>
  <itemBody>
    <rubricBlock use="stimulus" view="candidate author proctor scorer testConstructor tutor">
      <div>
        <p>Kira has the triangle shown.</p>
        <p>
          <object data="../images/shapes-combine-stimulus@2x_024d1da4e3.png" height="100" type="image/png" width="125"/>
        </p>
        <p>She wants to add another shape to her triangle to make a new shape. She does not want to turn or flip any of her shapes.</p>
      </div>
    </rubricBlock>
    <matchInteraction maxAssociations="3" responseIdentifier="RESPONSE1062" shuffle="false">
      <prompt>Match each shape with the name of the shape Kira can make by combining the shape with her triangle.<br/></prompt>
      <simpleMatchSet>
        <simpleAssociableChoice identifier="SAC-17905" matchMax="1">
          <p>triangle</p>
        </simpleAssociableChoice>
        <simpleAssociableChoice identifier="SAC-17906" matchMax="1">
          <p>rectangle</p>
        </simpleAssociableChoice>
        <simpleAssociableChoice identifier="SAC-17907" matchMax="1">
          <p>trapezoid</p>
        </simpleAssociableChoice>
      </simpleMatchSet>
      <simpleMatchSet>
        <simpleAssociableChoice identifier="SAC-18030" matchMax="1">
          <p>
            <object data="../images/shapes-combine-token1@2x_ee74ad52d2.png" height="100" type="image/png" width="125"/>
          </p>
        </simpleAssociableChoice>
        <simpleAssociableChoice identifier="SAC-18031" matchMax="1">
          <p>
            <object data="../images/shapes-combine-token2@2x_949e654b55.png" height="100" type="image/png" width="125"/>
          </p>
        </simpleAssociableChoice>
        <simpleAssociableChoice identifier="SAC-18032" matchMax="1">
          <p>
            <object data="../images/shapes-combine-token3@2x_f6c0daff29.png" height="100" type="image/png" width="125"/>
          </p>
        </simpleAssociableChoice>
      </simpleMatchSet>
    </matchInteraction>
    <choiceInteraction maxChoices="1" responseIdentifier="RESPONSE1063" shuffle="false">
      <prompt>Kira made the shape shown using only triangles.<br/><object data="../images/shapes-combine-stimulus-pentagon@2x_a9d629d208.png" height="100" type="image/png" width="125"/><br/>What is the fewest number of triangles Kira could have used to make this shape?<br/></prompt>
      <simpleChoice fixed="true" identifier="SC-17912">
        <p>2</p>
      </simpleChoice>
      <simpleChoice fixed="true" identifier="SC-17913">
        <p>3</p>
      </simpleChoice>
      <simpleChoice fixed="true" identifier="SC-17914">
        <p>4</p>
      </simpleChoice>
      <simpleChoice fixed="true" identifier="SC-17915">
        <p>5</p>
      </simpleChoice>
    </choiceInteraction>
  </itemBody>
  <responseProcessing>
    <responseCondition>
      <responseIf>
        <match>
          <variable identifier="RESPONSE1062"/>
          <correct identifier="RESPONSE1062"/>
        </match>
        <setOutcomeValue identifier="SCORE1062">
          <baseValue baseType="float">1</baseValue>
        </setOutcomeValue>
      </responseIf>
      <responseElse>
        <setOutcomeValue identifier="SCORE1062">
          <baseValue baseType="float">0</baseValue>
        </setOutcomeValue>
      </responseElse>
    </responseCondition>
    <responseCondition>
      <responseIf>
        <match>
          <variable identifier="RESPONSE1063"/>
          <correct identifier="RESPONSE1063"/>
        </match>
        <setOutcomeValue identifier="SCORE1063">
          <baseValue baseType="float">1</baseValue>
        </setOutcomeValue>
      </responseIf>
      <responseElse>
        <setOutcomeValue identifier="SCORE1063">
          <baseValue baseType="float">0</baseValue>
        </setOutcomeValue>
      </responseElse>
    </responseCondition>
    <setOutcomeValue identifier="SCORE">
      <sum>
        <variable identifier="SCORE1062"/>
        <variable identifier="SCORE1063"/>
      </sum>
    </setOutcomeValue>
  </responseProcessing>
</assessmentItem>
