<?xml version="1.0"?>
<assessmentItem adaptive="false" identifier="ITEM-LOGIC-MP-662" timeDependent="false" title="Match each type of tropical forest to its specific characteristics. Each forest type will be used tw" toolName="ItemLogic" toolVersion="2.0.0" xmlns="http://www.imsglobal.org/xsd/imsqti_v2p1" xmlns:m="http://www.w3.org/1998/Math/MathML" xmlns:xsi="http://www.w3.org/2001/XMLSchema-instance" xsi:schemaLocation="http://www.imsglobal.org/xsd/imsqti_v2p1  http://www.imsglobal.org/xsd/qti/qtiv2p1/imsqti_v2p1.xsd">
  <responseDeclaration baseType="directedPair" cardinality="multiple" identifier="RESPONSE574">
    <correctResponse>
      <value>SAC-16038 SAC-16017</value>
      <value>SAC-16039 SAC-16017</value>
      <value>SAC-16040 SAC-16019</value>
      <value>SAC-16041 SAC-16019</value>
      <value>SAC-16042 SAC-16021</value>
      <value>SAC-16043 SAC-16021</value>
    </correctResponse>
    <mapping defaultValue="0.00" lowerBound="0.00" upperBound="3.00">
      <mapEntry mapKey="SAC-16038 SAC-16017" mappedValue="0.50"/>
      <mapEntry mapKey="SAC-16038 SAC-16019" mappedValue="0.00"/>
      <mapEntry mapKey="SAC-16038 SAC-16021" mappedValue="0.00"/>
      <mapEntry mapKey="SAC-16039 SAC-16017" mappedValue="0.50"/>
      <mapEntry mapKey="SAC-16039 SAC-16019" mappedValue="0.00"/>
      <mapEntry mapKey="SAC-16039 SAC-16021" mappedValue="0.00"/>
      <mapEntry mapKey="SAC-16040 SAC-16017" mappedValue="0.00"/>
      <mapEntry mapKey="SAC-16040 SAC-16019" mappedValue="0.50"/>
      <mapEntry mapKey="SAC-16040 SAC-16021" mappedValue="0.00"/>
      <mapEntry mapKey="SAC-16041 SAC-16017" mappedValue="0.00"/>
      <mapEntry mapKey="SAC-16041 SAC-16019" mappedValue="0.50"/>
      <mapEntry mapKey="SAC-16041 SAC-16021" mappedValue="0.00"/>
      <mapEntry mapKey="SAC-16042 SAC-16017" mappedValue="0.00"/>
      <mapEntry mapKey="SAC-16042 SAC-16019" mappedValue="0.00"/>
      <mapEntry mapKey="SAC-16042 SAC-16021" mappedValue="0.50"/>
      <mapEntry mapKey="SAC-16043 SAC-16017" mappedValue="0.00"/>
      <mapEntry mapKey="SAC-16043 SAC-16019" mappedValue="0.00"/>
      <mapEntry mapKey="SAC-16043 SAC-16021" mappedValue="0.50"/>
    </mapping>
  </responseDeclaration>
  <outcomeDeclaration baseType="float" cardinality="single" identifier="SCORE574">
    <defaultValue>
      <value>0</value>
    </defaultValue>
  </outcomeDeclaration>
  <outcomeDeclaration baseType="float" cardinality="single" identifier="SCORE">
    <defaultValue>
      <value>0</value>
    </defaultValue>
  </outcomeDeclaration>
  <stylesheet href="../styles/bundled.css" type="text/css"/>
  <stylesheet href="../styles/inline.css" type="text/css"/>
  <itemBody>
    <rubricBlock use="context" view="candidate author proctor scorer testConstructor tutor">
      <div>
        <object data="../passages/RSC-LOGIC-MP-1681.html" type="text/html"/>
      </div>
    </rubricBlock>
    <matchInteraction class="table" maxAssociations="18" responseIdentifier="RESPONSE574" shuffle="false">
      <prompt>Match each type of tropical forest to its specific characteristics.<br/> Each forest type will be used two times.<br/></prompt>
      <simpleMatchSet>
        <simpleAssociableChoice identifier="SAC-16038" matchMax="1">
          <p>Constant warm temperatures night and day</p>
        </simpleAssociableChoice>
        <simpleAssociableChoice identifier="SAC-16039" matchMax="1">
          <p>Found at low elevations along rivers, coasts, and islands</p>
        </simpleAssociableChoice>
        <simpleAssociableChoice identifier="SAC-16040" matchMax="1">
          <p>Foggy conditions create dew</p>
        </simpleAssociableChoice>
        <simpleAssociableChoice identifier="SAC-16041" matchMax="1">
          <p>Located in mountainous areas</p>
        </simpleAssociableChoice>
        <simpleAssociableChoice identifier="SAC-16042" matchMax="1">
          <p>Creatures must adapt to drought conditions</p>
        </simpleAssociableChoice>
        <simpleAssociableChoice identifier="SAC-16043" matchMax="1">
          <p>Rainfall confined to specific times of the year</p>
        </simpleAssociableChoice>
      </simpleMatchSet>
      <simpleMatchSet>
        <simpleAssociableChoice identifier="SAC-16017" matchMax="6">
          <p>Hot, wet forests</p>
        </simpleAssociableChoice>
        <simpleAssociableChoice identifier="SAC-16019" matchMax="6">
          <p>Cloud forests</p>
        </simpleAssociableChoice>
        <simpleAssociableChoice identifier="SAC-16021" matchMax="6">
          <p>Dry tropical forests</p>
        </simpleAssociableChoice>
      </simpleMatchSet>
    </matchInteraction>
  </itemBody>
  <responseProcessing>
    <responseCondition>
      <responseIf>
        <isNull>
          <variable identifier="RESPONSE574"/>
        </isNull>
        <setOutcomeValue identifier="SCORE574">
          <baseValue baseType="float">0.0</baseValue>
        </setOutcomeValue>
      </responseIf>
      <responseElse>
        <setOutcomeValue identifier="SCORE574">
          <mapResponse identifier="RESPONSE574"/>
        </setOutcomeValue>
      </responseElse>
    </responseCondition>
    <setOutcomeValue identifier="SCORE">
      <sum>
        <variable identifier="SCORE574"/>
      </sum>
    </setOutcomeValue>
  </responseProcessing>
</assessmentItem>
