<?xml version="1.0"?>
<assessmentItem adaptive="false" identifier="ITEM-LOGIC-MP-253" timeDependent="false" title="Select the option that best completes each of the sentences in order to show how the character of Ma" toolName="ItemLogic" toolVersion="2.0.0" xmlns="http://www.imsglobal.org/xsd/imsqti_v2p1" xmlns:m="http://www.w3.org/1998/Math/MathML" xmlns:xsi="http://www.w3.org/2001/XMLSchema-instance" xsi:schemaLocation="http://www.imsglobal.org/xsd/imsqti_v2p1  http://www.imsglobal.org/xsd/qti/qtiv2p1/imsqti_v2p1.xsd">
  <responseDeclaration baseType="identifier" cardinality="single" identifier="RESPONSE109">
    <correctResponse>
      <value>IC-2594</value>
    </correctResponse>
  </responseDeclaration>
  <responseDeclaration baseType="identifier" cardinality="single" identifier="RESPONSE111">
    <correctResponse>
      <value>IC-2590</value>
    </correctResponse>
  </responseDeclaration>
  <outcomeDeclaration baseType="float" cardinality="single" identifier="SCORE109">
    <defaultValue>
      <value>0</value>
    </defaultValue>
  </outcomeDeclaration>
  <outcomeDeclaration baseType="float" cardinality="single" identifier="SCORE111">
    <defaultValue>
      <value>0</value>
    </defaultValue>
  </outcomeDeclaration>
  <outcomeDeclaration baseType="float" cardinality="single" identifier="SCORE">
    <defaultValue>
      <value>0</value>
    </defaultValue>
  </outcomeDeclaration>
  <stylesheet href="../styles/bundled.css" type="text/css"/>
  <stylesheet href="../styles/inline.css" type="text/css"/>
  <itemBody>
    <rubricBlock use="context" view="candidate author proctor scorer testConstructor tutor">
      <div>
        <object data="../passages/RSC-LOGIC-MP-343.html" type="text/html"/>
      </div>
    </rubricBlock>
    <div class="stem stem_inline">
      <div class="stem_prompt">
        <p>Select the option that <strong>best</strong> completes each of the sentences in order to show how the character of Maynara changes over the course of the story.</p>
      </div>
      <p>In paragraphs 2-4, Manyara hopes to <inlineChoiceInteraction responseIdentifier="RESPONSE109" shuffle="false"><inlineChoice identifier="IC-2594">upset</inlineChoice><inlineChoice identifier="IC-2595">trick</inlineChoice><inlineChoice identifier="IC-2596">flatter</inlineChoice><inlineChoice identifier="IC-2597">save</inlineChoice></inlineChoiceInteraction> her sister, Nyasha.</p>
    </div>
    <div class="stem stem_inline">
      <p>In paragraph 36, Manyara tries to <inlineChoiceInteraction responseIdentifier="RESPONSE111" shuffle="false"><inlineChoice identifier="IC-2587">upset</inlineChoice><inlineChoice identifier="IC-2588">trick</inlineChoice><inlineChoice identifier="IC-2589">flatter</inlineChoice><inlineChoice identifier="IC-2590">save</inlineChoice></inlineChoiceInteraction>her sister once she has seen what is beyond the city gate.</p>
    </div>
  </itemBody>
  <responseProcessing>
    <responseCondition>
      <responseIf>
        <match>
          <variable identifier="RESPONSE109"/>
          <correct identifier="RESPONSE109"/>
        </match>
        <setOutcomeValue identifier="SCORE109">
          <baseValue baseType="float">1</baseValue>
        </setOutcomeValue>
      </responseIf>
      <responseElse>
        <setOutcomeValue identifier="SCORE109">
          <baseValue baseType="float">0</baseValue>
        </setOutcomeValue>
      </responseElse>
    </responseCondition>
    <responseCondition>
      <responseIf>
        <match>
          <variable identifier="RESPONSE111"/>
          <correct identifier="RESPONSE111"/>
        </match>
        <setOutcomeValue identifier="SCORE111">
          <baseValue baseType="float">1</baseValue>
        </setOutcomeValue>
      </responseIf>
      <responseElse>
        <setOutcomeValue identifier="SCORE111">
          <baseValue baseType="float">0</baseValue>
        </setOutcomeValue>
      </responseElse>
    </responseCondition>
    <setOutcomeValue identifier="SCORE">
      <sum>
        <variable identifier="SCORE109"/>
        <variable identifier="SCORE111"/>
      </sum>
    </setOutcomeValue>
  </responseProcessing>
</assessmentItem>
