<?xml version="1.0"?>
<assessmentItem adaptive="false" identifier="ITEM-LOGIC-MP-627" timeDependent="false" title="Order the events in &quot;Take-Off?&quot; to summarize the poem." toolName="ItemLogic" toolVersion="2.0.0" xmlns="http://www.imsglobal.org/xsd/imsqti_v2p1" xmlns:m="http://www.w3.org/1998/Math/MathML" xmlns:xsi="http://www.w3.org/2001/XMLSchema-instance" xsi:schemaLocation="http://www.imsglobal.org/xsd/imsqti_v2p1  http://www.imsglobal.org/xsd/qti/qtiv2p1/imsqti_v2p1.xsd">
  <responseDeclaration baseType="identifier" cardinality="ordered" identifier="RESPONSE530">
    <correctResponse>
      <value>SC-8730</value>
      <value>SC-8731</value>
      <value>SC-8729</value>
      <value>SC-8728</value>
    </correctResponse>
  </responseDeclaration>
  <outcomeDeclaration baseType="float" cardinality="single" identifier="SCORE530">
    <defaultValue>
      <value>0</value>
    </defaultValue>
  </outcomeDeclaration>
  <outcomeDeclaration baseType="float" cardinality="single" identifier="SCORE">
    <defaultValue>
      <value>0</value>
    </defaultValue>
  </outcomeDeclaration>
  <stylesheet href="../styles/bundled.css" type="text/css"/>
  <stylesheet href="../styles/inline.css" type="text/css"/>
  <itemBody>
    <rubricBlock use="context" view="candidate author proctor scorer testConstructor tutor">
      <div>
        <object data="../passages/RSC-LOGIC-MP-1648.html" type="text/html"/>
      </div>
    </rubricBlock>
    <orderInteraction orientation="vertical" responseIdentifier="RESPONSE530" shuffle="false">
      <prompt>Order the events in "Take-Off?" to summarize the poem.<br/></prompt>
      <simpleChoice identifier="SC-8728">
        <p>The bird waits for its mother to arrive.</p>
      </simpleChoice>
      <simpleChoice identifier="SC-8729">
        <p>The bird tries to fly for a second time.</p>
      </simpleChoice>
      <simpleChoice identifier="SC-8730">
        <p>The bird makes an attempt to fly from its branch.</p>
      </simpleChoice>
      <simpleChoice identifier="SC-8731">
        <p>The bird does not use its wings correctly.</p>
      </simpleChoice>
    </orderInteraction>
  </itemBody>
  <responseProcessing>
    <responseCondition>
      <responseIf>
        <match>
          <variable identifier="RESPONSE530"/>
          <correct identifier="RESPONSE530"/>
        </match>
        <setOutcomeValue identifier="SCORE530">
          <baseValue baseType="float">1</baseValue>
        </setOutcomeValue>
      </responseIf>
      <responseElse>
        <setOutcomeValue identifier="SCORE530">
          <baseValue baseType="float">0</baseValue>
        </setOutcomeValue>
      </responseElse>
    </responseCondition>
    <setOutcomeValue identifier="SCORE">
      <sum>
        <variable identifier="SCORE530"/>
      </sum>
    </setOutcomeValue>
  </responseProcessing>
</assessmentItem>
