<?xml version="1.0"?>
<assessmentItem adaptive="false" identifier="ITEM-LOGIC-KS-834" timeDependent="false" title="Place the key details of Nani's care in the order in which they occur in the text." toolName="ItemLogic" toolVersion="2.0.0" xmlns="http://www.imsglobal.org/xsd/imsqti_v2p1" xmlns:m="http://www.w3.org/1998/Math/MathML" xmlns:xsi="http://www.w3.org/2001/XMLSchema-instance" xsi:schemaLocation="http://www.imsglobal.org/xsd/imsqti_v2p1  http://www.imsglobal.org/xsd/qti/qtiv2p1/imsqti_v2p1.xsd">
  <responseDeclaration baseType="identifier" cardinality="ordered" identifier="RESPONSE845">
    <correctResponse>
      <value>SC-14175</value>
      <value>SC-14176</value>
      <value>SC-14174</value>
      <value>SC-14177</value>
    </correctResponse>
  </responseDeclaration>
  <outcomeDeclaration baseType="float" cardinality="single" identifier="SCORE845">
    <defaultValue>
      <value>0</value>
    </defaultValue>
  </outcomeDeclaration>
  <outcomeDeclaration baseType="float" cardinality="single" identifier="SCORE">
    <defaultValue>
      <value>0</value>
    </defaultValue>
  </outcomeDeclaration>
  <stylesheet href="../styles/bundled.css" type="text/css"/>
  <stylesheet href="../styles/inline.css" type="text/css"/>
  <itemBody>
    <rubricBlock use="context" view="candidate author proctor scorer testConstructor tutor">
      <div>
        <object data="../passages/RSC-LOGIC-KS-3873.html" type="text/html"/>
      </div>
    </rubricBlock>
    <rubricBlock use="stimulus" view="candidate author proctor scorer testConstructor tutor">
      <div>
        <p>The focus of Nani's care changed throughout the text, <em>Nani's Story</em>.</p>
      </div>
    </rubricBlock>
    <orderInteraction orientation="vertical" responseIdentifier="RESPONSE845" shuffle="false">
      <prompt>Place the key details of Nani's care in the order in which they occur in the text.<br/></prompt>
      <simpleChoice identifier="SC-14176">
        <p>Nani received short-term care for immediate medical needs.</p>
      </simpleChoice>
      <simpleChoice identifier="SC-14177">
        <p>Nani received long-term, specialized care with a focus on her future.</p>
      </simpleChoice>
      <simpleChoice identifier="SC-14175">
        <p>Nani received urgent, essential care to save her from a threatening situation.</p>
      </simpleChoice>
      <simpleChoice identifier="SC-14174">
        <p>Nani received diligent daily care until it was determined those efforts were not sufficient.</p>
      </simpleChoice>
    </orderInteraction>
  </itemBody>
  <responseProcessing>
    <responseCondition>
      <responseIf>
        <match>
          <variable identifier="RESPONSE845"/>
          <correct identifier="RESPONSE845"/>
        </match>
        <setOutcomeValue identifier="SCORE845">
          <baseValue baseType="float">1</baseValue>
        </setOutcomeValue>
      </responseIf>
      <responseElse>
        <setOutcomeValue identifier="SCORE845">
          <baseValue baseType="float">0</baseValue>
        </setOutcomeValue>
      </responseElse>
    </responseCondition>
    <setOutcomeValue identifier="SCORE">
      <sum>
        <variable identifier="SCORE845"/>
      </sum>
    </setOutcomeValue>
  </responseProcessing>
</assessmentItem>
