<?xml version="1.0"?>
<assessmentItem adaptive="false" identifier="ITEM-LOGIC-KS-997" timeDependent="false" title="Match each paragraph number with its main topic." toolName="ItemLogic" toolVersion="2.0.0" xmlns="http://www.imsglobal.org/xsd/imsqti_v2p1" xmlns:m="http://www.w3.org/1998/Math/MathML" xmlns:xsi="http://www.w3.org/2001/XMLSchema-instance" xsi:schemaLocation="http://www.imsglobal.org/xsd/imsqti_v2p1  http://www.imsglobal.org/xsd/qti/qtiv2p1/imsqti_v2p1.xsd">
  <responseDeclaration baseType="directedPair" cardinality="multiple" identifier="RESPONSE1035">
    <correctResponse>
      <value>SAC-17800 SAC-17804</value>
      <value>SAC-17801 SAC-17805</value>
      <value>SAC-17802 SAC-17806</value>
      <value>SAC-17803 SAC-17807</value>
    </correctResponse>
    <mapping defaultValue="-0.50" lowerBound="0.00" upperBound="2.00">
      <mapEntry mapKey="SAC-17800 SAC-17804" mappedValue="0.50"/>
      <mapEntry mapKey="SAC-17801 SAC-17805" mappedValue="0.50"/>
      <mapEntry mapKey="SAC-17802 SAC-17806" mappedValue="0.50"/>
      <mapEntry mapKey="SAC-17803 SAC-17807" mappedValue="0.50"/>
    </mapping>
  </responseDeclaration>
  <outcomeDeclaration baseType="float" cardinality="single" identifier="SCORE1035">
    <defaultValue>
      <value>0</value>
    </defaultValue>
  </outcomeDeclaration>
  <outcomeDeclaration baseType="float" cardinality="single" identifier="SCORE">
    <defaultValue>
      <value>0</value>
    </defaultValue>
  </outcomeDeclaration>
  <stylesheet href="../styles/bundled.css" type="text/css"/>
  <stylesheet href="../styles/inline.css" type="text/css"/>
  <itemBody>
    <rubricBlock use="context" view="candidate author proctor scorer testConstructor tutor">
      <div>
        <object data="../passages/RSC-LOGIC-KS-7326.html" type="text/html"/>
      </div>
    </rubricBlock>
    <rubricBlock use="stimulus" view="candidate author proctor scorer testConstructor tutor">
      <div>
        <p>Each paragraph in <em>A Human Food Chain</em> has its own main topic.</p>
      </div>
    </rubricBlock>
    <matchInteraction maxAssociations="4" responseIdentifier="RESPONSE1035" shuffle="false">
      <prompt>Match each paragraph number with its main topic.<br/></prompt>
      <simpleMatchSet>
        <simpleAssociableChoice identifier="SAC-17800" matchMax="1">
          <p>Paragraph 1</p>
        </simpleAssociableChoice>
        <simpleAssociableChoice identifier="SAC-17801" matchMax="1">
          <p>Paragraph 2</p>
        </simpleAssociableChoice>
        <simpleAssociableChoice identifier="SAC-17802" matchMax="1">
          <p>Paragraph 3</p>
        </simpleAssociableChoice>
        <simpleAssociableChoice identifier="SAC-17803" matchMax="1">
          <p>Paragraph 5</p>
        </simpleAssociableChoice>
      </simpleMatchSet>
      <simpleMatchSet>
        <simpleAssociableChoice identifier="SAC-17807" matchMax="1">
          <p>Each producer and consumer in a food chain has a special name.</p>
        </simpleAssociableChoice>
        <simpleAssociableChoice identifier="SAC-17806" matchMax="1">
          <p>Many humans eat a variety of plants and animals for energy.</p>
        </simpleAssociableChoice>
        <simpleAssociableChoice identifier="SAC-17805" matchMax="1">
          <p>Producers and consumers get energy in different ways.</p>
        </simpleAssociableChoice>
        <simpleAssociableChoice identifier="SAC-17804" matchMax="1">
          <p>Food chains have an important purpose.</p>
        </simpleAssociableChoice>
      </simpleMatchSet>
    </matchInteraction>
  </itemBody>
  <responseProcessing>
    <responseCondition>
      <responseIf>
        <isNull>
          <variable identifier="RESPONSE1035"/>
        </isNull>
        <setOutcomeValue identifier="SCORE1035">
          <baseValue baseType="float">0.0</baseValue>
        </setOutcomeValue>
      </responseIf>
      <responseElse>
        <setOutcomeValue identifier="SCORE1035">
          <mapResponse identifier="RESPONSE1035"/>
        </setOutcomeValue>
      </responseElse>
    </responseCondition>
    <setOutcomeValue identifier="SCORE">
      <sum>
        <variable identifier="SCORE1035"/>
      </sum>
    </setOutcomeValue>
  </responseProcessing>
</assessmentItem>
