<?xml version="1.0"?>
<assessmentItem adaptive="false" identifier="ITEM-LOGIC-MP-490" timeDependent="false" title="Distances between stars and Earth are measured in light-years. One light-year is [math] miles. A sta" toolName="ItemLogic" toolVersion="2.0.0" xmlns="http://www.imsglobal.org/xsd/imsqti_v2p1" xmlns:m="http://www.w3.org/1998/Math/MathML" xmlns:xsi="http://www.w3.org/2001/XMLSchema-instance" xsi:schemaLocation="http://www.imsglobal.org/xsd/imsqti_v2p1  http://www.imsglobal.org/xsd/qti/qtiv2p1/imsqti_v2p1.xsd">
  <responseDeclaration baseType="identifier" cardinality="single" identifier="RESPONSE346">
    <correctResponse>
      <value>IC-7869</value>
    </correctResponse>
  </responseDeclaration>
  <responseDeclaration baseType="identifier" cardinality="single" identifier="RESPONSE347">
    <correctResponse>
      <value>IC-7870</value>
    </correctResponse>
  </responseDeclaration>
  <outcomeDeclaration baseType="float" cardinality="single" identifier="SCORE346">
    <defaultValue>
      <value>0</value>
    </defaultValue>
  </outcomeDeclaration>
  <outcomeDeclaration baseType="float" cardinality="single" identifier="SCORE347">
    <defaultValue>
      <value>0</value>
    </defaultValue>
  </outcomeDeclaration>
  <outcomeDeclaration baseType="float" cardinality="single" identifier="SCORE">
    <defaultValue>
      <value>0</value>
    </defaultValue>
  </outcomeDeclaration>
  <stylesheet href="../styles/bundled.css" type="text/css"/>
  <stylesheet href="../styles/inline.css" type="text/css"/>
  <itemBody>
    <div class="stem stem_inline" xmlns:default="http://www.w3.org/1998/Math/MathML">
      <div class="stem_prompt" xmlns:default="http://www.w3.org/1998/Math/MathML"><p xmlns:default="http://www.w3.org/1998/Math/MathML">Distances between stars and Earth are measured in light-years. One light-year is <m:math xmlns="http://www.w3.org/1998/Math/MathML">   <m:mn>5.88</m:mn>   <m:mo>&#xD7;<!-- Ã— --></m:mo>   <m:msup>     <m:mn>10</m:mn>     <m:mrow class="MJX-TeXAtom-ORD">       <m:mn>12</m:mn>     </m:mrow>   </m:msup> </m:math> miles.</p> <p>A star is 7.7 light-years from Earth.</p><p><object data="../images/Star-and-Earth.PNG" height="221" type="image/png" width="357"/></p></div>
      <p>Based on the information provided, fill in the missing values to find the number of miles the star is from Earth.</p>
      <p><m:math xmlns="http://www.w3.org/1998/Math/MathML">   <m:mn>7.7</m:mn>   <m:mo stretchy="false">(</m:mo>   <m:mn>5.88</m:mn>   <m:mo>&#xD7;<!-- Ã— --></m:mo>   <m:msup>     <m:mn>10</m:mn>     <m:mrow class="MJX-TeXAtom-ORD">       <m:mn>12</m:mn>     </m:mrow>   </m:msup>   <m:mo stretchy="false">)</m:mo>   <m:mo>=</m:mo> </m:math><inlineChoiceInteraction responseIdentifier="RESPONSE346" shuffle="false"><inlineChoice identifier="IC-7866">4.5276</inlineChoice><inlineChoice identifier="IC-7867">6.55</inlineChoice><inlineChoice identifier="IC-7868">13.58</inlineChoice><inlineChoice identifier="IC-7869">45.276</inlineChoice></inlineChoiceInteraction> <m:math xmlns="http://www.w3.org/1998/Math/MathML">   <m:mo>&#xD7;<!-- × --></m:mo>   <m:msup>     <m:mn>10</m:mn>     <m:mrow class="MJX-TeXAtom-ORD">       <m:mn>12</m:mn>     </m:mrow>   </m:msup>   <m:mo>&#x2248;<!-- ≈ --></m:mo> </m:math><inlineChoiceInteraction responseIdentifier="RESPONSE347" shuffle="false"><inlineChoice identifier="IC-6071">1.4</inlineChoice><inlineChoice identifier="IC-7870">4.5</inlineChoice><inlineChoice identifier="IC-7871">6.6</inlineChoice><inlineChoice identifier="IC-7872">45.3</inlineChoice></inlineChoiceInteraction><m:math xmlns="http://www.w3.org/1998/Math/MathML">   <m:mo>&#xD7;<!-- Ã— --></m:mo>   <m:msup>     <m:mn>10</m:mn>     <m:mrow class="MJX-TeXAtom-ORD">       <m:mn>13</m:mn>     </m:mrow>   </m:msup> </m:math></p>
    </div>
  </itemBody>
  <responseProcessing>
    <responseCondition>
      <responseIf>
        <match>
          <variable identifier="RESPONSE346"/>
          <correct identifier="RESPONSE346"/>
        </match>
        <setOutcomeValue identifier="SCORE346">
          <baseValue baseType="float">1</baseValue>
        </setOutcomeValue>
      </responseIf>
      <responseElse>
        <setOutcomeValue identifier="SCORE346">
          <baseValue baseType="float">0</baseValue>
        </setOutcomeValue>
      </responseElse>
    </responseCondition>
    <responseCondition>
      <responseIf>
        <match>
          <variable identifier="RESPONSE347"/>
          <correct identifier="RESPONSE347"/>
        </match>
        <setOutcomeValue identifier="SCORE347">
          <baseValue baseType="float">1</baseValue>
        </setOutcomeValue>
      </responseIf>
      <responseElse>
        <setOutcomeValue identifier="SCORE347">
          <baseValue baseType="float">0</baseValue>
        </setOutcomeValue>
      </responseElse>
    </responseCondition>
    <setOutcomeValue identifier="SCORE">
      <sum>
        <variable identifier="SCORE346"/>
        <variable identifier="SCORE347"/>
      </sum>
    </setOutcomeValue>
  </responseProcessing>
</assessmentItem>
