<?xml version="1.0"?>
<assessmentItem adaptive="false" identifier="ITEM-LOGIC-KS-969" timeDependent="false" title="Part A Choose the reason for the author's choice of words in paragraph 2." toolName="ItemLogic" toolVersion="2.0.0" xmlns="http://www.imsglobal.org/xsd/imsqti_v2p1" xmlns:m="http://www.w3.org/1998/Math/MathML" xmlns:xsi="http://www.w3.org/2001/XMLSchema-instance" xsi:schemaLocation="http://www.imsglobal.org/xsd/imsqti_v2p1  http://www.imsglobal.org/xsd/qti/qtiv2p1/imsqti_v2p1.xsd">
  <responseDeclaration baseType="identifier" cardinality="multiple" identifier="RESPONSE972">
    <correctResponse>
      <value>HT-17069</value>
    </correctResponse>
  </responseDeclaration>
  <responseDeclaration baseType="identifier" cardinality="multiple" identifier="RESPONSE974">
    <correctResponse>
      <value>HT-17776</value>
      <value>HT-17080</value>
      <value>HT-17081</value>
    </correctResponse>
  </responseDeclaration>
  <outcomeDeclaration baseType="float" cardinality="single" identifier="SCORE972">
    <defaultValue>
      <value>0</value>
    </defaultValue>
  </outcomeDeclaration>
  <outcomeDeclaration baseType="float" cardinality="single" identifier="SCORE974">
    <defaultValue>
      <value>0</value>
    </defaultValue>
  </outcomeDeclaration>
  <outcomeDeclaration baseType="float" cardinality="single" identifier="SCORE">
    <defaultValue>
      <value>0</value>
    </defaultValue>
  </outcomeDeclaration>
  <stylesheet href="../styles/bundled.css" type="text/css"/>
  <stylesheet href="../styles/inline.css" type="text/css"/>
  <itemBody>
    <rubricBlock use="context" view="candidate author proctor scorer testConstructor tutor">
      <div>
        <object data="../passages/RSC-LOGIC-KS-7202.html" type="text/html"/>
      </div>
    </rubricBlock>
    <rubricBlock use="stimulus" view="candidate author proctor scorer testConstructor tutor">
      <div>
        <p>In paragraph 2, the author uses key words and phrases to describe the setting of the berry farm.</p>
      </div>
    </rubricBlock>
    <hottextInteraction maxChoices="0" responseIdentifier="RESPONSE972">
      <prompt>Part A<br/> Choose the reason for the author's choice of words in paragraph 2.<br/></prompt>
      <p>
        <hottext identifier="HT-17071">to let the reader know that it is a windy day</hottext>
      </p>
      <p>
        <hottext identifier="HT-17069">to create a feeling of happiness and delight</hottext>
      </p>
      <p>
        <hottext identifier="HT-17779">to point out the large size of the berry farm</hottext>
      </p>
    </hottextInteraction>
    <hottextInteraction maxChoices="0" responseIdentifier="RESPONSE974">
      <prompt>Part B<br/>Choose three phrases from paragraph 2 that support the correct answer in Part A.<br/></prompt>
      <p>
        <hottext identifier="HT-17776">stretched out its warm arms</hottext>
      </p>
      <p>
        <hottext identifier="HT-17080">friendly breeze</hottext>
      </p>
      <p>
        <hottext identifier="HT-17083">upon their arrival</hottext>
      </p>
      <p>
        <hottext identifier="HT-17081">danced cheerfully</hottext>
      </p>
      <p>
        <hottext identifier="HT-17087">on the trees</hottext>
      </p>
    </hottextInteraction>
  </itemBody>
  <responseProcessing>
    <responseCondition>
      <responseIf>
        <match>
          <variable identifier="RESPONSE972"/>
          <correct identifier="RESPONSE972"/>
        </match>
        <setOutcomeValue identifier="SCORE972">
          <baseValue baseType="float">1</baseValue>
        </setOutcomeValue>
      </responseIf>
      <responseElse>
        <setOutcomeValue identifier="SCORE972">
          <baseValue baseType="float">0</baseValue>
        </setOutcomeValue>
      </responseElse>
    </responseCondition>
    <responseCondition>
      <responseIf>
        <match>
          <variable identifier="RESPONSE974"/>
          <correct identifier="RESPONSE974"/>
        </match>
        <setOutcomeValue identifier="SCORE974">
          <baseValue baseType="float">1</baseValue>
        </setOutcomeValue>
      </responseIf>
      <responseElse>
        <setOutcomeValue identifier="SCORE974">
          <baseValue baseType="float">0</baseValue>
        </setOutcomeValue>
      </responseElse>
    </responseCondition>
    <setOutcomeValue identifier="SCORE">
      <sum>
        <variable identifier="SCORE972"/>
        <variable identifier="SCORE974"/>
      </sum>
    </setOutcomeValue>
  </responseProcessing>
</assessmentItem>
