<?xml version="1.0"?>
<assessmentItem adaptive="false" identifier="ITEM-LOGIC-KS-754" timeDependent="false" title="Order the numbers on Amir&amp;rsquo;s cards from least to greatest." toolName="ItemLogic" toolVersion="2.0.0" xmlns="http://www.imsglobal.org/xsd/imsqti_v2p1" xmlns:m="http://www.w3.org/1998/Math/MathML" xmlns:xsi="http://www.w3.org/2001/XMLSchema-instance" xsi:schemaLocation="http://www.imsglobal.org/xsd/imsqti_v2p1  http://www.imsglobal.org/xsd/qti/qtiv2p1/imsqti_v2p1.xsd">
  <responseDeclaration baseType="identifier" cardinality="ordered" identifier="RESPONSE711">
    <correctResponse>
      <value>SC-11422</value>
      <value>SC-11423</value>
      <value>SC-11424</value>
      <value>SC-11425</value>
      <value>SC-11426</value>
      <value>SC-11427</value>
    </correctResponse>
  </responseDeclaration>
  <outcomeDeclaration baseType="float" cardinality="single" identifier="SCORE711">
    <defaultValue>
      <value>0</value>
    </defaultValue>
  </outcomeDeclaration>
  <outcomeDeclaration baseType="float" cardinality="single" identifier="SCORE">
    <defaultValue>
      <value>0</value>
    </defaultValue>
  </outcomeDeclaration>
  <stylesheet href="../styles/bundled.css" type="text/css"/>
  <stylesheet href="../styles/inline.css" type="text/css"/>
  <itemBody>
    <rubricBlock use="stimulus" view="candidate author proctor scorer testConstructor tutor">
      <div>
        <p>Amir needs to put some number cards in order from least to greatest.</p>
      </div>
    </rubricBlock>
    <orderInteraction orientation="horizontal" responseIdentifier="RESPONSE711" shuffle="false">
      <prompt>Order the numbers on Amir&#x2019;s cards from least to greatest.<br/></prompt>
      <simpleChoice identifier="SC-11425">
        <p>
          <object data="../images/card-368@2x_045f076474.png" height="90" type="image/png" width="68"/>
        </p>
      </simpleChoice>
      <simpleChoice identifier="SC-11427">
        <p>
          <object data="../images/card-410@2x_db0edca8b3.png" height="90" type="image/png" width="68"/>
        </p>
      </simpleChoice>
      <simpleChoice identifier="SC-11422">
        <p>
          <object data="../images/card-57@2x_b7b9be887a.png" height="90" type="image/png" width="68"/>
        </p>
      </simpleChoice>
      <simpleChoice identifier="SC-11424">
        <p>
          <object data="../images/card-200@2x_26f628c960.png" height="90" type="image/png" width="68"/>
        </p>
      </simpleChoice>
      <simpleChoice identifier="SC-11426">
        <p>
          <object data="../images/card-392@2x_f887c15be6.png" height="90" type="image/png" width="68"/>
        </p>
      </simpleChoice>
      <simpleChoice identifier="SC-11423">
        <p>
          <object data="../images/card-80@2x_277819287d.png" height="90" type="image/png" width="68"/>
        </p>
      </simpleChoice>
    </orderInteraction>
  </itemBody>
  <responseProcessing>
    <responseCondition>
      <responseIf>
        <match>
          <variable identifier="RESPONSE711"/>
          <correct identifier="RESPONSE711"/>
        </match>
        <setOutcomeValue identifier="SCORE711">
          <baseValue baseType="float">1</baseValue>
        </setOutcomeValue>
      </responseIf>
      <responseElse>
        <setOutcomeValue identifier="SCORE711">
          <baseValue baseType="float">0</baseValue>
        </setOutcomeValue>
      </responseElse>
    </responseCondition>
    <setOutcomeValue identifier="SCORE">
      <sum>
        <variable identifier="SCORE711"/>
      </sum>
    </setOutcomeValue>
  </responseProcessing>
</assessmentItem>
