<?xml version="1.0"?>
<assessmentItem adaptive="false" identifier="ITEM-LOGIC-MP-629" timeDependent="false" title="Place the following details about Robinson Crusoe in the order in which they occur based on his jour" toolName="ItemLogic" toolVersion="2.0.0" xmlns="http://www.imsglobal.org/xsd/imsqti_v2p1" xmlns:m="http://www.w3.org/1998/Math/MathML" xmlns:xsi="http://www.w3.org/2001/XMLSchema-instance" xsi:schemaLocation="http://www.imsglobal.org/xsd/imsqti_v2p1  http://www.imsglobal.org/xsd/qti/qtiv2p1/imsqti_v2p1.xsd">
  <responseDeclaration baseType="identifier" cardinality="ordered" identifier="RESPONSE533">
    <correctResponse>
      <value>SC-8786</value>
      <value>SC-8787</value>
      <value>SC-8790</value>
      <value>SC-8789</value>
      <value>SC-8788</value>
    </correctResponse>
  </responseDeclaration>
  <outcomeDeclaration baseType="float" cardinality="single" identifier="SCORE533">
    <defaultValue>
      <value>0</value>
    </defaultValue>
  </outcomeDeclaration>
  <outcomeDeclaration baseType="float" cardinality="single" identifier="SCORE">
    <defaultValue>
      <value>0</value>
    </defaultValue>
  </outcomeDeclaration>
  <stylesheet href="../styles/bundled.css" type="text/css"/>
  <stylesheet href="../styles/inline.css" type="text/css"/>
  <itemBody>
    <rubricBlock use="context" view="candidate author proctor scorer testConstructor tutor">
      <div>
        <object data="../passages/RSC-LOGIC-MP-1666.html" type="text/html"/>
      </div>
    </rubricBlock>
    <orderInteraction orientation="vertical" responseIdentifier="RESPONSE533" shuffle="false">
      <prompt>Place the following details about Robinson Crusoe in the order in which they occur based on his journal accounts.<br/></prompt>
      <simpleChoice identifier="SC-8789">
        <p>He feels a sense of security for the first time.</p>
      </simpleChoice>
      <simpleChoice identifier="SC-8787">
        <p>He feels remorse and wonders how things could have been different.</p>
      </simpleChoice>
      <simpleChoice identifier="SC-8790">
        <p>He begins to focus on his surroundings and how to use them. </p>
      </simpleChoice>
      <simpleChoice identifier="SC-8786">
        <p>He experiences feelings of hopelessness and despair.</p>
      </simpleChoice>
      <simpleChoice identifier="SC-8788">
        <p>He concentrates on setting a schedule for himself. </p>
      </simpleChoice>
    </orderInteraction>
  </itemBody>
  <responseProcessing>
    <responseCondition>
      <responseIf>
        <match>
          <variable identifier="RESPONSE533"/>
          <correct identifier="RESPONSE533"/>
        </match>
        <setOutcomeValue identifier="SCORE533">
          <baseValue baseType="float">1</baseValue>
        </setOutcomeValue>
      </responseIf>
      <responseElse>
        <setOutcomeValue identifier="SCORE533">
          <baseValue baseType="float">0</baseValue>
        </setOutcomeValue>
      </responseElse>
    </responseCondition>
    <setOutcomeValue identifier="SCORE">
      <sum>
        <variable identifier="SCORE533"/>
      </sum>
    </setOutcomeValue>
  </responseProcessing>
</assessmentItem>
