<?xml version="1.0"?>
<assessmentItem adaptive="false" identifier="ITEM-LOGIC-MP-414" timeDependent="false" title="&quot;Leopards&quot;&#xA0;presents information about places where leopards hunt. Select the answer that best compl" toolName="ItemLogic" toolVersion="2.0.0" xmlns="http://www.imsglobal.org/xsd/imsqti_v2p1" xmlns:m="http://www.w3.org/1998/Math/MathML" xmlns:xsi="http://www.w3.org/2001/XMLSchema-instance" xsi:schemaLocation="http://www.imsglobal.org/xsd/imsqti_v2p1  http://www.imsglobal.org/xsd/qti/qtiv2p1/imsqti_v2p1.xsd">
  <responseDeclaration baseType="identifier" cardinality="single" identifier="RESPONSE219">
    <correctResponse>
      <value>IC-5095</value>
    </correctResponse>
  </responseDeclaration>
  <responseDeclaration baseType="identifier" cardinality="single" identifier="RESPONSE221">
    <correctResponse>
      <value>IC-5104</value>
    </correctResponse>
  </responseDeclaration>
  <outcomeDeclaration baseType="float" cardinality="single" identifier="SCORE219">
    <defaultValue>
      <value>0</value>
    </defaultValue>
  </outcomeDeclaration>
  <outcomeDeclaration baseType="float" cardinality="single" identifier="SCORE221">
    <defaultValue>
      <value>0</value>
    </defaultValue>
  </outcomeDeclaration>
  <outcomeDeclaration baseType="float" cardinality="single" identifier="SCORE">
    <defaultValue>
      <value>0</value>
    </defaultValue>
  </outcomeDeclaration>
  <stylesheet href="../styles/bundled.css" type="text/css"/>
  <stylesheet href="../styles/inline.css" type="text/css"/>
  <itemBody>
    <rubricBlock use="context" view="candidate author proctor scorer testConstructor tutor">
      <div>
        <object data="../passages/RSC-LOGIC-MP-976.html" type="text/html"/>
      </div>
    </rubricBlock>
    <div class="stem stem_inline">
      <div class="stem_prompt"><p>"Leopards" presents information about places where leopards hunt.</p> <p>Select the answer that <strong>best</strong> completes each sentence.</p></div>
      <p>Leopards climb trees to hunt in <inlineChoiceInteraction responseIdentifier="RESPONSE219" shuffle="false"><inlineChoice identifier="IC-5096">the desert</inlineChoice><inlineChoice identifier="IC-5095">the jungle</inlineChoice><inlineChoice identifier="IC-5097">both the desert and the jungle</inlineChoice></inlineChoiceInteraction>.</p>
    </div>
    <div class="stem stem_inline">
      <p>Leopards hunt small prey in <inlineChoiceInteraction responseIdentifier="RESPONSE221" shuffle="false"><inlineChoice identifier="IC-5103">the desert</inlineChoice><inlineChoice identifier="IC-5100">the jungle</inlineChoice><inlineChoice identifier="IC-5104">both the desert and the jungle</inlineChoice></inlineChoiceInteraction>.</p>
    </div>
  </itemBody>
  <responseProcessing>
    <responseCondition>
      <responseIf>
        <match>
          <variable identifier="RESPONSE219"/>
          <correct identifier="RESPONSE219"/>
        </match>
        <setOutcomeValue identifier="SCORE219">
          <baseValue baseType="float">1</baseValue>
        </setOutcomeValue>
      </responseIf>
      <responseElse>
        <setOutcomeValue identifier="SCORE219">
          <baseValue baseType="float">0</baseValue>
        </setOutcomeValue>
      </responseElse>
    </responseCondition>
    <responseCondition>
      <responseIf>
        <match>
          <variable identifier="RESPONSE221"/>
          <correct identifier="RESPONSE221"/>
        </match>
        <setOutcomeValue identifier="SCORE221">
          <baseValue baseType="float">1</baseValue>
        </setOutcomeValue>
      </responseIf>
      <responseElse>
        <setOutcomeValue identifier="SCORE221">
          <baseValue baseType="float">0</baseValue>
        </setOutcomeValue>
      </responseElse>
    </responseCondition>
    <setOutcomeValue identifier="SCORE">
      <sum>
        <variable identifier="SCORE219"/>
        <variable identifier="SCORE221"/>
      </sum>
    </setOutcomeValue>
  </responseProcessing>
</assessmentItem>
