<?xml version="1.0"?>
<assessmentItem adaptive="false" identifier="ITEM-LOGIC-MP-590" timeDependent="false" title="Fred drew this shape on grid paper." toolName="ItemLogic" toolVersion="2.0.0" xmlns="http://www.imsglobal.org/xsd/imsqti_v2p1" xmlns:m="http://www.w3.org/1998/Math/MathML" xmlns:xsi="http://www.w3.org/2001/XMLSchema-instance" xsi:schemaLocation="http://www.imsglobal.org/xsd/imsqti_v2p1  http://www.imsglobal.org/xsd/qti/qtiv2p1/imsqti_v2p1.xsd">
  <responseDeclaration baseType="identifier" cardinality="multiple" identifier="RESPONSE492">
    <correctResponse>
      <value>HT-14844</value>
      <value>HT-14848</value>
    </correctResponse>
  </responseDeclaration>
  <outcomeDeclaration baseType="float" cardinality="single" identifier="SCORE492">
    <defaultValue>
      <value>0</value>
    </defaultValue>
  </outcomeDeclaration>
  <outcomeDeclaration baseType="float" cardinality="single" identifier="SCORE">
    <defaultValue>
      <value>0</value>
    </defaultValue>
  </outcomeDeclaration>
  <stylesheet href="../styles/bundled.css" type="text/css"/>
  <stylesheet href="../styles/inline.css" type="text/css"/>
  <itemBody>
    <hottextInteraction maxChoices="0" responseIdentifier="RESPONSE492"><prompt>Fred drew this shape on grid paper.<br/><object data="../images/FROERI590_Grid_5e3012882f.png" height="197" type="image/png" width="239"/><br/></prompt><p>Click each expression that represents the area, in square units, of the shape Fred drew.</p> <p><hottext identifier="HT-14844"><math xmlns="http://www.w3.org/1998/Math/MathML">   <mn>8</mn>   <mo>+</mo>   <mn>21</mn> </math></hottext> &#xA0; &#xA0; &#xA0;<hottext identifier="HT-14845"><math xmlns="http://www.w3.org/1998/Math/MathML">   <mn>3</mn>   <mo>&#x00D7;<!-- &#xC3;&#x2014; --></mo>   <mn>7</mn> </math></hottext> &#xA0;&#xA0;&#xA0; <hottext identifier="HT-14846"><math xmlns="http://www.w3.org/1998/Math/MathML">   <mn>9</mn>   <mo>+</mo>   <mn>35</mn> </math></hottext>&#xA0;&#xA0;&#xA0;&#xA0; <hottext identifier="HT-14847"><math xmlns="http://www.w3.org/1998/Math/MathML">   <mn>7</mn>   <mo>&#x00D7;<!-- &#xC3;&#x2014; --></mo>   <mn>5</mn> </math></hottext>&#xA0;&#xA0;&#xA0;&#xA0; <hottext identifier="HT-14848"><math xmlns="http://www.w3.org/1998/Math/MathML">   <mn>9</mn>   <mo>+</mo>   <mn>20</mn> </math></hottext></p></hottextInteraction>
  </itemBody>
  <responseProcessing>
    <responseCondition>
      <responseIf>
        <match>
          <variable identifier="RESPONSE492"/>
          <correct identifier="RESPONSE492"/>
        </match>
        <setOutcomeValue identifier="SCORE492">
          <baseValue baseType="float">1</baseValue>
        </setOutcomeValue>
      </responseIf>
      <responseElse>
        <setOutcomeValue identifier="SCORE492">
          <baseValue baseType="float">0</baseValue>
        </setOutcomeValue>
      </responseElse>
    </responseCondition>
    <setOutcomeValue identifier="SCORE">
      <sum>
        <variable identifier="SCORE492"/>
      </sum>
    </setOutcomeValue>
  </responseProcessing>
</assessmentItem>
