<?xml version="1.0"?>
<assessmentItem adaptive="false" identifier="ITEM-LOGIC-MP-242" timeDependent="false" title="From each column in the table below, choose the correct number of rows of paintings and leftover pai" toolName="ItemLogic" toolVersion="2.0.0" xmlns="http://www.imsglobal.org/xsd/imsqti_v2p1" xmlns:m="http://www.w3.org/1998/Math/MathML" xmlns:xsi="http://www.w3.org/2001/XMLSchema-instance" xsi:schemaLocation="http://www.imsglobal.org/xsd/imsqti_v2p1  http://www.imsglobal.org/xsd/qti/qtiv2p1/imsqti_v2p1.xsd">
  <responseDeclaration baseType="identifier" cardinality="multiple" identifier="RESPONSE86">
    <correctResponse>
      <value>HT-4037</value>
      <value>HT-4042</value>
    </correctResponse>
  </responseDeclaration>
  <outcomeDeclaration baseType="float" cardinality="single" identifier="SCORE86">
    <defaultValue>
      <value>0</value>
    </defaultValue>
  </outcomeDeclaration>
  <outcomeDeclaration baseType="float" cardinality="single" identifier="SCORE">
    <defaultValue>
      <value>0</value>
    </defaultValue>
  </outcomeDeclaration>
  <stylesheet href="../styles/bundled.css" type="text/css"/>
  <stylesheet href="../styles/inline.css" type="text/css"/>
  <itemBody>
    <rubricBlock use="stimulus" view="candidate author proctor scorer testConstructor tutor" xmlns:default="http://www.w3.org/1998/Math/MathML">
      <div><p>Kristen puts 52 paintings on a wall for an art show. She writes this equation.</p> <p><m:math xmlns="http://www.w3.org/1998/Math/MathML">   <m:mn>5</m:mn>   <m:mo>&#xD7;<!-- Ã— --></m:mo>   <m:mi>p</m:mi>   <m:mo>+</m:mo>   <m:mn>2</m:mn>   <m:mo>=</m:mo>   <m:mn>52</m:mn> </m:math></p><p>She makes rows with <em>p</em> paintings in each row and has paintings left over.</p></div>
    </rubricBlock>
    <hottextInteraction maxChoices="0" responseIdentifier="RESPONSE86">
      <prompt>From each column in the table below, choose the correct number of rows of paintings and leftover paintings Kristen has.<br/></prompt>
      <table class="style-a3f303f2f8a08e1dfaa5bdde04c0641d"> <tbody> <tr> <td class="style-0594fd93e2a95d4b5ade904927f9cdf8"><strong>Rows</strong></td> <td class="style-0594fd93e2a95d4b5ade904927f9cdf8"><strong>Left Over</strong></td> </tr> <tr> <td class="style-0594fd93e2a95d4b5ade904927f9cdf8"><hottext identifier="HT-4034">1</hottext></td> <td class="style-0594fd93e2a95d4b5ade904927f9cdf8"><hottext identifier="HT-4035">1</hottext></td> </tr> <tr> <td class="style-0594fd93e2a95d4b5ade904927f9cdf8"><hottext identifier="HT-4036">2</hottext></td> <td class="style-0594fd93e2a95d4b5ade904927f9cdf8"><hottext identifier="HT-4037">2</hottext></td> </tr> <tr> <td class="style-0594fd93e2a95d4b5ade904927f9cdf8"><hottext identifier="HT-4038">3</hottext></td> <td class="style-0594fd93e2a95d4b5ade904927f9cdf8"><hottext identifier="HT-4039">3</hottext></td> </tr> <tr> <td class="style-0594fd93e2a95d4b5ade904927f9cdf8"><hottext identifier="HT-4040">4</hottext></td> <td class="style-0594fd93e2a95d4b5ade904927f9cdf8"><hottext identifier="HT-4041">4</hottext></td> </tr> <tr> <td class="style-0594fd93e2a95d4b5ade904927f9cdf8"><hottext identifier="HT-4042">5</hottext></td> <td class="style-0594fd93e2a95d4b5ade904927f9cdf8"><hottext identifier="HT-4043">5</hottext></td> </tr> </tbody> </table>
    </hottextInteraction>
  </itemBody>
  <responseProcessing>
    <responseCondition>
      <responseIf>
        <match>
          <variable identifier="RESPONSE86"/>
          <correct identifier="RESPONSE86"/>
        </match>
        <setOutcomeValue identifier="SCORE86">
          <baseValue baseType="float">1</baseValue>
        </setOutcomeValue>
      </responseIf>
      <responseElse>
        <setOutcomeValue identifier="SCORE86">
          <baseValue baseType="float">0</baseValue>
        </setOutcomeValue>
      </responseElse>
    </responseCondition>
    <setOutcomeValue identifier="SCORE">
      <sum>
        <variable identifier="SCORE86"/>
      </sum>
    </setOutcomeValue>
  </responseProcessing>
</assessmentItem>
