<?xml version="1.0"?>
<assessmentItem adaptive="false" identifier="ITEM-LOGIC-KS-987" timeDependent="false" title="Part AComplete the sentence to tell the author's purpose for writing this text." toolName="ItemLogic" toolVersion="2.0.0" xmlns="http://www.imsglobal.org/xsd/imsqti_v2p1" xmlns:m="http://www.w3.org/1998/Math/MathML" xmlns:xsi="http://www.w3.org/2001/XMLSchema-instance" xsi:schemaLocation="http://www.imsglobal.org/xsd/imsqti_v2p1  http://www.imsglobal.org/xsd/qti/qtiv2p1/imsqti_v2p1.xsd">
  <responseDeclaration baseType="identifier" cardinality="single" identifier="RESPONSE1012">
    <correctResponse>
      <value>IC-18531</value>
    </correctResponse>
    <mapping>
      <mapEntry mapKey="IC-18531" mappedValue="1.00"/>
    </mapping>
  </responseDeclaration>
  <responseDeclaration baseType="identifier" cardinality="multiple" identifier="RESPONSE1014">
    <correctResponse>
      <value>HT-17506</value>
    </correctResponse>
  </responseDeclaration>
  <outcomeDeclaration baseType="float" cardinality="single" identifier="SCORE1012">
    <defaultValue>
      <value>0</value>
    </defaultValue>
  </outcomeDeclaration>
  <outcomeDeclaration baseType="float" cardinality="single" identifier="SCORE1014">
    <defaultValue>
      <value>0</value>
    </defaultValue>
  </outcomeDeclaration>
  <outcomeDeclaration baseType="float" cardinality="single" identifier="SCORE">
    <defaultValue>
      <value>0</value>
    </defaultValue>
  </outcomeDeclaration>
  <stylesheet href="../styles/bundled.css" type="text/css"/>
  <stylesheet href="../styles/inline.css" type="text/css"/>
  <itemBody>
    <rubricBlock use="context" view="candidate author proctor scorer testConstructor tutor">
      <div>
        <object data="../passages/RSC-LOGIC-KS-7323.html" type="text/html"/>
      </div>
    </rubricBlock>
    <rubricBlock use="stimulus" view="candidate author proctor scorer testConstructor tutor">
      <div>
        <p>The author of <em>Food Chains</em>&#xA0;wrote this text for a specific purpose.</p>
      </div>
    </rubricBlock>
    <div class="stem stem_inline">
      <div class="stem_prompt">
        <p>Part A<br/>Complete the sentence to tell the author's purpose for writing this text.</p>
      </div>
      <p>The <strong>main</strong> reason the author wrote Food Chains was to&#xA0;<span><inlineChoiceInteraction responseIdentifier="RESPONSE1012" shuffle="false"><inlineChoice identifier="IC-18532">explain how herbivores find food for energy</inlineChoice><inlineChoice identifier="IC-18533">explain how consumers help producers get energy</inlineChoice><inlineChoice identifier="IC-18531">explain how plants and animals get energy and pass it on to others</inlineChoice></inlineChoiceInteraction>.</span></p>
    </div>
    <hottextInteraction maxChoices="0" responseIdentifier="RESPONSE1014">
      <prompt>Part B<br/>Choose one detail from the text that supports the correct answer in Part A.<br/></prompt>
      <p>
        <hottext identifier="HT-17508">Zebras, sheep, and squirrels are all herbivores.</hottext>
      </p>
      <p>
        <hottext identifier="HT-17511">Bears, lions, and snakes are examples of consumers.</hottext>
      </p>
      <p>
        <hottext identifier="HT-17506">A zebra gets energy from grass and then passes it on to a hyena.</hottext>
      </p>
    </hottextInteraction>
  </itemBody>
  <responseProcessing>
    <responseCondition>
      <responseIf>
        <isNull>
          <variable identifier="RESPONSE1012"/>
        </isNull>
        <setOutcomeValue identifier="SCORE1012">
          <baseValue baseType="float">0.0</baseValue>
        </setOutcomeValue>
      </responseIf>
      <responseElse>
        <setOutcomeValue identifier="SCORE1012">
          <mapResponse identifier="RESPONSE1012"/>
        </setOutcomeValue>
      </responseElse>
    </responseCondition>
    <responseCondition>
      <responseIf>
        <match>
          <variable identifier="RESPONSE1014"/>
          <correct identifier="RESPONSE1014"/>
        </match>
        <setOutcomeValue identifier="SCORE1014">
          <baseValue baseType="float">1</baseValue>
        </setOutcomeValue>
      </responseIf>
      <responseElse>
        <setOutcomeValue identifier="SCORE1014">
          <baseValue baseType="float">0</baseValue>
        </setOutcomeValue>
      </responseElse>
    </responseCondition>
    <setOutcomeValue identifier="SCORE">
      <sum>
        <variable identifier="SCORE1012"/>
        <variable identifier="SCORE1014"/>
      </sum>
    </setOutcomeValue>
  </responseProcessing>
</assessmentItem>
