<?xml version="1.0"?>
<assessmentItem adaptive="false" identifier="ITEM-LOGIC-KS-842" timeDependent="false" title="Click all statements that are true." toolName="ItemLogic" toolVersion="2.0.0" xmlns="http://www.imsglobal.org/xsd/imsqti_v2p1" xmlns:m="http://www.w3.org/1998/Math/MathML" xmlns:xsi="http://www.w3.org/2001/XMLSchema-instance" xsi:schemaLocation="http://www.imsglobal.org/xsd/imsqti_v2p1  http://www.imsglobal.org/xsd/qti/qtiv2p1/imsqti_v2p1.xsd">
  <responseDeclaration baseType="identifier" cardinality="multiple" identifier="RESPONSE862">
    <correctResponse>
      <value>HT-15427</value>
      <value>HT-15428</value>
    </correctResponse>
  </responseDeclaration>
  <responseDeclaration baseType="identifier" cardinality="single" identifier="RESPONSE864">
    <correctResponse>
      <value>SC-14285</value>
    </correctResponse>
  </responseDeclaration>
  <outcomeDeclaration baseType="float" cardinality="single" identifier="SCORE862">
    <defaultValue>
      <value>0</value>
    </defaultValue>
  </outcomeDeclaration>
  <outcomeDeclaration baseType="float" cardinality="single" identifier="SCORE864">
    <defaultValue>
      <value>0</value>
    </defaultValue>
  </outcomeDeclaration>
  <outcomeDeclaration baseType="float" cardinality="single" identifier="SCORE">
    <defaultValue>
      <value>0</value>
    </defaultValue>
  </outcomeDeclaration>
  <stylesheet href="../styles/bundled.css" type="text/css"/>
  <stylesheet href="../styles/inline.css" type="text/css"/>
  <itemBody>
    <rubricBlock use="stimulus" view="candidate author proctor scorer testConstructor tutor">
      <div>
        <p>Brooke puts a certain amount of money into her bank account each month. Joey also puts a certain amount of money into his bank account each month.</p>
        <p>
          <object data="../images/bank-accounts@2x_b2dce8fa9b.png" height="280" type="image/png" width="500"/>
        </p>
      </div>
    </rubricBlock>
    <hottextInteraction maxChoices="4" minChoices="1" responseIdentifier="RESPONSE862">
      <prompt>Click all statements that are true.<br/></prompt>
      <p><hottext identifier="HT-15426">Brooke saves more money each month than Joey.</hottext> <hottext identifier="HT-15427">Joey started with less money in his bank account than Brooke.</hottext>&#xA0;<hottext identifier="HT-15428">Joey will be the first person to have $100 in a bank account.</hottext> <hottext identifier="HT-15429">When Joey has exactly $150 in his account, Brooke will have exactly $100 in her account.</hottext></p>
    </hottextInteraction>
    <choiceInteraction maxChoices="1" responseIdentifier="RESPONSE864" shuffle="false" xmlns:default="http://www.w3.org/1998/Math/MathML">
      <prompt>Which equation models the relationship between the number of months, <em>n</em>, and the total amount of money, <em>m</em>, in Brooke's bank account?<br/></prompt>
      <simpleChoice fixed="true" identifier="SC-14285" xmlns:default="http://www.w3.org/1998/Math/MathML">
        <m:math xmlns="http://www.w3.org/1998/Math/MathML">   <m:mi>m</m:mi>   <m:mo>=</m:mo>   <m:mn>10</m:mn>   <m:mi>n</m:mi>   <m:mo>+</m:mo>   <m:mn>40</m:mn> </m:math>
      </simpleChoice>
      <simpleChoice fixed="true" identifier="SC-14287" xmlns:default="http://www.w3.org/1998/Math/MathML">
        <m:math xmlns="http://www.w3.org/1998/Math/MathML">   <m:mi>n</m:mi>   <m:mo>=</m:mo>   <m:mn>10</m:mn>   <m:mi>m</m:mi>   <m:mo>+</m:mo>   <m:mn>40</m:mn> </m:math>
      </simpleChoice>
      <simpleChoice fixed="true" identifier="SC-14289" xmlns:default="http://www.w3.org/1998/Math/MathML">
        <m:math xmlns="http://www.w3.org/1998/Math/MathML">   <m:mi>m</m:mi>   <m:mo>=</m:mo>   <m:mn>40</m:mn>   <m:mi>n</m:mi>   <m:mo>+</m:mo>   <m:mn>10</m:mn> </m:math>
      </simpleChoice>
      <simpleChoice fixed="true" identifier="SC-14291" xmlns:default="http://www.w3.org/1998/Math/MathML">
        <m:math xmlns="http://www.w3.org/1998/Math/MathML">   <m:mi>n</m:mi>   <m:mo>=</m:mo>   <m:mn>40</m:mn>   <m:mi>m</m:mi>   <m:mo>+</m:mo>   <m:mn>10</m:mn> </m:math>
      </simpleChoice>
    </choiceInteraction>
  </itemBody>
  <responseProcessing>
    <responseCondition>
      <responseIf>
        <match>
          <variable identifier="RESPONSE862"/>
          <correct identifier="RESPONSE862"/>
        </match>
        <setOutcomeValue identifier="SCORE862">
          <baseValue baseType="float">1</baseValue>
        </setOutcomeValue>
      </responseIf>
      <responseElse>
        <setOutcomeValue identifier="SCORE862">
          <baseValue baseType="float">0</baseValue>
        </setOutcomeValue>
      </responseElse>
    </responseCondition>
    <responseCondition>
      <responseIf>
        <match>
          <variable identifier="RESPONSE864"/>
          <correct identifier="RESPONSE864"/>
        </match>
        <setOutcomeValue identifier="SCORE864">
          <baseValue baseType="float">1</baseValue>
        </setOutcomeValue>
      </responseIf>
      <responseElse>
        <setOutcomeValue identifier="SCORE864">
          <baseValue baseType="float">0</baseValue>
        </setOutcomeValue>
      </responseElse>
    </responseCondition>
    <setOutcomeValue identifier="SCORE">
      <sum>
        <variable identifier="SCORE862"/>
        <variable identifier="SCORE864"/>
      </sum>
    </setOutcomeValue>
  </responseProcessing>
</assessmentItem>
