<?xml version="1.0"?>
<assessmentItem adaptive="false" identifier="ITEM-LOGIC-KS-1001" timeDependent="false" title="Match each point to the text in which it was made. Then, choose the points that were made in both te" toolName="ItemLogic" toolVersion="2.0.0" xmlns="http://www.imsglobal.org/xsd/imsqti_v2p1" xmlns:m="http://www.w3.org/1998/Math/MathML" xmlns:xsi="http://www.w3.org/2001/XMLSchema-instance" xsi:schemaLocation="http://www.imsglobal.org/xsd/imsqti_v2p1  http://www.imsglobal.org/xsd/qti/qtiv2p1/imsqti_v2p1.xsd">
  <responseDeclaration baseType="directedPair" cardinality="multiple" identifier="RESPONSE1045">
    <correctResponse>
      <value>GI-18780 HS-18807</value>
      <value>GI-18780 HS-18808</value>
      <value>GI-18782 HS-18805</value>
      <value>GI-18782 HS-18806</value>
      <value>GI-18783 HS-18807</value>
      <value>GI-18783 HS-18808</value>
      <value>GI-18784 HS-18803</value>
      <value>GI-18784 HS-18804</value>
      <value>GI-18781 HS-18803</value>
      <value>GI-18781 HS-18804</value>
      <value>GI-18822 HS-18805</value>
      <value>GI-18822 HS-18806</value>
    </correctResponse>
    <mapping defaultValue="0.00" lowerBound="0.00" upperBound="3.00">
      <mapEntry mapKey="GI-18780 HS-18807" mappedValue="0.50"/>
      <mapEntry mapKey="GI-18780 HS-18808" mappedValue="0.50"/>
      <mapEntry mapKey="GI-18782 HS-18805" mappedValue="0.50"/>
      <mapEntry mapKey="GI-18782 HS-18806" mappedValue="0.50"/>
      <mapEntry mapKey="GI-18783 HS-18807" mappedValue="0.50"/>
      <mapEntry mapKey="GI-18783 HS-18808" mappedValue="0.50"/>
      <mapEntry mapKey="GI-18784 HS-18803" mappedValue="0.50"/>
      <mapEntry mapKey="GI-18784 HS-18804" mappedValue="0.50"/>
      <mapEntry mapKey="GI-18781 HS-18803" mappedValue="0.50"/>
      <mapEntry mapKey="GI-18781 HS-18804" mappedValue="0.50"/>
      <mapEntry mapKey="GI-18822 HS-18805" mappedValue="0.50"/>
      <mapEntry mapKey="GI-18822 HS-18806" mappedValue="0.50"/>
    </mapping>
  </responseDeclaration>
  <outcomeDeclaration baseType="float" cardinality="single" identifier="SCORE1045">
    <defaultValue>
      <value>0</value>
    </defaultValue>
  </outcomeDeclaration>
  <outcomeDeclaration baseType="float" cardinality="single" identifier="SCORE">
    <defaultValue>
      <value>0</value>
    </defaultValue>
  </outcomeDeclaration>
  <stylesheet href="../styles/bundled.css" type="text/css"/>
  <stylesheet href="../styles/inline.css" type="text/css"/>
  <itemBody>
    <rubricBlock use="context" view="candidate author proctor scorer testConstructor tutor">
      <div>
        <object data="../passages/RSC-LOGIC-KS-7323.html" type="text/html"/>
      </div>
      <div>
        <object data="../passages/RSC-LOGIC-KS-7326.html" type="text/html"/>
      </div>
    </rubricBlock>
    <rubricBlock use="stimulus" view="candidate author proctor scorer testConstructor tutor">
      <div>
        <p>The authors of <em>Food Chains</em> and <em>A Human Food Chain </em>made some similar points in the two texts. They also made different points in each.</p>
      </div>
    </rubricBlock>
    <graphicGapMatchInteraction responseIdentifier="RESPONSE1045">
      <prompt>Match each point to the text in which it was made. Then, choose the points that were made in both texts.<br/></prompt>
      <object data="../images/psg-food-chain-comp-stage@2x_o_57be354415.png" height="330" type="image/png" width="500"/>
      <gapImg identifier="GI-18780" matchMax="1">
        <object data="../images/food-chain-supports-token5@2x_o_a36d6cf08b.png" height="55" type="image/png" width="210"/>
      </gapImg>
      <gapImg identifier="GI-18781" matchMax="1">
        <object data="../images/food-chain-supports-token2@2x_o_b0a75b9ad5.png" height="55" type="image/png" width="210"/>
      </gapImg>
      <gapImg identifier="GI-18782" matchMax="1">
        <object data="../images/psg-food-chain-comp-choice1@2x_o_1cd7845b6f.png" height="50" type="image/png" width="210"/>
      </gapImg>
      <gapImg identifier="GI-18783" matchMax="1">
        <object data="../images/psg-food-chain-comp-choice3@2x_o_ddbd5d8f7d.png" height="50" type="image/png" width="210"/>
      </gapImg>
      <gapImg identifier="GI-18784" matchMax="1">
        <object data="../images/psg-food-chain-comp-choice2@2x_o_ea45eed3cd.png" height="50" type="image/png" width="210"/>
      </gapImg>
      <gapImg identifier="GI-18822" matchMax="1">
        <object data="../images/psg-food-chain-comp-choice8@2x_o_9b27d0ba8a.png" height="50" type="image/png" width="210"/>
      </gapImg>
      <associableHotspot coords="15,40,242,95" identifier="HS-18803" matchMax="1" shape="rect"/>
      <associableHotspot coords="257,40,484,95" identifier="HS-18804" matchMax="1" shape="rect"/>
      <associableHotspot coords="16,148,243,203" identifier="HS-18805" matchMax="1" shape="rect"/>
      <associableHotspot coords="257,148,484,203" identifier="HS-18806" matchMax="1" shape="rect"/>
      <associableHotspot coords="16,256,243,311" identifier="HS-18807" matchMax="1" shape="rect"/>
      <associableHotspot coords="257,256,484,311" identifier="HS-18808" matchMax="1" shape="rect"/>
    </graphicGapMatchInteraction>
  </itemBody>
  <responseProcessing>
    <responseCondition>
      <responseIf>
        <isNull>
          <variable identifier="RESPONSE1045"/>
        </isNull>
        <setOutcomeValue identifier="SCORE1045">
          <baseValue baseType="float">0.0</baseValue>
        </setOutcomeValue>
      </responseIf>
      <responseElse>
        <setOutcomeValue identifier="SCORE1045">
          <mapResponse identifier="RESPONSE1045"/>
        </setOutcomeValue>
      </responseElse>
    </responseCondition>
    <setOutcomeValue identifier="SCORE">
      <sum>
        <variable identifier="SCORE1045"/>
      </sum>
    </setOutcomeValue>
  </responseProcessing>
</assessmentItem>
