<?xml version="1.0"?>
<assessmentItem adaptive="false" identifier="ITEM-LOGIC-KS-974" timeDependent="false" title="Complete the sentence." toolName="ItemLogic" toolVersion="2.0.0" xmlns="http://www.imsglobal.org/xsd/imsqti_v2p1" xmlns:m="http://www.w3.org/1998/Math/MathML" xmlns:xsi="http://www.w3.org/2001/XMLSchema-instance" xsi:schemaLocation="http://www.imsglobal.org/xsd/imsqti_v2p1  http://www.imsglobal.org/xsd/qti/qtiv2p1/imsqti_v2p1.xsd">
  <responseDeclaration baseType="string" cardinality="single" identifier="RESPONSE984">
    <correctResponse>
      <value>-0.49</value>
    </correctResponse>
  </responseDeclaration>
  <responseDeclaration baseType="identifier" cardinality="single" identifier="RESPONSE986">
    <correctResponse>
      <value>SC-18419</value>
    </correctResponse>
  </responseDeclaration>
  <outcomeDeclaration baseType="float" cardinality="single" identifier="SCORE984">
    <defaultValue>
      <value>0</value>
    </defaultValue>
  </outcomeDeclaration>
  <outcomeDeclaration baseType="float" cardinality="single" identifier="SCORE986">
    <defaultValue>
      <value>0</value>
    </defaultValue>
  </outcomeDeclaration>
  <outcomeDeclaration baseType="float" cardinality="single" identifier="SCORE">
    <defaultValue>
      <value>0</value>
    </defaultValue>
  </outcomeDeclaration>
  <stylesheet href="../styles/bundled.css" type="text/css"/>
  <stylesheet href="../styles/inline.css" type="text/css"/>
  <itemBody>
    <rubricBlock use="stimulus" view="candidate author proctor scorer testConstructor tutor">
      <div><p>The amount of money in Maria&#x2019;s savings account decreases by about the same amount each week. She initially had $2, 110 in her savings account. She made a scatter plot of the data. The line of best fit is also shown in red.</p><p><object data="../images/maria-scatter-stimulus@2x_6da0571ed9.png" height="213" type="image/png" width="400"/></p><p>A table of data reflected in the scatter plot is shown:</p> <table class="style-3c0be653b9c443a894b57608d3d8235d"> <thead> <tr> <td class="style-25150780864b21cd93ec9cb82758edc1">Weeks</td> <td class="style-25150780864b21cd93ec9cb82758edc1">Amount<br/>Remaining</td> </tr> </thead> <tbody> <tr> <td class="style-0594fd93e2a95d4b5ade904927f9cdf8">1</td> <td class="style-0594fd93e2a95d4b5ade904927f9cdf8">$2,025</td> </tr> <tr> <td class="style-0594fd93e2a95d4b5ade904927f9cdf8">2</td> <td class="style-0594fd93e2a95d4b5ade904927f9cdf8">$2,075</td> </tr> <tr> <td class="style-0594fd93e2a95d4b5ade904927f9cdf8">3</td> <td class="style-0594fd93e2a95d4b5ade904927f9cdf8">$1,950</td> </tr> <tr> <td class="style-0594fd93e2a95d4b5ade904927f9cdf8">4</td> <td class="style-0594fd93e2a95d4b5ade904927f9cdf8">$2,000</td> </tr> <tr> <td class="style-0594fd93e2a95d4b5ade904927f9cdf8">5</td> <td class="style-0594fd93e2a95d4b5ade904927f9cdf8">$1,900</td> </tr> <tr> <td class="style-0594fd93e2a95d4b5ade904927f9cdf8">6</td> <td class="style-0594fd93e2a95d4b5ade904927f9cdf8">$2,025</td> </tr> </tbody> </table></div>
    </rubricBlock>
    <div class="stem stem_inline">
      <div class="stem_prompt">
        <p>Complete the sentence.</p>
      </div>
      <p>To the nearest hundredth, the correlation coefficient of the line of best fit for the data is&#xA0;<textEntryInteraction responseIdentifier="RESPONSE984"/>.</p>
    </div>
    <choiceInteraction maxChoices="1" responseIdentifier="RESPONSE986" shuffle="false">
      <prompt>Which statement is true?<br/></prompt>
      <simpleChoice fixed="true" identifier="SC-18416">
        <p>The data has a weak negative relationship. The data are close to the line of regression. Therefore, the equation of the line can be used to accurately predict the value of Maria&#x2019;s savings account after week 6.</p>
      </simpleChoice>
      <simpleChoice fixed="true" identifier="SC-18417">
        <p>The data has a weak negative relationship. The data are close to the line of regression. Therefore, the equation of the line can be used to accurately predict the value of Maria&#x2019;s savings account after week 6.</p>
      </simpleChoice>
      <simpleChoice fixed="true" identifier="SC-18418">
        <p>The data has a strong negative relationship. The data are not close to the line of regression. Therefore, the equation of the line cannot be used to accurately predict the value of Maria&#x2019;s savings account after week 6.</p>
      </simpleChoice>
      <simpleChoice fixed="true" identifier="SC-18419">
        <p>The data has a weak negative relationship. The data are not close to the line of regression. Therefore, the equation of the line cannot be used to accurately predict the value of Maria&#x2019;s savings account after week 6.</p>
      </simpleChoice>
    </choiceInteraction>
  </itemBody>
  <responseProcessing>
    <responseCondition>
      <responseIf>
        <match>
          <variable identifier="RESPONSE984"/>
          <correct identifier="RESPONSE984"/>
        </match>
        <setOutcomeValue identifier="SCORE984">
          <baseValue baseType="float">1</baseValue>
        </setOutcomeValue>
      </responseIf>
      <responseElse>
        <setOutcomeValue identifier="SCORE984">
          <baseValue baseType="float">0</baseValue>
        </setOutcomeValue>
      </responseElse>
    </responseCondition>
    <responseCondition>
      <responseIf>
        <match>
          <variable identifier="RESPONSE986"/>
          <correct identifier="RESPONSE986"/>
        </match>
        <setOutcomeValue identifier="SCORE986">
          <baseValue baseType="float">1</baseValue>
        </setOutcomeValue>
      </responseIf>
      <responseElse>
        <setOutcomeValue identifier="SCORE986">
          <baseValue baseType="float">0</baseValue>
        </setOutcomeValue>
      </responseElse>
    </responseCondition>
    <setOutcomeValue identifier="SCORE">
      <sum>
        <variable identifier="SCORE984"/>
        <variable identifier="SCORE986"/>
      </sum>
    </setOutcomeValue>
  </responseProcessing>
</assessmentItem>
