<?xml version="1.0"?>
<assessmentItem adaptive="false" identifier="ITEM-LOGIC-MP-189" timeDependent="false" title="Determine whether each statement about Lily's students is true based on the tables. Select True or F" toolName="ItemLogic" toolVersion="2.0.0" xmlns="http://www.imsglobal.org/xsd/imsqti_v2p1" xmlns:m="http://www.w3.org/1998/Math/MathML" xmlns:xsi="http://www.w3.org/2001/XMLSchema-instance" xsi:schemaLocation="http://www.imsglobal.org/xsd/imsqti_v2p1  http://www.imsglobal.org/xsd/qti/qtiv2p1/imsqti_v2p1.xsd">
  <responseDeclaration baseType="identifier" cardinality="multiple" identifier="RESPONSE13">
    <correctResponse>
      <value>HT-2004</value>
      <value>HT-2007</value>
    </correctResponse>
  </responseDeclaration>
  <outcomeDeclaration baseType="float" cardinality="single" identifier="SCORE13">
    <defaultValue>
      <value>0</value>
    </defaultValue>
  </outcomeDeclaration>
  <outcomeDeclaration baseType="float" cardinality="single" identifier="SCORE">
    <defaultValue>
      <value>0</value>
    </defaultValue>
  </outcomeDeclaration>
  <stylesheet href="../styles/bundled.css" type="text/css"/>
  <stylesheet href="../styles/inline.css" type="text/css"/>
  <itemBody>
    <rubricBlock use="stimulus" view="candidate author proctor scorer testConstructor tutor">
      <div><p>Lily asked the students in her class to fill out two health surveys. The results are shown in these two tables.</p><p><strong>Survey 1</strong></p> <p class="style-ebabe05ff5581c41810c218dc297d4be"><strong>Do you drink at least 8 glasses of water a day?</strong></p> <table class="style-ecaf56562775e6d69a2a62ccaa4e7a1d"> <tbody> <tr> <td class="style-0594fd93e2a95d4b5ade904927f9cdf8"><strong>Answer</strong></td> <td class="style-0594fd93e2a95d4b5ade904927f9cdf8"><strong>Number of Students</strong></td> </tr> <tr> <td class="style-0594fd93e2a95d4b5ade904927f9cdf8">yes</td> <td class="style-0594fd93e2a95d4b5ade904927f9cdf8">10</td> </tr> <tr> <td class="style-0594fd93e2a95d4b5ade904927f9cdf8">no</td> <td class="style-0594fd93e2a95d4b5ade904927f9cdf8">14</td> </tr> </tbody> </table> <p><strong>                                                  </strong></p><p><strong>Survey 2</strong></p> <p class="style-ebabe05ff5581c41810c218dc297d4be"><strong>Do you exercise for at least 20 minutes 3 days a week?</strong></p> <table class="style-fbe510b5f688c97539de957e74bb39af"> <tbody> <tr> <td class="style-0594fd93e2a95d4b5ade904927f9cdf8"><strong>Answer</strong></td> <td class="style-0594fd93e2a95d4b5ade904927f9cdf8"><strong>Number of Students</strong></td> </tr> <tr> <td class="style-0594fd93e2a95d4b5ade904927f9cdf8">yes</td> <td class="style-0594fd93e2a95d4b5ade904927f9cdf8">16</td> </tr> <tr> <td class="style-0594fd93e2a95d4b5ade904927f9cdf8">no</td> <td class="style-0594fd93e2a95d4b5ade904927f9cdf8">8</td> </tr> </tbody> </table></div>
    </rubricBlock>
    <hottextInteraction maxChoices="0" responseIdentifier="RESPONSE13" xmlns:default="http://www.w3.org/1998/Math/MathML">
      <prompt>Determine whether each statement about Lily's students is true based on the tables. Select True or False for each statement.<br/></prompt>
      <table class="style-e6eb17a6581ee3ad2257486cc60acacd" xmlns:default="http://www.w3.org/1998/Math/MathML"> <tbody> <tr> <td class="style-25150780864b21cd93ec9cb82758edc1"><strong>Statement</strong></td> <td class="style-25150780864b21cd93ec9cb82758edc1" colspan="2"><strong>     Answer</strong></td> </tr> <tr> <td class="style-25150780864b21cd93ec9cb82758edc1">The ratio of yes answers to no answers given in Survey 1 is 5:7.</td> <td class="style-25150780864b21cd93ec9cb82758edc1"> <hottext identifier="HT-2004">True</hottext></td> <td class="style-25150780864b21cd93ec9cb82758edc1"> <hottext identifier="HT-2005">False</hottext></td> </tr> <tr> <td class="style-25150780864b21cd93ec9cb82758edc1">The ratio of no answers to yes answers in Survey 2 is <m:math xmlns="http://www.w3.org/1998/Math/MathML">   <m:mfrac>     <m:mn>2</m:mn>     <m:mn>1</m:mn>   </m:mfrac> </m:math>.</td> <td class="style-25150780864b21cd93ec9cb82758edc1"> <hottext identifier="HT-2006">True</hottext></td> <td class="style-25150780864b21cd93ec9cb82758edc1"> <hottext identifier="HT-2007">False</hottext></td> </tr> </tbody> </table>
    </hottextInteraction>
  </itemBody>
  <responseProcessing>
    <responseCondition>
      <responseIf>
        <match>
          <variable identifier="RESPONSE13"/>
          <correct identifier="RESPONSE13"/>
        </match>
        <setOutcomeValue identifier="SCORE13">
          <baseValue baseType="float">1</baseValue>
        </setOutcomeValue>
      </responseIf>
      <responseElse>
        <setOutcomeValue identifier="SCORE13">
          <baseValue baseType="float">0</baseValue>
        </setOutcomeValue>
      </responseElse>
    </responseCondition>
    <setOutcomeValue identifier="SCORE">
      <sum>
        <variable identifier="SCORE13"/>
      </sum>
    </setOutcomeValue>
  </responseProcessing>
</assessmentItem>
