<?xml version="1.0"?>
<assessmentItem adaptive="false" identifier="ITEM-LOGIC-KS-980" timeDependent="false" title="Part A Which description best compares the experiences of Cam and Lola?" toolName="ItemLogic" toolVersion="2.0.0" xmlns="http://www.imsglobal.org/xsd/imsqti_v2p1" xmlns:m="http://www.w3.org/1998/Math/MathML" xmlns:xsi="http://www.w3.org/2001/XMLSchema-instance" xsi:schemaLocation="http://www.imsglobal.org/xsd/imsqti_v2p1  http://www.imsglobal.org/xsd/qti/qtiv2p1/imsqti_v2p1.xsd">
  <responseDeclaration baseType="identifier" cardinality="multiple" identifier="RESPONSE996">
    <correctResponse>
      <value>HT-17366</value>
    </correctResponse>
  </responseDeclaration>
  <responseDeclaration baseType="identifier" cardinality="multiple" identifier="RESPONSE998">
    <correctResponse>
      <value>HT-17368</value>
    </correctResponse>
  </responseDeclaration>
  <outcomeDeclaration baseType="float" cardinality="single" identifier="SCORE996">
    <defaultValue>
      <value>0</value>
    </defaultValue>
  </outcomeDeclaration>
  <outcomeDeclaration baseType="float" cardinality="single" identifier="SCORE998">
    <defaultValue>
      <value>0</value>
    </defaultValue>
  </outcomeDeclaration>
  <outcomeDeclaration baseType="float" cardinality="single" identifier="SCORE">
    <defaultValue>
      <value>0</value>
    </defaultValue>
  </outcomeDeclaration>
  <stylesheet href="../styles/bundled.css" type="text/css"/>
  <stylesheet href="../styles/inline.css" type="text/css"/>
  <itemBody>
    <rubricBlock use="context" view="candidate author proctor scorer testConstructor tutor">
      <div>
        <object data="../passages/RSC-LOGIC-KS-7312.html" type="text/html"/>
      </div>
    </rubricBlock>
    <rubricBlock use="stimulus" view="candidate author proctor scorer testConstructor tutor">
      <div>
        <p>In the story, <em>Day and Night</em>, Cam and Lola each have experiences with the dark.</p>
      </div>
    </rubricBlock>
    <hottextInteraction maxChoices="0" responseIdentifier="RESPONSE996">
      <prompt>Part A<br/> Which description best compares the experiences of Cam and Lola?<br/></prompt>
      <p>
        <hottext identifier="HT-17365">Lola feared the dark, and then Cam taught her to enjoy it.</hottext>
      </p>
      <p>
        <hottext identifier="HT-17366">Cam feared the dark, and then Lola taught him to enjoy it.</hottext>
      </p>
      <p>
        <hottext identifier="HT-17367">Cam and Lola feared the dark and then learned to enjoy it together.</hottext>
      </p>
    </hottextInteraction>
    <hottextInteraction maxChoices="0" responseIdentifier="RESPONSE998">
      <prompt>Part B<br/> Choose the detail that supports the correct answer to Part A.<br/></prompt>
      <p>
        <hottext identifier="HT-17369">Cam barked and Lola ran outside.</hottext>
      </p>
      <p>
        <hottext identifier="HT-18527">Cam had lots of fun playing outside before dinner.</hottext>
      </p>
      <p>
        <hottext identifier="HT-17368">Lola asked Cam to stay outside with her, and Cam had fun.</hottext>
      </p>
    </hottextInteraction>
  </itemBody>
  <responseProcessing>
    <responseCondition>
      <responseIf>
        <match>
          <variable identifier="RESPONSE996"/>
          <correct identifier="RESPONSE996"/>
        </match>
        <setOutcomeValue identifier="SCORE996">
          <baseValue baseType="float">1</baseValue>
        </setOutcomeValue>
      </responseIf>
      <responseElse>
        <setOutcomeValue identifier="SCORE996">
          <baseValue baseType="float">0</baseValue>
        </setOutcomeValue>
      </responseElse>
    </responseCondition>
    <responseCondition>
      <responseIf>
        <match>
          <variable identifier="RESPONSE998"/>
          <correct identifier="RESPONSE998"/>
        </match>
        <setOutcomeValue identifier="SCORE998">
          <baseValue baseType="float">1</baseValue>
        </setOutcomeValue>
      </responseIf>
      <responseElse>
        <setOutcomeValue identifier="SCORE998">
          <baseValue baseType="float">0</baseValue>
        </setOutcomeValue>
      </responseElse>
    </responseCondition>
    <setOutcomeValue identifier="SCORE">
      <sum>
        <variable identifier="SCORE996"/>
        <variable identifier="SCORE998"/>
      </sum>
    </setOutcomeValue>
  </responseProcessing>
</assessmentItem>
