<?xml version="1.0"?>
<assessmentItem adaptive="false" identifier="ITEM-LOGIC-KS-752" timeDependent="false" title="Match each object to the best estimate of the object's length or height." toolName="ItemLogic" toolVersion="2.0.0" xmlns="http://www.imsglobal.org/xsd/imsqti_v2p1" xmlns:m="http://www.w3.org/1998/Math/MathML" xmlns:xsi="http://www.w3.org/2001/XMLSchema-instance" xsi:schemaLocation="http://www.imsglobal.org/xsd/imsqti_v2p1  http://www.imsglobal.org/xsd/qti/qtiv2p1/imsqti_v2p1.xsd">
  <responseDeclaration baseType="directedPair" cardinality="multiple" identifier="RESPONSE709">
    <correctResponse>
      <value>SAC-11370 SAC-11364</value>
      <value>SAC-11386 SAC-11368</value>
      <value>SAC-11387 SAC-11366</value>
      <value>SAC-11388 SAC-11368</value>
      <value>SAC-11389 SAC-11366</value>
      <value>SAC-11390 SAC-11364</value>
    </correctResponse>
    <mapping defaultValue="0.00" lowerBound="0.00" upperBound="3.00">
      <mapEntry mapKey="SAC-11370 SAC-11364" mappedValue="0.50"/>
      <mapEntry mapKey="SAC-11370 SAC-11366" mappedValue="0.00"/>
      <mapEntry mapKey="SAC-11370 SAC-11368" mappedValue="0.00"/>
      <mapEntry mapKey="SAC-11386 SAC-11364" mappedValue="0.00"/>
      <mapEntry mapKey="SAC-11386 SAC-11366" mappedValue="0.00"/>
      <mapEntry mapKey="SAC-11386 SAC-11368" mappedValue="0.50"/>
      <mapEntry mapKey="SAC-11387 SAC-11364" mappedValue="0.00"/>
      <mapEntry mapKey="SAC-11387 SAC-11366" mappedValue="0.50"/>
      <mapEntry mapKey="SAC-11387 SAC-11368" mappedValue="0.00"/>
      <mapEntry mapKey="SAC-11388 SAC-11364" mappedValue="0.00"/>
      <mapEntry mapKey="SAC-11388 SAC-11366" mappedValue="0.00"/>
      <mapEntry mapKey="SAC-11388 SAC-11368" mappedValue="0.50"/>
      <mapEntry mapKey="SAC-11389 SAC-11364" mappedValue="0.00"/>
      <mapEntry mapKey="SAC-11389 SAC-11366" mappedValue="0.50"/>
      <mapEntry mapKey="SAC-11389 SAC-11368" mappedValue="0.00"/>
      <mapEntry mapKey="SAC-11390 SAC-11364" mappedValue="0.50"/>
      <mapEntry mapKey="SAC-11390 SAC-11366" mappedValue="0.00"/>
      <mapEntry mapKey="SAC-11390 SAC-11368" mappedValue="0.00"/>
    </mapping>
  </responseDeclaration>
  <outcomeDeclaration baseType="float" cardinality="single" identifier="SCORE709">
    <defaultValue>
      <value>0</value>
    </defaultValue>
  </outcomeDeclaration>
  <outcomeDeclaration baseType="float" cardinality="single" identifier="SCORE">
    <defaultValue>
      <value>0</value>
    </defaultValue>
  </outcomeDeclaration>
  <stylesheet href="../styles/bundled.css" type="text/css"/>
  <stylesheet href="../styles/inline.css" type="text/css"/>
  <itemBody>
    <rubricBlock use="stimulus" view="candidate author proctor scorer testConstructor tutor">
      <div>
        <p>Parker measured the length or height of some objects in his classroom.</p>
        <p>
          <object data="../images/object@2x_87bf6af6a8.png" height="302" type="image/png" width="500"/>
        </p>
      </div>
    </rubricBlock>
    <matchInteraction class="table" maxAssociations="18" responseIdentifier="RESPONSE709" shuffle="false">
      <prompt>Match each object to the best estimate of the object's length or height.<br/></prompt>
      <simpleMatchSet>
        <simpleAssociableChoice identifier="SAC-11370" matchMax="1">
          <p>paper clip</p>
        </simpleAssociableChoice>
        <simpleAssociableChoice identifier="SAC-11386" matchMax="1">
          <p>water bottle</p>
        </simpleAssociableChoice>
        <simpleAssociableChoice identifier="SAC-11387" matchMax="1">
          <p>shoe string</p>
        </simpleAssociableChoice>
        <simpleAssociableChoice identifier="SAC-11388" matchMax="1">
          <p>tissue box</p>
        </simpleAssociableChoice>
        <simpleAssociableChoice identifier="SAC-11389" matchMax="1">
          <p>desk</p>
        </simpleAssociableChoice>
        <simpleAssociableChoice identifier="SAC-11390" matchMax="1">
          <p>strawberry</p>
        </simpleAssociableChoice>
      </simpleMatchSet>
      <simpleMatchSet>
        <simpleAssociableChoice identifier="SAC-11364" matchMax="6">
          <p>3 centimeters</p>
        </simpleAssociableChoice>
        <simpleAssociableChoice identifier="SAC-11366" matchMax="6">
          <p>1 meter</p>
        </simpleAssociableChoice>
        <simpleAssociableChoice identifier="SAC-11368" matchMax="6">
          <p>9 inches</p>
        </simpleAssociableChoice>
      </simpleMatchSet>
    </matchInteraction>
  </itemBody>
  <responseProcessing>
    <responseCondition>
      <responseIf>
        <isNull>
          <variable identifier="RESPONSE709"/>
        </isNull>
        <setOutcomeValue identifier="SCORE709">
          <baseValue baseType="float">0.0</baseValue>
        </setOutcomeValue>
      </responseIf>
      <responseElse>
        <setOutcomeValue identifier="SCORE709">
          <mapResponse identifier="RESPONSE709"/>
        </setOutcomeValue>
      </responseElse>
    </responseCondition>
    <setOutcomeValue identifier="SCORE">
      <sum>
        <variable identifier="SCORE709"/>
      </sum>
    </setOutcomeValue>
  </responseProcessing>
</assessmentItem>
