<?xml version="1.0"?>
<assessmentItem adaptive="false" identifier="ITEM-LOGIC-MP-400" timeDependent="false" title="Place the numbers into the equation below the model to find the area of the floor, in square inches." toolName="ItemLogic" toolVersion="2.0.0" xmlns="http://www.imsglobal.org/xsd/imsqti_v2p1" xmlns:m="http://www.w3.org/1998/Math/MathML" xmlns:xsi="http://www.w3.org/2001/XMLSchema-instance" xsi:schemaLocation="http://www.imsglobal.org/xsd/imsqti_v2p1  http://www.imsglobal.org/xsd/qti/qtiv2p1/imsqti_v2p1.xsd">
  <responseDeclaration baseType="directedPair" cardinality="multiple" identifier="RESPONSE196">
    <correctResponse>
      <value>GI-16520 HS-16526</value>
      <value>GI-16525 HS-16527</value>
    </correctResponse>
    <mapping defaultValue="0.00" lowerBound="0.00" upperBound="2.00">
      <mapEntry mapKey="GI-16520 HS-16526" mappedValue="1.00"/>
      <mapEntry mapKey="GI-16525 HS-16527" mappedValue="1.00"/>
    </mapping>
  </responseDeclaration>
  <outcomeDeclaration baseType="float" cardinality="single" identifier="SCORE196">
    <defaultValue>
      <value>0</value>
    </defaultValue>
  </outcomeDeclaration>
  <outcomeDeclaration baseType="float" cardinality="single" identifier="SCORE">
    <defaultValue>
      <value>0</value>
    </defaultValue>
  </outcomeDeclaration>
  <stylesheet href="../styles/bundled.css" type="text/css"/>
  <stylesheet href="../styles/inline.css" type="text/css"/>
  <itemBody>
    <rubricBlock use="stimulus" view="candidate author proctor scorer testConstructor tutor">
      <div>
        <p>Lia is building a birdhouse. She drew the model below to represent the floor of the birdhouse.</p>
        <p>
          <object data="../images/FROERI_400_birdhouse_stem_01_c689a4624f.png" height="263" type="image/png" width="371"/>
        </p>
      </div>
    </rubricBlock>
    <graphicGapMatchInteraction responseIdentifier="RESPONSE196">
      <prompt>Place the numbers into the equation below the model to find the area of the floor, in square inches.<br/></prompt>
      <object data="../images/FROERI_400_birdhouse_stem_02_o_9ef6b33bc5.png" height="73" type="image/png" width="228"/>
      <gapImg identifier="GI-16520" matchMax="1">
        <object data="../images/FROERI_400_birdhouse_opt_a01_o_5ad181e7b2.png" height="45" type="image/png" width="32"/>
      </gapImg>
      <gapImg identifier="GI-16521" matchMax="1">
        <object data="../images/FROERI_400_birdhouse_opt_b01_o_0cf9aa1d77.png" height="46" type="image/png" width="32"/>
      </gapImg>
      <gapImg identifier="GI-16522" matchMax="1">
        <object data="../images/FROERI_400_birdhouse_opt_c01_o_b27fa0e712.png" height="45" type="image/png" width="32"/>
      </gapImg>
      <gapImg identifier="GI-16523" matchMax="1">
        <object data="../images/FROERI_400_birdhouse_opt_d01_o_05ac6d10ca.png" height="46" type="image/png" width="32"/>
      </gapImg>
      <gapImg identifier="GI-16524" matchMax="1">
        <object data="../images/FROERI_400_birdhouse_opt_e01_o_3bf28044af.png" height="45" type="image/png" width="32"/>
      </gapImg>
      <gapImg identifier="GI-16525" matchMax="1">
        <object data="../images/FROERI_400_birdhouse_opt_f01_o_66292e2e73.png" height="46" type="image/png" width="32"/>
      </gapImg>
      <associableHotspot coords="116,15,148,61" identifier="HS-16526" matchMax="1" shape="rect"/>
      <associableHotspot coords="184,15,216,61" identifier="HS-16527" matchMax="1" shape="rect"/>
    </graphicGapMatchInteraction>
  </itemBody>
  <responseProcessing>
    <responseCondition>
      <responseIf>
        <isNull>
          <variable identifier="RESPONSE196"/>
        </isNull>
        <setOutcomeValue identifier="SCORE196">
          <baseValue baseType="float">0.0</baseValue>
        </setOutcomeValue>
      </responseIf>
      <responseElse>
        <setOutcomeValue identifier="SCORE196">
          <mapResponse identifier="RESPONSE196"/>
        </setOutcomeValue>
      </responseElse>
    </responseCondition>
    <setOutcomeValue identifier="SCORE">
      <sum>
        <variable identifier="SCORE196"/>
      </sum>
    </setOutcomeValue>
  </responseProcessing>
</assessmentItem>
