<?xml version="1.0"?>
<assessmentItem adaptive="false" identifier="ITEM-LOGIC-KS-989" timeDependent="false" title="Click to show whether each equation is true or false." toolName="ItemLogic" toolVersion="2.0.0" xmlns="http://www.imsglobal.org/xsd/imsqti_v2p1" xmlns:m="http://www.w3.org/1998/Math/MathML" xmlns:xsi="http://www.w3.org/2001/XMLSchema-instance" xsi:schemaLocation="http://www.imsglobal.org/xsd/imsqti_v2p1  http://www.imsglobal.org/xsd/qti/qtiv2p1/imsqti_v2p1.xsd">
  <responseDeclaration baseType="directedPair" cardinality="multiple" identifier="RESPONSE1018">
    <correctResponse>
      <value>SAC-17134 SAC-17130</value>
      <value>SAC-17137 SAC-17132</value>
      <value>SAC-17140 SAC-17132</value>
      <value>SAC-17143 SAC-17130</value>
    </correctResponse>
    <mapping defaultValue="0.00" lowerBound="0.00" upperBound="2.00">
      <mapEntry mapKey="SAC-17134 SAC-17130" mappedValue="0.50"/>
      <mapEntry mapKey="SAC-17134 SAC-17132" mappedValue="0.00"/>
      <mapEntry mapKey="SAC-17137 SAC-17130" mappedValue="0.00"/>
      <mapEntry mapKey="SAC-17137 SAC-17132" mappedValue="0.50"/>
      <mapEntry mapKey="SAC-17140 SAC-17130" mappedValue="0.00"/>
      <mapEntry mapKey="SAC-17140 SAC-17132" mappedValue="0.50"/>
      <mapEntry mapKey="SAC-17143 SAC-17130" mappedValue="0.50"/>
      <mapEntry mapKey="SAC-17143 SAC-17132" mappedValue="0.00"/>
    </mapping>
  </responseDeclaration>
  <outcomeDeclaration baseType="float" cardinality="single" identifier="SCORE1018">
    <defaultValue>
      <value>0</value>
    </defaultValue>
  </outcomeDeclaration>
  <outcomeDeclaration baseType="float" cardinality="single" identifier="SCORE">
    <defaultValue>
      <value>0</value>
    </defaultValue>
  </outcomeDeclaration>
  <stylesheet href="../styles/bundled.css" type="text/css"/>
  <stylesheet href="../styles/inline.css" type="text/css"/>
  <itemBody>
    <matchInteraction class="table" maxAssociations="8" responseIdentifier="RESPONSE1018" shuffle="false">
      <prompt>Click to show whether each equation is true or false.<br/></prompt>
      <simpleMatchSet>
        <simpleAssociableChoice identifier="SAC-17134" matchMax="1">
          <m:math xmlns="http://www.w3.org/1998/Math/MathML">   <m:mn>2</m:mn>   <m:mo>+</m:mo>   <m:mn>3</m:mn>   <m:mo>+</m:mo>   <m:mn>4</m:mn>   <m:mo>=</m:mo>   <m:mn>4</m:mn>   <m:mo>+</m:mo>   <m:mn>2</m:mn>   <m:mo>+</m:mo>   <m:mn>3</m:mn> </m:math>
        </simpleAssociableChoice>
        <simpleAssociableChoice identifier="SAC-17137" matchMax="1">
          <p xmlns:default="http://www.w3.org/1998/Math/MathML">
            <m:math xmlns="http://www.w3.org/1998/Math/MathML">   <m:mn>10</m:mn>   <m:mo>&#x2212;<!-- − --></m:mo>   <m:mn>7</m:mn>   <m:mo>=</m:mo>   <m:mn>7</m:mn>   <m:mo>+</m:mo>   <m:mn>10</m:mn> </m:math>
          </p>
        </simpleAssociableChoice>
        <simpleAssociableChoice identifier="SAC-17140" matchMax="1">
          <m:math xmlns="http://www.w3.org/1998/Math/MathML">   <m:mn>3</m:mn>   <m:mo>+</m:mo>   <m:mn>8</m:mn>   <m:mo>+</m:mo>   <m:mn>2</m:mn>   <m:mo>=</m:mo>   <m:mn>10</m:mn>   <m:mo>+</m:mo>   <m:mn>2</m:mn> </m:math>
        </simpleAssociableChoice>
        <simpleAssociableChoice identifier="SAC-17143" matchMax="1">
          <m:math xmlns="http://www.w3.org/1998/Math/MathML">   <m:mn>10</m:mn>   <m:mo>&#x2212;<!-- − --></m:mo>   <m:mn>8</m:mn>   <m:mo>=</m:mo>   <m:mn>10</m:mn>   <m:mo>&#x2212;<!-- − --></m:mo>   <m:mn>5</m:mn>   <m:mo>&#x2212;<!-- − --></m:mo>   <m:mn>3</m:mn> </m:math>
        </simpleAssociableChoice>
      </simpleMatchSet>
      <simpleMatchSet>
        <simpleAssociableChoice identifier="SAC-17130" matchMax="4">
          <p>True</p>
        </simpleAssociableChoice>
        <simpleAssociableChoice identifier="SAC-17132" matchMax="4">
          <p>False</p>
        </simpleAssociableChoice>
      </simpleMatchSet>
    </matchInteraction>
  </itemBody>
  <responseProcessing>
    <responseCondition>
      <responseIf>
        <isNull>
          <variable identifier="RESPONSE1018"/>
        </isNull>
        <setOutcomeValue identifier="SCORE1018">
          <baseValue baseType="float">0.0</baseValue>
        </setOutcomeValue>
      </responseIf>
      <responseElse>
        <setOutcomeValue identifier="SCORE1018">
          <mapResponse identifier="RESPONSE1018"/>
        </setOutcomeValue>
      </responseElse>
    </responseCondition>
    <setOutcomeValue identifier="SCORE">
      <sum>
        <variable identifier="SCORE1018"/>
      </sum>
    </setOutcomeValue>
  </responseProcessing>
</assessmentItem>
