<?xml version="1.0"?>
<assessmentItem adaptive="false" identifier="ITEM-LOGIC-KS-784" timeDependent="false" title="Choose the word or phrase that correctly completes each sentence about the train." toolName="ItemLogic" toolVersion="2.0.0" xmlns="http://www.imsglobal.org/xsd/imsqti_v2p1" xmlns:m="http://www.w3.org/1998/Math/MathML" xmlns:xsi="http://www.w3.org/2001/XMLSchema-instance" xsi:schemaLocation="http://www.imsglobal.org/xsd/imsqti_v2p1  http://www.imsglobal.org/xsd/qti/qtiv2p1/imsqti_v2p1.xsd">
  <responseDeclaration baseType="identifier" cardinality="multiple" identifier="RESPONSE756">
    <correctResponse>
      <value>HT-12300</value>
      <value>HT-12292</value>
      <value>HT-12304</value>
      <value>HT-12307</value>
    </correctResponse>
  </responseDeclaration>
  <outcomeDeclaration baseType="float" cardinality="single" identifier="SCORE756">
    <defaultValue>
      <value>0</value>
    </defaultValue>
  </outcomeDeclaration>
  <outcomeDeclaration baseType="float" cardinality="single" identifier="SCORE">
    <defaultValue>
      <value>0</value>
    </defaultValue>
  </outcomeDeclaration>
  <stylesheet href="../styles/bundled.css" type="text/css"/>
  <stylesheet href="../styles/inline.css" type="text/css"/>
  <itemBody>
    <rubricBlock use="context" view="candidate author proctor scorer testConstructor tutor">
      <div>
        <object data="../passages/RSC-LOGIC-KS-2175.html" type="text/html"/>
      </div>
    </rubricBlock>
    <rubricBlock use="stimulus" view="candidate author proctor scorer testConstructor tutor">
      <div>
        <p>The author of <em>The Crate</em> gives many details about the train.</p>
      </div>
    </rubricBlock>
    <hottextInteraction maxChoices="0" responseIdentifier="RESPONSE756">
      <prompt>Choose the word or phrase that correctly completes each sentence about the train.<br/></prompt>
      <p>The seats on the train were <hottext identifier="HT-12300">pleasant</hottext>/<hottext identifier="HT-12301">small</hottext>.</p>
      <p>The windows next to the seats were <hottext identifier="HT-12291">open</hottext>/<hottext identifier="HT-12292">large</hottext>.</p>
      <p>The side of the train was <hottext identifier="HT-12304">painted with bold colors</hottext>/<hottext identifier="HT-12305">loaded with crates</hottext>.</p>
      <p>Poeple entered the second car of the train by way of <hottext identifier="HT-12306">a ramp</hottext>/<hottext identifier="HT-12307">stairs</hottext>.</p>
    </hottextInteraction>
  </itemBody>
  <responseProcessing>
    <responseCondition>
      <responseIf>
        <match>
          <variable identifier="RESPONSE756"/>
          <correct identifier="RESPONSE756"/>
        </match>
        <setOutcomeValue identifier="SCORE756">
          <baseValue baseType="float">1</baseValue>
        </setOutcomeValue>
      </responseIf>
      <responseElse>
        <setOutcomeValue identifier="SCORE756">
          <baseValue baseType="float">0</baseValue>
        </setOutcomeValue>
      </responseElse>
    </responseCondition>
    <setOutcomeValue identifier="SCORE">
      <sum>
        <variable identifier="SCORE756"/>
      </sum>
    </setOutcomeValue>
  </responseProcessing>
</assessmentItem>
