<?xml version="1.0"?>
<assessmentItem adaptive="false" identifier="ITEM-LOGIC-MP-566" timeDependent="false" title="Part A Select the word that best completes the sentence." toolName="ItemLogic" toolVersion="2.0.0" xmlns="http://www.imsglobal.org/xsd/imsqti_v2p1" xmlns:m="http://www.w3.org/1998/Math/MathML" xmlns:xsi="http://www.w3.org/2001/XMLSchema-instance" xsi:schemaLocation="http://www.imsglobal.org/xsd/imsqti_v2p1  http://www.imsglobal.org/xsd/qti/qtiv2p1/imsqti_v2p1.xsd">
  <responseDeclaration baseType="identifier" cardinality="single" identifier="RESPONSE453">
    <correctResponse>
      <value>IC-8135</value>
    </correctResponse>
  </responseDeclaration>
  <responseDeclaration baseType="identifier" cardinality="multiple" identifier="RESPONSE455">
    <correctResponse>
      <value>HT-18754</value>
      <value>HT-18757</value>
    </correctResponse>
  </responseDeclaration>
  <outcomeDeclaration baseType="float" cardinality="single" identifier="SCORE453">
    <defaultValue>
      <value>0</value>
    </defaultValue>
  </outcomeDeclaration>
  <outcomeDeclaration baseType="float" cardinality="single" identifier="SCORE455">
    <defaultValue>
      <value>0</value>
    </defaultValue>
  </outcomeDeclaration>
  <outcomeDeclaration baseType="float" cardinality="single" identifier="SCORE">
    <defaultValue>
      <value>0</value>
    </defaultValue>
  </outcomeDeclaration>
  <stylesheet href="../styles/bundled.css" type="text/css"/>
  <stylesheet href="../styles/inline.css" type="text/css"/>
  <itemBody>
    <rubricBlock use="context" view="candidate author proctor scorer testConstructor tutor">
      <div>
        <object data="../passages/RSC-LOGIC-MP-1642.html" type="text/html"/>
      </div>
    </rubricBlock>
    <div class="stem stem_inline">
      <div class="stem_prompt"><p>Part A</p> <p>Select the word that <strong>best</strong> completes the sentence.</p></div>
      <p>
        <span>In paragraphs 17 through 20, Mrs. Granger can best be described as <inlineChoiceInteraction responseIdentifier="RESPONSE453" shuffle="false"><inlineChoice identifier="IC-8136">bragging</inlineChoice><inlineChoice identifier="IC-8138">bothered</inlineChoice><inlineChoice identifier="IC-8135">accepting</inlineChoice><inlineChoice identifier="IC-8137">ashamed</inlineChoice></inlineChoiceInteraction>.</span>
      </p>
    </div>
    <hottextInteraction maxChoices="0" responseIdentifier="RESPONSE455"><prompt>Part B<br/> Select <strong>two</strong> details from paragraphs 17 through 20 that support the answer in Part A.<br/></prompt><p><strong>17</strong>     A person can watch the sunrise, but he cannot slow it down or stop it or make it go backward. <hottext identifier="HT-18751">And that is what I was trying to do with your word.</hottext></p> <p><strong>18</strong>     <hottext identifier="HT-18752">At first I was angry.</hottext> I admit that. <hottext identifier="HT-18753">I was not happy to see the word &lt;em&gt;pen&lt;/em&gt; pushed aside as if it did not matter.</hottext> But I guess that if the Latin word for feather had been frindilus instead of pinna, then you probably would have invented the word <em>pen</em> instead. <hottext identifier="HT-18754">Like the sunrise, some things just have to happen &#x2014; and all you can really do is watch.</hottext></p> <p><strong>19</strong>     <hottext identifier="HT-18755">The word &lt;em&gt;frindle&lt;/em&gt; has existed for less than three weeks.</hottext> I now see that this is the kind of chance that a teacher hopes for and dreams about &#x2014; a chance to see bright young students take an idea they have learned in a boring old classroom and put it to a real test in their own world. I confess that I am very excited to see how it all turns out. I am mostly here to watch it happen.</p> <p><strong>20</strong>     <hottext identifier="HT-18756">But somehow I think I have a small part to play in this drama,</hottext> and I have chosen to be the villain. <hottext identifier="HT-18757">Every good story needs a bad guy, don't you think?</hottext></p></hottextInteraction>
  </itemBody>
  <responseProcessing>
    <responseCondition>
      <responseIf>
        <match>
          <variable identifier="RESPONSE453"/>
          <correct identifier="RESPONSE453"/>
        </match>
        <setOutcomeValue identifier="SCORE453">
          <baseValue baseType="float">1</baseValue>
        </setOutcomeValue>
      </responseIf>
      <responseElse>
        <setOutcomeValue identifier="SCORE453">
          <baseValue baseType="float">0</baseValue>
        </setOutcomeValue>
      </responseElse>
    </responseCondition>
    <responseCondition>
      <responseIf>
        <match>
          <variable identifier="RESPONSE455"/>
          <correct identifier="RESPONSE455"/>
        </match>
        <setOutcomeValue identifier="SCORE455">
          <baseValue baseType="float">1</baseValue>
        </setOutcomeValue>
      </responseIf>
      <responseElse>
        <setOutcomeValue identifier="SCORE455">
          <baseValue baseType="float">0</baseValue>
        </setOutcomeValue>
      </responseElse>
    </responseCondition>
    <setOutcomeValue identifier="SCORE">
      <sum>
        <variable identifier="SCORE453"/>
        <variable identifier="SCORE455"/>
      </sum>
    </setOutcomeValue>
  </responseProcessing>
</assessmentItem>
