<?xml version="1.0"?>
<assessmentItem adaptive="false" identifier="ITEM-LOGIC-KS-772" timeDependent="false" title="Match each event with Annie's reaction to it.&amp;nbsp;" toolName="ItemLogic" toolVersion="2.0.0" xmlns="http://www.imsglobal.org/xsd/imsqti_v2p1" xmlns:m="http://www.w3.org/1998/Math/MathML" xmlns:xsi="http://www.w3.org/2001/XMLSchema-instance" xsi:schemaLocation="http://www.imsglobal.org/xsd/imsqti_v2p1  http://www.imsglobal.org/xsd/qti/qtiv2p1/imsqti_v2p1.xsd">
  <responseDeclaration baseType="directedPair" cardinality="multiple" identifier="RESPONSE737">
    <correctResponse>
      <value>SAC-12267 SAC-12271</value>
      <value>SAC-12268 SAC-12272</value>
      <value>SAC-12269 SAC-12273</value>
      <value>SAC-12270 SAC-12274</value>
    </correctResponse>
    <mapping defaultValue="-0.50" lowerBound="0.00" upperBound="2.00">
      <mapEntry mapKey="SAC-12267 SAC-12271" mappedValue="0.50"/>
      <mapEntry mapKey="SAC-12268 SAC-12272" mappedValue="0.50"/>
      <mapEntry mapKey="SAC-12269 SAC-12273" mappedValue="0.50"/>
      <mapEntry mapKey="SAC-12270 SAC-12274" mappedValue="0.50"/>
    </mapping>
  </responseDeclaration>
  <outcomeDeclaration baseType="float" cardinality="single" identifier="SCORE737">
    <defaultValue>
      <value>0</value>
    </defaultValue>
  </outcomeDeclaration>
  <outcomeDeclaration baseType="float" cardinality="single" identifier="SCORE">
    <defaultValue>
      <value>0</value>
    </defaultValue>
  </outcomeDeclaration>
  <stylesheet href="../styles/bundled.css" type="text/css"/>
  <stylesheet href="../styles/inline.css" type="text/css"/>
  <itemBody>
    <rubricBlock use="context" view="candidate author proctor scorer testConstructor tutor">
      <div>
        <object data="../passages/RSC-LOGIC-KS-2175.html" type="text/html"/>
      </div>
    </rubricBlock>
    <rubricBlock use="stimulus" view="candidate author proctor scorer testConstructor tutor">
      <div>
        <p>In <em>The Crate</em>, Annie responds to different events that occur on her train trip.</p>
      </div>
    </rubricBlock>
    <matchInteraction maxAssociations="4" responseIdentifier="RESPONSE737" shuffle="false">
      <prompt>Match each event with Annie's reaction to it.&#xA0;<br/></prompt>
      <simpleMatchSet>
        <simpleAssociableChoice identifier="SAC-12270" matchMax="1">
          <p>Annie meets Oscar.</p>
        </simpleAssociableChoice>
        <simpleAssociableChoice identifier="SAC-12268" matchMax="1">
          <p>Annie hears a noise coming from the crate.</p>
        </simpleAssociableChoice>
        <simpleAssociableChoice identifier="SAC-12267" matchMax="1">
          <p>Annie notices a large crate.</p>
        </simpleAssociableChoice>
        <simpleAssociableChoice identifier="SAC-12269" matchMax="1">
          <p>Annie sees the lady whisper to the crate.</p>
        </simpleAssociableChoice>
      </simpleMatchSet>
      <simpleMatchSet>
        <simpleAssociableChoice identifier="SAC-12272" matchMax="1">
          <p>She forgets to swallow.</p>
        </simpleAssociableChoice>
        <simpleAssociableChoice identifier="SAC-12271" matchMax="1">
          <p>She begins to ask a question.</p>
        </simpleAssociableChoice>
        <simpleAssociableChoice identifier="SAC-12274" matchMax="1">
          <p>She gives a piece of cheese.</p>
        </simpleAssociableChoice>
        <simpleAssociableChoice identifier="SAC-12273" matchMax="1">
          <p>She squints her eyes.</p>
        </simpleAssociableChoice>
      </simpleMatchSet>
    </matchInteraction>
  </itemBody>
  <responseProcessing>
    <responseCondition>
      <responseIf>
        <isNull>
          <variable identifier="RESPONSE737"/>
        </isNull>
        <setOutcomeValue identifier="SCORE737">
          <baseValue baseType="float">0.0</baseValue>
        </setOutcomeValue>
      </responseIf>
      <responseElse>
        <setOutcomeValue identifier="SCORE737">
          <mapResponse identifier="RESPONSE737"/>
        </setOutcomeValue>
      </responseElse>
    </responseCondition>
    <setOutcomeValue identifier="SCORE">
      <sum>
        <variable identifier="SCORE737"/>
      </sum>
    </setOutcomeValue>
  </responseProcessing>
</assessmentItem>
