<?xml version="1.0"?>
<assessmentItem adaptive="false" identifier="ITEM-LOGIC-KS-994" timeDependent="false" title="Click on Lee's estimates that are most likely correct." toolName="ItemLogic" toolVersion="2.0.0" xmlns="http://www.imsglobal.org/xsd/imsqti_v2p1" xmlns:m="http://www.w3.org/1998/Math/MathML" xmlns:xsi="http://www.w3.org/2001/XMLSchema-instance" xsi:schemaLocation="http://www.imsglobal.org/xsd/imsqti_v2p1  http://www.imsglobal.org/xsd/qti/qtiv2p1/imsqti_v2p1.xsd">
  <responseDeclaration baseType="identifier" cardinality="multiple" identifier="RESPONSE1027">
    <correctResponse>
      <value>HT-18637</value>
      <value>HT-18640</value>
    </correctResponse>
  </responseDeclaration>
  <responseDeclaration baseType="identifier" cardinality="single" identifier="RESPONSE1029">
    <correctResponse>
      <value>SC-17276</value>
    </correctResponse>
  </responseDeclaration>
  <outcomeDeclaration baseType="float" cardinality="single" identifier="SCORE1027">
    <defaultValue>
      <value>0</value>
    </defaultValue>
  </outcomeDeclaration>
  <outcomeDeclaration baseType="float" cardinality="single" identifier="SCORE1029">
    <defaultValue>
      <value>0</value>
    </defaultValue>
  </outcomeDeclaration>
  <outcomeDeclaration baseType="float" cardinality="single" identifier="SCORE">
    <defaultValue>
      <value>0</value>
    </defaultValue>
  </outcomeDeclaration>
  <stylesheet href="../styles/bundled.css" type="text/css"/>
  <stylesheet href="../styles/inline.css" type="text/css"/>
  <itemBody>
    <rubricBlock use="stimulus" view="candidate author proctor scorer testConstructor tutor">
      <div>
        <p>Lee estimates the heights of several different objects around his school.</p>
      </div>
    </rubricBlock>
    <hottextInteraction maxChoices="0" responseIdentifier="RESPONSE1027"><prompt>Click on Lee's estimates that are most likely correct. Select all that apply.<br/></prompt><p><hottext identifier="HT-18637">The height of a classroom door is about 2 meters.</hottext></p> <p><hottext identifier="HT-18638">The length of a dollar bill is about 20 inches.</hottext></p> <p><hottext identifier="HT-18639">The height of a fence is about 20 centimeters.</hottext></p> <p><hottext identifier="HT-18640">The height of a classroom desk is about 2 feet.</hottext></p></hottextInteraction>
    <choiceInteraction maxChoices="1" responseIdentifier="RESPONSE1029" shuffle="false">
      <prompt>Lee says, "The height of my teacher is about 5 __________________." Which word belongs in Lee's sentence?<br/></prompt>
      <simpleChoice fixed="true" identifier="SC-17273">
        <p>centimeters</p>
      </simpleChoice>
      <simpleChoice fixed="true" identifier="SC-17276">
        <p>feet</p>
      </simpleChoice>
      <simpleChoice fixed="true" identifier="SC-17275">
        <p>inches</p>
      </simpleChoice>
      <simpleChoice fixed="true" identifier="SC-17274">
        <p>meters</p>
      </simpleChoice>
    </choiceInteraction>
  </itemBody>
  <responseProcessing>
    <responseCondition>
      <responseIf>
        <match>
          <variable identifier="RESPONSE1027"/>
          <correct identifier="RESPONSE1027"/>
        </match>
        <setOutcomeValue identifier="SCORE1027">
          <baseValue baseType="float">1</baseValue>
        </setOutcomeValue>
      </responseIf>
      <responseElse>
        <setOutcomeValue identifier="SCORE1027">
          <baseValue baseType="float">0</baseValue>
        </setOutcomeValue>
      </responseElse>
    </responseCondition>
    <responseCondition>
      <responseIf>
        <match>
          <variable identifier="RESPONSE1029"/>
          <correct identifier="RESPONSE1029"/>
        </match>
        <setOutcomeValue identifier="SCORE1029">
          <baseValue baseType="float">1</baseValue>
        </setOutcomeValue>
      </responseIf>
      <responseElse>
        <setOutcomeValue identifier="SCORE1029">
          <baseValue baseType="float">0</baseValue>
        </setOutcomeValue>
      </responseElse>
    </responseCondition>
    <setOutcomeValue identifier="SCORE">
      <sum>
        <variable identifier="SCORE1027"/>
        <variable identifier="SCORE1029"/>
      </sum>
    </setOutcomeValue>
  </responseProcessing>
</assessmentItem>
