<?xml version="1.0"?>
<assessmentItem adaptive="false" identifier="ITEM-LOGIC-MP-597" timeDependent="false" title="Complete the diagram by dragging the measurements for angle CBD and angle DBE&amp;nbsp; to the correct l" toolName="ItemLogic" toolVersion="2.0.0" xmlns="http://www.imsglobal.org/xsd/imsqti_v2p1" xmlns:m="http://www.w3.org/1998/Math/MathML" xmlns:xsi="http://www.w3.org/2001/XMLSchema-instance" xsi:schemaLocation="http://www.imsglobal.org/xsd/imsqti_v2p1  http://www.imsglobal.org/xsd/qti/qtiv2p1/imsqti_v2p1.xsd">
  <responseDeclaration baseType="directedPair" cardinality="multiple" identifier="RESPONSE504">
    <correctResponse>
      <value>GI-10411 HS-14414</value>
      <value>GI-10409 HS-14416</value>
    </correctResponse>
  </responseDeclaration>
  <outcomeDeclaration baseType="float" cardinality="single" identifier="SCORE504">
    <defaultValue>
      <value>0</value>
    </defaultValue>
  </outcomeDeclaration>
  <outcomeDeclaration baseType="float" cardinality="single" identifier="SCORE">
    <defaultValue>
      <value>0</value>
    </defaultValue>
  </outcomeDeclaration>
  <stylesheet href="../styles/bundled.css" type="text/css"/>
  <stylesheet href="../styles/inline.css" type="text/css"/>
  <itemBody>
    <rubricBlock use="stimulus" view="candidate author proctor scorer testConstructor tutor">
      <div><p>Use this information to help you complete the diagram.</p> <ul> <li>Angle <em>ABE</em> has a measure of 180&#xB0;.</li> <li>Angle<em> CBD</em> is a right angle.</li> </ul></div>
    </rubricBlock>
    <graphicGapMatchInteraction responseIdentifier="RESPONSE504">
      <prompt>Complete the diagram by dragging the measurements for angle <em>CBD and </em>angle <em>DBE</em>&#xA0; to the correct locations on the diagram.<br/></prompt>
      <object data="../images/FROERI597_Angles_stem_01_o_a6688a5003.png" height="145" type="image/png" width="277"/>
      <gapImg identifier="GI-10404" matchMax="1">
        <object data="../images/FROERI597_Angles_opt_a01_o_c30f7ec93d.png" height="28" type="image/png" width="49"/>
      </gapImg>
      <gapImg identifier="GI-10405" matchMax="1">
        <object data="../images/FROERI597_Angles_opt_b01_o_311ab34e26.png" height="27" type="image/png" width="49"/>
      </gapImg>
      <gapImg identifier="GI-10406" matchMax="1">
        <object data="../images/FROERI597_Angles_opt_c01_o_20826b3dc0.png" height="28" type="image/png" width="49"/>
      </gapImg>
      <gapImg identifier="GI-10407" matchMax="1">
        <object data="../images/FROERI597_Angles_opt_d01_o_f5a2aa6413.png" height="28" type="image/png" width="49"/>
      </gapImg>
      <gapImg identifier="GI-10408" matchMax="1">
        <object data="../images/FROERI597_Angles_opt_e01_o_10ad17d178.png" height="27" type="image/png" width="49"/>
      </gapImg>
      <gapImg identifier="GI-10409" matchMax="1">
        <object data="../images/FROERI597_Angles_opt_f01_o_866ff0702d.png" height="28" type="image/png" width="49"/>
      </gapImg>
      <gapImg identifier="GI-10410" matchMax="1">
        <object data="../images/FROERI597_Angles_opt_g01_o_234d325257.png" height="28" type="image/png" width="49"/>
      </gapImg>
      <gapImg identifier="GI-10411" matchMax="1">
        <object data="../images/FROERI597_Angles_opt_h01_o_87b50d3592.png" height="27" type="image/png" width="49"/>
      </gapImg>
      <gapImg identifier="GI-10412" matchMax="1">
        <object data="../images/FROERI597_Angles_opt_i01_o_a8d32e4fed.png" height="28" type="image/png" width="49"/>
      </gapImg>
      <gapImg identifier="GI-10413" matchMax="1">
        <object data="../images/FROERI597_Angles_opt_j01_o_4054ddf348.png" height="28" type="image/png" width="49"/>
      </gapImg>
      <associableHotspot coords="95,56,144,84" identifier="HS-14414" matchMax="1" shape="rect"/>
      <associableHotspot coords="179,76,228,104" identifier="HS-14416" matchMax="1" shape="rect"/>
    </graphicGapMatchInteraction>
  </itemBody>
  <responseProcessing>
    <responseCondition>
      <responseIf>
        <match>
          <variable identifier="RESPONSE504"/>
          <correct identifier="RESPONSE504"/>
        </match>
        <setOutcomeValue identifier="SCORE504">
          <baseValue baseType="float">1</baseValue>
        </setOutcomeValue>
      </responseIf>
      <responseElse>
        <setOutcomeValue identifier="SCORE504">
          <baseValue baseType="float">0</baseValue>
        </setOutcomeValue>
      </responseElse>
    </responseCondition>
    <setOutcomeValue identifier="SCORE">
      <sum>
        <variable identifier="SCORE504"/>
      </sum>
    </setOutcomeValue>
  </responseProcessing>
</assessmentItem>
