<?xml version="1.0"?>
<assessmentItem adaptive="false" identifier="ITEM-LOGIC-MP-236" timeDependent="false" title="Based on the graph, complete the following sentence." toolName="ItemLogic" toolVersion="2.0.0" xmlns="http://www.imsglobal.org/xsd/imsqti_v2p1" xmlns:m="http://www.w3.org/1998/Math/MathML" xmlns:xsi="http://www.w3.org/2001/XMLSchema-instance" xsi:schemaLocation="http://www.imsglobal.org/xsd/imsqti_v2p1  http://www.imsglobal.org/xsd/qti/qtiv2p1/imsqti_v2p1.xsd">
  <responseDeclaration baseType="identifier" cardinality="single" identifier="RESPONSE74">
    <correctResponse>
      <value>IC-2662</value>
    </correctResponse>
  </responseDeclaration>
  <outcomeDeclaration baseType="float" cardinality="single" identifier="SCORE74">
    <defaultValue>
      <value>0</value>
    </defaultValue>
  </outcomeDeclaration>
  <outcomeDeclaration baseType="float" cardinality="single" identifier="SCORE">
    <defaultValue>
      <value>0</value>
    </defaultValue>
  </outcomeDeclaration>
  <stylesheet href="../styles/bundled.css" type="text/css"/>
  <stylesheet href="../styles/inline.css" type="text/css"/>
  <itemBody>
    <rubricBlock use="stimulus" view="candidate author proctor scorer testConstructor tutor">
      <div>
        <p>On this graph, George plotted some of the ordered pairs from the corresponding terms of two different patterns.</p>
        <p>
          <object data="../images/FROERI035_Graph_4d360d8b4a.png" height="232" type="image/png" width="234"/>
        </p>
      </div>
    </rubricBlock>
    <div class="stem stem_inline">
      <div class="stem_prompt">
        <p>Based on the graph, complete the following sentence.</p>
      </div>
      <p>Each <em>y</em>-value is <inlineChoiceInteraction responseIdentifier="RESPONSE74" shuffle="false"><inlineChoice identifier="IC-2633">two times</inlineChoice><inlineChoice identifier="IC-2662">three times</inlineChoice><inlineChoice identifier="IC-2663">ten times</inlineChoice><inlineChoice identifier="IC-2664">three more</inlineChoice><inlineChoice identifier="IC-2665">four more</inlineChoice><inlineChoice identifier="IC-2666">ten more</inlineChoice></inlineChoiceInteraction>the corresponding <em>x</em>-value.</p>
    </div>
  </itemBody>
  <responseProcessing>
    <responseCondition>
      <responseIf>
        <match>
          <variable identifier="RESPONSE74"/>
          <correct identifier="RESPONSE74"/>
        </match>
        <setOutcomeValue identifier="SCORE74">
          <baseValue baseType="float">1</baseValue>
        </setOutcomeValue>
      </responseIf>
      <responseElse>
        <setOutcomeValue identifier="SCORE74">
          <baseValue baseType="float">0</baseValue>
        </setOutcomeValue>
      </responseElse>
    </responseCondition>
    <setOutcomeValue identifier="SCORE">
      <sum>
        <variable identifier="SCORE74"/>
      </sum>
    </setOutcomeValue>
  </responseProcessing>
</assessmentItem>
