<?xml version="1.0"?>
<assessmentItem adaptive="false" identifier="ITEM-LOGIC-MP-672" timeDependent="false" title="Match each color to the amount of paint, in cups, James used." toolName="ItemLogic" toolVersion="2.0.0" xmlns="http://www.imsglobal.org/xsd/imsqti_v2p1" xmlns:m="http://www.w3.org/1998/Math/MathML" xmlns:xsi="http://www.w3.org/2001/XMLSchema-instance" xsi:schemaLocation="http://www.imsglobal.org/xsd/imsqti_v2p1  http://www.imsglobal.org/xsd/qti/qtiv2p1/imsqti_v2p1.xsd">
  <responseDeclaration baseType="directedPair" cardinality="multiple" identifier="RESPONSE592">
    <correctResponse>
      <value>SAC-12543 SAC-12545</value>
      <value>SAC-12544 SAC-12548</value>
      <value>SAC-12546 SAC-12550</value>
    </correctResponse>
  </responseDeclaration>
  <responseDeclaration baseType="identifier" cardinality="ordered" identifier="RESPONSE593">
    <correctResponse>
      <value>SC-9329</value>
      <value>SC-9330</value>
      <value>SC-9328</value>
    </correctResponse>
  </responseDeclaration>
  <outcomeDeclaration baseType="float" cardinality="single" identifier="SCORE592">
    <defaultValue>
      <value>0</value>
    </defaultValue>
  </outcomeDeclaration>
  <outcomeDeclaration baseType="float" cardinality="single" identifier="SCORE593">
    <defaultValue>
      <value>0</value>
    </defaultValue>
  </outcomeDeclaration>
  <outcomeDeclaration baseType="float" cardinality="single" identifier="SCORE">
    <defaultValue>
      <value>0</value>
    </defaultValue>
  </outcomeDeclaration>
  <stylesheet href="../styles/bundled.css" type="text/css"/>
  <stylesheet href="../styles/inline.css" type="text/css"/>
  <itemBody>
    <rubricBlock use="stimulus" view="candidate author proctor scorer testConstructor tutor">
      <div><p>James bought red, blue, and green paint for a project. He bought 1 gallon of each color.&#xA0;</p> <ul> <li>He used 2 quarts of red paint.</li> <li>He used 2 pints and 1 cup of blue paint.</li> <li>He used 1 quart and 1 pint of green paint.</li> </ul></div>
    </rubricBlock>
    <matchInteraction maxAssociations="3" responseIdentifier="RESPONSE592" shuffle="false">
      <prompt>Match each color to the amount of paint, in cups, James used.<br/></prompt>
      <simpleMatchSet>
        <simpleAssociableChoice identifier="SAC-12543" matchMax="1">
          <p>red</p>
        </simpleAssociableChoice>
        <simpleAssociableChoice identifier="SAC-12544" matchMax="1">
          <p>blue</p>
        </simpleAssociableChoice>
        <simpleAssociableChoice identifier="SAC-12546" matchMax="1">
          <p>green</p>
        </simpleAssociableChoice>
      </simpleMatchSet>
      <simpleMatchSet>
        <simpleAssociableChoice identifier="SAC-12548" matchMax="1">
          <p>5 cups</p>
        </simpleAssociableChoice>
        <simpleAssociableChoice identifier="SAC-12550" matchMax="1">
          <p>6 cups</p>
        </simpleAssociableChoice>
        <simpleAssociableChoice identifier="SAC-12545" matchMax="1">
          <p>8 cups</p>
        </simpleAssociableChoice>
      </simpleMatchSet>
    </matchInteraction>
    <orderInteraction orientation="vertical" responseIdentifier="RESPONSE593" shuffle="false">
      <prompt>Order the colors from the color with the <strong>greatest</strong> amount left over at the top of the list to the color with the<strong> least</strong> amount left over at the bottom of the list.<br/></prompt>
      <simpleChoice identifier="SC-9328">
        <p>red</p>
      </simpleChoice>
      <simpleChoice identifier="SC-9329">
        <p>blue</p>
      </simpleChoice>
      <simpleChoice identifier="SC-9330">
        <p>green</p>
      </simpleChoice>
    </orderInteraction>
  </itemBody>
  <responseProcessing>
    <responseCondition>
      <responseIf>
        <match>
          <variable identifier="RESPONSE592"/>
          <correct identifier="RESPONSE592"/>
        </match>
        <setOutcomeValue identifier="SCORE592">
          <baseValue baseType="float">1</baseValue>
        </setOutcomeValue>
      </responseIf>
      <responseElse>
        <setOutcomeValue identifier="SCORE592">
          <baseValue baseType="float">0</baseValue>
        </setOutcomeValue>
      </responseElse>
    </responseCondition>
    <responseCondition>
      <responseIf>
        <match>
          <variable identifier="RESPONSE593"/>
          <correct identifier="RESPONSE593"/>
        </match>
        <setOutcomeValue identifier="SCORE593">
          <baseValue baseType="float">1</baseValue>
        </setOutcomeValue>
      </responseIf>
      <responseElse>
        <setOutcomeValue identifier="SCORE593">
          <baseValue baseType="float">0</baseValue>
        </setOutcomeValue>
      </responseElse>
    </responseCondition>
    <setOutcomeValue identifier="SCORE">
      <sum>
        <variable identifier="SCORE592"/>
        <variable identifier="SCORE593"/>
      </sum>
    </setOutcomeValue>
  </responseProcessing>
</assessmentItem>
