<?xml version="1.0"?>
<assessmentItem adaptive="false" identifier="ITEM-LOGIC-KS-1003" timeDependent="false" title="Click to show the name of each shape." toolName="ItemLogic" toolVersion="2.0.0" xmlns="http://www.imsglobal.org/xsd/imsqti_v2p1" xmlns:m="http://www.w3.org/1998/Math/MathML" xmlns:xsi="http://www.w3.org/2001/XMLSchema-instance" xsi:schemaLocation="http://www.imsglobal.org/xsd/imsqti_v2p1  http://www.imsglobal.org/xsd/qti/qtiv2p1/imsqti_v2p1.xsd">
  <responseDeclaration baseType="directedPair" cardinality="multiple" identifier="RESPONSE1048">
    <correctResponse>
      <value>SAC-17677 SAC-17550</value>
      <value>SAC-17678 SAC-17544</value>
      <value>SAC-17679 SAC-17546</value>
      <value>SAC-17680 SAC-17550</value>
      <value>SAC-17681 SAC-17548</value>
      <value>SAC-17682 SAC-17544</value>
    </correctResponse>
    <mapping defaultValue="0.00" lowerBound="0.00" upperBound="3.00">
      <mapEntry mapKey="SAC-17677 SAC-17544" mappedValue="-0.50"/>
      <mapEntry mapKey="SAC-17677 SAC-17546" mappedValue="-0.50"/>
      <mapEntry mapKey="SAC-17677 SAC-17548" mappedValue="-0.50"/>
      <mapEntry mapKey="SAC-17677 SAC-17550" mappedValue="0.50"/>
      <mapEntry mapKey="SAC-17678 SAC-17544" mappedValue="0.50"/>
      <mapEntry mapKey="SAC-17678 SAC-17546" mappedValue="-0.50"/>
      <mapEntry mapKey="SAC-17678 SAC-17548" mappedValue="-0.50"/>
      <mapEntry mapKey="SAC-17678 SAC-17550" mappedValue="-0.50"/>
      <mapEntry mapKey="SAC-17679 SAC-17544" mappedValue="-0.50"/>
      <mapEntry mapKey="SAC-17679 SAC-17546" mappedValue="0.50"/>
      <mapEntry mapKey="SAC-17679 SAC-17548" mappedValue="-0.50"/>
      <mapEntry mapKey="SAC-17679 SAC-17550" mappedValue="-0.50"/>
      <mapEntry mapKey="SAC-17680 SAC-17544" mappedValue="-0.50"/>
      <mapEntry mapKey="SAC-17680 SAC-17546" mappedValue="-0.50"/>
      <mapEntry mapKey="SAC-17680 SAC-17548" mappedValue="-0.50"/>
      <mapEntry mapKey="SAC-17680 SAC-17550" mappedValue="0.50"/>
      <mapEntry mapKey="SAC-17681 SAC-17544" mappedValue="-0.50"/>
      <mapEntry mapKey="SAC-17681 SAC-17546" mappedValue="-0.50"/>
      <mapEntry mapKey="SAC-17681 SAC-17548" mappedValue="0.50"/>
      <mapEntry mapKey="SAC-17681 SAC-17550" mappedValue="-0.50"/>
      <mapEntry mapKey="SAC-17682 SAC-17544" mappedValue="0.50"/>
      <mapEntry mapKey="SAC-17682 SAC-17546" mappedValue="-0.50"/>
      <mapEntry mapKey="SAC-17682 SAC-17548" mappedValue="-0.50"/>
      <mapEntry mapKey="SAC-17682 SAC-17550" mappedValue="-0.50"/>
    </mapping>
  </responseDeclaration>
  <responseDeclaration baseType="identifier" cardinality="single" identifier="RESPONSE1049">
    <correctResponse>
      <value>SC-17586</value>
    </correctResponse>
  </responseDeclaration>
  <outcomeDeclaration baseType="float" cardinality="single" identifier="SCORE1048">
    <defaultValue>
      <value>0</value>
    </defaultValue>
  </outcomeDeclaration>
  <outcomeDeclaration baseType="float" cardinality="single" identifier="SCORE1049">
    <defaultValue>
      <value>0</value>
    </defaultValue>
  </outcomeDeclaration>
  <outcomeDeclaration baseType="float" cardinality="single" identifier="SCORE">
    <defaultValue>
      <value>0</value>
    </defaultValue>
  </outcomeDeclaration>
  <stylesheet href="../styles/bundled.css" type="text/css"/>
  <stylesheet href="../styles/inline.css" type="text/css"/>
  <itemBody>
    <matchInteraction class="table" maxAssociations="24" responseIdentifier="RESPONSE1048" shuffle="false">
      <prompt>Click to show the name of each shape.<br/></prompt>
      <simpleMatchSet>
        <simpleAssociableChoice identifier="SAC-17677" matchMax="1">
          <p>
            <object data="../images/shapes-matrix-token5@2x_8529470585.png" height="100" type="image/png" width="100"/>
          </p>
        </simpleAssociableChoice>
        <simpleAssociableChoice identifier="SAC-17678" matchMax="1">
          <p>
            <object data="../images/shapes-matrix-token6@2x_cf9a5dadbf.png" height="100" type="image/png" width="100"/>
          </p>
        </simpleAssociableChoice>
        <simpleAssociableChoice identifier="SAC-17679" matchMax="1">
          <p>
            <object data="../images/shapes-matrix-token2@2x_33df8fbba7.png" height="100" type="image/png" width="100"/>
          </p>
        </simpleAssociableChoice>
        <simpleAssociableChoice identifier="SAC-17680" matchMax="1">
          <p>
            <object data="../images/shapes-matrix-token4@2x_123ccba855.png" height="100" type="image/png" width="100"/>
          </p>
        </simpleAssociableChoice>
        <simpleAssociableChoice identifier="SAC-17681" matchMax="1">
          <p>
            <object data="../images/shapes-matrix-token3@2x_608f89460c.png" height="100" type="image/png" width="100"/>
          </p>
        </simpleAssociableChoice>
        <simpleAssociableChoice identifier="SAC-17682" matchMax="1">
          <p>
            <object data="../images/shapes-matrix-token1@2x_c26ab87684.png" height="100" type="image/png" width="100"/>
          </p>
        </simpleAssociableChoice>
      </simpleMatchSet>
      <simpleMatchSet>
        <simpleAssociableChoice identifier="SAC-17544" matchMax="6">
          <p>triangle</p>
        </simpleAssociableChoice>
        <simpleAssociableChoice identifier="SAC-17546" matchMax="6">
          <p>quadrilateral</p>
        </simpleAssociableChoice>
        <simpleAssociableChoice identifier="SAC-17548" matchMax="6">
          <p>pentagon</p>
        </simpleAssociableChoice>
        <simpleAssociableChoice identifier="SAC-17550" matchMax="6">
          <p>hexagon</p>
        </simpleAssociableChoice>
      </simpleMatchSet>
    </matchInteraction>
    <choiceInteraction maxChoices="1" responseIdentifier="RESPONSE1049" shuffle="false">
      <prompt>Which statement is true?<br/></prompt>
      <simpleChoice fixed="true" identifier="SC-17586">
        <p>A cube has six equal faces.</p>
      </simpleChoice>
      <simpleChoice fixed="true" identifier="SC-17588">
        <p>A cube has exactly six corners.</p>
      </simpleChoice>
      <simpleChoice fixed="true" identifier="SC-17587">
        <p>A cube has four different faces.</p>
      </simpleChoice>
      <simpleChoice fixed="true" identifier="SC-17589">
        <p>A cube has exactly four corners.</p>
      </simpleChoice>
    </choiceInteraction>
  </itemBody>
  <responseProcessing>
    <responseCondition>
      <responseIf>
        <isNull>
          <variable identifier="RESPONSE1048"/>
        </isNull>
        <setOutcomeValue identifier="SCORE1048">
          <baseValue baseType="float">0.0</baseValue>
        </setOutcomeValue>
      </responseIf>
      <responseElse>
        <setOutcomeValue identifier="SCORE1048">
          <mapResponse identifier="RESPONSE1048"/>
        </setOutcomeValue>
      </responseElse>
    </responseCondition>
    <responseCondition>
      <responseIf>
        <match>
          <variable identifier="RESPONSE1049"/>
          <correct identifier="RESPONSE1049"/>
        </match>
        <setOutcomeValue identifier="SCORE1049">
          <baseValue baseType="float">1</baseValue>
        </setOutcomeValue>
      </responseIf>
      <responseElse>
        <setOutcomeValue identifier="SCORE1049">
          <baseValue baseType="float">0</baseValue>
        </setOutcomeValue>
      </responseElse>
    </responseCondition>
    <setOutcomeValue identifier="SCORE">
      <sum>
        <variable identifier="SCORE1048"/>
        <variable identifier="SCORE1049"/>
      </sum>
    </setOutcomeValue>
  </responseProcessing>
</assessmentItem>
