<?xml version="1.0"?>
<assessmentItem adaptive="false" identifier="ITEM-LOGIC-MP-209" timeDependent="false" title="Choose the teacher with the lower rate per hour and place that teacher's photo on the poster. Fill i" toolName="ItemLogic" toolVersion="2.0.0" xmlns="http://www.imsglobal.org/xsd/imsqti_v2p1" xmlns:m="http://www.w3.org/1998/Math/MathML" xmlns:xsi="http://www.w3.org/2001/XMLSchema-instance" xsi:schemaLocation="http://www.imsglobal.org/xsd/imsqti_v2p1  http://www.imsglobal.org/xsd/qti/qtiv2p1/imsqti_v2p1.xsd">
  <responseDeclaration baseType="directedPair" cardinality="multiple" identifier="RESPONSE39">
    <correctResponse>
      <value>GI-3679 HS-3884</value>
      <value>GI-3681 HS-3885</value>
    </correctResponse>
    <mapping defaultValue="-1.00" lowerBound="0.00" upperBound="2.00">
      <mapEntry mapKey="GI-3679 HS-3884" mappedValue="1.00"/>
      <mapEntry mapKey="GI-3681 HS-3885" mappedValue="1.00"/>
    </mapping>
  </responseDeclaration>
  <outcomeDeclaration baseType="float" cardinality="single" identifier="SCORE39">
    <defaultValue>
      <value>0</value>
    </defaultValue>
  </outcomeDeclaration>
  <outcomeDeclaration baseType="float" cardinality="single" identifier="SCORE">
    <defaultValue>
      <value>0</value>
    </defaultValue>
  </outcomeDeclaration>
  <stylesheet href="../styles/bundled.css" type="text/css"/>
  <stylesheet href="../styles/inline.css" type="text/css"/>
  <itemBody>
    <rubricBlock use="stimulus" view="candidate author proctor scorer testConstructor tutor">
      <div>
        <p>Amir works at a surf shop. Two teachers are competing to become an employee at the shop. Amir<span class="style-9a6b2f1c152ed63441e9037431e2e1eb"> will be choosing the teacher who is paid the lower rate per hour.</span></p>
      </div>
    </rubricBlock>
    <graphicGapMatchInteraction responseIdentifier="RESPONSE39">
      <prompt>Choose the teacher with the lower rate per hour and place that teacher's photo on the poster. Fill in the box with the amount of money students will save by choosing this teacher instead of the other job candidate.<br/></prompt>
      <object data="../images/meet-the-surf-teacher-poster_o_5b89522e1d.png" height="295" type="image/png" width="500"/>
      <gapImg identifier="GI-3681" matchMax="1">
        <object data="../images/FRO_ERI_006_Surf_Poster_opt_a01_o_a948c5082f.png" height="25" type="image/png" width="24"/>
      </gapImg>
      <gapImg identifier="GI-3682" matchMax="1">
        <object data="../images/FRO_ERI_006_Surf_Poster_opt_b01_o_d0498d3bd5.png" height="25" type="image/png" width="24"/>
      </gapImg>
      <gapImg identifier="GI-3683" matchMax="1">
        <object data="../images/FRO_ERI_006_Surf_Poster_opt_c01_o_b728811a0f.png" height="25" type="image/png" width="24"/>
      </gapImg>
      <gapImg identifier="GI-3684" matchMax="1">
        <object data="../images/FRO_ERI_006_Surf_Poster_opt_d01_o_1493402cdb.png" height="25" type="image/png" width="25"/>
      </gapImg>
      <gapImg identifier="GI-3685" matchMax="1">
        <object data="../images/FRO_ERI_006_Surf_Poster_opt_e01_o_c6cef823b7.png" height="25" type="image/png" width="25"/>
      </gapImg>
      <gapImg identifier="GI-3686" matchMax="1">
        <object data="../images/FRO_ERI_006_Surf_Poster_opt_f01_o_00c0bc2052.png" height="25" type="image/png" width="25"/>
      </gapImg>
      <gapImg identifier="GI-3679" matchMax="1">
        <object data="../images/meet-the-surf-teacher-lia_o_4130fa3480.png" height="187" type="image/png" width="284"/>
      </gapImg>
      <gapImg identifier="GI-3881" matchMax="1">
        <object data="../images/meet-the-surf-teacher-ryan_o_2b8e866b7f.png" height="187" type="image/png" width="284"/>
      </gapImg>
      <associableHotspot coords="16,93,300,280" identifier="HS-3884" matchMax="1" shape="rect"/>
      <associableHotspot coords="329,183,354,208" identifier="HS-3885" matchMax="1" shape="rect"/>
    </graphicGapMatchInteraction>
  </itemBody>
  <responseProcessing>
    <responseCondition>
      <responseIf>
        <isNull>
          <variable identifier="RESPONSE39"/>
        </isNull>
        <setOutcomeValue identifier="SCORE39">
          <baseValue baseType="float">0.0</baseValue>
        </setOutcomeValue>
      </responseIf>
      <responseElse>
        <setOutcomeValue identifier="SCORE39">
          <mapResponse identifier="RESPONSE39"/>
        </setOutcomeValue>
      </responseElse>
    </responseCondition>
    <setOutcomeValue identifier="SCORE">
      <sum>
        <variable identifier="SCORE39"/>
      </sum>
    </setOutcomeValue>
  </responseProcessing>
</assessmentItem>
