<?xml version="1.0"?>
<assessmentItem adaptive="false" identifier="ITEM-LOGIC-MP-373" timeDependent="false" title="Sequence the elements to reflect how Twain creates a portrait of Susy as an energetic and observant" toolName="ItemLogic" toolVersion="2.0.0" xmlns="http://www.imsglobal.org/xsd/imsqti_v2p1" xmlns:m="http://www.w3.org/1998/Math/MathML" xmlns:xsi="http://www.w3.org/2001/XMLSchema-instance" xsi:schemaLocation="http://www.imsglobal.org/xsd/imsqti_v2p1  http://www.imsglobal.org/xsd/qti/qtiv2p1/imsqti_v2p1.xsd">
  <responseDeclaration baseType="identifier" cardinality="ordered" identifier="RESPONSE151">
    <correctResponse>
      <value>SC-4447</value>
      <value>SC-4446</value>
      <value>SC-4444</value>
      <value>SC-4445</value>
    </correctResponse>
  </responseDeclaration>
  <outcomeDeclaration baseType="float" cardinality="single" identifier="SCORE151">
    <defaultValue>
      <value>0</value>
    </defaultValue>
  </outcomeDeclaration>
  <outcomeDeclaration baseType="float" cardinality="single" identifier="SCORE">
    <defaultValue>
      <value>0</value>
    </defaultValue>
  </outcomeDeclaration>
  <stylesheet href="../styles/bundled.css" type="text/css"/>
  <stylesheet href="../styles/inline.css" type="text/css"/>
  <itemBody>
    <rubricBlock use="context" view="candidate author proctor scorer testConstructor tutor">
      <div>
        <object data="../passages/RSC-LOGIC-MP-962.html" type="text/html"/>
      </div>
    </rubricBlock>
    <orderInteraction orientation="vertical" responseIdentifier="RESPONSE151" shuffle="false">
      <prompt>Sequence the elements to reflect how Twain creates a portrait of Susy as an energetic and observant young girl in the selection.<br/></prompt>
      <simpleChoice identifier="SC-4445">
        <p>Twain cites an excerpt from Susy&#x2019;s biography of him that portrays him as a fool.</p>
      </simpleChoice>
      <simpleChoice identifier="SC-4444">
        <p>Twain remembers the difficulty he had satisfying Susy and her siblings with the stories they urged him to invent.</p>
      </simpleChoice>
      <simpleChoice identifier="SC-4446">
        <p>Twain explains that to correct the spelling in Susy&#x2019;s biography would spoil it.</p>
      </simpleChoice>
      <simpleChoice identifier="SC-4447">
        <p>Twain confesses that he had never felt as flattered as when he read Susy&#x2019;s biography of him.</p>
      </simpleChoice>
    </orderInteraction>
  </itemBody>
  <responseProcessing>
    <responseCondition>
      <responseIf>
        <match>
          <variable identifier="RESPONSE151"/>
          <correct identifier="RESPONSE151"/>
        </match>
        <setOutcomeValue identifier="SCORE151">
          <baseValue baseType="float">1</baseValue>
        </setOutcomeValue>
      </responseIf>
      <responseElse>
        <setOutcomeValue identifier="SCORE151">
          <baseValue baseType="float">0</baseValue>
        </setOutcomeValue>
      </responseElse>
    </responseCondition>
    <setOutcomeValue identifier="SCORE">
      <sum>
        <variable identifier="SCORE151"/>
      </sum>
    </setOutcomeValue>
  </responseProcessing>
</assessmentItem>
