<?xml version="1.0"?>
<assessmentItem adaptive="false" identifier="ITEM-LOGIC-KS-825" timeDependent="false" title="Drag the correct expressions into the correct length." toolName="ItemLogic" toolVersion="2.0.0" xmlns="http://www.imsglobal.org/xsd/imsqti_v2p1" xmlns:m="http://www.w3.org/1998/Math/MathML" xmlns:xsi="http://www.w3.org/2001/XMLSchema-instance" xsi:schemaLocation="http://www.imsglobal.org/xsd/imsqti_v2p1  http://www.imsglobal.org/xsd/qti/qtiv2p1/imsqti_v2p1.xsd">
  <responseDeclaration baseType="directedPair" cardinality="multiple" identifier="RESPONSE827">
    <correctResponse>
      <value>GI-14720 HS-14723</value>
      <value>GI-14718 HS-14722</value>
    </correctResponse>
  </responseDeclaration>
  <outcomeDeclaration baseType="float" cardinality="single" identifier="SCORE827">
    <defaultValue>
      <value>0</value>
    </defaultValue>
  </outcomeDeclaration>
  <outcomeDeclaration baseType="float" cardinality="single" identifier="SCORE">
    <defaultValue>
      <value>0</value>
    </defaultValue>
  </outcomeDeclaration>
  <stylesheet href="../styles/bundled.css" type="text/css"/>
  <stylesheet href="../styles/inline.css" type="text/css"/>
  <itemBody>
    <rubricBlock use="stimulus" view="candidate author proctor scorer testConstructor tutor">
      <div>
        <p>David is watching dolphins. His eye is 10 feet above the water. He looks down at an angle of 75&#xBA; and sees a dolphin.</p>
      </div>
    </rubricBlock>
    <graphicGapMatchInteraction responseIdentifier="RESPONSE827">
      <prompt>Drag the correct expressions into the correct length.<br/></prompt>
      <object data="../images/dolphin-sighting-canvas@2x_o_ef56b890ac.png" height="280" type="image/png" width="500"/>
      <gapImg identifier="GI-14716" matchMax="1">
        <object data="../images/dolphin-sighting-stem1@2x_o_3ff5ea3056.png" height="50" type="image/png" width="80"/>
      </gapImg>
      <gapImg identifier="GI-14717" matchMax="1">
        <object data="../images/dolphin-sighting-stem2@2x_o_160a4ef534.png" height="50" type="image/png" width="80"/>
      </gapImg>
      <gapImg identifier="GI-14718" matchMax="1">
        <object data="../images/dolphin-sighting-stem3@2x_o_741d6eba5c.png" height="50" type="image/png" width="80"/>
      </gapImg>
      <gapImg identifier="GI-14719" matchMax="1">
        <object data="../images/dolphin-sighting-stem4@2x_o_84beddfa53.png" height="50" type="image/png" width="80"/>
      </gapImg>
      <gapImg identifier="GI-14720" matchMax="1">
        <object data="../images/dolphin-sighting-stem5@2x_o_8e746f690f.png" height="50" type="image/png" width="80"/>
      </gapImg>
      <gapImg identifier="GI-14721" matchMax="1">
        <object data="../images/dolphin-sighting-stem6@2x_o_e8f13cc38a.png" height="50" type="image/png" width="80"/>
      </gapImg>
      <associableHotspot coords="181,112,261,162" identifier="HS-14722" matchMax="1" shape="rect"/>
      <associableHotspot coords="181,209,261,259" identifier="HS-14723" matchMax="1" shape="rect"/>
    </graphicGapMatchInteraction>
  </itemBody>
  <responseProcessing>
    <responseCondition>
      <responseIf>
        <match>
          <variable identifier="RESPONSE827"/>
          <correct identifier="RESPONSE827"/>
        </match>
        <setOutcomeValue identifier="SCORE827">
          <baseValue baseType="float">1</baseValue>
        </setOutcomeValue>
      </responseIf>
      <responseElse>
        <setOutcomeValue identifier="SCORE827">
          <baseValue baseType="float">0</baseValue>
        </setOutcomeValue>
      </responseElse>
    </responseCondition>
    <setOutcomeValue identifier="SCORE">
      <sum>
        <variable identifier="SCORE827"/>
      </sum>
    </setOutcomeValue>
  </responseProcessing>
</assessmentItem>
