<?xml version="1.0"?>
<assessmentItem adaptive="false" identifier="ITEM-LOGIC-MP-510" timeDependent="false" title="Part A Select the two statements that, together, best capture the central ideas of the selection." toolName="ItemLogic" toolVersion="2.0.0" xmlns="http://www.imsglobal.org/xsd/imsqti_v2p1" xmlns:m="http://www.w3.org/1998/Math/MathML" xmlns:xsi="http://www.w3.org/2001/XMLSchema-instance" xsi:schemaLocation="http://www.imsglobal.org/xsd/imsqti_v2p1  http://www.imsglobal.org/xsd/qti/qtiv2p1/imsqti_v2p1.xsd">
  <responseDeclaration baseType="identifier" cardinality="multiple" identifier="RESPONSE382">
    <correctResponse>
      <value>SC-6452</value>
      <value>SC-6456</value>
    </correctResponse>
  </responseDeclaration>
  <responseDeclaration baseType="identifier" cardinality="multiple" identifier="RESPONSE383">
    <correctResponse>
      <value>HT-15262</value>
    </correctResponse>
  </responseDeclaration>
  <outcomeDeclaration baseType="float" cardinality="single" identifier="SCORE382">
    <defaultValue>
      <value>0</value>
    </defaultValue>
  </outcomeDeclaration>
  <outcomeDeclaration baseType="float" cardinality="single" identifier="SCORE383">
    <defaultValue>
      <value>0</value>
    </defaultValue>
  </outcomeDeclaration>
  <outcomeDeclaration baseType="float" cardinality="single" identifier="SCORE">
    <defaultValue>
      <value>0</value>
    </defaultValue>
  </outcomeDeclaration>
  <stylesheet href="../styles/bundled.css" type="text/css"/>
  <stylesheet href="../styles/inline.css" type="text/css"/>
  <itemBody>
    <rubricBlock use="context" view="candidate author proctor scorer testConstructor tutor">
      <div>
        <object data="../passages/RSC-LOGIC-MP-974.html" type="text/html"/>
      </div>
    </rubricBlock>
    <choiceInteraction maxChoices="0" responseIdentifier="RESPONSE382" shuffle="false">
      <prompt>Part A<br/> Select the two statements that, together, best capture the central ideas of the selection.<br/></prompt>
      <simpleChoice fixed="true" identifier="SC-6451">
        <p>The decision to get married should not be made lightly.</p>
      </simpleChoice>
      <simpleChoice fixed="true" identifier="SC-6452">
        <p>Cunning is the best weapon against arrogance.</p>
      </simpleChoice>
      <simpleChoice fixed="true" identifier="SC-6453">
        <p>More wisdom is imparted by poverty than by wealth.</p>
      </simpleChoice>
      <simpleChoice fixed="true" identifier="SC-6454">
        <p>A reasonable skepticism can prevent public embarrassment.</p>
      </simpleChoice>
      <simpleChoice fixed="true" identifier="SC-6455">
        <p>Medical science is limited in what it can explain.</p>
      </simpleChoice>
      <simpleChoice fixed="true" identifier="SC-6456">
        <p>Sincere love can overcome any obstacle.</p>
      </simpleChoice>
      <simpleChoice fixed="true" identifier="SC-6457">
        <p>Parental love is often misguided but always well-intentioned.</p>
      </simpleChoice>
    </choiceInteraction>
    <hottextInteraction maxChoices="0" responseIdentifier="RESPONSE383"><prompt>Part B<br/> Select one excerpt from the selection that best supports the answer to Part A.<br/></prompt><p>3 LISETTE: You look fine, but you&#x2019;re late. It&#x2019;s good that Heaven has made me so good-natured. I can&#x2019;t see two lovers sighing for each other without feeling soft myself, and wishing to satisfy their longing. ... <hottext identifier="HT-15262">True love requires great risks, and we have devised a scheme that we hope will succeed. Our plans are already moving ahead. The man we&amp;rsquo;re dealing with is not one of your brightest in the world, and if we fail now, we can find a thousand other ways</hottext> to reach our goal.</p> <p><br/><hottext identifier="HT-15263">15 LISETTE: Sir, your daughter is cured!</hottext></p> <p><hottext identifier="HT-15264">16 SGANARELLE: My daughter is cured?</hottext></p> <p><hottext identifier="HT-15265">17 LISETTE: Yes, I am bringing you to a doctor, but not just any doctor. He is the most important doctor on earth,</hottext> who makes miraculous cures and puts all other doctors to shame. <br/><br/>39 CLITANDER: [<em>Speaking to LUCINDA alone.</em>] Ah, Madam, I&#x2019;m so overwhelmed with joy I hardly know how to begin speaking to you! <hottext identifier="HT-15266">When I could speak only with my eyes, I thought I had hundreds of things to say; but now that I have freedom to say what I want, I feel tongue-tied, and my happiness stifles my words.</hottext></p> <p><br/>83 SGANARELLE: [<em>To the JUSTICE.</em>] Welcome, Sir. <hottext identifier="HT-15267">I commission you to draft a contract for these two young people. Please begin writing. [While the JUSTICE is writing, SGANARELLE speaks to LUCINDA.] This will be a contract to end all contracts. [To the JUSTICE.] I give her twenty million upon her marriage</hottext><br/><br/><hottext identifier="HT-15268">90 SGANARELLE: All right, take it. [After she has signed.] Now, are you happy?</hottext></p> <p><hottext identifier="HT-15269">91 LUCINDA: More than you can imagine!</hottext></p> <p><hottext identifier="HT-15270">92 SGANARELLE: I&amp;rsquo;m pleased. I&amp;rsquo;m very pleased.</hottext><br/><br/><hottext identifier="HT-15271">95 ALL THREE [COMEDY, DANCERS, and MUSICIANS].</hottext></p> <p><hottext identifier="HT-15272">If you didn&amp;rsquo;t have music and singing and dancing,</hottext></p> <p><hottext identifier="HT-15273">You&amp;rsquo;d spend your life with your mind in chains;</hottext></p> <p><hottext identifier="HT-15274">For it&amp;rsquo;s we, with our wonderful songs and our prancing,</hottext></p> <p><hottext identifier="HT-15275">Who win the fight against aches and pains.</hottext><br/><br/><hottext identifier="HT-15276">99 SGANARELLE: This is a marvelous way to cure someone! But where is my daughter, and where is the doctor?</hottext></p> <p><hottext identifier="HT-15277">100 LISETTE: They left&amp;mdash;to complete the rest of the marriage ritual.</hottext></p> <p><hottext identifier="HT-15278">101 SGANARELLE: What are you saying? What&amp;mdash;what marriage?</hottext></p></hottextInteraction>
  </itemBody>
  <responseProcessing>
    <responseCondition>
      <responseIf>
        <match>
          <variable identifier="RESPONSE382"/>
          <correct identifier="RESPONSE382"/>
        </match>
        <setOutcomeValue identifier="SCORE382">
          <baseValue baseType="float">1</baseValue>
        </setOutcomeValue>
      </responseIf>
      <responseElse>
        <setOutcomeValue identifier="SCORE382">
          <baseValue baseType="float">0</baseValue>
        </setOutcomeValue>
      </responseElse>
    </responseCondition>
    <responseCondition>
      <responseIf>
        <match>
          <variable identifier="RESPONSE383"/>
          <correct identifier="RESPONSE383"/>
        </match>
        <setOutcomeValue identifier="SCORE383">
          <baseValue baseType="float">1</baseValue>
        </setOutcomeValue>
      </responseIf>
      <responseElse>
        <setOutcomeValue identifier="SCORE383">
          <baseValue baseType="float">0</baseValue>
        </setOutcomeValue>
      </responseElse>
    </responseCondition>
    <setOutcomeValue identifier="SCORE">
      <sum>
        <variable identifier="SCORE382"/>
        <variable identifier="SCORE383"/>
      </sum>
    </setOutcomeValue>
  </responseProcessing>
</assessmentItem>
