<?xml version="1.0"?>
<assessmentItem adaptive="false" identifier="ITEM-LOGIC-KS-813" timeDependent="false" title="Order the value of each of Dan's numbers and expressions from least to greatest." toolName="ItemLogic" toolVersion="2.0.0" xmlns="http://www.imsglobal.org/xsd/imsqti_v2p1" xmlns:m="http://www.w3.org/1998/Math/MathML" xmlns:xsi="http://www.w3.org/2001/XMLSchema-instance" xsi:schemaLocation="http://www.imsglobal.org/xsd/imsqti_v2p1  http://www.imsglobal.org/xsd/qti/qtiv2p1/imsqti_v2p1.xsd">
  <responseDeclaration baseType="identifier" cardinality="ordered" identifier="RESPONSE802">
    <correctResponse>
      <value>SC-13743</value>
      <value>SC-13739</value>
      <value>SC-13742</value>
      <value>SC-13741</value>
    </correctResponse>
  </responseDeclaration>
  <responseDeclaration baseType="identifier" cardinality="single" identifier="RESPONSE803">
    <correctResponse>
      <value>SC-13751</value>
    </correctResponse>
  </responseDeclaration>
  <outcomeDeclaration baseType="float" cardinality="single" identifier="SCORE802">
    <defaultValue>
      <value>0</value>
    </defaultValue>
  </outcomeDeclaration>
  <outcomeDeclaration baseType="float" cardinality="single" identifier="SCORE803">
    <defaultValue>
      <value>0</value>
    </defaultValue>
  </outcomeDeclaration>
  <outcomeDeclaration baseType="float" cardinality="single" identifier="SCORE">
    <defaultValue>
      <value>0</value>
    </defaultValue>
  </outcomeDeclaration>
  <stylesheet href="../styles/bundled.css" type="text/css"/>
  <stylesheet href="../styles/inline.css" type="text/css"/>
  <itemBody>
    <rubricBlock use="stimulus" view="candidate author proctor scorer testConstructor tutor">
      <div>
        <p>Dan is finding the value of numbers and expressions which include powers of 10.</p>
        <p>
          <object data="../images/laptop@2x_9b33dd5c1a.png" height="300" type="image/png" width="400"/>
        </p>
      </div>
    </rubricBlock>
    <orderInteraction orientation="vertical" responseIdentifier="RESPONSE802" shuffle="false" xmlns:default="http://www.w3.org/1998/Math/MathML">
      <prompt>Order the value of each of Dan's numbers and expressions from least to greatest.<br/></prompt>
      <simpleChoice identifier="SC-13739" xmlns:default="http://www.w3.org/1998/Math/MathML">
        <m:math xmlns="http://www.w3.org/1998/Math/MathML">   <m:mn>7</m:mn>   <m:mo>&#xD7;<!-- × --></m:mo>   <m:msup>     <m:mn>10</m:mn>     <m:mn>2</m:mn>   </m:msup> </m:math>
      </simpleChoice>
      <simpleChoice identifier="SC-13741">
        <p>2,000</p>
      </simpleChoice>
      <simpleChoice identifier="SC-13742" xmlns:default="http://www.w3.org/1998/Math/MathML">
        <m:math xmlns="http://www.w3.org/1998/Math/MathML">   <m:msup>     <m:mn>10</m:mn>     <m:mn>3</m:mn>   </m:msup> </m:math>
      </simpleChoice>
      <simpleChoice identifier="SC-13743">
        <p>500</p>
      </simpleChoice>
    </orderInteraction>
    <choiceInteraction maxChoices="1" responseIdentifier="RESPONSE803" shuffle="false" xmlns:default="http://www.w3.org/1998/Math/MathML">
      <prompt xmlns:default="http://www.w3.org/1998/Math/MathML">Dan needs to find the value of the expression&#xA0;<m:math xmlns="http://www.w3.org/1998/Math/MathML">   <m:mn>0.5</m:mn>   <m:mo>&#xF7;<!-- ÷ --></m:mo>   <m:msup>     <m:mn>10</m:mn>     <m:mn>2</m:mn>   </m:msup> </m:math>. How will the placement of the decimal be different from the placement of the decimal in 0.5?<br/></prompt>
      <simpleChoice fixed="true" identifier="SC-13750">
        <p>It will be one place to the left.</p>
      </simpleChoice>
      <simpleChoice fixed="true" identifier="SC-13751">
        <p>It will be two places to the left.</p>
      </simpleChoice>
      <simpleChoice fixed="true" identifier="SC-13752">
        <p>It will be one place to the right.</p>
      </simpleChoice>
      <simpleChoice fixed="true" identifier="SC-13753">
        <p>It will be two places to the right.</p>
      </simpleChoice>
    </choiceInteraction>
  </itemBody>
  <responseProcessing>
    <responseCondition>
      <responseIf>
        <match>
          <variable identifier="RESPONSE802"/>
          <correct identifier="RESPONSE802"/>
        </match>
        <setOutcomeValue identifier="SCORE802">
          <baseValue baseType="float">1</baseValue>
        </setOutcomeValue>
      </responseIf>
      <responseElse>
        <setOutcomeValue identifier="SCORE802">
          <baseValue baseType="float">0</baseValue>
        </setOutcomeValue>
      </responseElse>
    </responseCondition>
    <responseCondition>
      <responseIf>
        <match>
          <variable identifier="RESPONSE803"/>
          <correct identifier="RESPONSE803"/>
        </match>
        <setOutcomeValue identifier="SCORE803">
          <baseValue baseType="float">1</baseValue>
        </setOutcomeValue>
      </responseIf>
      <responseElse>
        <setOutcomeValue identifier="SCORE803">
          <baseValue baseType="float">0</baseValue>
        </setOutcomeValue>
      </responseElse>
    </responseCondition>
    <setOutcomeValue identifier="SCORE">
      <sum>
        <variable identifier="SCORE802"/>
        <variable identifier="SCORE803"/>
      </sum>
    </setOutcomeValue>
  </responseProcessing>
</assessmentItem>
