<?xml version="1.0"?>
<assessmentItem adaptive="false" identifier="ITEM-LOGIC-KS-951" timeDependent="false" title="Click on all of the flags which have exactly one fourth of the flag that is blue." toolName="ItemLogic" toolVersion="2.0.0" xmlns="http://www.imsglobal.org/xsd/imsqti_v2p1" xmlns:m="http://www.w3.org/1998/Math/MathML" xmlns:xsi="http://www.w3.org/2001/XMLSchema-instance" xsi:schemaLocation="http://www.imsglobal.org/xsd/imsqti_v2p1  http://www.imsglobal.org/xsd/qti/qtiv2p1/imsqti_v2p1.xsd">
  <responseDeclaration baseType="identifier" cardinality="multiple" identifier="RESPONSE941">
    <correctResponse>
      <value>HS-17101</value>
      <value>HS-17103</value>
      <value>HS-17104</value>
    </correctResponse>
  </responseDeclaration>
  <responseDeclaration baseType="identifier" cardinality="single" identifier="RESPONSE942">
    <correctResponse>
      <value>SC-16597</value>
    </correctResponse>
  </responseDeclaration>
  <outcomeDeclaration baseType="float" cardinality="single" identifier="SCORE941">
    <defaultValue>
      <value>0</value>
    </defaultValue>
  </outcomeDeclaration>
  <outcomeDeclaration baseType="float" cardinality="single" identifier="SCORE942">
    <defaultValue>
      <value>0</value>
    </defaultValue>
  </outcomeDeclaration>
  <outcomeDeclaration baseType="float" cardinality="single" identifier="SCORE">
    <defaultValue>
      <value>0</value>
    </defaultValue>
  </outcomeDeclaration>
  <stylesheet href="../styles/bundled.css" type="text/css"/>
  <stylesheet href="../styles/inline.css" type="text/css"/>
  <itemBody>
    <rubricBlock use="stimulus" view="candidate author proctor scorer testConstructor tutor">
      <div>
        <p>The students in Mrs. Fry's art class made flags.</p>
      </div>
    </rubricBlock>
    <hotspotInteraction maxChoices="0" responseIdentifier="RESPONSE941">
      <prompt>
        <span>Click on all of the flags which have exactly one fourth of the flag that is blue.</span>
        <br/>
      </prompt>
      <object data="../images/flags@2x_o_2ed760f915.png" height="252" type="image/png" width="500"/>
      <hotspotChoice coords="9,31,159,111" identifier="HS-17100" shape="rect"/>
      <hotspotChoice coords="174,32,324,112" identifier="HS-17101" shape="rect"/>
      <hotspotChoice coords="341,31,491,111" identifier="HS-17102" shape="rect"/>
      <hotspotChoice coords="79,143,229,223" identifier="HS-17103" shape="rect"/>
      <hotspotChoice coords="270,143,420,223" identifier="HS-17104" shape="rect"/>
    </hotspotInteraction>
    <choiceInteraction maxChoices="1" responseIdentifier="RESPONSE942" shuffle="false">
      <prompt>Mrs. Fry makes a flag that is divided in half. How many equal parts are in Mrs. Fry's flag?<br/></prompt>
      <simpleChoice fixed="true" identifier="SC-16596">
        <p>1</p>
      </simpleChoice>
      <simpleChoice fixed="true" identifier="SC-16597">
        <p>2</p>
      </simpleChoice>
      <simpleChoice fixed="true" identifier="SC-16598">
        <p>3</p>
      </simpleChoice>
      <simpleChoice fixed="true" identifier="SC-16599">
        <p>4</p>
      </simpleChoice>
    </choiceInteraction>
  </itemBody>
  <responseProcessing>
    <responseCondition>
      <responseIf>
        <match>
          <variable identifier="RESPONSE941"/>
          <correct identifier="RESPONSE941"/>
        </match>
        <setOutcomeValue identifier="SCORE941">
          <baseValue baseType="float">1</baseValue>
        </setOutcomeValue>
      </responseIf>
      <responseElse>
        <setOutcomeValue identifier="SCORE941">
          <baseValue baseType="float">0</baseValue>
        </setOutcomeValue>
      </responseElse>
    </responseCondition>
    <responseCondition>
      <responseIf>
        <match>
          <variable identifier="RESPONSE942"/>
          <correct identifier="RESPONSE942"/>
        </match>
        <setOutcomeValue identifier="SCORE942">
          <baseValue baseType="float">1</baseValue>
        </setOutcomeValue>
      </responseIf>
      <responseElse>
        <setOutcomeValue identifier="SCORE942">
          <baseValue baseType="float">0</baseValue>
        </setOutcomeValue>
      </responseElse>
    </responseCondition>
    <setOutcomeValue identifier="SCORE">
      <sum>
        <variable identifier="SCORE941"/>
        <variable identifier="SCORE942"/>
      </sum>
    </setOutcomeValue>
  </responseProcessing>
</assessmentItem>
