<?xml version="1.0"?>
<assessmentItem adaptive="false" identifier="ITEM-LOGIC-MP-428" timeDependent="false" title="Choose the numbers that complete Stefan's claim." toolName="ItemLogic" toolVersion="2.0.0" xmlns="http://www.imsglobal.org/xsd/imsqti_v2p1" xmlns:m="http://www.w3.org/1998/Math/MathML" xmlns:xsi="http://www.w3.org/2001/XMLSchema-instance" xsi:schemaLocation="http://www.imsglobal.org/xsd/imsqti_v2p1  http://www.imsglobal.org/xsd/qti/qtiv2p1/imsqti_v2p1.xsd">
  <responseDeclaration baseType="identifier" cardinality="single" identifier="RESPONSE245">
    <correctResponse>
      <value>IC-8903</value>
    </correctResponse>
  </responseDeclaration>
  <responseDeclaration baseType="identifier" cardinality="single" identifier="RESPONSE246">
    <correctResponse>
      <value>IC-8905</value>
    </correctResponse>
  </responseDeclaration>
  <responseDeclaration baseType="identifier" cardinality="multiple" identifier="RESPONSE248">
    <correctResponse>
      <value>HT-10327</value>
    </correctResponse>
  </responseDeclaration>
  <outcomeDeclaration baseType="float" cardinality="single" identifier="SCORE245">
    <defaultValue>
      <value>0</value>
    </defaultValue>
  </outcomeDeclaration>
  <outcomeDeclaration baseType="float" cardinality="single" identifier="SCORE246">
    <defaultValue>
      <value>0</value>
    </defaultValue>
  </outcomeDeclaration>
  <outcomeDeclaration baseType="float" cardinality="single" identifier="SCORE248">
    <defaultValue>
      <value>0</value>
    </defaultValue>
  </outcomeDeclaration>
  <outcomeDeclaration baseType="float" cardinality="single" identifier="SCORE">
    <defaultValue>
      <value>0</value>
    </defaultValue>
  </outcomeDeclaration>
  <stylesheet href="../styles/bundled.css" type="text/css"/>
  <stylesheet href="../styles/inline.css" type="text/css"/>
  <itemBody>
    <rubricBlock use="stimulus" view="candidate author proctor scorer testConstructor tutor">
      <div>
        <p>Stefan created two flags using stars and circles. He made a claim about his first flag comparing the relationship between the ratio of stars to circles that he used.</p>
        <p>
          <object data="../images/FROERI428_Ratio_of_Stars_b939c1977e.png" height="226" type="image/png" width="248"/>
        </p>
      </div>
    </rubricBlock>
    <div class="stem stem_inline">
      <div class="stem_prompt">
        <p>Choose the numbers that complete Stefan's claim.</p>
      </div>
      <p>For every <inlineChoiceInteraction responseIdentifier="RESPONSE245" shuffle="false"><inlineChoice identifier="IC-5308">1</inlineChoice><inlineChoice identifier="IC-8902">2</inlineChoice><inlineChoice identifier="IC-8903">3</inlineChoice><inlineChoice identifier="IC-8904">4</inlineChoice></inlineChoiceInteraction>stars, there are <inlineChoiceInteraction responseIdentifier="RESPONSE246" shuffle="false"><inlineChoice identifier="IC-5310">1</inlineChoice><inlineChoice identifier="IC-8905">2</inlineChoice><inlineChoice identifier="IC-8906">3</inlineChoice><inlineChoice identifier="IC-8907">4</inlineChoice></inlineChoiceInteraction>circles.</p>
    </div>
    <hottextInteraction maxChoices="2" responseIdentifier="RESPONSE248"><prompt>Stephan created a second flag with two stars and two circles. He compared the ratios of stars to circles for each flag. Select the statement that is true.<br/></prompt><p><hottext identifier="HT-10325">The ratio of stars to circles in the first flag is equal to the ratio of stars to circles in the second flag.</hottext></p> <p><hottext identifier="HT-10326">The ratio of stars to circles in Stefan's second flag is 2:3</hottext></p> <p><hottext identifier="HT-10327">The ratio of stars to circles in Stefan's second flag is 1:1</hottext></p></hottextInteraction>
  </itemBody>
  <responseProcessing>
    <responseCondition>
      <responseIf>
        <match>
          <variable identifier="RESPONSE245"/>
          <correct identifier="RESPONSE245"/>
        </match>
        <setOutcomeValue identifier="SCORE245">
          <baseValue baseType="float">1</baseValue>
        </setOutcomeValue>
      </responseIf>
      <responseElse>
        <setOutcomeValue identifier="SCORE245">
          <baseValue baseType="float">0</baseValue>
        </setOutcomeValue>
      </responseElse>
    </responseCondition>
    <responseCondition>
      <responseIf>
        <match>
          <variable identifier="RESPONSE246"/>
          <correct identifier="RESPONSE246"/>
        </match>
        <setOutcomeValue identifier="SCORE246">
          <baseValue baseType="float">1</baseValue>
        </setOutcomeValue>
      </responseIf>
      <responseElse>
        <setOutcomeValue identifier="SCORE246">
          <baseValue baseType="float">0</baseValue>
        </setOutcomeValue>
      </responseElse>
    </responseCondition>
    <responseCondition>
      <responseIf>
        <match>
          <variable identifier="RESPONSE248"/>
          <correct identifier="RESPONSE248"/>
        </match>
        <setOutcomeValue identifier="SCORE248">
          <baseValue baseType="float">1</baseValue>
        </setOutcomeValue>
      </responseIf>
      <responseElse>
        <setOutcomeValue identifier="SCORE248">
          <baseValue baseType="float">0</baseValue>
        </setOutcomeValue>
      </responseElse>
    </responseCondition>
    <setOutcomeValue identifier="SCORE">
      <sum>
        <variable identifier="SCORE245"/>
        <variable identifier="SCORE246"/>
        <variable identifier="SCORE248"/>
      </sum>
    </setOutcomeValue>
  </responseProcessing>
</assessmentItem>
