<?xml version="1.0"?>
<assessmentItem adaptive="false" identifier="ITEM-LOGIC-MP-395" timeDependent="false" title="Select the main idea for this diary entry from the drop-down menu." toolName="ItemLogic" toolVersion="2.0.0" xmlns="http://www.imsglobal.org/xsd/imsqti_v2p1" xmlns:m="http://www.w3.org/1998/Math/MathML" xmlns:xsi="http://www.w3.org/2001/XMLSchema-instance" xsi:schemaLocation="http://www.imsglobal.org/xsd/imsqti_v2p1  http://www.imsglobal.org/xsd/qti/qtiv2p1/imsqti_v2p1.xsd">
  <responseDeclaration baseType="identifier" cardinality="single" identifier="RESPONSE188">
    <correctResponse>
      <value>IC-4825</value>
    </correctResponse>
  </responseDeclaration>
  <outcomeDeclaration baseType="float" cardinality="single" identifier="SCORE188">
    <defaultValue>
      <value>0</value>
    </defaultValue>
  </outcomeDeclaration>
  <outcomeDeclaration baseType="float" cardinality="single" identifier="SCORE">
    <defaultValue>
      <value>0</value>
    </defaultValue>
  </outcomeDeclaration>
  <stylesheet href="../styles/bundled.css" type="text/css"/>
  <stylesheet href="../styles/inline.css" type="text/css"/>
  <itemBody>
    <rubricBlock use="context" view="candidate author proctor scorer testConstructor tutor">
      <div>
        <object data="../passages/RSC-LOGIC-MP-956.html" type="text/html"/>
      </div>
    </rubricBlock>
    <rubricBlock use="stimulus" view="candidate author proctor scorer testConstructor tutor">
      <div><p>Read the diary entry.</p> <p><strong>August 23</strong></p> <p>4  Started out at 7:30. The country looks nice this morning. At 9:35 we came to Pedro, a little town on one side of the railroad tracks, and just across the tracks on the other side is the town of Liberal. A man in Pedro told us that one of the finest countries in the world will be around Mansfield.</p> <p>5  In the late afternoon we went through Lamar, the nicest small city we have seen, 2,860 inhabitants. It is all so clean and fresh, all the streets set out to shade trees.</p> <p>6  We camped among oak trees, not far from a camp of emigrants from Kentucky. Beautiful sturdy oak trees on both sides of the road.</p></div>
    </rubricBlock>
    <div class="stem stem_inline">
      <div class="stem_prompt">
        <p>Select the main idea for this diary entry from the drop-down menu.</p>
      </div>
      <p>The main idea for the diary entry is the family <inlineChoiceInteraction responseIdentifier="RESPONSE188" shuffle="false"><inlineChoice identifier="IC-4827">is surprised by how clean and shady the small town is in the afternoon</inlineChoice><inlineChoice identifier="IC-4826">enjoys camping with the emigrants from Kentucky</inlineChoice><inlineChoice identifier="IC-4825">hears for the first time about the place where they will finally settle</inlineChoice></inlineChoiceInteraction>.</p>
    </div>
  </itemBody>
  <responseProcessing>
    <responseCondition>
      <responseIf>
        <match>
          <variable identifier="RESPONSE188"/>
          <correct identifier="RESPONSE188"/>
        </match>
        <setOutcomeValue identifier="SCORE188">
          <baseValue baseType="float">1</baseValue>
        </setOutcomeValue>
      </responseIf>
      <responseElse>
        <setOutcomeValue identifier="SCORE188">
          <baseValue baseType="float">0</baseValue>
        </setOutcomeValue>
      </responseElse>
    </responseCondition>
    <setOutcomeValue identifier="SCORE">
      <sum>
        <variable identifier="SCORE188"/>
      </sum>
    </setOutcomeValue>
  </responseProcessing>
</assessmentItem>
