<?xml version="1.0"?>
<assessmentItem adaptive="false" identifier="ITEM-LOGIC-KS-764" timeDependent="false" title="Look at the poem's words and picture.&amp;nbsp;Then, choose the word or phrase that completes each sente" toolName="ItemLogic" toolVersion="2.0.0" xmlns="http://www.imsglobal.org/xsd/imsqti_v2p1" xmlns:m="http://www.w3.org/1998/Math/MathML" xmlns:xsi="http://www.w3.org/2001/XMLSchema-instance" xsi:schemaLocation="http://www.imsglobal.org/xsd/imsqti_v2p1  http://www.imsglobal.org/xsd/qti/qtiv2p1/imsqti_v2p1.xsd">
  <responseDeclaration baseType="directedPair" cardinality="multiple" identifier="RESPONSE724">
    <correctResponse>
      <value>GT-11768 GAP-11803</value>
      <value>GT-11771 GAP-11801</value>
      <value>GT-11769 GAP-11797</value>
      <value>GT-11766 GAP-11802</value>
      <value>GT-11767 GAP-11798</value>
      <value>GT-11770 GAP-11796</value>
    </correctResponse>
  </responseDeclaration>
  <outcomeDeclaration baseType="float" cardinality="single" identifier="SCORE724">
    <defaultValue>
      <value>0</value>
    </defaultValue>
  </outcomeDeclaration>
  <outcomeDeclaration baseType="float" cardinality="single" identifier="SCORE">
    <defaultValue>
      <value>0</value>
    </defaultValue>
  </outcomeDeclaration>
  <stylesheet href="../styles/bundled.css" type="text/css"/>
  <stylesheet href="../styles/inline.css" type="text/css"/>
  <itemBody>
    <rubricBlock use="context" view="candidate author proctor scorer testConstructor tutor">
      <div>
        <object data="../passages/RSC-LOGIC-KS-2173.html" type="text/html"/>
      </div>
    </rubricBlock>
    <rubricBlock use="stimulus" view="candidate author proctor scorer testConstructor tutor">
      <div>
        <p>The picture above the poem and the words in the poem describe the setting.</p>
      </div>
    </rubricBlock>
    <gapMatchInteraction responseIdentifier="RESPONSE724" shuffle="false">
      <prompt>Look at the poem's words and picture.&#xA0;Then, choose the word or phrase that completes each sentence.<br/></prompt>
      <gapText identifier="GT-11768" matchMax="1">trees</gapText>
      <gapText identifier="GT-11771" matchMax="1">cool and wet</gapText>
      <gapText identifier="GT-11769" matchMax="1">clear and sunny</gapText>
      <gapText identifier="GT-11766" matchMax="1">warm</gapText>
      <gapText identifier="GT-11780" matchMax="1">sad</gapText>
      <gapText identifier="GT-11782" matchMax="1">cloudy</gapText>
      <gapText identifier="GT-11767" matchMax="1">ducks</gapText>
      <gapText identifier="GT-11770" matchMax="1">early in the morning</gapText>
      <p>Pip and the boy begin to play <gap identifier="GAP-11796"/>.</p>
      <p>The sky is <gap identifier="GAP-11797"/>.</p>
      <p>Pip and the boy see <gap identifier="GAP-11798"/> playing.</p>
      <p>The <gap identifier="GAP-11803"/> around the lake are tall.</p>
      <p>The grass is <gap identifier="GAP-11801"/>.</p>
      <p>The air feels <gap identifier="GAP-11802"/>.</p>
    </gapMatchInteraction>
  </itemBody>
  <responseProcessing>
    <responseCondition>
      <responseIf>
        <match>
          <variable identifier="RESPONSE724"/>
          <correct identifier="RESPONSE724"/>
        </match>
        <setOutcomeValue identifier="SCORE724">
          <baseValue baseType="float">1</baseValue>
        </setOutcomeValue>
      </responseIf>
      <responseElse>
        <setOutcomeValue identifier="SCORE724">
          <baseValue baseType="float">0</baseValue>
        </setOutcomeValue>
      </responseElse>
    </responseCondition>
    <setOutcomeValue identifier="SCORE">
      <sum>
        <variable identifier="SCORE724"/>
      </sum>
    </setOutcomeValue>
  </responseProcessing>
</assessmentItem>
