<?xml version="1.0"?>
<assessmentItem adaptive="false" identifier="ITEM-LOGIC-MP-668" timeDependent="false" title="This graph shows some ordered pairs from corresponding terms of two different patterns." toolName="ItemLogic" toolVersion="2.0.0" xmlns="http://www.imsglobal.org/xsd/imsqti_v2p1" xmlns:m="http://www.w3.org/1998/Math/MathML" xmlns:xsi="http://www.w3.org/2001/XMLSchema-instance" xsi:schemaLocation="http://www.imsglobal.org/xsd/imsqti_v2p1  http://www.imsglobal.org/xsd/qti/qtiv2p1/imsqti_v2p1.xsd">
  <responseDeclaration baseType="identifier" cardinality="single" identifier="RESPONSE583">
    <correctResponse>
      <value>IC-9276</value>
    </correctResponse>
  </responseDeclaration>
  <outcomeDeclaration baseType="float" cardinality="single" identifier="SCORE583">
    <defaultValue>
      <value>0</value>
    </defaultValue>
  </outcomeDeclaration>
  <outcomeDeclaration baseType="float" cardinality="single" identifier="SCORE">
    <defaultValue>
      <value>0</value>
    </defaultValue>
  </outcomeDeclaration>
  <stylesheet href="../styles/bundled.css" type="text/css"/>
  <stylesheet href="../styles/inline.css" type="text/css"/>
  <itemBody>
    <div class="stem stem_inline">
      <div class="stem_prompt">
        <p>This graph shows some ordered pairs from corresponding terms of two different patterns.</p>
        <p>
          <object data="../images/IGOMOL668_grid2_64f74cc63c.png" height="315" type="image/png" width="356"/>
        </p>
        <p>Complete this sentence to describe the relationship between the corresponding terms of the two patterns.</p>
      </div>
      <p>Each <em>y</em>-value is <inlineChoiceInteraction responseIdentifier="RESPONSE583" shuffle="false"><inlineChoice identifier="IC-9278">two times</inlineChoice><inlineChoice identifier="IC-9275">three more than</inlineChoice><inlineChoice identifier="IC-9276">three times</inlineChoice><inlineChoice identifier="IC-9281">four more than</inlineChoice><inlineChoice identifier="IC-9282">six times</inlineChoice></inlineChoiceInteraction>the corresponding <em>x-</em>value.</p>
    </div>
  </itemBody>
  <responseProcessing>
    <responseCondition>
      <responseIf>
        <match>
          <variable identifier="RESPONSE583"/>
          <correct identifier="RESPONSE583"/>
        </match>
        <setOutcomeValue identifier="SCORE583">
          <baseValue baseType="float">1</baseValue>
        </setOutcomeValue>
      </responseIf>
      <responseElse>
        <setOutcomeValue identifier="SCORE583">
          <baseValue baseType="float">0</baseValue>
        </setOutcomeValue>
      </responseElse>
    </responseCondition>
    <setOutcomeValue identifier="SCORE">
      <sum>
        <variable identifier="SCORE583"/>
      </sum>
    </setOutcomeValue>
  </responseProcessing>
</assessmentItem>
