<?xml version="1.0"?>
<assessmentItem adaptive="false" identifier="ITEM-LOGIC-MP-418" timeDependent="false" title="A lesson of the selection is to be careful of wanting what others have. Select one detail from the s" toolName="ItemLogic" toolVersion="2.0.0" xmlns="http://www.imsglobal.org/xsd/imsqti_v2p1" xmlns:m="http://www.w3.org/1998/Math/MathML" xmlns:xsi="http://www.w3.org/2001/XMLSchema-instance" xsi:schemaLocation="http://www.imsglobal.org/xsd/imsqti_v2p1  http://www.imsglobal.org/xsd/qti/qtiv2p1/imsqti_v2p1.xsd">
  <responseDeclaration baseType="identifier" cardinality="multiple" identifier="RESPONSE227">
    <correctResponse>
      <value>HT-11003</value>
    </correctResponse>
  </responseDeclaration>
  <outcomeDeclaration baseType="float" cardinality="single" identifier="SCORE227">
    <defaultValue>
      <value>0</value>
    </defaultValue>
  </outcomeDeclaration>
  <outcomeDeclaration baseType="float" cardinality="single" identifier="SCORE">
    <defaultValue>
      <value>0</value>
    </defaultValue>
  </outcomeDeclaration>
  <stylesheet href="../styles/bundled.css" type="text/css"/>
  <stylesheet href="../styles/inline.css" type="text/css"/>
  <itemBody>
    <rubricBlock use="context" view="candidate author proctor scorer testConstructor tutor">
      <div>
        <object data="../passages/RSC-LOGIC-MP-972.html" type="text/html"/>
      </div>
    </rubricBlock>
    <hottextInteraction maxChoices="0" responseIdentifier="RESPONSE227"><prompt>A lesson of the selection is to be careful of wanting what others have. Select <strong>one</strong> detail from the selection that <strong>best</strong> supports the lesson.<br/></prompt><p><span class="style-8bd943e97a441ee14e14edcf454bf513"/><hottext identifier="HT-10999">"'My master gives me scraps of food whenever I want, and bones too.'&#x201D;&#x9D;</hottext><span class="style-8bd943e97a441ee14e14edcf454bf513"/></p> <p><hottext identifier="HT-11000">"'What&#x2019;s a Master?'&#x201D;&#x9D; said Wolf.</hottext></p> <p><hottext identifier="HT-11001">&#x201C;'Don&#x2019;t you go wherever you please?'"</hottext></p> <p><hottext identifier="HT-11002">"'I&#x2019;m used to it now, I&#xA0;only get chained up sometimes.'"</hottext><span class="style-8bd943e97a441ee14e14edcf454bf513"/></p> <p><hottext identifier="HT-11003">"'I may&#xA0;be hungry, but at least I&#x2019;m free.'"</hottext><span class="style-8bd943e97a441ee14e14edcf454bf513"/></p></hottextInteraction>
  </itemBody>
  <responseProcessing>
    <responseCondition>
      <responseIf>
        <match>
          <variable identifier="RESPONSE227"/>
          <correct identifier="RESPONSE227"/>
        </match>
        <setOutcomeValue identifier="SCORE227">
          <baseValue baseType="float">1</baseValue>
        </setOutcomeValue>
      </responseIf>
      <responseElse>
        <setOutcomeValue identifier="SCORE227">
          <baseValue baseType="float">0</baseValue>
        </setOutcomeValue>
      </responseElse>
    </responseCondition>
    <setOutcomeValue identifier="SCORE">
      <sum>
        <variable identifier="SCORE227"/>
      </sum>
    </setOutcomeValue>
  </responseProcessing>
</assessmentItem>
