<?xml version="1.0"?>
<assessmentItem adaptive="false" identifier="ITEM-LOGIC-MP-630" timeDependent="false" title="Part A Based on both selections, answer the question below." toolName="ItemLogic" toolVersion="2.0.0" xmlns="http://www.imsglobal.org/xsd/imsqti_v2p1" xmlns:m="http://www.w3.org/1998/Math/MathML" xmlns:xsi="http://www.w3.org/2001/XMLSchema-instance" xsi:schemaLocation="http://www.imsglobal.org/xsd/imsqti_v2p1  http://www.imsglobal.org/xsd/qti/qtiv2p1/imsqti_v2p1.xsd">
  <responseDeclaration baseType="identifier" cardinality="single" identifier="RESPONSE534">
    <correctResponse>
      <value>IC-13241</value>
    </correctResponse>
  </responseDeclaration>
  <responseDeclaration baseType="identifier" cardinality="multiple" identifier="RESPONSE536">
    <correctResponse>
      <value>HT-16392</value>
      <value>HT-16394</value>
    </correctResponse>
  </responseDeclaration>
  <outcomeDeclaration baseType="float" cardinality="single" identifier="SCORE534">
    <defaultValue>
      <value>0</value>
    </defaultValue>
  </outcomeDeclaration>
  <outcomeDeclaration baseType="float" cardinality="single" identifier="SCORE536">
    <defaultValue>
      <value>0</value>
    </defaultValue>
  </outcomeDeclaration>
  <outcomeDeclaration baseType="float" cardinality="single" identifier="SCORE">
    <defaultValue>
      <value>0</value>
    </defaultValue>
  </outcomeDeclaration>
  <stylesheet href="../styles/bundled.css" type="text/css"/>
  <stylesheet href="../styles/inline.css" type="text/css"/>
  <itemBody>
    <rubricBlock use="context" view="candidate author proctor scorer testConstructor tutor">
      <div>
        <object data="../passages/RSC-LOGIC-MP-1664.html" type="text/html"/>
      </div>
      <div>
        <object data="../passages/RSC-LOGIC-MP-1665.html" type="text/html"/>
      </div>
    </rubricBlock>
    <div class="stem stem_inline">
      <div class="stem_prompt"><p>Part A</p> <p>Based on <strong>both</strong> selections, answer the question below.</p></div>
      <p>A central idea that is present in both selections is that <inlineChoiceInteraction responseIdentifier="RESPONSE534" shuffle="false"><inlineChoice identifier="IC-13289">technological advances have only been possible because of the progress made in grasping the concept of zero</inlineChoice><inlineChoice identifier="IC-13241">cultures have relied upon previous studies of the number zero to further understand its meaning</inlineChoice><inlineChoice identifier="IC-13290">Shakespeare based his depictions of zero in his plays on Middle Eastern recordings of algebra</inlineChoice><inlineChoice identifier="IC-13291">zero was considered an untrustworthy number because people could not comprehend how to write it</inlineChoice></inlineChoiceInteraction>.</p>
    </div>
    <hottextInteraction maxChoices="2" responseIdentifier="RESPONSE536"><prompt>Part B<br/> Select one piece of evidence from each selection that best supports the answer in Part A.<br/></prompt><p>Evidence from "Shakespeare's Zero"</p> <p><hottext identifier="HT-16391">"He learned that &#x2018;there are but tenne figures that are used in Arithmetick; and of those tenne, one doth signifie nothing, which is made like an O, and is privately called a Cypher.'"</hottext></p> <p><hottext identifier="HT-16392">"But it would take the intervention of Gutenberg's printing press to bring his ideas to a much wider audience, including the motley boys of King's New School in Stratford."</hottext></p> <p><hottext identifier="HT-16393">"Add a number to another number, like a letter to another letter, and you create something new: a new number, a new sound."</hottext></p> <p>Evidence from "The History of Zero"</p> <p><hottext identifier="HT-16394">"The only error in his rules was division by zero, which would have to wait for Isaac Newton and G.W. Leibniz to tackle."</hottext></p> <p><hottext identifier="HT-16395">"But governments were still suspicious of Arabic numerals because of the ease in which it was possible to change one symbol into another."</hottext></p> <p><hottext identifier="HT-16396">"But how would one find the speed of the car at one particular instant?"</hottext></p></hottextInteraction>
  </itemBody>
  <responseProcessing>
    <responseCondition>
      <responseIf>
        <match>
          <variable identifier="RESPONSE534"/>
          <correct identifier="RESPONSE534"/>
        </match>
        <setOutcomeValue identifier="SCORE534">
          <baseValue baseType="float">1</baseValue>
        </setOutcomeValue>
      </responseIf>
      <responseElse>
        <setOutcomeValue identifier="SCORE534">
          <baseValue baseType="float">0</baseValue>
        </setOutcomeValue>
      </responseElse>
    </responseCondition>
    <responseCondition>
      <responseIf>
        <match>
          <variable identifier="RESPONSE536"/>
          <correct identifier="RESPONSE536"/>
        </match>
        <setOutcomeValue identifier="SCORE536">
          <baseValue baseType="float">1</baseValue>
        </setOutcomeValue>
      </responseIf>
      <responseElse>
        <setOutcomeValue identifier="SCORE536">
          <baseValue baseType="float">0</baseValue>
        </setOutcomeValue>
      </responseElse>
    </responseCondition>
    <setOutcomeValue identifier="SCORE">
      <sum>
        <variable identifier="SCORE534"/>
        <variable identifier="SCORE536"/>
      </sum>
    </setOutcomeValue>
  </responseProcessing>
</assessmentItem>
