<?xml version="1.0"?>
<assessmentItem adaptive="false" identifier="ITEM-LOGIC-KS-805" timeDependent="false" title="Click to match each measurement with a measurement that is equal." toolName="ItemLogic" toolVersion="2.0.0" xmlns="http://www.imsglobal.org/xsd/imsqti_v2p1" xmlns:m="http://www.w3.org/1998/Math/MathML" xmlns:xsi="http://www.w3.org/2001/XMLSchema-instance" xsi:schemaLocation="http://www.imsglobal.org/xsd/imsqti_v2p1  http://www.imsglobal.org/xsd/qti/qtiv2p1/imsqti_v2p1.xsd">
  <responseDeclaration baseType="directedPair" cardinality="multiple" identifier="RESPONSE794">
    <correctResponse>
      <value>SAC-12777 SAC-12781</value>
      <value>SAC-12778 SAC-12788</value>
      <value>SAC-12779 SAC-12784</value>
      <value>SAC-12780 SAC-12785</value>
    </correctResponse>
    <mapping defaultValue="-0.50" lowerBound="0.00" upperBound="2.00">
      <mapEntry mapKey="SAC-12777 SAC-12781" mappedValue="0.50"/>
      <mapEntry mapKey="SAC-12778 SAC-12788" mappedValue="0.50"/>
      <mapEntry mapKey="SAC-12779 SAC-12784" mappedValue="0.50"/>
      <mapEntry mapKey="SAC-12780 SAC-12785" mappedValue="0.50"/>
    </mapping>
  </responseDeclaration>
  <outcomeDeclaration baseType="float" cardinality="single" identifier="SCORE794">
    <defaultValue>
      <value>0</value>
    </defaultValue>
  </outcomeDeclaration>
  <outcomeDeclaration baseType="float" cardinality="single" identifier="SCORE">
    <defaultValue>
      <value>0</value>
    </defaultValue>
  </outcomeDeclaration>
  <stylesheet href="../styles/bundled.css" type="text/css"/>
  <stylesheet href="../styles/inline.css" type="text/css"/>
  <itemBody>
    <rubricBlock use="stimulus" view="candidate author proctor scorer testConstructor tutor">
      <div>
        <p>Bella measured the heights of different people.</p>
        <p>
          <object data="../images/boy-height@2x_b1f88b9f35.png" height="310" type="image/png" width="300"/>
        </p>
      </div>
    </rubricBlock>
    <matchInteraction maxAssociations="4" responseIdentifier="RESPONSE794" shuffle="false">
      <prompt>Click to match each measurement with a measurement that is equal.<br/></prompt>
      <simpleMatchSet>
        <simpleAssociableChoice identifier="SAC-12777" matchMax="1">
          <p>3 feet 9 inches</p>
        </simpleAssociableChoice>
        <simpleAssociableChoice identifier="SAC-12778" matchMax="1">
          <p>4 feet</p>
        </simpleAssociableChoice>
        <simpleAssociableChoice identifier="SAC-12779" matchMax="1">
          <p>1 meter 50 centimeters</p>
        </simpleAssociableChoice>
        <simpleAssociableChoice identifier="SAC-12780" matchMax="1">
          <p>1 meter</p>
        </simpleAssociableChoice>
      </simpleMatchSet>
      <simpleMatchSet>
        <simpleAssociableChoice identifier="SAC-12788" matchMax="1">
          <p>48 inches</p>
        </simpleAssociableChoice>
        <simpleAssociableChoice identifier="SAC-12782" matchMax="1">
          <p>12 inches</p>
        </simpleAssociableChoice>
        <simpleAssociableChoice identifier="SAC-12784" matchMax="1">
          <p>150 centimeters</p>
        </simpleAssociableChoice>
        <simpleAssociableChoice identifier="SAC-12781" matchMax="1">
          <p>45 inches</p>
        </simpleAssociableChoice>
        <simpleAssociableChoice identifier="SAC-12786" matchMax="1">
          <p>10 centimeters</p>
        </simpleAssociableChoice>
        <simpleAssociableChoice identifier="SAC-12785" matchMax="1">
          <p>100 centimeters</p>
        </simpleAssociableChoice>
        <simpleAssociableChoice identifier="SAC-12783" matchMax="1">
          <p>40 inches</p>
        </simpleAssociableChoice>
      </simpleMatchSet>
    </matchInteraction>
  </itemBody>
  <responseProcessing>
    <responseCondition>
      <responseIf>
        <isNull>
          <variable identifier="RESPONSE794"/>
        </isNull>
        <setOutcomeValue identifier="SCORE794">
          <baseValue baseType="float">0.0</baseValue>
        </setOutcomeValue>
      </responseIf>
      <responseElse>
        <setOutcomeValue identifier="SCORE794">
          <mapResponse identifier="RESPONSE794"/>
        </setOutcomeValue>
      </responseElse>
    </responseCondition>
    <setOutcomeValue identifier="SCORE">
      <sum>
        <variable identifier="SCORE794"/>
      </sum>
    </setOutcomeValue>
  </responseProcessing>
</assessmentItem>
