<?xml version="1.0"?>
<assessmentItem adaptive="false" identifier="ITEM-LOGIC-MP-186" timeDependent="false" title="Complete the sentence." toolName="ItemLogic" toolVersion="2.0.0" xmlns="http://www.imsglobal.org/xsd/imsqti_v2p1" xmlns:m="http://www.w3.org/1998/Math/MathML" xmlns:xsi="http://www.w3.org/2001/XMLSchema-instance" xsi:schemaLocation="http://www.imsglobal.org/xsd/imsqti_v2p1  http://www.imsglobal.org/xsd/qti/qtiv2p1/imsqti_v2p1.xsd">
  <responseDeclaration baseType="identifier" cardinality="single" identifier="RESPONSE10">
    <correctResponse>
      <value>IC-2790</value>
    </correctResponse>
  </responseDeclaration>
  <outcomeDeclaration baseType="float" cardinality="single" identifier="SCORE10">
    <defaultValue>
      <value>0</value>
    </defaultValue>
  </outcomeDeclaration>
  <outcomeDeclaration baseType="float" cardinality="single" identifier="SCORE">
    <defaultValue>
      <value>0</value>
    </defaultValue>
  </outcomeDeclaration>
  <stylesheet href="../styles/bundled.css" type="text/css"/>
  <stylesheet href="../styles/inline.css" type="text/css"/>
  <itemBody>
    <rubricBlock use="stimulus" view="candidate author proctor scorer testConstructor tutor">
      <div><p>Andy read these facts about a white whale and a river catfish.</p> <p>The river catfish is 100 times lighter than the white whale.<br/>One kind of white whale weighs 2500 pounds.</p></div>
    </rubricBlock>
    <div class="stem stem_inline">
      <div class="stem_prompt">
        <p>Complete the sentence.</p>
      </div>
      <p>Based on her readings, the river catfish could weigh <inlineChoiceInteraction responseIdentifier="RESPONSE10" shuffle="false"><inlineChoice identifier="IC-2790">25</inlineChoice><inlineChoice identifier="IC-2791">100</inlineChoice><inlineChoice identifier="IC-2792">500</inlineChoice><inlineChoice identifier="IC-2793">2000</inlineChoice></inlineChoiceInteraction>pounds.</p>
    </div>
  </itemBody>
  <responseProcessing>
    <responseCondition>
      <responseIf>
        <match>
          <variable identifier="RESPONSE10"/>
          <correct identifier="RESPONSE10"/>
        </match>
        <setOutcomeValue identifier="SCORE10">
          <baseValue baseType="float">1</baseValue>
        </setOutcomeValue>
      </responseIf>
      <responseElse>
        <setOutcomeValue identifier="SCORE10">
          <baseValue baseType="float">0</baseValue>
        </setOutcomeValue>
      </responseElse>
    </responseCondition>
    <setOutcomeValue identifier="SCORE">
      <sum>
        <variable identifier="SCORE10"/>
      </sum>
    </setOutcomeValue>
  </responseProcessing>
</assessmentItem>
