<?xml version="1.0"?>
<assessmentItem adaptive="false" identifier="ITEM-LOGIC-MP-633" timeDependent="false" title="Read these lines from &quot;The New Colossus.&quot; &quot;Give me your tired, your poor,Your huddled masses yearnin" toolName="ItemLogic" toolVersion="2.0.0" xmlns="http://www.imsglobal.org/xsd/imsqti_v2p1" xmlns:m="http://www.w3.org/1998/Math/MathML" xmlns:xsi="http://www.w3.org/2001/XMLSchema-instance" xsi:schemaLocation="http://www.imsglobal.org/xsd/imsqti_v2p1  http://www.imsglobal.org/xsd/qti/qtiv2p1/imsqti_v2p1.xsd">
  <responseDeclaration baseType="identifier" cardinality="single" identifier="RESPONSE540">
    <correctResponse>
      <value>IC-8927</value>
    </correctResponse>
  </responseDeclaration>
  <outcomeDeclaration baseType="float" cardinality="single" identifier="SCORE540">
    <defaultValue>
      <value>0</value>
    </defaultValue>
  </outcomeDeclaration>
  <outcomeDeclaration baseType="float" cardinality="single" identifier="SCORE">
    <defaultValue>
      <value>0</value>
    </defaultValue>
  </outcomeDeclaration>
  <stylesheet href="../styles/bundled.css" type="text/css"/>
  <stylesheet href="../styles/inline.css" type="text/css"/>
  <itemBody>
    <rubricBlock use="context" view="candidate author proctor scorer testConstructor tutor">
      <div>
        <object data="../passages/RSC-LOGIC-MP-1679.html" type="text/html"/>
      </div>
    </rubricBlock>
    <div class="stem stem_inline">
      <div class="stem_prompt"><p>Read these lines from "The New Colossus."</p> <p>"Give me your tired, your poor,<br/>Your huddled masses yearning to breathe free;<br/>The wretched refuse of your teeming shore,<br/>Send these, the homeless, tempest-tossed to me<br/>I lift my lamp beside the golden door!"</p></div>
      <p>As used in the poem, wretched most nearly means <inlineChoiceInteraction responseIdentifier="RESPONSE540" shuffle="false"><inlineChoice identifier="IC-8925">shameful.</inlineChoice><inlineChoice identifier="IC-8926">worthless.</inlineChoice><inlineChoice identifier="IC-8927">miserable.</inlineChoice><inlineChoice identifier="IC-8928">hungry.</inlineChoice></inlineChoiceInteraction></p>
    </div>
  </itemBody>
  <responseProcessing>
    <responseCondition>
      <responseIf>
        <match>
          <variable identifier="RESPONSE540"/>
          <correct identifier="RESPONSE540"/>
        </match>
        <setOutcomeValue identifier="SCORE540">
          <baseValue baseType="float">1</baseValue>
        </setOutcomeValue>
      </responseIf>
      <responseElse>
        <setOutcomeValue identifier="SCORE540">
          <baseValue baseType="float">0</baseValue>
        </setOutcomeValue>
      </responseElse>
    </responseCondition>
    <setOutcomeValue identifier="SCORE">
      <sum>
        <variable identifier="SCORE540"/>
      </sum>
    </setOutcomeValue>
  </responseProcessing>
</assessmentItem>
