<?xml version="1.0"?>
<assessmentItem adaptive="false" identifier="ITEM-LOGIC-MP-443" timeDependent="false" title="Match the situation with the correct unit ratio." toolName="ItemLogic" toolVersion="2.0.0" xmlns="http://www.imsglobal.org/xsd/imsqti_v2p1" xmlns:m="http://www.w3.org/1998/Math/MathML" xmlns:xsi="http://www.w3.org/2001/XMLSchema-instance" xsi:schemaLocation="http://www.imsglobal.org/xsd/imsqti_v2p1  http://www.imsglobal.org/xsd/qti/qtiv2p1/imsqti_v2p1.xsd">
  <responseDeclaration baseType="directedPair" cardinality="multiple" identifier="RESPONSE274">
    <correctResponse>
      <value>SAC-5440 SAC-5441</value>
    </correctResponse>
    <mapping defaultValue="0.00" lowerBound="0.00" upperBound="1.00">
      <mapEntry mapKey="SAC-5440 SAC-5441" mappedValue="1.00"/>
    </mapping>
  </responseDeclaration>
  <outcomeDeclaration baseType="float" cardinality="single" identifier="SCORE274">
    <defaultValue>
      <value>0</value>
    </defaultValue>
  </outcomeDeclaration>
  <outcomeDeclaration baseType="float" cardinality="single" identifier="SCORE">
    <defaultValue>
      <value>0</value>
    </defaultValue>
  </outcomeDeclaration>
  <stylesheet href="../styles/bundled.css" type="text/css"/>
  <stylesheet href="../styles/inline.css" type="text/css"/>
  <itemBody>
    <rubricBlock use="stimulus" view="candidate author proctor scorer testConstructor tutor">
      <div>
        <p>The students in Mr. Kendall's class raced toy cars down a ramp.</p>
      </div>
    </rubricBlock>
    <matchInteraction maxAssociations="1" responseIdentifier="RESPONSE274" shuffle="false">
      <prompt>Match the situation with the correct unit ratio.<br/></prompt>
      <simpleMatchSet>
        <simpleAssociableChoice identifier="SAC-5440" matchMax="1">
          <p>Elena's toy car traveled 30 inches down the ramp in 3 seconds.</p>
        </simpleAssociableChoice>
      </simpleMatchSet>
      <simpleMatchSet>
        <simpleAssociableChoice identifier="SAC-5441" matchMax="1">
          <p xmlns:default="http://www.w3.org/1998/Math/MathML">It takes <m:math xmlns="http://www.w3.org/1998/Math/MathML">   <m:mfrac>     <m:mn>1</m:mn>     <m:mn>10</m:mn>   </m:mfrac> </m:math> of a second for Elena's toy car to travel 1 inch.</p>
        </simpleAssociableChoice>
        <simpleAssociableChoice identifier="SAC-5443" matchMax="1">
          <p>It takes 10 seconds for Elena's toy car to travel 1 inch.</p>
        </simpleAssociableChoice>
        <simpleAssociableChoice identifier="SAC-5454" matchMax="1">
          <p>No match.</p>
        </simpleAssociableChoice>
      </simpleMatchSet>
    </matchInteraction>
  </itemBody>
  <responseProcessing>
    <responseCondition>
      <responseIf>
        <isNull>
          <variable identifier="RESPONSE274"/>
        </isNull>
        <setOutcomeValue identifier="SCORE274">
          <baseValue baseType="float">0.0</baseValue>
        </setOutcomeValue>
      </responseIf>
      <responseElse>
        <setOutcomeValue identifier="SCORE274">
          <mapResponse identifier="RESPONSE274"/>
        </setOutcomeValue>
      </responseElse>
    </responseCondition>
    <setOutcomeValue identifier="SCORE">
      <sum>
        <variable identifier="SCORE274"/>
      </sum>
    </setOutcomeValue>
  </responseProcessing>
</assessmentItem>
