<?xml version="1.0"?>
<assessmentItem adaptive="false" identifier="ITEM-LOGIC-MP-648" timeDependent="false" title="Match each statement about a shape to the phrase that describes it." toolName="ItemLogic" toolVersion="2.0.0" xmlns="http://www.imsglobal.org/xsd/imsqti_v2p1" xmlns:m="http://www.w3.org/1998/Math/MathML" xmlns:xsi="http://www.w3.org/2001/XMLSchema-instance" xsi:schemaLocation="http://www.imsglobal.org/xsd/imsqti_v2p1  http://www.imsglobal.org/xsd/qti/qtiv2p1/imsqti_v2p1.xsd">
  <responseDeclaration baseType="directedPair" cardinality="multiple" identifier="RESPONSE554">
    <correctResponse>
      <value>SAC-8997 SAC-8998</value>
      <value>SAC-9000 SAC-8999</value>
      <value>SAC-9002 SAC-9001</value>
      <value>SAC-9064 SAC-9066</value>
    </correctResponse>
    <mapping defaultValue="0.00" lowerBound="0.00" upperBound="2.00">
      <mapEntry mapKey="SAC-8997 SAC-8998" mappedValue="0.50"/>
      <mapEntry mapKey="SAC-9000 SAC-8999" mappedValue="0.50"/>
      <mapEntry mapKey="SAC-9002 SAC-9001" mappedValue="0.50"/>
      <mapEntry mapKey="SAC-9064 SAC-9066" mappedValue="0.50"/>
    </mapping>
  </responseDeclaration>
  <outcomeDeclaration baseType="float" cardinality="single" identifier="SCORE554">
    <defaultValue>
      <value>0</value>
    </defaultValue>
  </outcomeDeclaration>
  <outcomeDeclaration baseType="float" cardinality="single" identifier="SCORE">
    <defaultValue>
      <value>0</value>
    </defaultValue>
  </outcomeDeclaration>
  <stylesheet href="../styles/bundled.css" type="text/css"/>
  <stylesheet href="../styles/inline.css" type="text/css"/>
  <itemBody>
    <matchInteraction maxAssociations="4" responseIdentifier="RESPONSE554" shuffle="false">
      <prompt>Match each statement about a shape to the phrase that describes it.<br/></prompt>
      <simpleMatchSet>
        <simpleAssociableChoice identifier="SAC-8997" matchMax="1">
          <p>a rhombus that has perpendicular sides</p>
        </simpleAssociableChoice>
        <simpleAssociableChoice identifier="SAC-9000" matchMax="1">
          <p>a quadrilateral that has only right angles</p>
        </simpleAssociableChoice>
        <simpleAssociableChoice identifier="SAC-9002" matchMax="1">
          <p>a three-sided shape with a pair of perpendicular sides&#xA0;</p>
        </simpleAssociableChoice>
        <simpleAssociableChoice identifier="SAC-9064" matchMax="1">
          <p>a shape with four sides that are each a different length</p>
        </simpleAssociableChoice>
      </simpleMatchSet>
      <simpleMatchSet>
        <simpleAssociableChoice identifier="SAC-8999" matchMax="1">
          <p>This shape is always a rectangle. </p>
        </simpleAssociableChoice>
        <simpleAssociableChoice identifier="SAC-9001" matchMax="1">
          <p>This shape is always a right triangle.</p>
        </simpleAssociableChoice>
        <simpleAssociableChoice identifier="SAC-9066" matchMax="1">
          <p>This shape is always a quadrilateral.</p>
        </simpleAssociableChoice>
        <simpleAssociableChoice identifier="SAC-8998" matchMax="1">
          <p>This shape is always a square.</p>
        </simpleAssociableChoice>
      </simpleMatchSet>
    </matchInteraction>
  </itemBody>
  <responseProcessing>
    <responseCondition>
      <responseIf>
        <isNull>
          <variable identifier="RESPONSE554"/>
        </isNull>
        <setOutcomeValue identifier="SCORE554">
          <baseValue baseType="float">0.0</baseValue>
        </setOutcomeValue>
      </responseIf>
      <responseElse>
        <setOutcomeValue identifier="SCORE554">
          <mapResponse identifier="RESPONSE554"/>
        </setOutcomeValue>
      </responseElse>
    </responseCondition>
    <setOutcomeValue identifier="SCORE">
      <sum>
        <variable identifier="SCORE554"/>
      </sum>
    </setOutcomeValue>
  </responseProcessing>
</assessmentItem>
