<?xml version="1.0"?>
<assessmentItem adaptive="false" identifier="ITEM-LOGIC-MP-462" timeDependent="false" title="Select the word that best describes the tone created in the paragraphs in &quot;The Teapot.&quot;" toolName="ItemLogic" toolVersion="2.0.0" xmlns="http://www.imsglobal.org/xsd/imsqti_v2p1" xmlns:m="http://www.w3.org/1998/Math/MathML" xmlns:xsi="http://www.w3.org/2001/XMLSchema-instance" xsi:schemaLocation="http://www.imsglobal.org/xsd/imsqti_v2p1  http://www.imsglobal.org/xsd/qti/qtiv2p1/imsqti_v2p1.xsd">
  <responseDeclaration baseType="identifier" cardinality="single" identifier="RESPONSE305">
    <correctResponse>
      <value>IC-5605</value>
    </correctResponse>
  </responseDeclaration>
  <responseDeclaration baseType="identifier" cardinality="single" identifier="RESPONSE307">
    <correctResponse>
      <value>IC-5611</value>
    </correctResponse>
  </responseDeclaration>
  <outcomeDeclaration baseType="float" cardinality="single" identifier="SCORE305">
    <defaultValue>
      <value>0</value>
    </defaultValue>
  </outcomeDeclaration>
  <outcomeDeclaration baseType="float" cardinality="single" identifier="SCORE307">
    <defaultValue>
      <value>0</value>
    </defaultValue>
  </outcomeDeclaration>
  <outcomeDeclaration baseType="float" cardinality="single" identifier="SCORE">
    <defaultValue>
      <value>0</value>
    </defaultValue>
  </outcomeDeclaration>
  <stylesheet href="../styles/bundled.css" type="text/css"/>
  <stylesheet href="../styles/inline.css" type="text/css"/>
  <itemBody>
    <rubricBlock use="context" view="candidate author proctor scorer testConstructor tutor">
      <div>
        <object data="../passages/RSC-LOGIC-MP-992.html" type="text/html"/>
      </div>
    </rubricBlock>
    <div class="stem stem_inline">
      <div class="stem_prompt">
        <p>Select the word that <strong>best</strong> describes the tone created in the paragraphs in "The Teapot."</p>
      </div>
      <p>The tone of paragraphs 1 and 2 can be described as a feeling of <inlineChoiceInteraction responseIdentifier="RESPONSE305" shuffle="false"><inlineChoice identifier="IC-5606">loneliness</inlineChoice><inlineChoice identifier="IC-5607">nervousness</inlineChoice><inlineChoice identifier="IC-5605">pride</inlineChoice><inlineChoice identifier="IC-5608">sympathy</inlineChoice></inlineChoiceInteraction>.</p>
    </div>
    <div class="stem stem_inline">
      <p>The tone of paragraphs 3&#x2014;8 can be described as a feeling of <inlineChoiceInteraction responseIdentifier="RESPONSE307" shuffle="false"><inlineChoice identifier="IC-5612">disbelief</inlineChoice><inlineChoice identifier="IC-5614">relief</inlineChoice><inlineChoice identifier="IC-5613">anxiousness</inlineChoice><inlineChoice identifier="IC-5611">reverence</inlineChoice></inlineChoiceInteraction>.</p>
    </div>
  </itemBody>
  <responseProcessing>
    <responseCondition>
      <responseIf>
        <match>
          <variable identifier="RESPONSE305"/>
          <correct identifier="RESPONSE305"/>
        </match>
        <setOutcomeValue identifier="SCORE305">
          <baseValue baseType="float">1</baseValue>
        </setOutcomeValue>
      </responseIf>
      <responseElse>
        <setOutcomeValue identifier="SCORE305">
          <baseValue baseType="float">0</baseValue>
        </setOutcomeValue>
      </responseElse>
    </responseCondition>
    <responseCondition>
      <responseIf>
        <match>
          <variable identifier="RESPONSE307"/>
          <correct identifier="RESPONSE307"/>
        </match>
        <setOutcomeValue identifier="SCORE307">
          <baseValue baseType="float">1</baseValue>
        </setOutcomeValue>
      </responseIf>
      <responseElse>
        <setOutcomeValue identifier="SCORE307">
          <baseValue baseType="float">0</baseValue>
        </setOutcomeValue>
      </responseElse>
    </responseCondition>
    <setOutcomeValue identifier="SCORE">
      <sum>
        <variable identifier="SCORE305"/>
        <variable identifier="SCORE307"/>
      </sum>
    </setOutcomeValue>
  </responseProcessing>
</assessmentItem>
