<?xml version="1.0"?>
<assessmentItem adaptive="false" identifier="ITEM-LOGIC-KS-850" timeDependent="false" title="&amp;nbsp;Select whether each evidence statement is relevant or irrelevant to the suggestion that Davis'" toolName="ItemLogic" toolVersion="2.0.0" xmlns="http://www.imsglobal.org/xsd/imsqti_v2p1" xmlns:m="http://www.w3.org/1998/Math/MathML" xmlns:xsi="http://www.w3.org/2001/XMLSchema-instance" xsi:schemaLocation="http://www.imsglobal.org/xsd/imsqti_v2p1  http://www.imsglobal.org/xsd/qti/qtiv2p1/imsqti_v2p1.xsd">
  <responseDeclaration baseType="directedPair" cardinality="multiple" identifier="RESPONSE880">
    <correctResponse>
      <value>SAC-14496 SAC-14492</value>
      <value>SAC-14499 SAC-14490</value>
      <value>SAC-14504 SAC-14490</value>
      <value>SAC-14505 SAC-14492</value>
    </correctResponse>
    <mapping defaultValue="0.00" lowerBound="0.00" upperBound="2.00">
      <mapEntry mapKey="SAC-14496 SAC-14490" mappedValue="0.00"/>
      <mapEntry mapKey="SAC-14496 SAC-14492" mappedValue="0.50"/>
      <mapEntry mapKey="SAC-14499 SAC-14490" mappedValue="0.50"/>
      <mapEntry mapKey="SAC-14499 SAC-14492" mappedValue="0.00"/>
      <mapEntry mapKey="SAC-14504 SAC-14490" mappedValue="0.50"/>
      <mapEntry mapKey="SAC-14504 SAC-14492" mappedValue="0.00"/>
      <mapEntry mapKey="SAC-14505 SAC-14490" mappedValue="0.00"/>
      <mapEntry mapKey="SAC-14505 SAC-14492" mappedValue="0.50"/>
    </mapping>
  </responseDeclaration>
  <outcomeDeclaration baseType="float" cardinality="single" identifier="SCORE880">
    <defaultValue>
      <value>0</value>
    </defaultValue>
  </outcomeDeclaration>
  <outcomeDeclaration baseType="float" cardinality="single" identifier="SCORE">
    <defaultValue>
      <value>0</value>
    </defaultValue>
  </outcomeDeclaration>
  <stylesheet href="../styles/bundled.css" type="text/css"/>
  <stylesheet href="../styles/inline.css" type="text/css"/>
  <itemBody>
    <rubricBlock use="context" view="candidate author proctor scorer testConstructor tutor">
      <div>
        <object data="../passages/RSC-LOGIC-KS-3848.html" type="text/html"/>
      </div>
    </rubricBlock>
    <rubricBlock use="stimulus" view="candidate author proctor scorer testConstructor tutor">
      <div>
        <p>The author of <em>Mo'Ne Davis: Baseball Superstar</em>&#xA0;suggests that Davis' personal values and principles are exceptional.</p>
      </div>
    </rubricBlock>
    <matchInteraction class="table" maxAssociations="8" responseIdentifier="RESPONSE880" shuffle="false">
      <prompt>&#xA0;Select whether each evidence statement is relevant or irrelevant to the suggestion that Davis' personal values and principles are exceptional.<br/></prompt>
      <simpleMatchSet>
        <simpleAssociableChoice identifier="SAC-14496" matchMax="1">
          <p>Davis played three different positions in baseball.</p>
        </simpleAssociableChoice>
        <simpleAssociableChoice identifier="SAC-14499" matchMax="1">
          <p>Davis wanted the Bloomsburg player to have a second chance.</p>
        </simpleAssociableChoice>
        <simpleAssociableChoice identifier="SAC-14504" matchMax="1">
          <p>Davis wants to help others fulfill their own dreams.&#xA0;</p>
        </simpleAssociableChoice>
        <simpleAssociableChoice identifier="SAC-14505" matchMax="1">
          <p>Davis pitched fastballs with speeds of up to 70 miles per hour.</p>
        </simpleAssociableChoice>
      </simpleMatchSet>
      <simpleMatchSet>
        <simpleAssociableChoice identifier="SAC-14490" matchMax="4">
          <p>Relevant</p>
        </simpleAssociableChoice>
        <simpleAssociableChoice identifier="SAC-14492" matchMax="4">
          <p>Irrelevant</p>
        </simpleAssociableChoice>
      </simpleMatchSet>
    </matchInteraction>
  </itemBody>
  <responseProcessing>
    <responseCondition>
      <responseIf>
        <isNull>
          <variable identifier="RESPONSE880"/>
        </isNull>
        <setOutcomeValue identifier="SCORE880">
          <baseValue baseType="float">0.0</baseValue>
        </setOutcomeValue>
      </responseIf>
      <responseElse>
        <setOutcomeValue identifier="SCORE880">
          <mapResponse identifier="RESPONSE880"/>
        </setOutcomeValue>
      </responseElse>
    </responseCondition>
    <setOutcomeValue identifier="SCORE">
      <sum>
        <variable identifier="SCORE880"/>
      </sum>
    </setOutcomeValue>
  </responseProcessing>
</assessmentItem>
