<?xml version="1.0"?>
<assessmentItem adaptive="false" identifier="ITEM-LOGIC-MP-450" timeDependent="false" title="" toolName="ItemLogic" toolVersion="2.0.0" xmlns="http://www.imsglobal.org/xsd/imsqti_v2p1" xmlns:m="http://www.w3.org/1998/Math/MathML" xmlns:xsi="http://www.w3.org/2001/XMLSchema-instance" xsi:schemaLocation="http://www.imsglobal.org/xsd/imsqti_v2p1  http://www.imsglobal.org/xsd/qti/qtiv2p1/imsqti_v2p1.xsd">
  <responseDeclaration baseType="identifier" cardinality="single" identifier="RESPONSE283">
    <correctResponse>
      <value>IC-5512</value>
    </correctResponse>
  </responseDeclaration>
  <responseDeclaration baseType="identifier" cardinality="single" identifier="RESPONSE285">
    <correctResponse>
      <value>IC-7552</value>
    </correctResponse>
  </responseDeclaration>
  <outcomeDeclaration baseType="float" cardinality="single" identifier="SCORE283">
    <defaultValue>
      <value>0</value>
    </defaultValue>
  </outcomeDeclaration>
  <outcomeDeclaration baseType="float" cardinality="single" identifier="SCORE285">
    <defaultValue>
      <value>0</value>
    </defaultValue>
  </outcomeDeclaration>
  <outcomeDeclaration baseType="float" cardinality="single" identifier="SCORE">
    <defaultValue>
      <value>0</value>
    </defaultValue>
  </outcomeDeclaration>
  <stylesheet href="../styles/bundled.css" type="text/css"/>
  <stylesheet href="../styles/inline.css" type="text/css"/>
  <itemBody>
    <div class="stem stem_inline">
      <p>Sylus has a cube with a side length of 1 inch. The cube has a volume of <inlineChoiceInteraction responseIdentifier="RESPONSE283" shuffle="false"><inlineChoice identifier="IC-5511">1 inch</inlineChoice><inlineChoice identifier="IC-5512">1 cubic inch</inlineChoice><inlineChoice identifier="IC-5513">4 inches</inlineChoice><inlineChoice identifier="IC-5514">4 cubic inches</inlineChoice></inlineChoiceInteraction>.</p>
    </div>
    <div class="stem stem_inline">
      <div class="stem_prompt">
        <p>A box has a length of 4 inches, a width of 3 inches, and a height of 2 inches. </p>
      </div>
      <p>The box will hold <inlineChoiceInteraction responseIdentifier="RESPONSE285" shuffle="false"><inlineChoice identifier="IC-7611">5</inlineChoice><inlineChoice identifier="IC-7550">9 </inlineChoice><inlineChoice identifier="IC-7551">7</inlineChoice><inlineChoice identifier="IC-7552">24 </inlineChoice></inlineChoiceInteraction>of Sylus's cubes.</p>
    </div>
  </itemBody>
  <responseProcessing>
    <responseCondition>
      <responseIf>
        <match>
          <variable identifier="RESPONSE283"/>
          <correct identifier="RESPONSE283"/>
        </match>
        <setOutcomeValue identifier="SCORE283">
          <baseValue baseType="float">1</baseValue>
        </setOutcomeValue>
      </responseIf>
      <responseElse>
        <setOutcomeValue identifier="SCORE283">
          <baseValue baseType="float">0</baseValue>
        </setOutcomeValue>
      </responseElse>
    </responseCondition>
    <responseCondition>
      <responseIf>
        <match>
          <variable identifier="RESPONSE285"/>
          <correct identifier="RESPONSE285"/>
        </match>
        <setOutcomeValue identifier="SCORE285">
          <baseValue baseType="float">1</baseValue>
        </setOutcomeValue>
      </responseIf>
      <responseElse>
        <setOutcomeValue identifier="SCORE285">
          <baseValue baseType="float">0</baseValue>
        </setOutcomeValue>
      </responseElse>
    </responseCondition>
    <setOutcomeValue identifier="SCORE">
      <sum>
        <variable identifier="SCORE283"/>
        <variable identifier="SCORE285"/>
      </sum>
    </setOutcomeValue>
  </responseProcessing>
</assessmentItem>
