<?xml version="1.0"?>
<assessmentItem adaptive="false" identifier="ITEM-LOGIC-MP-573" timeDependent="false" title="Terry is using balance scales to find the mass, in grams, of an apple, a pear, and a banana, as show" toolName="ItemLogic" toolVersion="2.0.0" xmlns="http://www.imsglobal.org/xsd/imsqti_v2p1" xmlns:m="http://www.w3.org/1998/Math/MathML" xmlns:xsi="http://www.w3.org/2001/XMLSchema-instance" xsi:schemaLocation="http://www.imsglobal.org/xsd/imsqti_v2p1  http://www.imsglobal.org/xsd/qti/qtiv2p1/imsqti_v2p1.xsd">
  <responseDeclaration baseType="identifier" cardinality="ordered" identifier="RESPONSE463">
    <correctResponse>
      <value>SC-10175</value>
      <value>SC-10174</value>
      <value>SC-10176</value>
    </correctResponse>
  </responseDeclaration>
  <outcomeDeclaration baseType="float" cardinality="single" identifier="SCORE463">
    <defaultValue>
      <value>0</value>
    </defaultValue>
  </outcomeDeclaration>
  <outcomeDeclaration baseType="float" cardinality="single" identifier="SCORE">
    <defaultValue>
      <value>0</value>
    </defaultValue>
  </outcomeDeclaration>
  <stylesheet href="../styles/bundled.css" type="text/css"/>
  <stylesheet href="../styles/inline.css" type="text/css"/>
  <itemBody>
    <orderInteraction orientation="vertical" responseIdentifier="RESPONSE463" shuffle="false">
      <prompt>Terry is using balance scales to find the mass, in grams, of an apple, a pear, and a banana, as shown.<br/><object data="../images/FROERI573_Bananas_1fabdcbd02.png" height="489" type="image/png" width="324"/><br/>Put the fruit in order from the fruit with the<strong> least</strong> mass first to the fruit with the <strong>greatest</strong> mass last.<br/></prompt>
      <simpleChoice identifier="SC-10174">
        <p>apple</p>
      </simpleChoice>
      <simpleChoice identifier="SC-10175">
        <p>pear</p>
      </simpleChoice>
      <simpleChoice identifier="SC-10176">
        <p>banana</p>
      </simpleChoice>
    </orderInteraction>
  </itemBody>
  <responseProcessing>
    <responseCondition>
      <responseIf>
        <match>
          <variable identifier="RESPONSE463"/>
          <correct identifier="RESPONSE463"/>
        </match>
        <setOutcomeValue identifier="SCORE463">
          <baseValue baseType="float">1</baseValue>
        </setOutcomeValue>
      </responseIf>
      <responseElse>
        <setOutcomeValue identifier="SCORE463">
          <baseValue baseType="float">0</baseValue>
        </setOutcomeValue>
      </responseElse>
    </responseCondition>
    <setOutcomeValue identifier="SCORE">
      <sum>
        <variable identifier="SCORE463"/>
      </sum>
    </setOutcomeValue>
  </responseProcessing>
</assessmentItem>
