<?xml version="1.0"?>
<assessmentItem adaptive="false" identifier="ITEM-LOGIC-MP-637" timeDependent="false" title="Match Manny&amp;rsquo;s feelings in &amp;ldquo;Ellis Island Interview&amp;rdquo;&#x9D; to the place or time at which" toolName="ItemLogic" toolVersion="2.0.0" xmlns="http://www.imsglobal.org/xsd/imsqti_v2p1" xmlns:m="http://www.w3.org/1998/Math/MathML" xmlns:xsi="http://www.w3.org/2001/XMLSchema-instance" xsi:schemaLocation="http://www.imsglobal.org/xsd/imsqti_v2p1  http://www.imsglobal.org/xsd/qti/qtiv2p1/imsqti_v2p1.xsd">
  <responseDeclaration baseType="directedPair" cardinality="multiple" identifier="RESPONSE545">
    <correctResponse>
      <value>GI-10783 HS-10795</value>
      <value>GI-10785 HS-10792</value>
      <value>GI-10786 HS-10793</value>
      <value>GI-10789 HS-10794</value>
    </correctResponse>
  </responseDeclaration>
  <outcomeDeclaration baseType="float" cardinality="single" identifier="SCORE545">
    <defaultValue>
      <value>0</value>
    </defaultValue>
  </outcomeDeclaration>
  <outcomeDeclaration baseType="float" cardinality="single" identifier="SCORE">
    <defaultValue>
      <value>0</value>
    </defaultValue>
  </outcomeDeclaration>
  <stylesheet href="../styles/bundled.css" type="text/css"/>
  <stylesheet href="../styles/inline.css" type="text/css"/>
  <itemBody>
    <rubricBlock use="context" view="candidate author proctor scorer testConstructor tutor">
      <div>
        <object data="../passages/RSC-LOGIC-MP-1657.html" type="text/html"/>
      </div>
    </rubricBlock>
    <graphicGapMatchInteraction responseIdentifier="RESPONSE545">
      <prompt>Match Manny&#x2019;s feelings in &#x201C;Ellis Island Interview&#x201D;  to the place or time at which each feeling most likely occurred.<br/></prompt>
      <object data="../images/FREEVO637_Mannys_Feelings_stem_01_o_caeec6e0ff.png" height="173" type="image/png" width="495"/>
      <gapImg identifier="GI-10783" matchMax="1">
        <object data="../images/FREEVO637_Mannys_Feelings_opt_A01_o_75ccf541fa.png" height="22" type="image/png" width="101"/>
      </gapImg>
      <gapImg identifier="GI-10784" matchMax="1">
        <object data="../images/FREEVO637_Mannys_Feelings_opt_B01_o_76fd63f4a3.png" height="23" type="image/png" width="101"/>
      </gapImg>
      <gapImg identifier="GI-10785" matchMax="1">
        <object data="../images/FREEVO637_Mannys_Feelings_opt_C01_o_c6cf77a485.png" height="23" type="image/png" width="101"/>
      </gapImg>
      <gapImg identifier="GI-10786" matchMax="1">
        <object data="../images/FREEVO637_Mannys_Feelings_opt_D01_o_d99a6cd9ac.png" height="22" type="image/png" width="101"/>
      </gapImg>
      <gapImg identifier="GI-10787" matchMax="1">
        <object data="../images/FREEVO637_Mannys_Feelings_opt_E01_o_bc5648b008.png" height="23" type="image/png" width="101"/>
      </gapImg>
      <gapImg identifier="GI-10872" matchMax="1">
        <object data="../images/FREEVO637_Mannys_Feelings_opt_F01_o_ae51a7d37f.png" height="22" type="image/png" width="101"/>
      </gapImg>
      <gapImg identifier="GI-10789" matchMax="1">
        <object data="../images/FREEVO637_Mannys_Feelings_opt_H01_o_b6753e0f69.png" height="23" type="image/png" width="101"/>
      </gapImg>
      <associableHotspot coords="326,32,427,55" identifier="HS-10792" matchMax="1" shape="rect"/>
      <associableHotspot coords="327,68,428,91" identifier="HS-10793" matchMax="1" shape="rect"/>
      <associableHotspot coords="325,103,426,126" identifier="HS-10794" matchMax="1" shape="rect"/>
      <associableHotspot coords="324,138,425,161" identifier="HS-10795" matchMax="1" shape="rect"/>
    </graphicGapMatchInteraction>
  </itemBody>
  <responseProcessing>
    <responseCondition>
      <responseIf>
        <match>
          <variable identifier="RESPONSE545"/>
          <correct identifier="RESPONSE545"/>
        </match>
        <setOutcomeValue identifier="SCORE545">
          <baseValue baseType="float">1</baseValue>
        </setOutcomeValue>
      </responseIf>
      <responseElse>
        <setOutcomeValue identifier="SCORE545">
          <baseValue baseType="float">0</baseValue>
        </setOutcomeValue>
      </responseElse>
    </responseCondition>
    <setOutcomeValue identifier="SCORE">
      <sum>
        <variable identifier="SCORE545"/>
      </sum>
    </setOutcomeValue>
  </responseProcessing>
</assessmentItem>
