<?xml version="1.0"?>
<assessmentItem adaptive="false" identifier="ITEM-LOGIC-MP-520" timeDependent="false" title="Identify two central ideas of Pygmalion&#xA0;and match them with the quotes from the text that best supp" toolName="ItemLogic" toolVersion="2.0.0" xmlns="http://www.imsglobal.org/xsd/imsqti_v2p1" xmlns:m="http://www.w3.org/1998/Math/MathML" xmlns:xsi="http://www.w3.org/2001/XMLSchema-instance" xsi:schemaLocation="http://www.imsglobal.org/xsd/imsqti_v2p1  http://www.imsglobal.org/xsd/qti/qtiv2p1/imsqti_v2p1.xsd">
  <responseDeclaration baseType="directedPair" cardinality="multiple" identifier="RESPONSE401">
    <correctResponse>
      <value>SAC-6878 SAC-6884</value>
      <value>SAC-6879 SAC-6883</value>
    </correctResponse>
  </responseDeclaration>
  <outcomeDeclaration baseType="float" cardinality="single" identifier="SCORE401">
    <defaultValue>
      <value>0</value>
    </defaultValue>
  </outcomeDeclaration>
  <outcomeDeclaration baseType="float" cardinality="single" identifier="SCORE">
    <defaultValue>
      <value>0</value>
    </defaultValue>
  </outcomeDeclaration>
  <stylesheet href="../styles/bundled.css" type="text/css"/>
  <stylesheet href="../styles/inline.css" type="text/css"/>
  <itemBody>
    <rubricBlock use="context" view="candidate author proctor scorer testConstructor tutor">
      <div>
        <object data="../passages/RSC-LOGIC-MP-978.html" type="text/html"/>
      </div>
    </rubricBlock>
    <matchInteraction maxAssociations="2" responseIdentifier="RESPONSE401" shuffle="false">
      <prompt>Identify two central ideas of Pygmalion and match them with the quotes from the text that best support them.<br/></prompt>
      <simpleMatchSet>
        <simpleAssociableChoice identifier="SAC-6877" matchMax="1">
          <p>the difficulty of communication in the modern age</p>
        </simpleAssociableChoice>
        <simpleAssociableChoice identifier="SAC-6878" matchMax="1">
          <p>the superficiality of class distinctions</p>
        </simpleAssociableChoice>
        <simpleAssociableChoice identifier="SAC-6879" matchMax="1">
          <p>the insecurity of life for the poor</p>
        </simpleAssociableChoice>
        <simpleAssociableChoice identifier="SAC-6880" matchMax="1">
          <p>the indifference of the public to others&#x2019; suffering</p>
        </simpleAssociableChoice>
      </simpleMatchSet>
      <simpleMatchSet>
        <simpleAssociableChoice identifier="SAC-6883" matchMax="1">
          <p>&#x201C;I&#x2019;ve a right to sell flowers if I keep off the kerb. [Hysterically] I&#x2019;m a respectable girl:&#x201D; </p>
        </simpleAssociableChoice>
        <simpleAssociableChoice identifier="SAC-6881" matchMax="1">
          <p>&#x201C;What&#x2019;s that? That ain&#x2019;t proper writing. I can&#x2019;t read that.&#x201D; </p>
        </simpleAssociableChoice>
        <simpleAssociableChoice identifier="SAC-6882" matchMax="1">
          <p>&#x201C;Why didn&#x2019;t you say so before? and us losing out time listening to your silliness.&#x201D; </p>
        </simpleAssociableChoice>
        <simpleAssociableChoice identifier="SAC-6884" matchMax="1">
          <p>&#x201C;Well, sir, in three months I could pass that girl off as a duchess at an ambassador&#x2019;s garden party.&#x201D; </p>
        </simpleAssociableChoice>
      </simpleMatchSet>
    </matchInteraction>
  </itemBody>
  <responseProcessing>
    <responseCondition>
      <responseIf>
        <match>
          <variable identifier="RESPONSE401"/>
          <correct identifier="RESPONSE401"/>
        </match>
        <setOutcomeValue identifier="SCORE401">
          <baseValue baseType="float">1</baseValue>
        </setOutcomeValue>
      </responseIf>
      <responseElse>
        <setOutcomeValue identifier="SCORE401">
          <baseValue baseType="float">0</baseValue>
        </setOutcomeValue>
      </responseElse>
    </responseCondition>
    <setOutcomeValue identifier="SCORE">
      <sum>
        <variable identifier="SCORE401"/>
      </sum>
    </setOutcomeValue>
  </responseProcessing>
</assessmentItem>
