<?xml version="1.0"?>
<assessmentItem adaptive="false" identifier="ITEM-LOGIC-KS-779" timeDependent="false" title="Compare the total number of stickers each student has. Order the names of the students from the stud" toolName="ItemLogic" toolVersion="2.0.0" xmlns="http://www.imsglobal.org/xsd/imsqti_v2p1" xmlns:m="http://www.w3.org/1998/Math/MathML" xmlns:xsi="http://www.w3.org/2001/XMLSchema-instance" xsi:schemaLocation="http://www.imsglobal.org/xsd/imsqti_v2p1  http://www.imsglobal.org/xsd/qti/qtiv2p1/imsqti_v2p1.xsd">
  <responseDeclaration baseType="identifier" cardinality="ordered" identifier="RESPONSE748">
    <correctResponse>
      <value>SC-12104</value>
      <value>SC-12105</value>
      <value>SC-12103</value>
      <value>SC-12106</value>
    </correctResponse>
  </responseDeclaration>
  <responseDeclaration baseType="identifier" cardinality="single" identifier="RESPONSE749">
    <correctResponse>
      <value>SC-12112</value>
    </correctResponse>
  </responseDeclaration>
  <outcomeDeclaration baseType="float" cardinality="single" identifier="SCORE748">
    <defaultValue>
      <value>0</value>
    </defaultValue>
  </outcomeDeclaration>
  <outcomeDeclaration baseType="float" cardinality="single" identifier="SCORE749">
    <defaultValue>
      <value>0</value>
    </defaultValue>
  </outcomeDeclaration>
  <outcomeDeclaration baseType="float" cardinality="single" identifier="SCORE">
    <defaultValue>
      <value>0</value>
    </defaultValue>
  </outcomeDeclaration>
  <stylesheet href="../styles/bundled.css" type="text/css"/>
  <stylesheet href="../styles/inline.css" type="text/css"/>
  <itemBody>
    <rubricBlock use="stimulus" view="candidate author proctor scorer testConstructor tutor">
      <div>
        <p>Four students have heart and star stickers.</p>
        <p>
          <object data="../images/sticker-pack@2x_ebb7da1db0.png" height="246" type="image/png" width="400"/>
        </p>
        <ul> <li>Li has 12 heart stickers and 15 star stickers.</li> <li>Pat has 34 star stickers and no heart stickers.</li> <li>Zeke has 20 heart stickers and 9 star stickers.</li> <li>Tim has 16 heart stickers and no star stickers.</li> </ul>
      </div>
    </rubricBlock>
    <orderInteraction orientation="vertical" responseIdentifier="RESPONSE748" shuffle="false">
      <prompt>Compare the total number of stickers each student has. Order the names of the students from the student with the greatest total number of stickers to the student with the lowest total number of stickers.<br/></prompt>
      <simpleChoice identifier="SC-12103">
        <p>Li</p>
      </simpleChoice>
      <simpleChoice identifier="SC-12104">
        <p>Pat</p>
      </simpleChoice>
      <simpleChoice identifier="SC-12105">
        <p>Zeke</p>
      </simpleChoice>
      <simpleChoice identifier="SC-12106">
        <p>Tim</p>
      </simpleChoice>
    </orderInteraction>
    <choiceInteraction maxChoices="1" responseIdentifier="RESPONSE749" shuffle="false">
      <prompt>Leo has 20 fewer star stickers than Pat. How many star stickers does Leo have?<br/></prompt>
      <simpleChoice fixed="true" identifier="SC-12112">
        <p>14</p>
      </simpleChoice>
      <simpleChoice fixed="true" identifier="SC-12114">
        <p>22</p>
      </simpleChoice>
      <simpleChoice fixed="true" identifier="SC-12113">
        <p>32</p>
      </simpleChoice>
      <simpleChoice fixed="true" identifier="SC-12115">
        <p>54</p>
      </simpleChoice>
    </choiceInteraction>
  </itemBody>
  <responseProcessing>
    <responseCondition>
      <responseIf>
        <match>
          <variable identifier="RESPONSE748"/>
          <correct identifier="RESPONSE748"/>
        </match>
        <setOutcomeValue identifier="SCORE748">
          <baseValue baseType="float">1</baseValue>
        </setOutcomeValue>
      </responseIf>
      <responseElse>
        <setOutcomeValue identifier="SCORE748">
          <baseValue baseType="float">0</baseValue>
        </setOutcomeValue>
      </responseElse>
    </responseCondition>
    <responseCondition>
      <responseIf>
        <match>
          <variable identifier="RESPONSE749"/>
          <correct identifier="RESPONSE749"/>
        </match>
        <setOutcomeValue identifier="SCORE749">
          <baseValue baseType="float">1</baseValue>
        </setOutcomeValue>
      </responseIf>
      <responseElse>
        <setOutcomeValue identifier="SCORE749">
          <baseValue baseType="float">0</baseValue>
        </setOutcomeValue>
      </responseElse>
    </responseCondition>
    <setOutcomeValue identifier="SCORE">
      <sum>
        <variable identifier="SCORE748"/>
        <variable identifier="SCORE749"/>
      </sum>
    </setOutcomeValue>
  </responseProcessing>
</assessmentItem>
