<?xml version="1.0"?>
<assessmentItem adaptive="false" identifier="ITEM-LOGIC-MP-228" timeDependent="false" title="You have read a story and a poem with a similar theme. Complete the chart by selecting whether the s" toolName="ItemLogic" toolVersion="2.0.0" xmlns="http://www.imsglobal.org/xsd/imsqti_v2p1" xmlns:m="http://www.w3.org/1998/Math/MathML" xmlns:xsi="http://www.w3.org/2001/XMLSchema-instance" xsi:schemaLocation="http://www.imsglobal.org/xsd/imsqti_v2p1  http://www.imsglobal.org/xsd/qti/qtiv2p1/imsqti_v2p1.xsd">
  <responseDeclaration baseType="identifier" cardinality="multiple" identifier="RESPONSE64">
    <correctResponse>
      <value>HT-2346</value>
      <value>HT-2350</value>
      <value>HT-2354</value>
      <value>HT-2355</value>
    </correctResponse>
  </responseDeclaration>
  <outcomeDeclaration baseType="float" cardinality="single" identifier="SCORE64">
    <defaultValue>
      <value>0</value>
    </defaultValue>
  </outcomeDeclaration>
  <outcomeDeclaration baseType="float" cardinality="single" identifier="SCORE">
    <defaultValue>
      <value>0</value>
    </defaultValue>
  </outcomeDeclaration>
  <stylesheet href="../styles/bundled.css" type="text/css"/>
  <stylesheet href="../styles/inline.css" type="text/css"/>
  <itemBody>
    <rubricBlock use="context" view="candidate author proctor scorer testConstructor tutor">
      <div>
        <object data="../passages/RSC-LOGIC-MP-994.html" type="text/html"/>
      </div>
      <div>
        <object data="../passages/RSC-LOGIC-MP-995.html" type="text/html"/>
      </div>
    </rubricBlock>
    <hottextInteraction maxChoices="0" responseIdentifier="RESPONSE64">
      <prompt>You have read a story and a poem with a similar theme. Complete the chart by selecting whether the statement applies to the story, the poem, or both pieces.<br/></prompt>
      <table class="style-4ff3962f1359145afd3e27ef776a0fd2"> <tbody> <tr> <td class="style-25150780864b21cd93ec9cb82758edc1">compares and contrasts two points of view</td> <td class="style-94a6090bff5f1377df58608b06a40eec"><hottext identifier="HT-2346">Story</hottext></td> <td class="style-94a6090bff5f1377df58608b06a40eec"><hottext identifier="HT-2347">Poem</hottext></td> <td class="style-94a6090bff5f1377df58608b06a40eec"><hottext identifier="HT-2348">Both</hottext></td> </tr> <tr> <td class="style-25150780864b21cd93ec9cb82758edc1">focuses on one person's experience</td> <td class="style-25150780864b21cd93ec9cb82758edc1"><hottext identifier="HT-2349">Story</hottext></td> <td class="style-25150780864b21cd93ec9cb82758edc1"><hottext identifier="HT-2350">Poem</hottext></td> <td class="style-25150780864b21cd93ec9cb82758edc1"><hottext identifier="HT-2351">Both</hottext></td> </tr> <tr> <td class="style-25150780864b21cd93ec9cb82758edc1">examines the benefits of waking up early</td> <td class="style-25150780864b21cd93ec9cb82758edc1"><hottext identifier="HT-2352">Story</hottext></td> <td class="style-25150780864b21cd93ec9cb82758edc1"><hottext identifier="HT-2353">Poem</hottext></td> <td class="style-25150780864b21cd93ec9cb82758edc1"> <hottext identifier="HT-2354">Both</hottext></td> </tr> <tr> <td class="style-25150780864b21cd93ec9cb82758edc1">examines the benefits of staying up late at night</td> <td class="style-25150780864b21cd93ec9cb82758edc1"><hottext identifier="HT-2355">Story</hottext></td> <td class="style-25150780864b21cd93ec9cb82758edc1"><hottext identifier="HT-2356">Poem</hottext></td> <td class="style-25150780864b21cd93ec9cb82758edc1"><hottext identifier="HT-2357">Both</hottext></td> </tr> </tbody> </table>
    </hottextInteraction>
  </itemBody>
  <responseProcessing>
    <responseCondition>
      <responseIf>
        <match>
          <variable identifier="RESPONSE64"/>
          <correct identifier="RESPONSE64"/>
        </match>
        <setOutcomeValue identifier="SCORE64">
          <baseValue baseType="float">1</baseValue>
        </setOutcomeValue>
      </responseIf>
      <responseElse>
        <setOutcomeValue identifier="SCORE64">
          <baseValue baseType="float">0</baseValue>
        </setOutcomeValue>
      </responseElse>
    </responseCondition>
    <setOutcomeValue identifier="SCORE">
      <sum>
        <variable identifier="SCORE64"/>
      </sum>
    </setOutcomeValue>
  </responseProcessing>
</assessmentItem>
