<?xml version="1.0"?>
<assessmentItem adaptive="false" identifier="ITEM-LOGIC-MP-655" timeDependent="false" title="Using Lia&amp;prime;s number, order the expressions from the least value to the greatest value." toolName="ItemLogic" toolVersion="2.0.0" xmlns="http://www.imsglobal.org/xsd/imsqti_v2p1" xmlns:m="http://www.w3.org/1998/Math/MathML" xmlns:xsi="http://www.w3.org/2001/XMLSchema-instance" xsi:schemaLocation="http://www.imsglobal.org/xsd/imsqti_v2p1  http://www.imsglobal.org/xsd/qti/qtiv2p1/imsqti_v2p1.xsd">
  <responseDeclaration baseType="identifier" cardinality="ordered" identifier="RESPONSE568">
    <correctResponse>
      <value>SC-9067</value>
      <value>SC-9069</value>
      <value>SC-9063</value>
      <value>SC-9065</value>
    </correctResponse>
  </responseDeclaration>
  <outcomeDeclaration baseType="float" cardinality="single" identifier="SCORE568">
    <defaultValue>
      <value>0</value>
    </defaultValue>
  </outcomeDeclaration>
  <outcomeDeclaration baseType="float" cardinality="single" identifier="SCORE">
    <defaultValue>
      <value>0</value>
    </defaultValue>
  </outcomeDeclaration>
  <stylesheet href="../styles/bundled.css" type="text/css"/>
  <stylesheet href="../styles/inline.css" type="text/css"/>
  <itemBody>
    <rubricBlock use="stimulus" view="candidate author proctor scorer testConstructor tutor">
      <div>
        <p>Lia is thinking of the number 2.</p>
      </div>
    </rubricBlock>
    <orderInteraction orientation="vertical" responseIdentifier="RESPONSE568" shuffle="false">
      <prompt>Using Lia&#x2032;s number, order the expressions from the <strong>least</strong> value to the <strong>greatest</strong> value.<br/></prompt>
      <simpleChoice identifier="SC-9063">
        <p>4 less than 3 times Lia's number</p>
      </simpleChoice>
      <simpleChoice identifier="SC-9065">
        <p>2 times the sum of Lia's number and 1</p>
      </simpleChoice>
      <simpleChoice identifier="SC-9067">
        <p>twice the difference between Lia's number and 2</p>
      </simpleChoice>
      <simpleChoice identifier="SC-9069">
        <p>the quotient of 3 and the sum of Lia's number plus 1</p>
      </simpleChoice>
    </orderInteraction>
  </itemBody>
  <responseProcessing>
    <responseCondition>
      <responseIf>
        <match>
          <variable identifier="RESPONSE568"/>
          <correct identifier="RESPONSE568"/>
        </match>
        <setOutcomeValue identifier="SCORE568">
          <baseValue baseType="float">1</baseValue>
        </setOutcomeValue>
      </responseIf>
      <responseElse>
        <setOutcomeValue identifier="SCORE568">
          <baseValue baseType="float">0</baseValue>
        </setOutcomeValue>
      </responseElse>
    </responseCondition>
    <setOutcomeValue identifier="SCORE">
      <sum>
        <variable identifier="SCORE568"/>
      </sum>
    </setOutcomeValue>
  </responseProcessing>
</assessmentItem>
