<?xml version="1.0"?>
<assessmentItem adaptive="false" identifier="ITEM-LOGIC-MP-565" timeDependent="false" title="Part A Which is the best definition of the words sank in?" toolName="ItemLogic" toolVersion="2.0.0" xmlns="http://www.imsglobal.org/xsd/imsqti_v2p1" xmlns:m="http://www.w3.org/1998/Math/MathML" xmlns:xsi="http://www.w3.org/2001/XMLSchema-instance" xsi:schemaLocation="http://www.imsglobal.org/xsd/imsqti_v2p1  http://www.imsglobal.org/xsd/qti/qtiv2p1/imsqti_v2p1.xsd">
  <responseDeclaration baseType="identifier" cardinality="single" identifier="RESPONSE450">
    <correctResponse>
      <value>SC-8121</value>
    </correctResponse>
  </responseDeclaration>
  <responseDeclaration baseType="identifier" cardinality="multiple" identifier="RESPONSE451">
    <correctResponse>
      <value>HT-13315</value>
    </correctResponse>
  </responseDeclaration>
  <outcomeDeclaration baseType="float" cardinality="single" identifier="SCORE450">
    <defaultValue>
      <value>0</value>
    </defaultValue>
  </outcomeDeclaration>
  <outcomeDeclaration baseType="float" cardinality="single" identifier="SCORE451">
    <defaultValue>
      <value>0</value>
    </defaultValue>
  </outcomeDeclaration>
  <outcomeDeclaration baseType="float" cardinality="single" identifier="SCORE">
    <defaultValue>
      <value>0</value>
    </defaultValue>
  </outcomeDeclaration>
  <stylesheet href="../styles/bundled.css" type="text/css"/>
  <stylesheet href="../styles/inline.css" type="text/css"/>
  <itemBody>
    <rubricBlock use="context" view="candidate author proctor scorer testConstructor tutor">
      <div>
        <object data="../passages/RSC-LOGIC-MP-1641.html" type="text/html"/>
      </div>
    </rubricBlock>
    <rubricBlock use="stimulus" view="candidate author proctor scorer testConstructor tutor">
      <div><p>Read this sentence.</p> <p>And what Mrs. Granger had said about words at the end of the period finally <span class="text-decoration: underline;">sank in</span>.</p></div>
    </rubricBlock>
    <choiceInteraction maxChoices="1" responseIdentifier="RESPONSE450" shuffle="false">
      <prompt>Part A<br/> Which is the best definition of the words <span class="text-decoration: underline;">sank in</span>?<br/></prompt>
      <simpleChoice fixed="true" identifier="SC-8120">
        <p>went under</p>
      </simpleChoice>
      <simpleChoice fixed="true" identifier="SC-8121">
        <p>was known</p>
      </simpleChoice>
      <simpleChoice fixed="true" identifier="SC-8122">
        <p>became less</p>
      </simpleChoice>
      <simpleChoice fixed="true" identifier="SC-8123">
        <p>was wasted</p>
      </simpleChoice>
    </choiceInteraction>
    <hottextInteraction maxChoices="0" responseIdentifier="RESPONSE451"><prompt>Part B<br/> Select the detail that <strong>best</strong> supports the answer to Part A.<br/></prompt><p>1 Three things <hottext identifier="HT-13310">happened later</hottext> that same afternoon.</p> <p>2 Nick and Janet Fisk had missed the bus because of a school newspaper meeting, so they walked home&#xA0;<span>together. They were seeing who could walk along the curb <hottext identifier="HT-13311">without falling</hottext>. It took a lot of concentration, and&#xA0;</span><span>when Janet <hottext identifier="HT-13312">stepped off</hottext> into the street, Nick said, &#x201C;That&#x2019;s three points for me.&#x201D; </span></p> <p>3 But Janet said, &#x201C;I didn&#x2019;t fall. I saw something. . . . Look.&#x201D;  She <hottext identifier="HT-13313">bent down</hottext> and picked up a gold ballpoint&#xA0;<span>pen, the fancy kind.</span></p> <p>4 That was the first thing&#x2014;Janet finding the pen.</p> <p>5 They got back on the curb, and Nick followed Janet, putting one foot carefully in front of the other on the&#xA0;<span>narrow concrete curb. And while he stepped along, he <hottext identifier="HT-13314">thought back</hottext> over the school day, especially about his&#xA0;</span><span>report. And what Mrs. Granger had said about words at the end of the period finally <span class="text-decoration: underline;">sank in</span>.</span></p> <p>6 That was the second thing&#x2014;<hottext identifier="HT-13315">understanding what</hottext> Mrs. Granger had said.</p></hottextInteraction>
  </itemBody>
  <responseProcessing>
    <responseCondition>
      <responseIf>
        <match>
          <variable identifier="RESPONSE450"/>
          <correct identifier="RESPONSE450"/>
        </match>
        <setOutcomeValue identifier="SCORE450">
          <baseValue baseType="float">1</baseValue>
        </setOutcomeValue>
      </responseIf>
      <responseElse>
        <setOutcomeValue identifier="SCORE450">
          <baseValue baseType="float">0</baseValue>
        </setOutcomeValue>
      </responseElse>
    </responseCondition>
    <responseCondition>
      <responseIf>
        <match>
          <variable identifier="RESPONSE451"/>
          <correct identifier="RESPONSE451"/>
        </match>
        <setOutcomeValue identifier="SCORE451">
          <baseValue baseType="float">1</baseValue>
        </setOutcomeValue>
      </responseIf>
      <responseElse>
        <setOutcomeValue identifier="SCORE451">
          <baseValue baseType="float">0</baseValue>
        </setOutcomeValue>
      </responseElse>
    </responseCondition>
    <setOutcomeValue identifier="SCORE">
      <sum>
        <variable identifier="SCORE450"/>
        <variable identifier="SCORE451"/>
      </sum>
    </setOutcomeValue>
  </responseProcessing>
</assessmentItem>
