<?xml version="1.0"?>
<assessmentItem adaptive="false" identifier="ITEM-LOGIC-KS-940" timeDependent="false" title="Match each group of fruit with another group of fruit that has the same total number of pieces." toolName="ItemLogic" toolVersion="2.0.0" xmlns="http://www.imsglobal.org/xsd/imsqti_v2p1" xmlns:m="http://www.w3.org/1998/Math/MathML" xmlns:xsi="http://www.w3.org/2001/XMLSchema-instance" xsi:schemaLocation="http://www.imsglobal.org/xsd/imsqti_v2p1  http://www.imsglobal.org/xsd/qti/qtiv2p1/imsqti_v2p1.xsd">
  <responseDeclaration baseType="directedPair" cardinality="multiple" identifier="RESPONSE924">
    <correctResponse>
      <value>SAC-16297 SAC-16302</value>
      <value>SAC-16298 SAC-16301</value>
      <value>SAC-16299 SAC-16305</value>
    </correctResponse>
    <mapping defaultValue="-3.00" lowerBound="0.00" upperBound="3.00">
      <mapEntry mapKey="SAC-16297 SAC-16302" mappedValue="1.00"/>
      <mapEntry mapKey="SAC-16298 SAC-16301" mappedValue="1.00"/>
      <mapEntry mapKey="SAC-16299 SAC-16305" mappedValue="1.00"/>
    </mapping>
  </responseDeclaration>
  <responseDeclaration baseType="identifier" cardinality="multiple" identifier="RESPONSE925">
    <correctResponse>
      <value>SC-16290</value>
      <value>SC-16288</value>
    </correctResponse>
    <mapping defaultValue="-0.50" lowerBound="0.00" upperBound="1.00">
      <mapEntry mapKey="SC-16290" mappedValue="0.50"/>
      <mapEntry mapKey="SC-16286" mappedValue="-0.50"/>
      <mapEntry mapKey="SC-16287" mappedValue="-0.50"/>
      <mapEntry mapKey="SC-16288" mappedValue="0.50"/>
      <mapEntry mapKey="SC-16289" mappedValue="-0.50"/>
    </mapping>
  </responseDeclaration>
  <outcomeDeclaration baseType="float" cardinality="single" identifier="SCORE924">
    <defaultValue>
      <value>0</value>
    </defaultValue>
  </outcomeDeclaration>
  <outcomeDeclaration baseType="float" cardinality="single" identifier="SCORE925">
    <defaultValue>
      <value>0</value>
    </defaultValue>
  </outcomeDeclaration>
  <outcomeDeclaration baseType="float" cardinality="single" identifier="SCORE">
    <defaultValue>
      <value>0</value>
    </defaultValue>
  </outcomeDeclaration>
  <stylesheet href="../styles/bundled.css" type="text/css"/>
  <stylesheet href="../styles/inline.css" type="text/css"/>
  <itemBody>
    <rubricBlock use="stimulus" view="candidate author proctor scorer testConstructor tutor">
      <div>
        <p>Kiran is putting fruit in two different baskets.</p>
        <p>
          <object data="../images/baskets@2x_c9938582e9.png" height="215" type="image/png" width="400"/>
        </p>
        <p>She wants to put the same total number of pieces of fruit in each basket.</p>
      </div>
    </rubricBlock>
    <matchInteraction maxAssociations="3" responseIdentifier="RESPONSE924" shuffle="false">
      <prompt>Match each group of fruit with another group of fruit that has the same total number of pieces.<br/></prompt>
      <simpleMatchSet>
        <simpleAssociableChoice identifier="SAC-16297" matchMax="1">
          <p>3 apples and 4 oranges</p>
        </simpleAssociableChoice>
        <simpleAssociableChoice identifier="SAC-16298" matchMax="1">
          <p>2 pears, 3 bananas, and 4 apples</p>
        </simpleAssociableChoice>
        <simpleAssociableChoice identifier="SAC-16299" matchMax="1">
          <p>5 oranges and 3 bananas</p>
        </simpleAssociableChoice>
      </simpleMatchSet>
      <simpleMatchSet>
        <simpleAssociableChoice identifier="SAC-16300" matchMax="1">
          <p>6 apples and 4 pears</p>
        </simpleAssociableChoice>
        <simpleAssociableChoice identifier="SAC-16301" matchMax="1">
          <p>5 bananas and 4 pears</p>
        </simpleAssociableChoice>
        <simpleAssociableChoice identifier="SAC-16302" matchMax="1">
          <p>4 apples and 3 oranges</p>
        </simpleAssociableChoice>
        <simpleAssociableChoice identifier="SAC-16303" matchMax="1">
          <p>3 apples and 3 oranges</p>
        </simpleAssociableChoice>
        <simpleAssociableChoice identifier="SAC-16304" matchMax="1">
          <p>1 pear, 5 bananas, and 5 apples</p>
        </simpleAssociableChoice>
        <simpleAssociableChoice identifier="SAC-16305" matchMax="1">
          <p>1 banana, 4 apples, and 3 pears</p>
        </simpleAssociableChoice>
        <simpleAssociableChoice identifier="SAC-16306" matchMax="1">
          <p>1 apple, 2 oranges, and 3 bananas</p>
        </simpleAssociableChoice>
      </simpleMatchSet>
    </matchInteraction>
    <choiceInteraction maxChoices="0" responseIdentifier="RESPONSE925" shuffle="false">
      <prompt>Kiran makes another fruit basket. She wants to put 10 pieces of fruit in it. Which groups of fruit can Kiran use? Select all that apply.<br/></prompt>
      <simpleChoice fixed="true" identifier="SC-16290">
        <p>6 pears and 4 apples</p>
      </simpleChoice>
      <simpleChoice fixed="true" identifier="SC-16286">
        <p>3 apples and 6 oranges</p>
      </simpleChoice>
      <simpleChoice fixed="true" identifier="SC-16287">
        <p>8 bananas and 3 apples</p>
      </simpleChoice>
      <simpleChoice fixed="true" identifier="SC-16288">
        <p>2 pears, 4 apples, and 4 bananas</p>
      </simpleChoice>
      <simpleChoice fixed="true" identifier="SC-16289">
        <p>1 orange, 2 pears, and 6 oranges</p>
      </simpleChoice>
    </choiceInteraction>
  </itemBody>
  <responseProcessing>
    <responseCondition>
      <responseIf>
        <isNull>
          <variable identifier="RESPONSE924"/>
        </isNull>
        <setOutcomeValue identifier="SCORE924">
          <baseValue baseType="float">0.0</baseValue>
        </setOutcomeValue>
      </responseIf>
      <responseElse>
        <setOutcomeValue identifier="SCORE924">
          <mapResponse identifier="RESPONSE924"/>
        </setOutcomeValue>
      </responseElse>
    </responseCondition>
    <responseCondition>
      <responseIf>
        <isNull>
          <variable identifier="RESPONSE925"/>
        </isNull>
        <setOutcomeValue identifier="SCORE925">
          <baseValue baseType="float">0.0</baseValue>
        </setOutcomeValue>
      </responseIf>
      <responseElse>
        <setOutcomeValue identifier="SCORE925">
          <mapResponse identifier="RESPONSE925"/>
        </setOutcomeValue>
      </responseElse>
    </responseCondition>
    <setOutcomeValue identifier="SCORE">
      <sum>
        <variable identifier="SCORE924"/>
        <variable identifier="SCORE925"/>
      </sum>
    </setOutcomeValue>
  </responseProcessing>
</assessmentItem>
