<?xml version="1.0"?>
<assessmentItem adaptive="false" identifier="ITEM-LOGIC-MP-530" timeDependent="false" title="Order the quadratic functions from least maximum y value to greatest maximum y value." toolName="ItemLogic" toolVersion="2.0.0" xmlns="http://www.imsglobal.org/xsd/imsqti_v2p1" xmlns:m="http://www.w3.org/1998/Math/MathML" xmlns:xsi="http://www.w3.org/2001/XMLSchema-instance" xsi:schemaLocation="http://www.imsglobal.org/xsd/imsqti_v2p1  http://www.imsglobal.org/xsd/qti/qtiv2p1/imsqti_v2p1.xsd">
  <responseDeclaration baseType="identifier" cardinality="ordered" identifier="RESPONSE414">
    <correctResponse>
      <value>SC-7405</value>
      <value>SC-7408</value>
      <value>SC-7407</value>
      <value>SC-7406</value>
    </correctResponse>
  </responseDeclaration>
  <outcomeDeclaration baseType="float" cardinality="single" identifier="SCORE414">
    <defaultValue>
      <value>0</value>
    </defaultValue>
  </outcomeDeclaration>
  <outcomeDeclaration baseType="float" cardinality="single" identifier="SCORE">
    <defaultValue>
      <value>0</value>
    </defaultValue>
  </outcomeDeclaration>
  <stylesheet href="../styles/bundled.css" type="text/css"/>
  <stylesheet href="../styles/inline.css" type="text/css"/>
  <itemBody>
    <orderInteraction maxChoices="2" orientation="vertical" responseIdentifier="RESPONSE414" shuffle="false">
      <prompt>Order the quadratic functions from <strong>least</strong> maximum <em>y</em> value to <strong>greatest</strong> maximum <em>y</em> value.<br/></prompt>
      <simpleChoice identifier="SC-7405">
        <p>Equation 1</p>
      </simpleChoice>
      <simpleChoice identifier="SC-7406">
        <p>Equation 2</p>
      </simpleChoice>
      <simpleChoice identifier="SC-7407">
        <p>Table 1</p>
      </simpleChoice>
      <simpleChoice identifier="SC-7408">
        <p>Table 2</p>
      </simpleChoice>
    </orderInteraction>
    <rubricBlock use="stimulus" view="candidate author proctor scorer testConstructor tutor" xmlns:default="http://www.w3.org/1998/Math/MathML">
      <div><p xmlns:default="http://www.w3.org/1998/Math/MathML">Equation 1: <m:math xmlns="http://www.w3.org/1998/Math/MathML">   <m:mi>f</m:mi>   <m:mo stretchy="false">(</m:mo>   <m:mi>x</m:mi>   <m:mo stretchy="false">)</m:mo>   <m:mo>=</m:mo>   <m:mo>&#x2212;<!-- âˆ’ --></m:mo>   <m:msup>     <m:mi>x</m:mi>     <m:mn>2</m:mn>   </m:msup>   <m:mo>+</m:mo>   <m:mn>4</m:mn>   <m:mi>x</m:mi>   <m:mo>&#x2212;<!-- âˆ’ --></m:mo>   <m:mn>3</m:mn> </m:math></p> <p>Equation 2: <m:math xmlns="http://www.w3.org/1998/Math/MathML">   <m:mi>g</m:mi>   <m:mo stretchy="false">(</m:mo>   <m:mi>x</m:mi>   <m:mo stretchy="false">)</m:mo>   <m:mo>=</m:mo>   <m:mo>&#x2212;<!-- âˆ’ --></m:mo>   <m:mo stretchy="false">(</m:mo>   <m:mi>x</m:mi>   <m:mo>+</m:mo>   <m:mn>6</m:mn>   <m:msup>     <m:mo stretchy="false">)</m:mo>     <m:mn>2</m:mn>   </m:msup>   <m:mo>+</m:mo>   <m:mn>7</m:mn> </m:math></p> <p>Table 1:</p> <table class="style-40badedffd381b0646fb6886390c760f"> <tbody> <tr> <td class="style-0594fd93e2a95d4b5ade904927f9cdf8"><em>x</em></td> <td class="style-0594fd93e2a95d4b5ade904927f9cdf8"><em>h(x)</em></td> </tr> <tr> <td class="style-0594fd93e2a95d4b5ade904927f9cdf8">1</td> <td class="style-0594fd93e2a95d4b5ade904927f9cdf8">-3</td> </tr> <tr> <td class="style-0594fd93e2a95d4b5ade904927f9cdf8">2</td> <td class="style-0594fd93e2a95d4b5ade904927f9cdf8">2</td> </tr> <tr> <td class="style-0594fd93e2a95d4b5ade904927f9cdf8">3</td> <td class="style-0594fd93e2a95d4b5ade904927f9cdf8">5</td> </tr> <tr> <td class="style-0594fd93e2a95d4b5ade904927f9cdf8">4</td> <td class="style-0594fd93e2a95d4b5ade904927f9cdf8">6</td> </tr> <tr> <td class="style-0594fd93e2a95d4b5ade904927f9cdf8">5</td> <td class="style-0594fd93e2a95d4b5ade904927f9cdf8">5</td> </tr> <tr> <td class="style-0594fd93e2a95d4b5ade904927f9cdf8">6</td> <td class="style-0594fd93e2a95d4b5ade904927f9cdf8">2</td> </tr> <tr> <td class="style-0594fd93e2a95d4b5ade904927f9cdf8">7</td> <td class="style-0594fd93e2a95d4b5ade904927f9cdf8">-3</td> </tr> </tbody> </table><p>Table 2:</p> <table class="style-40badedffd381b0646fb6886390c760f"> <tbody> <tr> <td class="style-0594fd93e2a95d4b5ade904927f9cdf8"><em>y</em></td> <td class="style-0594fd93e2a95d4b5ade904927f9cdf8"><em>j(x)</em></td> </tr> <tr> <td class="style-0594fd93e2a95d4b5ade904927f9cdf8">-5</td> <td class="style-0594fd93e2a95d4b5ade904927f9cdf8">-6</td> </tr> <tr> <td class="style-0594fd93e2a95d4b5ade904927f9cdf8">-4</td> <td class="style-0594fd93e2a95d4b5ade904927f9cdf8">-1</td> </tr> <tr> <td class="style-0594fd93e2a95d4b5ade904927f9cdf8">-2</td> <td class="style-0594fd93e2a95d4b5ade904927f9cdf8">3</td> </tr> <tr> <td class="style-0594fd93e2a95d4b5ade904927f9cdf8">0</td> <td class="style-0594fd93e2a95d4b5ade904927f9cdf8">-1</td> </tr> <tr> <td class="style-0594fd93e2a95d4b5ade904927f9cdf8">1</td> <td class="style-0594fd93e2a95d4b5ade904927f9cdf8">-6</td> </tr> </tbody> </table></div>
    </rubricBlock>
  </itemBody>
  <responseProcessing>
    <responseCondition>
      <responseIf>
        <match>
          <variable identifier="RESPONSE414"/>
          <correct identifier="RESPONSE414"/>
        </match>
        <setOutcomeValue identifier="SCORE414">
          <baseValue baseType="float">1</baseValue>
        </setOutcomeValue>
      </responseIf>
      <responseElse>
        <setOutcomeValue identifier="SCORE414">
          <baseValue baseType="float">0</baseValue>
        </setOutcomeValue>
      </responseElse>
    </responseCondition>
    <setOutcomeValue identifier="SCORE">
      <sum>
        <variable identifier="SCORE414"/>
      </sum>
    </setOutcomeValue>
  </responseProcessing>
</assessmentItem>
