<?xml version="1.0"?>
<assessmentItem adaptive="false" identifier="ITEM-LOGIC-MP-485" timeDependent="false" title="Drag each point onto the graph." toolName="ItemLogic" toolVersion="2.0.0" xmlns="http://www.imsglobal.org/xsd/imsqti_v2p1" xmlns:m="http://www.w3.org/1998/Math/MathML" xmlns:xsi="http://www.w3.org/2001/XMLSchema-instance" xsi:schemaLocation="http://www.imsglobal.org/xsd/imsqti_v2p1  http://www.imsglobal.org/xsd/qti/qtiv2p1/imsqti_v2p1.xsd">
  <responseDeclaration baseType="directedPair" cardinality="multiple" identifier="RESPONSE342">
    <correctResponse>
      <value>GI-6920 HS-6924</value>
      <value>GI-6921 HS-6929</value>
      <value>GI-6922 HS-6930</value>
      <value>GI-6923 HS-6931</value>
    </correctResponse>
    <mapping defaultValue="0.00" lowerBound="0.00" upperBound="2.00">
      <mapEntry mapKey="GI-6920 HS-6924" mappedValue="0.50"/>
      <mapEntry mapKey="GI-6921 HS-6929" mappedValue="0.50"/>
      <mapEntry mapKey="GI-6922 HS-6930" mappedValue="0.50"/>
      <mapEntry mapKey="GI-6923 HS-6931" mappedValue="0.50"/>
    </mapping>
  </responseDeclaration>
  <outcomeDeclaration baseType="float" cardinality="single" identifier="SCORE342">
    <defaultValue>
      <value>0</value>
    </defaultValue>
  </outcomeDeclaration>
  <outcomeDeclaration baseType="float" cardinality="single" identifier="SCORE">
    <defaultValue>
      <value>0</value>
    </defaultValue>
  </outcomeDeclaration>
  <stylesheet href="../styles/bundled.css" type="text/css"/>
  <stylesheet href="../styles/inline.css" type="text/css"/>
  <itemBody>
    <rubricBlock use="stimulus" view="candidate author proctor scorer testConstructor tutor">
      <div><p>Nelly plotted points <em>A</em>,<em> B</em>, <em>C</em>, and<em> D</em> on this coordinate grid.</p> <p>She plotted</p> <ul> <li>point<em> A</em> at (3, 4),</li> <li>point <em>B</em> at (3, -4),</li> <li>point <em>C</em> at (-3, -4), and</li> <li>point <em>D</em> at (-3, 4).</li> </ul></div>
    </rubricBlock>
    <graphicGapMatchInteraction responseIdentifier="RESPONSE342">
      <prompt>Drag each point onto the graph.<br/></prompt>
      <object data="../images/FROERI485_Coord_Grid_stem_01_o_950090fd3e.png" height="375" type="image/png" width="370"/>
      <gapImg identifier="GI-6920" matchMax="1">
        <object data="../images/FROERI485_Coord_Grid_opt_A01_o_6098fd02e5.png" height="27" type="image/png" width="40"/>
      </gapImg>
      <gapImg identifier="GI-6921" matchMax="1">
        <object data="../images/FROERI485_Coord_Grid_opt_B01_o_740745f46a.png" height="27" type="image/png" width="39"/>
      </gapImg>
      <gapImg identifier="GI-6922" matchMax="1">
        <object data="../images/FROERI485_Coord_Grid_opt_C01_o_3b30459dcf.png" height="26" type="image/png" width="40"/>
      </gapImg>
      <gapImg identifier="GI-6923" matchMax="1">
        <object data="../images/FROERI485_Coord_Grid_opt_D01_o_612fe4aff7.png" height="26" type="image/png" width="39"/>
      </gapImg>
      <associableHotspot coords="253,69,293,96" identifier="HS-6924" matchMax="1" shape="rect"/>
      <associableHotspot coords="253,302,293,329" identifier="HS-6929" matchMax="1" shape="rect"/>
      <associableHotspot coords="79,301,119,328" identifier="HS-6930" matchMax="1" shape="rect"/>
      <associableHotspot coords="80,70,120,97" identifier="HS-6931" matchMax="1" shape="rect"/>
    </graphicGapMatchInteraction>
  </itemBody>
  <responseProcessing>
    <responseCondition>
      <responseIf>
        <isNull>
          <variable identifier="RESPONSE342"/>
        </isNull>
        <setOutcomeValue identifier="SCORE342">
          <baseValue baseType="float">0.0</baseValue>
        </setOutcomeValue>
      </responseIf>
      <responseElse>
        <setOutcomeValue identifier="SCORE342">
          <mapResponse identifier="RESPONSE342"/>
        </setOutcomeValue>
      </responseElse>
    </responseCondition>
    <setOutcomeValue identifier="SCORE">
      <sum>
        <variable identifier="SCORE342"/>
      </sum>
    </setOutcomeValue>
  </responseProcessing>
</assessmentItem>
