<?xml version="1.0"?>
<assessmentItem adaptive="false" identifier="ITEM-LOGIC-MP-362" timeDependent="false" title="Find the distance each frog jumped, in inches. Then put the frogs in order with the frog that jumped" toolName="ItemLogic" toolVersion="2.0.0" xmlns="http://www.imsglobal.org/xsd/imsqti_v2p1" xmlns:m="http://www.w3.org/1998/Math/MathML" xmlns:xsi="http://www.w3.org/2001/XMLSchema-instance" xsi:schemaLocation="http://www.imsglobal.org/xsd/imsqti_v2p1  http://www.imsglobal.org/xsd/qti/qtiv2p1/imsqti_v2p1.xsd">
  <responseDeclaration baseType="identifier" cardinality="ordered" identifier="RESPONSE142">
    <correctResponse>
      <value>SC-4514</value>
      <value>SC-4511</value>
      <value>SC-4513</value>
      <value>SC-4512</value>
    </correctResponse>
  </responseDeclaration>
  <outcomeDeclaration baseType="float" cardinality="single" identifier="SCORE142">
    <defaultValue>
      <value>0</value>
    </defaultValue>
  </outcomeDeclaration>
  <outcomeDeclaration baseType="float" cardinality="single" identifier="SCORE">
    <defaultValue>
      <value>0</value>
    </defaultValue>
  </outcomeDeclaration>
  <stylesheet href="../styles/bundled.css" type="text/css"/>
  <stylesheet href="../styles/inline.css" type="text/css"/>
  <itemBody>
    <rubricBlock use="stimulus" view="candidate author proctor scorer testConstructor tutor">
      <div><p>This table shows the distance four frogs jumped in a frog jumping contest.</p><p><object data="../images/FROERI362_Frog_Jump_0ae4aa546d.png" height="129" type="image/png" width="274"/></p><p class="style-ebabe05ff5581c41810c218dc297d4be"><strong>Frog Jumping Contest</strong></p> <table class="style-775e8744b0303a55b99fa77e73638621"> <thead> <tr> <td class="style-b3ad9be350e3cd3861e6ed58ecb55947"><strong>Frog</strong></td> <td class="style-25150780864b21cd93ec9cb82758edc1"><strong>Distance Jumped</strong></td> </tr> </thead> <tbody> <tr> <td class="style-25150780864b21cd93ec9cb82758edc1">Lightning Bolt</td> <td class="style-25150780864b21cd93ec9cb82758edc1">1 yard, 1 foot, 3 inches</td> </tr> <tr> <td class="style-25150780864b21cd93ec9cb82758edc1">Hopper</td> <td class="style-25150780864b21cd93ec9cb82758edc1">4 feet, 1 inch</td> </tr> <tr> <td class="style-25150780864b21cd93ec9cb82758edc1">Mr. Green</td> <td class="style-25150780864b21cd93ec9cb82758edc1">50 inches</td> </tr> <tr> <td class="style-25150780864b21cd93ec9cb82758edc1">Flash</td> <td class="style-25150780864b21cd93ec9cb82758edc1">1 yard, 18 inches</td> </tr> </tbody> </table></div>
    </rubricBlock>
    <orderInteraction maxChoices="4" minChoices="4" orientation="vertical" responseIdentifier="RESPONSE142" shuffle="false">
      <prompt>Find the distance each frog jumped, in inches. Then put the frogs in order with the frog that jumped the <strong>greatest</strong> distance at the top of the list to the frog that jumped the <strong>least</strong> distance at the bottom of the list.<br/></prompt>
      <simpleChoice identifier="SC-4511">
        <p>Lightning Bolt</p>
      </simpleChoice>
      <simpleChoice identifier="SC-4512">
        <p>Hopper</p>
      </simpleChoice>
      <simpleChoice identifier="SC-4513">
        <p>Mr. Green</p>
      </simpleChoice>
      <simpleChoice identifier="SC-4514">
        <p>Flash</p>
      </simpleChoice>
    </orderInteraction>
  </itemBody>
  <responseProcessing>
    <responseCondition>
      <responseIf>
        <match>
          <variable identifier="RESPONSE142"/>
          <correct identifier="RESPONSE142"/>
        </match>
        <setOutcomeValue identifier="SCORE142">
          <baseValue baseType="float">1</baseValue>
        </setOutcomeValue>
      </responseIf>
      <responseElse>
        <setOutcomeValue identifier="SCORE142">
          <baseValue baseType="float">0</baseValue>
        </setOutcomeValue>
      </responseElse>
    </responseCondition>
    <setOutcomeValue identifier="SCORE">
      <sum>
        <variable identifier="SCORE142"/>
      </sum>
    </setOutcomeValue>
  </responseProcessing>
</assessmentItem>
