<?xml version="1.0"?>
<assessmentItem adaptive="false" identifier="ITEM-LOGIC-MP-467" timeDependent="false" title="Which word best describes the tone created in each of the following paragraphs? Match the word with " toolName="ItemLogic" toolVersion="2.0.0" xmlns="http://www.imsglobal.org/xsd/imsqti_v2p1" xmlns:m="http://www.w3.org/1998/Math/MathML" xmlns:xsi="http://www.w3.org/2001/XMLSchema-instance" xsi:schemaLocation="http://www.imsglobal.org/xsd/imsqti_v2p1  http://www.imsglobal.org/xsd/qti/qtiv2p1/imsqti_v2p1.xsd">
  <responseDeclaration baseType="directedPair" cardinality="multiple" identifier="RESPONSE318">
    <correctResponse>
      <value>SAC-5657 SAC-5664</value>
      <value>SAC-5658 SAC-5662</value>
      <value>SAC-5659 SAC-5660</value>
    </correctResponse>
  </responseDeclaration>
  <outcomeDeclaration baseType="float" cardinality="single" identifier="SCORE318">
    <defaultValue>
      <value>0</value>
    </defaultValue>
  </outcomeDeclaration>
  <outcomeDeclaration baseType="float" cardinality="single" identifier="SCORE">
    <defaultValue>
      <value>0</value>
    </defaultValue>
  </outcomeDeclaration>
  <stylesheet href="../styles/bundled.css" type="text/css"/>
  <stylesheet href="../styles/inline.css" type="text/css"/>
  <itemBody>
    <rubricBlock use="context" view="candidate author proctor scorer testConstructor tutor">
      <div>
        <object data="../passages/RSC-LOGIC-MP-989.html" type="text/html"/>
      </div>
    </rubricBlock>
    <matchInteraction maxAssociations="3" responseIdentifier="RESPONSE318" shuffle="false">
      <prompt>Which word best describes the tone created in each of the following paragraphs? Match the word with the paragraph.<br/></prompt>
      <simpleMatchSet>
        <simpleAssociableChoice identifier="SAC-5657" matchMax="1">
          <p>Paragraph 2</p>
        </simpleAssociableChoice>
        <simpleAssociableChoice identifier="SAC-5658" matchMax="1">
          <p>Paragraph 6</p>
        </simpleAssociableChoice>
        <simpleAssociableChoice identifier="SAC-5659" matchMax="1">
          <p>Paragraph 8</p>
        </simpleAssociableChoice>
      </simpleMatchSet>
      <simpleMatchSet>
        <simpleAssociableChoice identifier="SAC-5660" matchMax="1">
          <p>realistic</p>
        </simpleAssociableChoice>
        <simpleAssociableChoice identifier="SAC-5661" matchMax="1">
          <p>content</p>
        </simpleAssociableChoice>
        <simpleAssociableChoice identifier="SAC-5662" matchMax="1">
          <p>appreciative</p>
        </simpleAssociableChoice>
        <simpleAssociableChoice identifier="SAC-5663" matchMax="1">
          <p>irritated</p>
        </simpleAssociableChoice>
        <simpleAssociableChoice identifier="SAC-5664" matchMax="1">
          <p>inspired</p>
        </simpleAssociableChoice>
        <simpleAssociableChoice identifier="SAC-5665" matchMax="1">
          <p>consoling</p>
        </simpleAssociableChoice>
      </simpleMatchSet>
    </matchInteraction>
  </itemBody>
  <responseProcessing>
    <responseCondition>
      <responseIf>
        <match>
          <variable identifier="RESPONSE318"/>
          <correct identifier="RESPONSE318"/>
        </match>
        <setOutcomeValue identifier="SCORE318">
          <baseValue baseType="float">1</baseValue>
        </setOutcomeValue>
      </responseIf>
      <responseElse>
        <setOutcomeValue identifier="SCORE318">
          <baseValue baseType="float">0</baseValue>
        </setOutcomeValue>
      </responseElse>
    </responseCondition>
    <setOutcomeValue identifier="SCORE">
      <sum>
        <variable identifier="SCORE318"/>
      </sum>
    </setOutcomeValue>
  </responseProcessing>
</assessmentItem>
