<?xml version="1.0"?>
<assessmentItem adaptive="false" identifier="ITEM-LOGIC-KS-778" timeDependent="false" title="Click the equation Kara wrote that is false." toolName="ItemLogic" toolVersion="2.0.0" xmlns="http://www.imsglobal.org/xsd/imsqti_v2p1" xmlns:m="http://www.w3.org/1998/Math/MathML" xmlns:xsi="http://www.w3.org/2001/XMLSchema-instance" xsi:schemaLocation="http://www.imsglobal.org/xsd/imsqti_v2p1  http://www.imsglobal.org/xsd/qti/qtiv2p1/imsqti_v2p1.xsd">
  <responseDeclaration baseType="identifier" cardinality="multiple" identifier="RESPONSE746">
    <correctResponse>
      <value>HS-12984</value>
    </correctResponse>
  </responseDeclaration>
  <responseDeclaration baseType="identifier" cardinality="single" identifier="RESPONSE747">
    <correctResponse>
      <value>SC-12094</value>
    </correctResponse>
  </responseDeclaration>
  <outcomeDeclaration baseType="float" cardinality="single" identifier="SCORE746">
    <defaultValue>
      <value>0</value>
    </defaultValue>
  </outcomeDeclaration>
  <outcomeDeclaration baseType="float" cardinality="single" identifier="SCORE747">
    <defaultValue>
      <value>0</value>
    </defaultValue>
  </outcomeDeclaration>
  <outcomeDeclaration baseType="float" cardinality="single" identifier="SCORE">
    <defaultValue>
      <value>0</value>
    </defaultValue>
  </outcomeDeclaration>
  <stylesheet href="../styles/bundled.css" type="text/css"/>
  <stylesheet href="../styles/inline.css" type="text/css"/>
  <itemBody>
    <rubricBlock use="stimulus" view="candidate author proctor scorer testConstructor tutor">
      <div>
        <p>Kara writes equations on the board. One of her equations is false.</p>
      </div>
    </rubricBlock>
    <hotspotInteraction maxChoices="0" responseIdentifier="RESPONSE746">
      <prompt>Click the equation Kara wrote that is false.<br/></prompt>
      <object data="../images/equation-whiteboard@2x_o_3dc545a052.png" height="270" type="image/png" width="500"/>
      <hotspotChoice coords="2,1,247,134" identifier="HS-12408" shape="rect"/>
      <hotspotChoice coords="252,139,497,268" identifier="HS-12410" shape="rect"/>
      <hotspotChoice coords="253,1,498,134" identifier="HS-12411" shape="rect"/>
      <hotspotChoice coords="2,139,247,268" identifier="HS-12984" shape="rect"/>
    </hotspotInteraction>
    <choiceInteraction maxChoices="1" responseIdentifier="RESPONSE747" shuffle="false">
      <prompt>Which of these equations is true?<br/></prompt>
      <simpleChoice fixed="true" identifier="SC-12090">
        <p>2 + 2 = 4 + 1</p>
      </simpleChoice>
      <simpleChoice fixed="true" identifier="SC-12092">
        <p>8 = 9</p>
      </simpleChoice>
      <simpleChoice fixed="true" identifier="SC-12094">
        <p>3 + 4 = 5 + 2</p>
      </simpleChoice>
      <simpleChoice fixed="true" identifier="SC-12096">
        <p>10 = 6 &#x2013; 4</p>
      </simpleChoice>
    </choiceInteraction>
  </itemBody>
  <responseProcessing>
    <responseCondition>
      <responseIf>
        <match>
          <variable identifier="RESPONSE746"/>
          <correct identifier="RESPONSE746"/>
        </match>
        <setOutcomeValue identifier="SCORE746">
          <baseValue baseType="float">1</baseValue>
        </setOutcomeValue>
      </responseIf>
      <responseElse>
        <setOutcomeValue identifier="SCORE746">
          <baseValue baseType="float">0</baseValue>
        </setOutcomeValue>
      </responseElse>
    </responseCondition>
    <responseCondition>
      <responseIf>
        <match>
          <variable identifier="RESPONSE747"/>
          <correct identifier="RESPONSE747"/>
        </match>
        <setOutcomeValue identifier="SCORE747">
          <baseValue baseType="float">1</baseValue>
        </setOutcomeValue>
      </responseIf>
      <responseElse>
        <setOutcomeValue identifier="SCORE747">
          <baseValue baseType="float">0</baseValue>
        </setOutcomeValue>
      </responseElse>
    </responseCondition>
    <setOutcomeValue identifier="SCORE">
      <sum>
        <variable identifier="SCORE746"/>
        <variable identifier="SCORE747"/>
      </sum>
    </setOutcomeValue>
  </responseProcessing>
</assessmentItem>
