<?xml version="1.0"?>
<assessmentItem adaptive="false" identifier="ITEM-LOGIC-KS-1015" timeDependent="false" title="Match each key idea to the picture that describes it." toolName="ItemLogic" toolVersion="2.0.0" xmlns="http://www.imsglobal.org/xsd/imsqti_v2p1" xmlns:m="http://www.w3.org/1998/Math/MathML" xmlns:xsi="http://www.w3.org/2001/XMLSchema-instance" xsi:schemaLocation="http://www.imsglobal.org/xsd/imsqti_v2p1  http://www.imsglobal.org/xsd/qti/qtiv2p1/imsqti_v2p1.xsd">
  <responseDeclaration baseType="directedPair" cardinality="multiple" identifier="RESPONSE1077">
    <correctResponse>
      <value>SAC-18293 SAC-18273</value>
      <value>SAC-18282 SAC-18275</value>
      <value>SAC-18288 SAC-18273</value>
      <value>SAC-18296 SAC-18275</value>
    </correctResponse>
    <mapping defaultValue="0.00" lowerBound="0.00" upperBound="2.00">
      <mapEntry mapKey="SAC-18293 SAC-18273" mappedValue="0.50"/>
      <mapEntry mapKey="SAC-18293 SAC-18275" mappedValue="0.00"/>
      <mapEntry mapKey="SAC-18282 SAC-18273" mappedValue="0.00"/>
      <mapEntry mapKey="SAC-18282 SAC-18275" mappedValue="0.50"/>
      <mapEntry mapKey="SAC-18288 SAC-18273" mappedValue="0.50"/>
      <mapEntry mapKey="SAC-18288 SAC-18275" mappedValue="0.00"/>
      <mapEntry mapKey="SAC-18296 SAC-18273" mappedValue="0.00"/>
      <mapEntry mapKey="SAC-18296 SAC-18275" mappedValue="0.50"/>
    </mapping>
  </responseDeclaration>
  <outcomeDeclaration baseType="float" cardinality="single" identifier="SCORE1077">
    <defaultValue>
      <value>0</value>
    </defaultValue>
  </outcomeDeclaration>
  <outcomeDeclaration baseType="float" cardinality="single" identifier="SCORE">
    <defaultValue>
      <value>0</value>
    </defaultValue>
  </outcomeDeclaration>
  <stylesheet href="../styles/bundled.css" type="text/css"/>
  <stylesheet href="../styles/inline.css" type="text/css"/>
  <itemBody>
    <rubricBlock use="context" view="candidate author proctor scorer testConstructor tutor">
      <div>
        <object data="../passages/RSC-LOGIC-KS-7366.html" type="text/html"/>
      </div>
    </rubricBlock>
    <rubricBlock use="stimulus" view="candidate author proctor scorer testConstructor tutor">
      <div>
        <p>The author uses pictures to help explain the details in the text.</p>
      </div>
    </rubricBlock>
    <matchInteraction class="table" maxAssociations="8" responseIdentifier="RESPONSE1077" shuffle="false">
      <prompt>Match each key idea to the picture that describes it.<br/></prompt>
      <simpleMatchSet>
        <simpleAssociableChoice identifier="SAC-18293" matchMax="1">
          <p>Some animals have fur or skin that help them hide from enemies.</p>
        </simpleAssociableChoice>
        <simpleAssociableChoice identifier="SAC-18282" matchMax="1">
          <p>Animals who travel in herds need to live in habitats with plenty of food.</p>
        </simpleAssociableChoice>
        <simpleAssociableChoice identifier="SAC-18288" matchMax="1">
          <p>Animals like arctic foxes have very warm fur.</p>
        </simpleAssociableChoice>
        <simpleAssociableChoice identifier="SAC-18296" matchMax="1">
          <p>Some animals live well in habitats that are warm and dry.</p>
        </simpleAssociableChoice>
      </simpleMatchSet>
      <simpleMatchSet>
        <simpleAssociableChoice identifier="SAC-18273" matchMax="4">
          <p>
            <object data="../images/matrix-home-polar@2x_c3e4d18c71.png" height="100" type="image/png" width="100"/>
          </p>
        </simpleAssociableChoice>
        <simpleAssociableChoice identifier="SAC-18275" matchMax="4">
          <p>
            <object data="../images/matrix-home-grassland@2x_22d97774db.png" height="100" type="image/png" width="100"/>
          </p>
        </simpleAssociableChoice>
      </simpleMatchSet>
    </matchInteraction>
  </itemBody>
  <responseProcessing>
    <responseCondition>
      <responseIf>
        <isNull>
          <variable identifier="RESPONSE1077"/>
        </isNull>
        <setOutcomeValue identifier="SCORE1077">
          <baseValue baseType="float">0.0</baseValue>
        </setOutcomeValue>
      </responseIf>
      <responseElse>
        <setOutcomeValue identifier="SCORE1077">
          <mapResponse identifier="RESPONSE1077"/>
        </setOutcomeValue>
      </responseElse>
    </responseCondition>
    <setOutcomeValue identifier="SCORE">
      <sum>
        <variable identifier="SCORE1077"/>
      </sum>
    </setOutcomeValue>
  </responseProcessing>
</assessmentItem>
