<?xml version="1.0"?>
<assessmentItem adaptive="false" identifier="ITEM-LOGIC-MP-402" timeDependent="false" title="Nate used a protractor to find the measure of the angle formed by the bottom of this racer's ski and" toolName="ItemLogic" toolVersion="2.0.0" xmlns="http://www.imsglobal.org/xsd/imsqti_v2p1" xmlns:m="http://www.w3.org/1998/Math/MathML" xmlns:xsi="http://www.w3.org/2001/XMLSchema-instance" xsi:schemaLocation="http://www.imsglobal.org/xsd/imsqti_v2p1  http://www.imsglobal.org/xsd/qti/qtiv2p1/imsqti_v2p1.xsd">
  <responseDeclaration baseType="identifier" cardinality="single" identifier="RESPONSE198">
    <correctResponse>
      <value>IC-4964</value>
    </correctResponse>
  </responseDeclaration>
  <outcomeDeclaration baseType="float" cardinality="single" identifier="SCORE198">
    <defaultValue>
      <value>0</value>
    </defaultValue>
  </outcomeDeclaration>
  <outcomeDeclaration baseType="float" cardinality="single" identifier="SCORE">
    <defaultValue>
      <value>0</value>
    </defaultValue>
  </outcomeDeclaration>
  <stylesheet href="../styles/bundled.css" type="text/css"/>
  <stylesheet href="../styles/inline.css" type="text/css"/>
  <itemBody>
    <div class="stem stem_inline">
      <div class="stem_prompt">
        <p>Nate used a protractor to find the measure of the angle formed by the bottom of this racer's ski and the ground.</p>
        <p>
          <object data="../images/FROERI402_SKI_c4b58acdd5.png" height="260" type="image/png" width="484"/>
        </p>
      </div>
      <p>The angle formed by the bottom of the ski and the ground is<inlineChoiceInteraction responseIdentifier="RESPONSE198" shuffle="false"><inlineChoice identifier="IC-4964">47&#xB0;</inlineChoice><inlineChoice identifier="IC-4965">53&#xB0;</inlineChoice><inlineChoice identifier="IC-4966">132&#xB0;</inlineChoice><inlineChoice identifier="IC-4967">148&#xB0;</inlineChoice><inlineChoice identifier="IC-4968">180&#xB0;</inlineChoice></inlineChoiceInteraction>.</p>
    </div>
  </itemBody>
  <responseProcessing>
    <responseCondition>
      <responseIf>
        <match>
          <variable identifier="RESPONSE198"/>
          <correct identifier="RESPONSE198"/>
        </match>
        <setOutcomeValue identifier="SCORE198">
          <baseValue baseType="float">1</baseValue>
        </setOutcomeValue>
      </responseIf>
      <responseElse>
        <setOutcomeValue identifier="SCORE198">
          <baseValue baseType="float">0</baseValue>
        </setOutcomeValue>
      </responseElse>
    </responseCondition>
    <setOutcomeValue identifier="SCORE">
      <sum>
        <variable identifier="SCORE198"/>
      </sum>
    </setOutcomeValue>
  </responseProcessing>
</assessmentItem>
