<?xml version="1.0"?>
<assessmentItem adaptive="false" identifier="ITEM-LOGIC-KS-936" timeDependent="false" title="Match each time to the clock that shows the same time." toolName="ItemLogic" toolVersion="2.0.0" xmlns="http://www.imsglobal.org/xsd/imsqti_v2p1" xmlns:m="http://www.w3.org/1998/Math/MathML" xmlns:xsi="http://www.w3.org/2001/XMLSchema-instance" xsi:schemaLocation="http://www.imsglobal.org/xsd/imsqti_v2p1  http://www.imsglobal.org/xsd/qti/qtiv2p1/imsqti_v2p1.xsd">
  <responseDeclaration baseType="directedPair" cardinality="multiple" identifier="RESPONSE917">
    <correctResponse>
      <value>SAC-16313 SAC-16732</value>
      <value>SAC-16314 SAC-16736</value>
    </correctResponse>
  </responseDeclaration>
  <responseDeclaration baseType="identifier" cardinality="single" identifier="RESPONSE918">
    <correctResponse>
      <value>SC-16221</value>
    </correctResponse>
  </responseDeclaration>
  <outcomeDeclaration baseType="float" cardinality="single" identifier="SCORE917">
    <defaultValue>
      <value>0</value>
    </defaultValue>
  </outcomeDeclaration>
  <outcomeDeclaration baseType="float" cardinality="single" identifier="SCORE918">
    <defaultValue>
      <value>0</value>
    </defaultValue>
  </outcomeDeclaration>
  <outcomeDeclaration baseType="float" cardinality="single" identifier="SCORE">
    <defaultValue>
      <value>0</value>
    </defaultValue>
  </outcomeDeclaration>
  <stylesheet href="../styles/bundled.css" type="text/css"/>
  <stylesheet href="../styles/inline.css" type="text/css"/>
  <itemBody>
    <matchInteraction maxAssociations="2" responseIdentifier="RESPONSE917" shuffle="false">
      <prompt>Match each time to the clock that shows the same time.<br/></prompt>
      <simpleMatchSet>
        <simpleAssociableChoice identifier="SAC-16313" matchMax="1">
          <p>five thirty</p>
        </simpleAssociableChoice>
        <simpleAssociableChoice identifier="SAC-16314" matchMax="1">
          <p>seven o'clock</p>
        </simpleAssociableChoice>
      </simpleMatchSet>
      <simpleMatchSet>
        <simpleAssociableChoice identifier="SAC-16732" matchMax="1">
          <p>
            <object data="../images/clock-analog-5-30@2x_555d1b8245.png" height="150" type="image/png" width="150"/>
          </p>
        </simpleAssociableChoice>
        <simpleAssociableChoice identifier="SAC-16733" matchMax="1">
          <p>
            <object data="../images/clock-analog-6-27@2x_21c7f38490.png" height="150" type="image/png" width="150"/>
          </p>
        </simpleAssociableChoice>
        <simpleAssociableChoice identifier="SAC-16734" matchMax="1">
          <p>
            <object data="../images/clock-analog-12-35@2x_8957bb510a.png" height="150" type="image/png" width="150"/>
          </p>
        </simpleAssociableChoice>
        <simpleAssociableChoice identifier="SAC-16735" matchMax="1">
          <p>
            <object data="../images/clock-digital-3-50@2x_1fde78fa10.png" height="150" type="image/png" width="150"/>
          </p>
        </simpleAssociableChoice>
        <simpleAssociableChoice identifier="SAC-16736" matchMax="1">
          <p>
            <object data="../images/clock-digital-7-00@2x_df2b810e36.png" height="150" type="image/png" width="150"/>
          </p>
        </simpleAssociableChoice>
        <simpleAssociableChoice identifier="SAC-16737" matchMax="1">
          <p>
            <object data="../images/clock-digital-7-30@2x_8158f862ca.png" height="150" type="image/png" width="150"/>
          </p>
        </simpleAssociableChoice>
      </simpleMatchSet>
    </matchInteraction>
    <choiceInteraction maxChoices="1" responseIdentifier="RESPONSE918" shuffle="false">
      <prompt>Neil starts reading at the time shown on the clock.<br/><object data="../images/clock-analog-3-30@2x_08310cb198.png" height="150" type="image/png" width="150"/><br/>What time does Neil start reading?<br/></prompt>
      <simpleChoice fixed="true" identifier="SC-16222">
        <p>six o'clock</p>
      </simpleChoice>
      <simpleChoice fixed="true" identifier="SC-16223">
        <p>four thirty</p>
      </simpleChoice>
      <simpleChoice fixed="true" identifier="SC-16221">
        <p>three thirty</p>
      </simpleChoice>
      <simpleChoice fixed="true" identifier="SC-16224">
        <p>seven o'clock</p>
      </simpleChoice>
    </choiceInteraction>
  </itemBody>
  <responseProcessing>
    <responseCondition>
      <responseIf>
        <match>
          <variable identifier="RESPONSE917"/>
          <correct identifier="RESPONSE917"/>
        </match>
        <setOutcomeValue identifier="SCORE917">
          <baseValue baseType="float">1</baseValue>
        </setOutcomeValue>
      </responseIf>
      <responseElse>
        <setOutcomeValue identifier="SCORE917">
          <baseValue baseType="float">0</baseValue>
        </setOutcomeValue>
      </responseElse>
    </responseCondition>
    <responseCondition>
      <responseIf>
        <match>
          <variable identifier="RESPONSE918"/>
          <correct identifier="RESPONSE918"/>
        </match>
        <setOutcomeValue identifier="SCORE918">
          <baseValue baseType="float">1</baseValue>
        </setOutcomeValue>
      </responseIf>
      <responseElse>
        <setOutcomeValue identifier="SCORE918">
          <baseValue baseType="float">0</baseValue>
        </setOutcomeValue>
      </responseElse>
    </responseCondition>
    <setOutcomeValue identifier="SCORE">
      <sum>
        <variable identifier="SCORE917"/>
        <variable identifier="SCORE918"/>
      </sum>
    </setOutcomeValue>
  </responseProcessing>
</assessmentItem>
