<?xml version="1.0"?>
<assessmentItem adaptive="false" identifier="ITEM-LOGIC-KS-831" timeDependent="false" title="Select the phrase that correctly completes each sentence." toolName="ItemLogic" toolVersion="2.0.0" xmlns="http://www.imsglobal.org/xsd/imsqti_v2p1" xmlns:m="http://www.w3.org/1998/Math/MathML" xmlns:xsi="http://www.w3.org/2001/XMLSchema-instance" xsi:schemaLocation="http://www.imsglobal.org/xsd/imsqti_v2p1  http://www.imsglobal.org/xsd/qti/qtiv2p1/imsqti_v2p1.xsd">
  <responseDeclaration baseType="directedPair" cardinality="multiple" identifier="RESPONSE835">
    <correctResponse>
      <value>GT-14143 GAP-15054</value>
      <value>GT-14136 GAP-15053</value>
    </correctResponse>
    <mapping defaultValue="-1.00" lowerBound="0.00" upperBound="2.00">
      <mapEntry mapKey="GT-14143 GAP-15054" mappedValue="1.00"/>
      <mapEntry mapKey="GT-14136 GAP-15053" mappedValue="1.00"/>
    </mapping>
  </responseDeclaration>
  <outcomeDeclaration baseType="float" cardinality="single" identifier="SCORE835">
    <defaultValue>
      <value>0</value>
    </defaultValue>
  </outcomeDeclaration>
  <outcomeDeclaration baseType="float" cardinality="single" identifier="SCORE">
    <defaultValue>
      <value>0</value>
    </defaultValue>
  </outcomeDeclaration>
  <stylesheet href="../styles/bundled.css" type="text/css"/>
  <stylesheet href="../styles/inline.css" type="text/css"/>
  <itemBody>
    <rubricBlock use="context" view="candidate author proctor scorer testConstructor tutor">
      <div>
        <object data="../passages/RSC-LOGIC-KS-3873.html" type="text/html"/>
      </div>
    </rubricBlock>
    <rubricBlock use="stimulus" view="candidate author proctor scorer testConstructor tutor">
      <div>
        <p>Each sentence below presents an inference from the text, <em>Nani's Story</em>.</p>
      </div>
    </rubricBlock>
    <gapMatchInteraction responseIdentifier="RESPONSE835" shuffle="false">
      <prompt>Select the phrase that correctly completes each sentence.<br/></prompt>
      <gapText identifier="GT-14130" matchMax="1">served as a teaching hospital for visiting veterinarians</gapText>
      <gapText identifier="GT-14143" matchMax="1">had many medical resources for treating severe injuries</gapText>
      <gapText identifier="GT-14136" matchMax="1">serves as a model for how to successfully treat severe injuries</gapText>
      <gapText identifier="GT-14132" matchMax="1">serves as a model for how to successfully transition back into the wild</gapText>
      <p>Nani was most likely transferred to Port Macquarie Hospital because it <gap identifier="GAP-15054"/>.</p>
      <p>Nani is a good teacher for the visiting veterinarians because she <gap identifier="GAP-15053"/>.</p>
    </gapMatchInteraction>
  </itemBody>
  <responseProcessing>
    <responseCondition>
      <responseIf>
        <isNull>
          <variable identifier="RESPONSE835"/>
        </isNull>
        <setOutcomeValue identifier="SCORE835">
          <baseValue baseType="float">0.0</baseValue>
        </setOutcomeValue>
      </responseIf>
      <responseElse>
        <setOutcomeValue identifier="SCORE835">
          <mapResponse identifier="RESPONSE835"/>
        </setOutcomeValue>
      </responseElse>
    </responseCondition>
    <setOutcomeValue identifier="SCORE">
      <sum>
        <variable identifier="SCORE835"/>
      </sum>
    </setOutcomeValue>
  </responseProcessing>
</assessmentItem>
