<?xml version="1.0"?>
<assessmentItem adaptive="false" identifier="ITEM-LOGIC-MP-399" timeDependent="false" title="Match each selection with a key piece of information that each author provides to support their pres" toolName="ItemLogic" toolVersion="2.0.0" xmlns="http://www.imsglobal.org/xsd/imsqti_v2p1" xmlns:m="http://www.w3.org/1998/Math/MathML" xmlns:xsi="http://www.w3.org/2001/XMLSchema-instance" xsi:schemaLocation="http://www.imsglobal.org/xsd/imsqti_v2p1  http://www.imsglobal.org/xsd/qti/qtiv2p1/imsqti_v2p1.xsd">
  <responseDeclaration baseType="directedPair" cardinality="multiple" identifier="RESPONSE195">
    <correctResponse>
      <value>SAC-4857 SAC-4859</value>
      <value>SAC-4858 SAC-4865</value>
    </correctResponse>
  </responseDeclaration>
  <outcomeDeclaration baseType="float" cardinality="single" identifier="SCORE195">
    <defaultValue>
      <value>0</value>
    </defaultValue>
  </outcomeDeclaration>
  <outcomeDeclaration baseType="float" cardinality="single" identifier="SCORE">
    <defaultValue>
      <value>0</value>
    </defaultValue>
  </outcomeDeclaration>
  <stylesheet href="../styles/bundled.css" type="text/css"/>
  <stylesheet href="../styles/inline.css" type="text/css"/>
  <itemBody>
    <rubricBlock use="context" view="candidate author proctor scorer testConstructor tutor">
      <div>
        <object data="../passages/RSC-LOGIC-MP-966.html" type="text/html"/>
      </div>
      <div>
        <object data="../passages/RSC-LOGIC-MP-967.html" type="text/html"/>
      </div>
    </rubricBlock>
    <matchInteraction maxAssociations="2" responseIdentifier="RESPONSE195" shuffle="false">
      <prompt>
        <span class="style-9a6b2f1c152ed63441e9037431e2e1eb">Match each selection with a key piece of information that each author provides to support their presentations about Pluto.</span>
        <br/>
      </prompt>
      <simpleMatchSet>
        <simpleAssociableChoice identifier="SAC-4857" matchMax="1">
          <p>What Is Pluto?</p>
        </simpleAssociableChoice>
        <simpleAssociableChoice identifier="SAC-4858" matchMax="1">
          <p>Should Pluto Be a Planet?</p>
        </simpleAssociableChoice>
      </simpleMatchSet>
      <simpleMatchSet>
        <simpleAssociableChoice identifier="SAC-4866" matchMax="1">
          <p>"A potential tenth planet provisionally called 2003 UB313."</p>
        </simpleAssociableChoice>
        <simpleAssociableChoice identifier="SAC-4860" matchMax="1">
          <p>"Most planets orbit the sun in a near-circle."</p>
        </simpleAssociableChoice>
        <simpleAssociableChoice identifier="SAC-4865" matchMax="1">
          <p>"Astronomers have also made a number of scientific advances that further cloud the issue."</p>
        </simpleAssociableChoice>
        <simpleAssociableChoice identifier="SAC-4859" matchMax="1">
          <p>"In 2003, an astronomer saw a new object beyond Pluto."</p>
        </simpleAssociableChoice>
      </simpleMatchSet>
    </matchInteraction>
  </itemBody>
  <responseProcessing>
    <responseCondition>
      <responseIf>
        <match>
          <variable identifier="RESPONSE195"/>
          <correct identifier="RESPONSE195"/>
        </match>
        <setOutcomeValue identifier="SCORE195">
          <baseValue baseType="float">1</baseValue>
        </setOutcomeValue>
      </responseIf>
      <responseElse>
        <setOutcomeValue identifier="SCORE195">
          <baseValue baseType="float">0</baseValue>
        </setOutcomeValue>
      </responseElse>
    </responseCondition>
    <setOutcomeValue identifier="SCORE">
      <sum>
        <variable identifier="SCORE195"/>
      </sum>
    </setOutcomeValue>
  </responseProcessing>
</assessmentItem>
