<?xml version="1.0"?>
<assessmentItem adaptive="false" identifier="ITEM-LOGIC-MP-547" timeDependent="false" title="Place the events from &quot;The&#xA0;History of Zero&quot;&#xA0;in the order in which they occurred." toolName="ItemLogic" toolVersion="2.0.0" xmlns="http://www.imsglobal.org/xsd/imsqti_v2p1" xmlns:m="http://www.w3.org/1998/Math/MathML" xmlns:xsi="http://www.w3.org/2001/XMLSchema-instance" xsi:schemaLocation="http://www.imsglobal.org/xsd/imsqti_v2p1  http://www.imsglobal.org/xsd/qti/qtiv2p1/imsqti_v2p1.xsd">
  <responseDeclaration baseType="identifier" cardinality="ordered" identifier="RESPONSE431">
    <correctResponse>
      <value>SC-8359</value>
      <value>SC-9519</value>
      <value>SC-8361</value>
      <value>SC-8363</value>
      <value>SC-8364</value>
    </correctResponse>
  </responseDeclaration>
  <outcomeDeclaration baseType="float" cardinality="single" identifier="SCORE431">
    <defaultValue>
      <value>0</value>
    </defaultValue>
  </outcomeDeclaration>
  <outcomeDeclaration baseType="float" cardinality="single" identifier="SCORE">
    <defaultValue>
      <value>0</value>
    </defaultValue>
  </outcomeDeclaration>
  <stylesheet href="../styles/bundled.css" type="text/css"/>
  <stylesheet href="../styles/inline.css" type="text/css"/>
  <itemBody>
    <rubricBlock use="context" view="candidate author proctor scorer testConstructor tutor">
      <div>
        <object data="../passages/RSC-LOGIC-MP-1665.html" type="text/html"/>
      </div>
    </rubricBlock>
    <orderInteraction orientation="vertical" responseIdentifier="RESPONSE431" shuffle="false">
      <prompt>Place the events from "The History of Zero" in the order in which they occurred.<br/></prompt>
      <simpleChoice identifier="SC-8364">
        <p>The discovery of how to divide by zero makes calculus possible.</p>
      </simpleChoice>
      <simpleChoice identifier="SC-8359">
        <p>The concept of zero evolves from an idea to a written symbol. </p>
      </simpleChoice>
      <simpleChoice identifier="SC-8363">
        <p>Zero becomes a more common tool of accounting, as mathematicians discover how to use zero to balance equations.</p>
      </simpleChoice>
      <simpleChoice identifier="SC-8361">
        <p>While bringing back items from India, travelers also bring Brahmagupta&#x2019;s rules of zero to the Middle East.</p>
      </simpleChoice>
      <simpleChoice identifier="SC-9519">
        <p>The rules for using zero in addition and subtraction become more formalized.</p>
      </simpleChoice>
    </orderInteraction>
  </itemBody>
  <responseProcessing>
    <responseCondition>
      <responseIf>
        <match>
          <variable identifier="RESPONSE431"/>
          <correct identifier="RESPONSE431"/>
        </match>
        <setOutcomeValue identifier="SCORE431">
          <baseValue baseType="float">1</baseValue>
        </setOutcomeValue>
      </responseIf>
      <responseElse>
        <setOutcomeValue identifier="SCORE431">
          <baseValue baseType="float">0</baseValue>
        </setOutcomeValue>
      </responseElse>
    </responseCondition>
    <setOutcomeValue identifier="SCORE">
      <sum>
        <variable identifier="SCORE431"/>
      </sum>
    </setOutcomeValue>
  </responseProcessing>
</assessmentItem>
