<?xml version="1.0"?>
<assessmentItem adaptive="false" identifier="ITEM-LOGIC-MP-262" timeDependent="false" title="In &quot;Letter to Editor,&quot; the narrator starts to understand the unfairness of work conditions for girls" toolName="ItemLogic" toolVersion="2.0.0" xmlns="http://www.imsglobal.org/xsd/imsqti_v2p1" xmlns:m="http://www.w3.org/1998/Math/MathML" xmlns:xsi="http://www.w3.org/2001/XMLSchema-instance" xsi:schemaLocation="http://www.imsglobal.org/xsd/imsqti_v2p1  http://www.imsglobal.org/xsd/qti/qtiv2p1/imsqti_v2p1.xsd">
  <responseDeclaration baseType="directedPair" cardinality="multiple" identifier="RESPONSE119">
    <correctResponse>
      <value>GI-3423 HS-3424</value>
    </correctResponse>
  </responseDeclaration>
  <outcomeDeclaration baseType="float" cardinality="single" identifier="SCORE119">
    <defaultValue>
      <value>0</value>
    </defaultValue>
  </outcomeDeclaration>
  <outcomeDeclaration baseType="float" cardinality="single" identifier="SCORE">
    <defaultValue>
      <value>0</value>
    </defaultValue>
  </outcomeDeclaration>
  <stylesheet href="../styles/bundled.css" type="text/css"/>
  <stylesheet href="../styles/inline.css" type="text/css"/>
  <itemBody>
    <rubricBlock use="context" view="candidate author proctor scorer testConstructor tutor">
      <div>
        <object data="../passages/RSC-LOGIC-MP-359.html" type="text/html"/>
      </div>
    </rubricBlock>
    <graphicGapMatchInteraction responseIdentifier="RESPONSE119">
      <prompt>In "Letter to Editor," the narrator starts to understand the unfairness of work conditions for girls. Select the detail from the selection that <strong>best</strong> supports the narrator's concern and place it in the chart.<br/></prompt>
      <object data="../images/HAMDEB262_Work_stem_01_o_a76408b25b.png" height="116" type="image/png" width="368"/>
      <gapImg identifier="GI-3419" matchMax="1">
        <object data="../images/HAMDEB262_Work_opt_A01_o_9bf51671f9.png" height="47" type="image/png" width="340"/>
      </gapImg>
      <gapImg identifier="GI-3421" matchMax="1">
        <object data="../images/HAMDEB262_Work_opt_B01_o_94f554d367.png" height="48" type="image/png" width="340"/>
      </gapImg>
      <gapImg identifier="GI-3422" matchMax="1">
        <object data="../images/HAMDEB262_Work_opt_C01_o_f5fe56981e.png" height="48" type="image/png" width="340"/>
      </gapImg>
      <gapImg identifier="GI-3423" matchMax="1">
        <object data="../images/HAMDEB262_Work_opt_D01_o_73981457ab.png" height="48" type="image/png" width="340"/>
      </gapImg>
      <associableHotspot coords="18,58,358,106" identifier="HS-3424" matchMax="1" shape="rect"/>
    </graphicGapMatchInteraction>
  </itemBody>
  <responseProcessing>
    <responseCondition>
      <responseIf>
        <match>
          <variable identifier="RESPONSE119"/>
          <correct identifier="RESPONSE119"/>
        </match>
        <setOutcomeValue identifier="SCORE119">
          <baseValue baseType="float">1</baseValue>
        </setOutcomeValue>
      </responseIf>
      <responseElse>
        <setOutcomeValue identifier="SCORE119">
          <baseValue baseType="float">0</baseValue>
        </setOutcomeValue>
      </responseElse>
    </responseCondition>
    <setOutcomeValue identifier="SCORE">
      <sum>
        <variable identifier="SCORE119"/>
      </sum>
    </setOutcomeValue>
  </responseProcessing>
</assessmentItem>
