<?xml version="1.0"?>
<assessmentItem adaptive="false" identifier="ITEM-LOGIC-MP-364" timeDependent="false" title="Place the following actions in the order that shows how the narrator cares for the pups on their fir" toolName="ItemLogic" toolVersion="2.0.0" xmlns="http://www.imsglobal.org/xsd/imsqti_v2p1" xmlns:m="http://www.w3.org/1998/Math/MathML" xmlns:xsi="http://www.w3.org/2001/XMLSchema-instance" xsi:schemaLocation="http://www.imsglobal.org/xsd/imsqti_v2p1  http://www.imsglobal.org/xsd/qti/qtiv2p1/imsqti_v2p1.xsd">
  <responseDeclaration baseType="identifier" cardinality="ordered" identifier="RESPONSE145">
    <correctResponse>
      <value>SC-4374</value>
      <value>SC-4383</value>
      <value>SC-4384</value>
      <value>SC-4385</value>
      <value>SC-4386</value>
    </correctResponse>
  </responseDeclaration>
  <outcomeDeclaration baseType="float" cardinality="single" identifier="SCORE145">
    <defaultValue>
      <value>0</value>
    </defaultValue>
  </outcomeDeclaration>
  <outcomeDeclaration baseType="float" cardinality="single" identifier="SCORE">
    <defaultValue>
      <value>0</value>
    </defaultValue>
  </outcomeDeclaration>
  <stylesheet href="../styles/bundled.css" type="text/css"/>
  <stylesheet href="../styles/inline.css" type="text/css"/>
  <itemBody>
    <rubricBlock use="context" view="candidate author proctor scorer testConstructor tutor">
      <div>
        <object data="../passages/RSC-LOGIC-MP-965.html" type="text/html"/>
      </div>
    </rubricBlock>
    <orderInteraction orientation="vertical" responseIdentifier="RESPONSE145" shuffle="false">
      <prompt>Place the following actions in the order that shows how the narrator cares for the pups on their first run.<br/></prompt>
      <simpleChoice identifier="SC-4386">
        <p>warming frozen meat by the fire</p>
      </simpleChoice>
      <simpleChoice identifier="SC-4384">
        <p>preparing beds for the pups</p>
      </simpleChoice>
      <simpleChoice identifier="SC-4385">
        <p>petting and soothing the pups</p>
      </simpleChoice>
      <simpleChoice identifier="SC-4383">
        <p>stopping after twenty miles were traveled</p>
      </simpleChoice>
      <simpleChoice identifier="SC-4374">
        <p>allowing the pups to chase after a grouse</p>
      </simpleChoice>
    </orderInteraction>
  </itemBody>
  <responseProcessing>
    <responseCondition>
      <responseIf>
        <match>
          <variable identifier="RESPONSE145"/>
          <correct identifier="RESPONSE145"/>
        </match>
        <setOutcomeValue identifier="SCORE145">
          <baseValue baseType="float">1</baseValue>
        </setOutcomeValue>
      </responseIf>
      <responseElse>
        <setOutcomeValue identifier="SCORE145">
          <baseValue baseType="float">0</baseValue>
        </setOutcomeValue>
      </responseElse>
    </responseCondition>
    <setOutcomeValue identifier="SCORE">
      <sum>
        <variable identifier="SCORE145"/>
      </sum>
    </setOutcomeValue>
  </responseProcessing>
</assessmentItem>
