<?xml version="1.0"?>
<assessmentItem adaptive="false" identifier="ITEM-LOGIC-MP-568" timeDependent="false" title="Part A Based on &quot;Shakespeare's Zero,&quot;&#xA0;complete the following sentence." toolName="ItemLogic" toolVersion="2.0.0" xmlns="http://www.imsglobal.org/xsd/imsqti_v2p1" xmlns:m="http://www.w3.org/1998/Math/MathML" xmlns:xsi="http://www.w3.org/2001/XMLSchema-instance" xsi:schemaLocation="http://www.imsglobal.org/xsd/imsqti_v2p1  http://www.imsglobal.org/xsd/qti/qtiv2p1/imsqti_v2p1.xsd">
  <responseDeclaration baseType="identifier" cardinality="single" identifier="RESPONSE458">
    <correctResponse>
      <value>IC-8766</value>
    </correctResponse>
  </responseDeclaration>
  <responseDeclaration baseType="identifier" cardinality="multiple" identifier="RESPONSE460">
    <correctResponse>
      <value>HT-18670</value>
    </correctResponse>
  </responseDeclaration>
  <outcomeDeclaration baseType="float" cardinality="single" identifier="SCORE458">
    <defaultValue>
      <value>0</value>
    </defaultValue>
  </outcomeDeclaration>
  <outcomeDeclaration baseType="float" cardinality="single" identifier="SCORE460">
    <defaultValue>
      <value>0</value>
    </defaultValue>
  </outcomeDeclaration>
  <outcomeDeclaration baseType="float" cardinality="single" identifier="SCORE">
    <defaultValue>
      <value>0</value>
    </defaultValue>
  </outcomeDeclaration>
  <stylesheet href="../styles/bundled.css" type="text/css"/>
  <stylesheet href="../styles/inline.css" type="text/css"/>
  <itemBody>
    <rubricBlock use="context" view="candidate author proctor scorer testConstructor tutor">
      <div>
        <object data="../passages/RSC-LOGIC-MP-1664.html" type="text/html"/>
      </div>
    </rubricBlock>
    <div class="stem stem_inline">
      <div class="stem_prompt"><p>Part A</p> <p>Based on "Shakespeare's Zero," complete the following sentence.</p></div>
      <p>The relationship between Shakespeare and the number zero can <strong>best</strong> be described as <inlineChoiceInteraction responseIdentifier="RESPONSE458" shuffle="false"><inlineChoice identifier="IC-8769">Shakespeare sought to make the number zero less mysterious for a general audience by using it in his plays.</inlineChoice><inlineChoice identifier="IC-8766">Shakespeare enjoyed using the multiple meanings and symbolisms of the number zero in his writing.</inlineChoice><inlineChoice identifier="IC-8767">Shakespeare challenged the usefulness of the number zero because of the difficulties of teaching arithmetic. </inlineChoice><inlineChoice identifier="IC-8768">Shakespeare had trouble comprehending the number zero because of its depiction as a Roman numeral.</inlineChoice></inlineChoiceInteraction>.</p>
    </div>
    <hottextInteraction maxChoices="0" responseIdentifier="RESPONSE460">
      <prompt>Part B<br/> Select the evidence from Selection 1 that <strong>best</strong> supports the answer in Part A.<br/></prompt>
      <p><strong>7</strong> German numbers were, of course, letters: I (or j), one; V, five; X, ten; L, fifty; C, one hundred; D, five hundred; and M, one thousand. Six hundred appeared as vj.C and three thousand as CCC.M. Perhaps this is why Recorde compares the zero to an O. Years later, <hottext identifier="HT-18670">Shakespeare would deploy the cipher to blistering effect</hottext>. &#x201C;Thou art an O without a figure . . . Thou art nothing,&#x201D;  the Fool tells Lear, after the dialogue with Cordelia that destroys the king&#x2019;s peace of mind.<br/><strong>8</strong> In Shakespeare&#x2019;s lessons, letters were out, figures (digits) in. Perhaps they were displayed conspicuously on charts, hung up on walls like the letters of the alphabet are now. Ten to a hard bench, the boys trimmed and dipped their quills in ink, and <hottext identifier="HT-18671">their feathered fingers copied out the numbers in small, tidy lines</hottext>. Zeroes spotted every page. But why record something that has no value? Something that is nothing?<br/><strong>9</strong> England&#x2019;s medieval monks, translators and copiers of earlier treatises by the Arab world&#x2019;s mathematicians, had long before noted the zero&#x2019;s almost magical quality. <hottext identifier="HT-18672">One twelfth-century scribe suggested giving it the name &#x201C;chimera&#x201D;&#x9D; after the fabulous monster of Greek mythology.</hottext>Writing in the thirteenth century, John of Halifax explained the zero <hottext identifier="HT-18673">as something that &#x201C;signifies nothing&#x201D;&#x9D; but instead &#x201C;holds a place and signifies for others.&#x201D;&#x9D;</hottext> His manuscript proved popular in the universities. But it would take the intervention of Gutenberg&#x2019;s printing press to bring his ideas to a much wider audience, including the motley boys of King&#x2019;s New School in Stratford.</p>
    </hottextInteraction>
  </itemBody>
  <responseProcessing>
    <responseCondition>
      <responseIf>
        <match>
          <variable identifier="RESPONSE458"/>
          <correct identifier="RESPONSE458"/>
        </match>
        <setOutcomeValue identifier="SCORE458">
          <baseValue baseType="float">1</baseValue>
        </setOutcomeValue>
      </responseIf>
      <responseElse>
        <setOutcomeValue identifier="SCORE458">
          <baseValue baseType="float">0</baseValue>
        </setOutcomeValue>
      </responseElse>
    </responseCondition>
    <responseCondition>
      <responseIf>
        <match>
          <variable identifier="RESPONSE460"/>
          <correct identifier="RESPONSE460"/>
        </match>
        <setOutcomeValue identifier="SCORE460">
          <baseValue baseType="float">1</baseValue>
        </setOutcomeValue>
      </responseIf>
      <responseElse>
        <setOutcomeValue identifier="SCORE460">
          <baseValue baseType="float">0</baseValue>
        </setOutcomeValue>
      </responseElse>
    </responseCondition>
    <setOutcomeValue identifier="SCORE">
      <sum>
        <variable identifier="SCORE458"/>
        <variable identifier="SCORE460"/>
      </sum>
    </setOutcomeValue>
  </responseProcessing>
</assessmentItem>
