<?xml version="1.0"?>
<assessmentItem adaptive="false" identifier="ITEM-LOGIC-KS-1013" timeDependent="false" title="Match each animal to its habitat." toolName="ItemLogic" toolVersion="2.0.0" xmlns="http://www.imsglobal.org/xsd/imsqti_v2p1" xmlns:m="http://www.w3.org/1998/Math/MathML" xmlns:xsi="http://www.w3.org/2001/XMLSchema-instance" xsi:schemaLocation="http://www.imsglobal.org/xsd/imsqti_v2p1  http://www.imsglobal.org/xsd/qti/qtiv2p1/imsqti_v2p1.xsd">
  <responseDeclaration baseType="directedPair" cardinality="multiple" identifier="RESPONSE1074">
    <correctResponse>
      <value>SAC-18241 SAC-18248</value>
      <value>SAC-18242 SAC-18247</value>
      <value>SAC-18243 SAC-18246</value>
      <value>SAC-18244 SAC-18245</value>
    </correctResponse>
    <mapping defaultValue="0.00" lowerBound="0.00" upperBound="2.00">
      <mapEntry mapKey="SAC-18241 SAC-18248" mappedValue="0.50"/>
      <mapEntry mapKey="SAC-18242 SAC-18247" mappedValue="0.50"/>
      <mapEntry mapKey="SAC-18243 SAC-18246" mappedValue="0.50"/>
      <mapEntry mapKey="SAC-18244 SAC-18245" mappedValue="0.50"/>
    </mapping>
  </responseDeclaration>
  <outcomeDeclaration baseType="float" cardinality="single" identifier="SCORE1074">
    <defaultValue>
      <value>0</value>
    </defaultValue>
  </outcomeDeclaration>
  <outcomeDeclaration baseType="float" cardinality="single" identifier="SCORE">
    <defaultValue>
      <value>0</value>
    </defaultValue>
  </outcomeDeclaration>
  <stylesheet href="../styles/bundled.css" type="text/css"/>
  <stylesheet href="../styles/inline.css" type="text/css"/>
  <itemBody>
    <rubricBlock use="context" view="candidate author proctor scorer testConstructor tutor">
      <div>
        <object data="../passages/RSC-LOGIC-KS-7366.html" type="text/html"/>
      </div>
    </rubricBlock>
    <rubricBlock use="stimulus" view="candidate author proctor scorer testConstructor tutor">
      <div>
        <p>The author of <em>Animal Homes</em> gives many details about different animal habitats.</p>
      </div>
    </rubricBlock>
    <matchInteraction maxAssociations="4" responseIdentifier="RESPONSE1074" shuffle="false">
      <prompt>Match each animal to its habitat.<br/></prompt>
      <simpleMatchSet>
        <simpleAssociableChoice identifier="SAC-18241" matchMax="1">
          <p>
            <object data="../images/animal-tokens-bear@2x_c00dd3966e.png" height="75" type="image/png" width="75"/>
          </p>
        </simpleAssociableChoice>
        <simpleAssociableChoice identifier="SAC-18242" matchMax="1">
          <p>
            <object data="../images/animal-tokens-zebra@2x_4ad7a242ba.png" height="75" type="image/png" width="75"/>
          </p>
        </simpleAssociableChoice>
        <simpleAssociableChoice identifier="SAC-18243" matchMax="1">
          <p>
            <object data="../images/animal-tokens-whale@2x_acf7b6dabf.png" height="75" type="image/png" width="75"/>
          </p>
        </simpleAssociableChoice>
        <simpleAssociableChoice identifier="SAC-18244" matchMax="1">
          <p>
            <object data="../images/animal-tokens-camel@2x_31461d6642.png" height="75" type="image/png" width="75"/>
          </p>
        </simpleAssociableChoice>
      </simpleMatchSet>
      <simpleMatchSet>
        <simpleAssociableChoice identifier="SAC-18245" matchMax="1">
          <p>desert</p>
        </simpleAssociableChoice>
        <simpleAssociableChoice identifier="SAC-18246" matchMax="1">
          <p>ocean</p>
        </simpleAssociableChoice>
        <simpleAssociableChoice identifier="SAC-18247" matchMax="1">
          <p>grasslands</p>
        </simpleAssociableChoice>
        <simpleAssociableChoice identifier="SAC-18248" matchMax="1">
          <p>arctic region</p>
        </simpleAssociableChoice>
      </simpleMatchSet>
    </matchInteraction>
  </itemBody>
  <responseProcessing>
    <responseCondition>
      <responseIf>
        <isNull>
          <variable identifier="RESPONSE1074"/>
        </isNull>
        <setOutcomeValue identifier="SCORE1074">
          <baseValue baseType="float">0.0</baseValue>
        </setOutcomeValue>
      </responseIf>
      <responseElse>
        <setOutcomeValue identifier="SCORE1074">
          <mapResponse identifier="RESPONSE1074"/>
        </setOutcomeValue>
      </responseElse>
    </responseCondition>
    <setOutcomeValue identifier="SCORE">
      <sum>
        <variable identifier="SCORE1074"/>
      </sum>
    </setOutcomeValue>
  </responseProcessing>
</assessmentItem>
