<?xml version="1.0"?>
<assessmentItem adaptive="false" identifier="ITEM-LOGIC-MP-534" timeDependent="false" title="Fill in the blanks of Emily&#x2019;s argument to prove that the point is on the circle." toolName="ItemLogic" toolVersion="2.0.0" xmlns="http://www.imsglobal.org/xsd/imsqti_v2p1" xmlns:m="http://www.w3.org/1998/Math/MathML" xmlns:xsi="http://www.w3.org/2001/XMLSchema-instance" xsi:schemaLocation="http://www.imsglobal.org/xsd/imsqti_v2p1  http://www.imsglobal.org/xsd/qti/qtiv2p1/imsqti_v2p1.xsd">
  <responseDeclaration baseType="identifier" cardinality="single" identifier="RESPONSE421">
    <correctResponse>
      <value>IC-7900</value>
    </correctResponse>
    <mapping>
      <mapEntry mapKey="IC-7900" mappedValue="0.50"/>
    </mapping>
  </responseDeclaration>
  <responseDeclaration baseType="identifier" cardinality="single" identifier="RESPONSE422">
    <correctResponse>
      <value>IC-7918</value>
    </correctResponse>
    <mapping>
      <mapEntry mapKey="IC-7918" mappedValue="0.50"/>
    </mapping>
  </responseDeclaration>
  <responseDeclaration baseType="identifier" cardinality="single" identifier="RESPONSE423">
    <correctResponse>
      <value>IC-7924</value>
    </correctResponse>
    <mapping>
      <mapEntry mapKey="IC-7924" mappedValue="0.50"/>
    </mapping>
  </responseDeclaration>
  <responseDeclaration baseType="identifier" cardinality="single" identifier="RESPONSE424">
    <correctResponse>
      <value>IC-7469</value>
    </correctResponse>
    <mapping>
      <mapEntry mapKey="IC-7469" mappedValue="0.50"/>
    </mapping>
  </responseDeclaration>
  <outcomeDeclaration baseType="float" cardinality="single" identifier="SCORE421">
    <defaultValue>
      <value>0</value>
    </defaultValue>
  </outcomeDeclaration>
  <outcomeDeclaration baseType="float" cardinality="single" identifier="SCORE422">
    <defaultValue>
      <value>0</value>
    </defaultValue>
  </outcomeDeclaration>
  <outcomeDeclaration baseType="float" cardinality="single" identifier="SCORE423">
    <defaultValue>
      <value>0</value>
    </defaultValue>
  </outcomeDeclaration>
  <outcomeDeclaration baseType="float" cardinality="single" identifier="SCORE424">
    <defaultValue>
      <value>0</value>
    </defaultValue>
  </outcomeDeclaration>
  <outcomeDeclaration baseType="float" cardinality="single" identifier="SCORE">
    <defaultValue>
      <value>0</value>
    </defaultValue>
  </outcomeDeclaration>
  <stylesheet href="../styles/bundled.css" type="text/css"/>
  <stylesheet href="../styles/inline.css" type="text/css"/>
  <itemBody>
    <rubricBlock use="stimulus" view="candidate author proctor scorer testConstructor tutor" xmlns:default="http://www.w3.org/1998/Math/MathML">
      <div>
        <p xmlns:default="http://www.w3.org/1998/Math/MathML">The endpoints of a diameter of circle C are <m:math xmlns="http://www.w3.org/1998/Math/MathML">   <m:mo stretchy="false">(</m:mo>   <m:msqrt>     <m:mn>3</m:mn>   </m:msqrt>   <m:mo>,</m:mo>   <m:mn>3</m:mn>   <m:mo stretchy="false">)</m:mo> </m:math> and <m:math xmlns="http://www.w3.org/1998/Math/MathML">   <m:mo stretchy="false">(</m:mo>   <m:mo>&#x2212;<!-- âˆ’ --></m:mo>   <m:msqrt>     <m:mn>3</m:mn>   </m:msqrt>   <m:mo>,</m:mo>   <m:mn>1</m:mn>   <m:mo stretchy="false">)</m:mo> </m:math>. Emily claims that <m:math xmlns="http://www.w3.org/1998/Math/MathML">   <m:mo stretchy="false">(</m:mo>   <m:mo>&#x2212;<!-- âˆ’ --></m:mo>   <m:mn>1</m:mn>   <m:mo>,</m:mo>   <m:mn>2</m:mn>   <m:mo>+</m:mo>   <m:msqrt>     <m:mn>3</m:mn>   </m:msqrt>   <m:mo stretchy="false">)</m:mo> </m:math> is a point on the circle.</p>
      </div>
    </rubricBlock>
    <div class="stem stem_inline" xmlns:default="http://www.w3.org/1998/Math/MathML"><div class="stem_prompt"><p>Fill in the blanks of Emily&#x2019;s argument to prove that the point is on the circle.</p></div><p xmlns:default="http://www.w3.org/1998/Math/MathML">The distance between <m:math xmlns="http://www.w3.org/1998/Math/MathML">   <m:mo stretchy="false">(</m:mo>   <m:msqrt>     <m:mn>3</m:mn>   </m:msqrt>   <m:mo>,</m:mo>   <m:mn>3</m:mn>   <m:mo stretchy="false">)</m:mo> </m:math> and <m:math xmlns="http://www.w3.org/1998/Math/MathML">   <m:mo stretchy="false">(</m:mo>   <m:mo>&#x2212;<!-- âˆ’ --></m:mo>   <m:msqrt>     <m:mn>3</m:mn>   </m:msqrt>   <m:mo>,</m:mo>   <m:mn>1</m:mn>   <m:mo stretchy="false">)</m:mo> </m:math> is <inlineChoiceInteraction responseIdentifier="RESPONSE421" shuffle="false"><inlineChoice identifier="IC-7899">2</inlineChoice><inlineChoice identifier="IC-7900">4</inlineChoice><inlineChoice identifier="IC-7901">8</inlineChoice><inlineChoice identifier="IC-7902">16</inlineChoice></inlineChoiceInteraction>.</p> <p>The radius of circle C is <inlineChoiceInteraction responseIdentifier="RESPONSE422" shuffle="false"><inlineChoice identifier="IC-7465">1</inlineChoice><inlineChoice identifier="IC-7918">2</inlineChoice><inlineChoice identifier="IC-7919">4</inlineChoice><inlineChoice identifier="IC-7920">8</inlineChoice></inlineChoiceInteraction> and the center is (<inlineChoiceInteraction responseIdentifier="RESPONSE423" shuffle="false"><inlineChoice identifier="IC-7921">2</inlineChoice><inlineChoice identifier="IC-7922">4</inlineChoice><inlineChoice identifier="IC-7923">8</inlineChoice><inlineChoice identifier="IC-7924">0</inlineChoice></inlineChoiceInteraction>, 2).</p> <p>The distance from the center of circle C to the point <m:math xmlns="http://www.w3.org/1998/Math/MathML">   <m:mo stretchy="false">(</m:mo>   <m:mo>&#x2212;<!-- âˆ’ --></m:mo>   <m:mn>1</m:mn>   <m:mo>,</m:mo>   <m:mn>2</m:mn>   <m:mo>+</m:mo>   <m:msqrt>     <m:mn>3</m:mn>   </m:msqrt>   <m:mo stretchy="false">)</m:mo> </m:math> is <inlineChoiceInteraction responseIdentifier="RESPONSE424" shuffle="false"><inlineChoice identifier="IC-7469">2</inlineChoice><inlineChoice identifier="IC-7925">4</inlineChoice><inlineChoice identifier="IC-7926">16</inlineChoice><inlineChoice identifier="IC-7927">47</inlineChoice></inlineChoiceInteraction>.</p></div>
  </itemBody>
  <responseProcessing>
    <responseCondition>
      <responseIf>
        <isNull>
          <variable identifier="RESPONSE421"/>
        </isNull>
        <setOutcomeValue identifier="SCORE421">
          <baseValue baseType="float">0.0</baseValue>
        </setOutcomeValue>
      </responseIf>
      <responseElse>
        <setOutcomeValue identifier="SCORE421">
          <mapResponse identifier="RESPONSE421"/>
        </setOutcomeValue>
      </responseElse>
    </responseCondition>
    <responseCondition>
      <responseIf>
        <isNull>
          <variable identifier="RESPONSE422"/>
        </isNull>
        <setOutcomeValue identifier="SCORE422">
          <baseValue baseType="float">0.0</baseValue>
        </setOutcomeValue>
      </responseIf>
      <responseElse>
        <setOutcomeValue identifier="SCORE422">
          <mapResponse identifier="RESPONSE422"/>
        </setOutcomeValue>
      </responseElse>
    </responseCondition>
    <responseCondition>
      <responseIf>
        <isNull>
          <variable identifier="RESPONSE423"/>
        </isNull>
        <setOutcomeValue identifier="SCORE423">
          <baseValue baseType="float">0.0</baseValue>
        </setOutcomeValue>
      </responseIf>
      <responseElse>
        <setOutcomeValue identifier="SCORE423">
          <mapResponse identifier="RESPONSE423"/>
        </setOutcomeValue>
      </responseElse>
    </responseCondition>
    <responseCondition>
      <responseIf>
        <isNull>
          <variable identifier="RESPONSE424"/>
        </isNull>
        <setOutcomeValue identifier="SCORE424">
          <baseValue baseType="float">0.0</baseValue>
        </setOutcomeValue>
      </responseIf>
      <responseElse>
        <setOutcomeValue identifier="SCORE424">
          <mapResponse identifier="RESPONSE424"/>
        </setOutcomeValue>
      </responseElse>
    </responseCondition>
    <setOutcomeValue identifier="SCORE">
      <sum>
        <variable identifier="SCORE421"/>
        <variable identifier="SCORE422"/>
        <variable identifier="SCORE423"/>
        <variable identifier="SCORE424"/>
      </sum>
    </setOutcomeValue>
  </responseProcessing>
</assessmentItem>
