<?xml version="1.0"?>
<assessmentItem adaptive="false" identifier="ITEM-LOGIC-KS-950" timeDependent="false" title="Match each name or description to the correct shape." toolName="ItemLogic" toolVersion="2.0.0" xmlns="http://www.imsglobal.org/xsd/imsqti_v2p1" xmlns:m="http://www.w3.org/1998/Math/MathML" xmlns:xsi="http://www.w3.org/2001/XMLSchema-instance" xsi:schemaLocation="http://www.imsglobal.org/xsd/imsqti_v2p1  http://www.imsglobal.org/xsd/qti/qtiv2p1/imsqti_v2p1.xsd">
  <responseDeclaration baseType="directedPair" cardinality="multiple" identifier="RESPONSE939">
    <correctResponse>
      <value>SAC-16571 SAC-16707</value>
      <value>SAC-16572 SAC-16705</value>
      <value>SAC-16573 SAC-16704</value>
      <value>SAC-16574 SAC-16706</value>
    </correctResponse>
  </responseDeclaration>
  <responseDeclaration baseType="identifier" cardinality="single" identifier="RESPONSE940">
    <correctResponse>
      <value>SC-16585</value>
    </correctResponse>
  </responseDeclaration>
  <outcomeDeclaration baseType="float" cardinality="single" identifier="SCORE939">
    <defaultValue>
      <value>0</value>
    </defaultValue>
  </outcomeDeclaration>
  <outcomeDeclaration baseType="float" cardinality="single" identifier="SCORE940">
    <defaultValue>
      <value>0</value>
    </defaultValue>
  </outcomeDeclaration>
  <outcomeDeclaration baseType="float" cardinality="single" identifier="SCORE">
    <defaultValue>
      <value>0</value>
    </defaultValue>
  </outcomeDeclaration>
  <stylesheet href="../styles/bundled.css" type="text/css"/>
  <stylesheet href="../styles/inline.css" type="text/css"/>
  <itemBody>
    <matchInteraction maxAssociations="4" responseIdentifier="RESPONSE939" shuffle="false">
      <prompt>Match each name or description to the correct shape.<br/></prompt>
      <simpleMatchSet>
        <simpleAssociableChoice identifier="SAC-16571" matchMax="1">
          <p>triangle</p>
        </simpleAssociableChoice>
        <simpleAssociableChoice identifier="SAC-16572" matchMax="1">
          <p>5 corners</p>
        </simpleAssociableChoice>
        <simpleAssociableChoice identifier="SAC-16573" matchMax="1">
          <p>hexagon</p>
        </simpleAssociableChoice>
        <simpleAssociableChoice identifier="SAC-16574" matchMax="1">
          <p>4 sides</p>
        </simpleAssociableChoice>
      </simpleMatchSet>
      <simpleMatchSet>
        <simpleAssociableChoice identifier="SAC-16704" matchMax="1">
          <p>
            <object data="../images/shapes-hexagon@2x_066d6d761e.png" height="100" type="image/png" width="100"/>
          </p>
        </simpleAssociableChoice>
        <simpleAssociableChoice identifier="SAC-16705" matchMax="1">
          <p>
            <object data="../images/shapes-pentagon@2x_0e6429e048.png" height="100" type="image/png" width="100"/>
          </p>
        </simpleAssociableChoice>
        <simpleAssociableChoice identifier="SAC-16706" matchMax="1">
          <p>
            <object data="../images/shapes-rhombus@2x_f220a9ea60.png" height="100" type="image/png" width="100"/>
          </p>
        </simpleAssociableChoice>
        <simpleAssociableChoice identifier="SAC-16707" matchMax="1">
          <p>
            <object data="../images/shapes-triangle@2x_1eb7030035.png" height="100" type="image/png" width="100"/>
          </p>
        </simpleAssociableChoice>
      </simpleMatchSet>
    </matchInteraction>
    <choiceInteraction maxChoices="1" responseIdentifier="RESPONSE940" shuffle="false">
      <prompt>Which statement is true?<br/></prompt>
      <simpleChoice fixed="true" identifier="SC-16586">
        <p>A pentagon has one more side than a hexagon.</p>
      </simpleChoice>
      <simpleChoice fixed="true" identifier="SC-16585">
        <p>A pentagon has two more sides than a triangle.</p>
      </simpleChoice>
      <simpleChoice fixed="true" identifier="SC-16584">
        <p>A triangle has one more corner than a quadrilateral.</p>
      </simpleChoice>
      <simpleChoice fixed="true" identifier="SC-16587">
        <p>A quadrilateral has two more corners than a hexagon.</p>
      </simpleChoice>
    </choiceInteraction>
  </itemBody>
  <responseProcessing>
    <responseCondition>
      <responseIf>
        <match>
          <variable identifier="RESPONSE939"/>
          <correct identifier="RESPONSE939"/>
        </match>
        <setOutcomeValue identifier="SCORE939">
          <baseValue baseType="float">1</baseValue>
        </setOutcomeValue>
      </responseIf>
      <responseElse>
        <setOutcomeValue identifier="SCORE939">
          <baseValue baseType="float">0</baseValue>
        </setOutcomeValue>
      </responseElse>
    </responseCondition>
    <responseCondition>
      <responseIf>
        <match>
          <variable identifier="RESPONSE940"/>
          <correct identifier="RESPONSE940"/>
        </match>
        <setOutcomeValue identifier="SCORE940">
          <baseValue baseType="float">1</baseValue>
        </setOutcomeValue>
      </responseIf>
      <responseElse>
        <setOutcomeValue identifier="SCORE940">
          <baseValue baseType="float">0</baseValue>
        </setOutcomeValue>
      </responseElse>
    </responseCondition>
    <setOutcomeValue identifier="SCORE">
      <sum>
        <variable identifier="SCORE939"/>
        <variable identifier="SCORE940"/>
      </sum>
    </setOutcomeValue>
  </responseProcessing>
</assessmentItem>
