<?xml version="1.0"?>
<assessmentItem adaptive="false" identifier="ITEM-LOGIC-MP-468" timeDependent="false" title="The narrator dreams of having a dog even though her mother tells her no. Order the events that help " toolName="ItemLogic" toolVersion="2.0.0" xmlns="http://www.imsglobal.org/xsd/imsqti_v2p1" xmlns:m="http://www.w3.org/1998/Math/MathML" xmlns:xsi="http://www.w3.org/2001/XMLSchema-instance" xsi:schemaLocation="http://www.imsglobal.org/xsd/imsqti_v2p1  http://www.imsglobal.org/xsd/qti/qtiv2p1/imsqti_v2p1.xsd">
  <responseDeclaration baseType="identifier" cardinality="ordered" identifier="RESPONSE319">
    <correctResponse>
      <value>SC-5693</value>
      <value>SC-5701</value>
      <value>SC-5700</value>
      <value>SC-5694</value>
      <value>SC-7145</value>
    </correctResponse>
  </responseDeclaration>
  <outcomeDeclaration baseType="float" cardinality="single" identifier="SCORE319">
    <defaultValue>
      <value>0</value>
    </defaultValue>
  </outcomeDeclaration>
  <outcomeDeclaration baseType="float" cardinality="single" identifier="SCORE">
    <defaultValue>
      <value>0</value>
    </defaultValue>
  </outcomeDeclaration>
  <stylesheet href="../styles/bundled.css" type="text/css"/>
  <stylesheet href="../styles/inline.css" type="text/css"/>
  <itemBody>
    <rubricBlock use="context" view="candidate author proctor scorer testConstructor tutor">
      <div>
        <object data="../passages/RSC-LOGIC-MP-993.html" type="text/html"/>
      </div>
    </rubricBlock>
    <orderInteraction orientation="vertical" responseIdentifier="RESPONSE319" shuffle="false">
      <prompt>The narrator dreams of having a dog even though her mother tells her no. Order the events that help distract the narrator from thinking about her mother's decision as they occur in the selection.<br/></prompt>
      <simpleChoice identifier="SC-7145">
        <p>The narrator gazing at the stars</p>
      </simpleChoice>
      <simpleChoice identifier="SC-5700">
        <p>The narrator running to second base</p>
      </simpleChoice>
      <simpleChoice identifier="SC-5701">
        <p>The narrator hitting the ball over Tommy Stafford's head</p>
      </simpleChoice>
      <simpleChoice identifier="SC-5693">
        <p>The narrator and Bobby helping her father cut the weeds</p>
      </simpleChoice>
      <simpleChoice identifier="SC-5694">
        <p>The narrator and her team winning the softball game</p>
      </simpleChoice>
    </orderInteraction>
  </itemBody>
  <responseProcessing>
    <responseCondition>
      <responseIf>
        <match>
          <variable identifier="RESPONSE319"/>
          <correct identifier="RESPONSE319"/>
        </match>
        <setOutcomeValue identifier="SCORE319">
          <baseValue baseType="float">1</baseValue>
        </setOutcomeValue>
      </responseIf>
      <responseElse>
        <setOutcomeValue identifier="SCORE319">
          <baseValue baseType="float">0</baseValue>
        </setOutcomeValue>
      </responseElse>
    </responseCondition>
    <setOutcomeValue identifier="SCORE">
      <sum>
        <variable identifier="SCORE319"/>
      </sum>
    </setOutcomeValue>
  </responseProcessing>
</assessmentItem>
