<?xml version="1.0"?>
<assessmentItem adaptive="false" identifier="ITEM-LOGIC-MP-392" timeDependent="false" title="Based on the selection, put the following events in the correct order to create a summary." toolName="ItemLogic" toolVersion="2.0.0" xmlns="http://www.imsglobal.org/xsd/imsqti_v2p1" xmlns:m="http://www.w3.org/1998/Math/MathML" xmlns:xsi="http://www.w3.org/2001/XMLSchema-instance" xsi:schemaLocation="http://www.imsglobal.org/xsd/imsqti_v2p1  http://www.imsglobal.org/xsd/qti/qtiv2p1/imsqti_v2p1.xsd">
  <responseDeclaration baseType="identifier" cardinality="ordered" identifier="RESPONSE183">
    <correctResponse>
      <value>SC-4785</value>
      <value>SC-4780</value>
      <value>SC-4777</value>
      <value>SC-4781</value>
      <value>SC-4783</value>
      <value>SC-4784</value>
    </correctResponse>
  </responseDeclaration>
  <outcomeDeclaration baseType="float" cardinality="single" identifier="SCORE183">
    <defaultValue>
      <value>0</value>
    </defaultValue>
  </outcomeDeclaration>
  <outcomeDeclaration baseType="float" cardinality="single" identifier="SCORE">
    <defaultValue>
      <value>0</value>
    </defaultValue>
  </outcomeDeclaration>
  <stylesheet href="../styles/bundled.css" type="text/css"/>
  <stylesheet href="../styles/inline.css" type="text/css"/>
  <itemBody>
    <rubricBlock use="context" view="candidate author proctor scorer testConstructor tutor">
      <div>
        <object data="../passages/RSC-LOGIC-MP-964.html" type="text/html"/>
      </div>
    </rubricBlock>
    <orderInteraction orientation="vertical" responseIdentifier="RESPONSE183" shuffle="false">
      <prompt>Based on the selection, put the following events in the correct order to create a summary.<br/></prompt>
      <simpleChoice identifier="SC-4777">
        <p>Dad lets Julia sit in the front seat with him, which annoys Marilyn.</p>
      </simpleChoice>
      <simpleChoice identifier="SC-4780">
        <p>After the fireworks show ends, they rush back to the car to escape the cold.</p>
      </simpleChoice>
      <simpleChoice identifier="SC-4783">
        <p>Julia sees a streak of light in the sky and convinces her dad to follow it.</p>
      </simpleChoice>
      <simpleChoice identifier="SC-4784">
        <p>Dad and Julia have their special moment together while Marilyn sleeps in the car.</p>
      </simpleChoice>
      <simpleChoice identifier="SC-4781">
        <p>Julia struggles to find something to talk about with her dad as they drive home.</p>
      </simpleChoice>
      <simpleChoice identifier="SC-4785">
        <p>As the fireworks start, Dad and Marilyn talk to only each other, and Julia feels left out.</p>
      </simpleChoice>
    </orderInteraction>
  </itemBody>
  <responseProcessing>
    <responseCondition>
      <responseIf>
        <match>
          <variable identifier="RESPONSE183"/>
          <correct identifier="RESPONSE183"/>
        </match>
        <setOutcomeValue identifier="SCORE183">
          <baseValue baseType="float">1</baseValue>
        </setOutcomeValue>
      </responseIf>
      <responseElse>
        <setOutcomeValue identifier="SCORE183">
          <baseValue baseType="float">0</baseValue>
        </setOutcomeValue>
      </responseElse>
    </responseCondition>
    <setOutcomeValue identifier="SCORE">
      <sum>
        <variable identifier="SCORE183"/>
      </sum>
    </setOutcomeValue>
  </responseProcessing>
</assessmentItem>
