<?xml version="1.0"?>
<assessmentItem adaptive="false" identifier="ITEM-LOGIC-MP-440" timeDependent="false" title="Click on the equation that shows an instance when Lei's claim is incorrect.&#xA0;" toolName="ItemLogic" toolVersion="2.0.0" xmlns="http://www.imsglobal.org/xsd/imsqti_v2p1" xmlns:m="http://www.w3.org/1998/Math/MathML" xmlns:xsi="http://www.w3.org/2001/XMLSchema-instance" xsi:schemaLocation="http://www.imsglobal.org/xsd/imsqti_v2p1  http://www.imsglobal.org/xsd/qti/qtiv2p1/imsqti_v2p1.xsd">
  <responseDeclaration baseType="identifier" cardinality="multiple" identifier="RESPONSE270">
    <correctResponse>
      <value>HT-9041</value>
    </correctResponse>
  </responseDeclaration>
  <outcomeDeclaration baseType="float" cardinality="single" identifier="SCORE270">
    <defaultValue>
      <value>0</value>
    </defaultValue>
  </outcomeDeclaration>
  <outcomeDeclaration baseType="float" cardinality="single" identifier="SCORE">
    <defaultValue>
      <value>0</value>
    </defaultValue>
  </outcomeDeclaration>
  <stylesheet href="../styles/bundled.css" type="text/css"/>
  <stylesheet href="../styles/inline.css" type="text/css"/>
  <itemBody>
    <rubricBlock use="stimulus" view="candidate author proctor scorer testConstructor tutor" xmlns:default="http://www.w3.org/1998/Math/MathML">
      <div>
        <p xmlns:default="http://www.w3.org/1998/Math/MathML">Lei claims that <m:math xmlns="http://www.w3.org/1998/Math/MathML">   <m:mn>8</m:mn>   <m:mi>x</m:mi>   <m:mo>&#x2212;<!-- âˆ’ --></m:mo>   <m:mn>2</m:mn>   <m:mi>x</m:mi>   <m:mo>=</m:mo>   <m:mn>6</m:mn>   <m:mi>x</m:mi> </m:math>.</p>
      </div>
    </rubricBlock>
    <hottextInteraction maxChoices="2" responseIdentifier="RESPONSE270" xmlns:default="http://www.w3.org/1998/Math/MathML">
      <prompt>Click on the equation that supports Lei's claim.<br/></prompt>
      <p xmlns:default="http://www.w3.org/1998/Math/MathML"><hottext identifier="HT-9041">Equation 1:</hottext> <m:math xmlns="http://www.w3.org/1998/Math/MathML">   <m:mn>8</m:mn>   <m:mo stretchy="false">(</m:mo>   <m:mn>2</m:mn>   <m:mo stretchy="false">)</m:mo>   <m:mo>&#x2212;<!-- âˆ’ --></m:mo>   <m:mn>2</m:mn>   <m:mo stretchy="false">(</m:mo>   <m:mn>2</m:mn>   <m:mo stretchy="false">)</m:mo>   <m:mo>=</m:mo>   <m:mn>6</m:mn>   <m:mo stretchy="false">(</m:mo>   <m:mn>2</m:mn>   <m:mo stretchy="false">)</m:mo> </m:math></p>
      <p xmlns:default="http://www.w3.org/1998/Math/MathML"><hottext identifier="HT-9050">Equation 2:</hottext> <m:math xmlns="http://www.w3.org/1998/Math/MathML">   <m:mn>8</m:mn>   <m:mi>x</m:mi>   <m:mo>&#x2212;<!-- âˆ’ --></m:mo>   <m:mn>2</m:mn>   <m:msup>     <m:mi>x</m:mi>     <m:mn>2</m:mn>   </m:msup>   <m:mo>=</m:mo>   <m:mn>6</m:mn>   <m:mi>x</m:mi> </m:math></p>
      <p xmlns:default="http://www.w3.org/1998/Math/MathML"><hottext identifier="HT-9045">Equation 3:</hottext> <m:math xmlns="http://www.w3.org/1998/Math/MathML">   <m:mn>8</m:mn>   <m:mo stretchy="false">(</m:mo>   <m:mn>3</m:mn>   <m:mo stretchy="false">)</m:mo>   <m:mo>&#x2212;<!-- âˆ’ --></m:mo>   <m:mn>2</m:mn>   <m:mo stretchy="false">(</m:mo>   <m:mn>0</m:mn>   <m:mo stretchy="false">)</m:mo>   <m:mo>=</m:mo>   <m:mn>6</m:mn>   <m:mo stretchy="false">(</m:mo>   <m:mn>4</m:mn>   <m:mo stretchy="false">)</m:mo> </m:math></p>
    </hottextInteraction>
  </itemBody>
  <responseProcessing>
    <responseCondition>
      <responseIf>
        <match>
          <variable identifier="RESPONSE270"/>
          <correct identifier="RESPONSE270"/>
        </match>
        <setOutcomeValue identifier="SCORE270">
          <baseValue baseType="float">1</baseValue>
        </setOutcomeValue>
      </responseIf>
      <responseElse>
        <setOutcomeValue identifier="SCORE270">
          <baseValue baseType="float">0</baseValue>
        </setOutcomeValue>
      </responseElse>
    </responseCondition>
    <setOutcomeValue identifier="SCORE">
      <sum>
        <variable identifier="SCORE270"/>
      </sum>
    </setOutcomeValue>
  </responseProcessing>
</assessmentItem>
