<?xml version="1.0"?>
<assessmentItem adaptive="false" identifier="ITEM-LOGIC-KS-978" timeDependent="false" title="Match each description to the correct character from the story." toolName="ItemLogic" toolVersion="2.0.0" xmlns="http://www.imsglobal.org/xsd/imsqti_v2p1" xmlns:m="http://www.w3.org/1998/Math/MathML" xmlns:xsi="http://www.w3.org/2001/XMLSchema-instance" xsi:schemaLocation="http://www.imsglobal.org/xsd/imsqti_v2p1  http://www.imsglobal.org/xsd/qti/qtiv2p1/imsqti_v2p1.xsd">
  <responseDeclaration baseType="directedPair" cardinality="multiple" identifier="RESPONSE991">
    <correctResponse>
      <value>SAC-17206 SAC-17202</value>
      <value>SAC-17213 SAC-17204</value>
      <value>SAC-17214 SAC-17204</value>
      <value>SAC-17215 SAC-17202</value>
    </correctResponse>
    <mapping defaultValue="0.00" lowerBound="0.00" upperBound="2.00">
      <mapEntry mapKey="SAC-17206 SAC-17202" mappedValue="0.50"/>
      <mapEntry mapKey="SAC-17206 SAC-17204" mappedValue="0.00"/>
      <mapEntry mapKey="SAC-17213 SAC-17202" mappedValue="0.00"/>
      <mapEntry mapKey="SAC-17213 SAC-17204" mappedValue="0.50"/>
      <mapEntry mapKey="SAC-17214 SAC-17202" mappedValue="0.00"/>
      <mapEntry mapKey="SAC-17214 SAC-17204" mappedValue="0.50"/>
      <mapEntry mapKey="SAC-17215 SAC-17202" mappedValue="0.50"/>
      <mapEntry mapKey="SAC-17215 SAC-17204" mappedValue="0.00"/>
    </mapping>
  </responseDeclaration>
  <outcomeDeclaration baseType="float" cardinality="single" identifier="SCORE991">
    <defaultValue>
      <value>0</value>
    </defaultValue>
  </outcomeDeclaration>
  <outcomeDeclaration baseType="float" cardinality="single" identifier="SCORE">
    <defaultValue>
      <value>0</value>
    </defaultValue>
  </outcomeDeclaration>
  <stylesheet href="../styles/bundled.css" type="text/css"/>
  <stylesheet href="../styles/inline.css" type="text/css"/>
  <itemBody>
    <rubricBlock use="context" view="candidate author proctor scorer testConstructor tutor">
      <div>
        <object data="../passages/RSC-LOGIC-KS-7312.html" type="text/html"/>
      </div>
    </rubricBlock>
    <rubricBlock use="stimulus" view="candidate author proctor scorer testConstructor tutor">
      <div>
        <p>In the story, the main characters, Cam and Lola, are friends.&#xA0;</p>
      </div>
    </rubricBlock>
    <matchInteraction class="table" maxAssociations="8" responseIdentifier="RESPONSE991" shuffle="false">
      <prompt>Match each description to the correct character from the story.<br/></prompt>
      <simpleMatchSet>
        <simpleAssociableChoice identifier="SAC-17206" matchMax="1">
          <p>was afraid of the dark</p>
        </simpleAssociableChoice>
        <simpleAssociableChoice identifier="SAC-17213" matchMax="1">
          <p>always enjoyed being outside at night</p>
        </simpleAssociableChoice>
        <simpleAssociableChoice identifier="SAC-17214" matchMax="1">
          <p>helped a friend find courage</p>
        </simpleAssociableChoice>
        <simpleAssociableChoice identifier="SAC-17215" matchMax="1">
          <p>agreed to be brave</p>
        </simpleAssociableChoice>
      </simpleMatchSet>
      <simpleMatchSet>
        <simpleAssociableChoice identifier="SAC-17202" matchMax="4">
          <p>
            <object data="../images/dog-headshot-black@2x_08d09a367a.png" height="100" type="image/png" width="100"/>
          </p>
        </simpleAssociableChoice>
        <simpleAssociableChoice identifier="SAC-17204" matchMax="4">
          <p>
            <object data="../images/dog-headshot-blonde@2x_f8f92ee53a.png" height="100" type="image/png" width="100"/>
          </p>
        </simpleAssociableChoice>
      </simpleMatchSet>
    </matchInteraction>
  </itemBody>
  <responseProcessing>
    <responseCondition>
      <responseIf>
        <isNull>
          <variable identifier="RESPONSE991"/>
        </isNull>
        <setOutcomeValue identifier="SCORE991">
          <baseValue baseType="float">0.0</baseValue>
        </setOutcomeValue>
      </responseIf>
      <responseElse>
        <setOutcomeValue identifier="SCORE991">
          <mapResponse identifier="RESPONSE991"/>
        </setOutcomeValue>
      </responseElse>
    </responseCondition>
    <setOutcomeValue identifier="SCORE">
      <sum>
        <variable identifier="SCORE991"/>
      </sum>
    </setOutcomeValue>
  </responseProcessing>
</assessmentItem>
