<?xml version="1.0"?>
<assessmentItem adaptive="false" identifier="ITEM-LOGIC-MP-199" timeDependent="false" title="Based on the information in the article, choose the word that best fits each definition to complete " toolName="ItemLogic" toolVersion="2.0.0" xmlns="http://www.imsglobal.org/xsd/imsqti_v2p1" xmlns:m="http://www.w3.org/1998/Math/MathML" xmlns:xsi="http://www.w3.org/2001/XMLSchema-instance" xsi:schemaLocation="http://www.imsglobal.org/xsd/imsqti_v2p1  http://www.imsglobal.org/xsd/qti/qtiv2p1/imsqti_v2p1.xsd">
  <responseDeclaration baseType="directedPair" cardinality="multiple" identifier="RESPONSE21">
    <correctResponse>
      <value>GI-2675 HS-2678</value>
      <value>GI-2674 HS-2679</value>
    </correctResponse>
  </responseDeclaration>
  <outcomeDeclaration baseType="float" cardinality="single" identifier="SCORE21">
    <defaultValue>
      <value>0</value>
    </defaultValue>
  </outcomeDeclaration>
  <outcomeDeclaration baseType="float" cardinality="single" identifier="SCORE">
    <defaultValue>
      <value>0</value>
    </defaultValue>
  </outcomeDeclaration>
  <stylesheet href="../styles/bundled.css" type="text/css"/>
  <stylesheet href="../styles/inline.css" type="text/css"/>
  <itemBody>
    <rubricBlock use="context" view="candidate author proctor scorer testConstructor tutor">
      <div>
        <object data="../passages/RSC-LOGIC-MP-313.html" type="text/html"/>
      </div>
    </rubricBlock>
    <graphicGapMatchInteraction responseIdentifier="RESPONSE21">
      <prompt>Based on the information in the article, choose the word that best fits each definition to complete the chart.<br/></prompt>
      <object data="../images/SENHEA199_Def_Word_stem_01_o_d34a9cbae4.png" height="88" type="image/png" width="255"/>
      <gapImg identifier="GI-2672" matchMax="1">
        <object data="../images/SENHEA199_Def_Word_opt_A01_o_5cff39499a.png" height="19" type="image/png" width="59"/>
      </gapImg>
      <gapImg identifier="GI-2673" matchMax="1">
        <object data="../images/SENHEA199_Def_Word_opt_B01_o_4f967fb44d.png" height="19" type="image/png" width="59"/>
      </gapImg>
      <gapImg identifier="GI-2674" matchMax="1">
        <object data="../images/SENHEA199_Def_Word_opt_C01_o_3d111572b9.png" height="19" type="image/png" width="59"/>
      </gapImg>
      <gapImg identifier="GI-2675" matchMax="1">
        <object data="../images/SENHEA199_Def_Word_opt_D01_o_e897e4ab08.png" height="19" type="image/png" width="59"/>
      </gapImg>
      <gapImg identifier="GI-2676" matchMax="1">
        <object data="../images/SENHEA199_Def_Word_opt_E01_o_85f5a9ac8d.png" height="19" type="image/png" width="59"/>
      </gapImg>
      <associableHotspot coords="184,27,243,46" identifier="HS-2678" matchMax="1" shape="rect"/>
      <associableHotspot coords="184,58,243,77" identifier="HS-2679" matchMax="1" shape="rect"/>
    </graphicGapMatchInteraction>
  </itemBody>
  <responseProcessing>
    <responseCondition>
      <responseIf>
        <match>
          <variable identifier="RESPONSE21"/>
          <correct identifier="RESPONSE21"/>
        </match>
        <setOutcomeValue identifier="SCORE21">
          <baseValue baseType="float">1</baseValue>
        </setOutcomeValue>
      </responseIf>
      <responseElse>
        <setOutcomeValue identifier="SCORE21">
          <baseValue baseType="float">0</baseValue>
        </setOutcomeValue>
      </responseElse>
    </responseCondition>
    <setOutcomeValue identifier="SCORE">
      <sum>
        <variable identifier="SCORE21"/>
      </sum>
    </setOutcomeValue>
  </responseProcessing>
</assessmentItem>
