<?xml version="1.0"?>
<assessmentItem adaptive="false" identifier="ITEM-LOGIC-KS-851" timeDependent="false" title="Select the word or phrase that correctly completes each sentence about the tone of the text." toolName="ItemLogic" toolVersion="2.0.0" xmlns="http://www.imsglobal.org/xsd/imsqti_v2p1" xmlns:m="http://www.w3.org/1998/Math/MathML" xmlns:xsi="http://www.w3.org/2001/XMLSchema-instance" xsi:schemaLocation="http://www.imsglobal.org/xsd/imsqti_v2p1  http://www.imsglobal.org/xsd/qti/qtiv2p1/imsqti_v2p1.xsd">
  <responseDeclaration baseType="identifier" cardinality="single" identifier="RESPONSE881">
    <correctResponse>
      <value>IC-15353</value>
    </correctResponse>
    <mapping>
      <mapEntry mapKey="IC-15353" mappedValue="0.50"/>
    </mapping>
  </responseDeclaration>
  <responseDeclaration baseType="identifier" cardinality="single" identifier="RESPONSE882">
    <correctResponse>
      <value>IC-15355</value>
    </correctResponse>
    <mapping>
      <mapEntry mapKey="IC-15355" mappedValue="0.50"/>
    </mapping>
  </responseDeclaration>
  <responseDeclaration baseType="identifier" cardinality="single" identifier="RESPONSE883">
    <correctResponse>
      <value>IC-15358</value>
    </correctResponse>
    <mapping>
      <mapEntry mapKey="IC-15358" mappedValue="0.50"/>
    </mapping>
  </responseDeclaration>
  <responseDeclaration baseType="identifier" cardinality="single" identifier="RESPONSE884">
    <correctResponse>
      <value>IC-15360</value>
    </correctResponse>
    <mapping>
      <mapEntry mapKey="IC-15360" mappedValue="0.50"/>
    </mapping>
  </responseDeclaration>
  <outcomeDeclaration baseType="float" cardinality="single" identifier="SCORE881">
    <defaultValue>
      <value>0</value>
    </defaultValue>
  </outcomeDeclaration>
  <outcomeDeclaration baseType="float" cardinality="single" identifier="SCORE882">
    <defaultValue>
      <value>0</value>
    </defaultValue>
  </outcomeDeclaration>
  <outcomeDeclaration baseType="float" cardinality="single" identifier="SCORE883">
    <defaultValue>
      <value>0</value>
    </defaultValue>
  </outcomeDeclaration>
  <outcomeDeclaration baseType="float" cardinality="single" identifier="SCORE884">
    <defaultValue>
      <value>0</value>
    </defaultValue>
  </outcomeDeclaration>
  <outcomeDeclaration baseType="float" cardinality="single" identifier="SCORE">
    <defaultValue>
      <value>0</value>
    </defaultValue>
  </outcomeDeclaration>
  <stylesheet href="../styles/bundled.css" type="text/css"/>
  <stylesheet href="../styles/inline.css" type="text/css"/>
  <itemBody>
    <rubricBlock use="context" view="candidate author proctor scorer testConstructor tutor">
      <div>
        <object data="../passages/RSC-LOGIC-KS-3848.html" type="text/html"/>
      </div>
    </rubricBlock>
    <rubricBlock use="stimulus" view="candidate author proctor scorer testConstructor tutor">
      <div>
        <p>The author of <em>Mo'Ne Davis: Baseball Superstar</em>, uses specific words and phrases to develop the tone of the text.</p>
      </div>
    </rubricBlock>
    <div class="stem stem_inline">
      <div class="stem_prompt">
        <p>Select the word or phrase that correctly completes each sentence about the tone of the text.</p>
      </div>
      <p>The tone of paragraph 4 is <inlineChoiceInteraction responseIdentifier="RESPONSE881" shuffle="false"><inlineChoice identifier="IC-15353">admiring</inlineChoice><inlineChoice identifier="IC-15364">humorous</inlineChoice></inlineChoiceInteraction>, which is supported by the phrase, "<inlineChoiceInteraction responseIdentifier="RESPONSE882" shuffle="false"><inlineChoice identifier="IC-15355">quickly hailed her as a true asset</inlineChoice><inlineChoice identifier="IC-15363">went on to join a Little League team called the Taney Dragons</inlineChoice></inlineChoiceInteraction>"</p>
      <p>The tone of paragraph 5 is <inlineChoiceInteraction responseIdentifier="RESPONSE883" shuffle="false"><inlineChoice identifier="IC-15358">complimentary</inlineChoice><inlineChoice identifier="IC-15361">hopeful</inlineChoice></inlineChoiceInteraction>, which is supported by the phrase, "<inlineChoiceInteraction responseIdentifier="RESPONSE884" shuffle="false"><inlineChoice identifier="IC-15365">I don't know, kind of surprised</inlineChoice><inlineChoice identifier="IC-15360">most talked about player on earth</inlineChoice></inlineChoiceInteraction>."</p>
    </div>
  </itemBody>
  <responseProcessing>
    <responseCondition>
      <responseIf>
        <isNull>
          <variable identifier="RESPONSE881"/>
        </isNull>
        <setOutcomeValue identifier="SCORE881">
          <baseValue baseType="float">0.0</baseValue>
        </setOutcomeValue>
      </responseIf>
      <responseElse>
        <setOutcomeValue identifier="SCORE881">
          <mapResponse identifier="RESPONSE881"/>
        </setOutcomeValue>
      </responseElse>
    </responseCondition>
    <responseCondition>
      <responseIf>
        <isNull>
          <variable identifier="RESPONSE882"/>
        </isNull>
        <setOutcomeValue identifier="SCORE882">
          <baseValue baseType="float">0.0</baseValue>
        </setOutcomeValue>
      </responseIf>
      <responseElse>
        <setOutcomeValue identifier="SCORE882">
          <mapResponse identifier="RESPONSE882"/>
        </setOutcomeValue>
      </responseElse>
    </responseCondition>
    <responseCondition>
      <responseIf>
        <isNull>
          <variable identifier="RESPONSE883"/>
        </isNull>
        <setOutcomeValue identifier="SCORE883">
          <baseValue baseType="float">0.0</baseValue>
        </setOutcomeValue>
      </responseIf>
      <responseElse>
        <setOutcomeValue identifier="SCORE883">
          <mapResponse identifier="RESPONSE883"/>
        </setOutcomeValue>
      </responseElse>
    </responseCondition>
    <responseCondition>
      <responseIf>
        <isNull>
          <variable identifier="RESPONSE884"/>
        </isNull>
        <setOutcomeValue identifier="SCORE884">
          <baseValue baseType="float">0.0</baseValue>
        </setOutcomeValue>
      </responseIf>
      <responseElse>
        <setOutcomeValue identifier="SCORE884">
          <mapResponse identifier="RESPONSE884"/>
        </setOutcomeValue>
      </responseElse>
    </responseCondition>
    <setOutcomeValue identifier="SCORE">
      <sum>
        <variable identifier="SCORE881"/>
        <variable identifier="SCORE882"/>
        <variable identifier="SCORE883"/>
        <variable identifier="SCORE884"/>
      </sum>
    </setOutcomeValue>
  </responseProcessing>
</assessmentItem>
