<?xml version="1.0"?>
<assessmentItem adaptive="false" identifier="ITEM-LOGIC-KS-742" timeDependent="false" title="Select the sentences in the paragraph that do not correctly summarize the text." toolName="ItemLogic" toolVersion="2.0.0" xmlns="http://www.imsglobal.org/xsd/imsqti_v2p1" xmlns:m="http://www.w3.org/1998/Math/MathML" xmlns:xsi="http://www.w3.org/2001/XMLSchema-instance" xsi:schemaLocation="http://www.imsglobal.org/xsd/imsqti_v2p1  http://www.imsglobal.org/xsd/qti/qtiv2p1/imsqti_v2p1.xsd">
  <responseDeclaration baseType="identifier" cardinality="multiple" identifier="RESPONSE693">
    <correctResponse>
      <value>HT-11675</value>
      <value>HT-11678</value>
    </correctResponse>
  </responseDeclaration>
  <outcomeDeclaration baseType="float" cardinality="single" identifier="SCORE693">
    <defaultValue>
      <value>0</value>
    </defaultValue>
  </outcomeDeclaration>
  <outcomeDeclaration baseType="float" cardinality="single" identifier="SCORE">
    <defaultValue>
      <value>0</value>
    </defaultValue>
  </outcomeDeclaration>
  <stylesheet href="../styles/bundled.css" type="text/css"/>
  <stylesheet href="../styles/inline.css" type="text/css"/>
  <itemBody>
    <rubricBlock use="context" view="candidate author proctor scorer testConstructor tutor">
      <div>
        <object data="../passages/RSC-LOGIC-KS-2174.html" type="text/html"/>
      </div>
    </rubricBlock>
    <rubricBlock use="stimulus" view="candidate author proctor scorer testConstructor tutor">
      <div>
        <p>Parts of the paragraph below summarize the text, <em>Skunk Spray.</em></p>
      </div>
    </rubricBlock>
    <hottextInteraction maxChoices="0" responseIdentifier="RESPONSE693">
      <prompt>Select the sentences in the paragraph that do <strong>not</strong> correctly summarize the text.<br/></prompt>
      <p><hottext identifier="HT-11671">Most people have smelled skunk spray.</hottext> <hottext identifier="HT-11672">Luckily, not many people have been sprayed by a skunk.</hottext> <hottext identifier="HT-11673">Skunks give plenty of warning signs before they spray their sour mist.</hottext> <hottext identifier="HT-11674">People who are unlucky enough to get sprayed by a skunk often wash in tomato juice or vinegar.</hottext><hottext identifier="HT-11675">Other people throw their clothes away or even move from their homes until the smell is gone.</hottext> <hottext identifier="HT-11676">It is easy to keep skunks away from your home.</hottext><hottext identifier="HT-11677">You must keep a clean yard and keep your garage doors closed.</hottext> <hottext identifier="HT-11678">It is also helpful to put large rocks and bushes around your home.</hottext> <hottext identifier="HT-11679">It is important to know how to keep skunks away and how to spot their warning signs.</hottext></p>
    </hottextInteraction>
  </itemBody>
  <responseProcessing>
    <responseCondition>
      <responseIf>
        <match>
          <variable identifier="RESPONSE693"/>
          <correct identifier="RESPONSE693"/>
        </match>
        <setOutcomeValue identifier="SCORE693">
          <baseValue baseType="float">1</baseValue>
        </setOutcomeValue>
      </responseIf>
      <responseElse>
        <setOutcomeValue identifier="SCORE693">
          <baseValue baseType="float">0</baseValue>
        </setOutcomeValue>
      </responseElse>
    </responseCondition>
    <setOutcomeValue identifier="SCORE">
      <sum>
        <variable identifier="SCORE693"/>
      </sum>
    </setOutcomeValue>
  </responseProcessing>
</assessmentItem>
