<?xml version="1.0"?>
<assessmentItem adaptive="false" identifier="ITEM-LOGIC-MP-417" timeDependent="false" title="Select the word that best describes Wolf and House-dog at the beginning of the selection." toolName="ItemLogic" toolVersion="2.0.0" xmlns="http://www.imsglobal.org/xsd/imsqti_v2p1" xmlns:m="http://www.w3.org/1998/Math/MathML" xmlns:xsi="http://www.w3.org/2001/XMLSchema-instance" xsi:schemaLocation="http://www.imsglobal.org/xsd/imsqti_v2p1  http://www.imsglobal.org/xsd/qti/qtiv2p1/imsqti_v2p1.xsd">
  <responseDeclaration baseType="directedPair" cardinality="multiple" identifier="RESPONSE225">
    <correctResponse>
      <value>SAC-5123 SAC-5128</value>
      <value>SAC-5124 SAC-5127</value>
    </correctResponse>
  </responseDeclaration>
  <responseDeclaration baseType="directedPair" cardinality="multiple" identifier="RESPONSE226">
    <correctResponse>
      <value>SAC-5132 SAC-5134</value>
      <value>SAC-5133 SAC-5135</value>
    </correctResponse>
  </responseDeclaration>
  <outcomeDeclaration baseType="float" cardinality="single" identifier="SCORE225">
    <defaultValue>
      <value>0</value>
    </defaultValue>
  </outcomeDeclaration>
  <outcomeDeclaration baseType="float" cardinality="single" identifier="SCORE226">
    <defaultValue>
      <value>0</value>
    </defaultValue>
  </outcomeDeclaration>
  <outcomeDeclaration baseType="float" cardinality="single" identifier="SCORE">
    <defaultValue>
      <value>0</value>
    </defaultValue>
  </outcomeDeclaration>
  <stylesheet href="../styles/bundled.css" type="text/css"/>
  <stylesheet href="../styles/inline.css" type="text/css"/>
  <itemBody>
    <rubricBlock use="context" view="candidate author proctor scorer testConstructor tutor">
      <div>
        <object data="../passages/RSC-LOGIC-MP-972.html" type="text/html"/>
      </div>
    </rubricBlock>
    <matchInteraction maxAssociations="2" responseIdentifier="RESPONSE225" shuffle="false">
      <prompt>Match the word that <strong>best</strong> describes Wolf and House-dog at the beginning of the selection.<br/></prompt>
      <simpleMatchSet>
        <simpleAssociableChoice identifier="SAC-5123" matchMax="1">
          <p>Wolf</p>
        </simpleAssociableChoice>
        <simpleAssociableChoice identifier="SAC-5124" matchMax="1">
          <p>House-dog</p>
        </simpleAssociableChoice>
      </simpleMatchSet>
      <simpleMatchSet>
        <simpleAssociableChoice identifier="SAC-5125" matchMax="1">
          <p>afraid</p>
        </simpleAssociableChoice>
        <simpleAssociableChoice identifier="SAC-5126" matchMax="1">
          <p>curious</p>
        </simpleAssociableChoice>
        <simpleAssociableChoice identifier="SAC-5127" matchMax="1">
          <p>generous</p>
        </simpleAssociableChoice>
        <simpleAssociableChoice identifier="SAC-5128" matchMax="1">
          <p>troubled</p>
        </simpleAssociableChoice>
      </simpleMatchSet>
    </matchInteraction>
    <matchInteraction maxAssociations="2" responseIdentifier="RESPONSE226" shuffle="false">
      <prompt>Match the word that <strong>best</strong> describes Wolf and House-dog at the end of the selection.<br/></prompt>
      <simpleMatchSet>
        <simpleAssociableChoice identifier="SAC-5132" matchMax="1">
          <p>Wolf</p>
        </simpleAssociableChoice>
        <simpleAssociableChoice identifier="SAC-5133" matchMax="1">
          <p>House-dog</p>
        </simpleAssociableChoice>
      </simpleMatchSet>
      <simpleMatchSet>
        <simpleAssociableChoice identifier="SAC-5134" matchMax="1">
          <p>satisfied</p>
        </simpleAssociableChoice>
        <simpleAssociableChoice identifier="SAC-5136" matchMax="1">
          <p>afraid</p>
        </simpleAssociableChoice>
        <simpleAssociableChoice identifier="SAC-5135" matchMax="1">
          <p>shamed</p>
        </simpleAssociableChoice>
        <simpleAssociableChoice identifier="SAC-5137" matchMax="1">
          <p>curious</p>
        </simpleAssociableChoice>
      </simpleMatchSet>
    </matchInteraction>
  </itemBody>
  <responseProcessing>
    <responseCondition>
      <responseIf>
        <match>
          <variable identifier="RESPONSE225"/>
          <correct identifier="RESPONSE225"/>
        </match>
        <setOutcomeValue identifier="SCORE225">
          <baseValue baseType="float">1</baseValue>
        </setOutcomeValue>
      </responseIf>
      <responseElse>
        <setOutcomeValue identifier="SCORE225">
          <baseValue baseType="float">0</baseValue>
        </setOutcomeValue>
      </responseElse>
    </responseCondition>
    <responseCondition>
      <responseIf>
        <match>
          <variable identifier="RESPONSE226"/>
          <correct identifier="RESPONSE226"/>
        </match>
        <setOutcomeValue identifier="SCORE226">
          <baseValue baseType="float">1</baseValue>
        </setOutcomeValue>
      </responseIf>
      <responseElse>
        <setOutcomeValue identifier="SCORE226">
          <baseValue baseType="float">0</baseValue>
        </setOutcomeValue>
      </responseElse>
    </responseCondition>
    <setOutcomeValue identifier="SCORE">
      <sum>
        <variable identifier="SCORE225"/>
        <variable identifier="SCORE226"/>
      </sum>
    </setOutcomeValue>
  </responseProcessing>
</assessmentItem>
