<?xml version="1.0"?>
<assessmentItem adaptive="false" identifier="ITEM-LOGIC-MP-244" timeDependent="false" title="Complete this sentence." toolName="ItemLogic" toolVersion="2.0.0" xmlns="http://www.imsglobal.org/xsd/imsqti_v2p1" xmlns:m="http://www.w3.org/1998/Math/MathML" xmlns:xsi="http://www.w3.org/2001/XMLSchema-instance" xsi:schemaLocation="http://www.imsglobal.org/xsd/imsqti_v2p1  http://www.imsglobal.org/xsd/qti/qtiv2p1/imsqti_v2p1.xsd">
  <responseDeclaration baseType="identifier" cardinality="single" identifier="RESPONSE93">
    <correctResponse>
      <value>IC-2488</value>
    </correctResponse>
  </responseDeclaration>
  <outcomeDeclaration baseType="float" cardinality="single" identifier="SCORE93">
    <defaultValue>
      <value>0</value>
    </defaultValue>
  </outcomeDeclaration>
  <outcomeDeclaration baseType="float" cardinality="single" identifier="SCORE">
    <defaultValue>
      <value>0</value>
    </defaultValue>
  </outcomeDeclaration>
  <stylesheet href="../styles/bundled.css" type="text/css"/>
  <stylesheet href="../styles/inline.css" type="text/css"/>
  <itemBody>
    <div class="stem stem_inline" xmlns:default="http://www.w3.org/1998/Math/MathML">
      <div class="stem_prompt">
        <p>Complete this sentence.</p>
      </div>
      <p xmlns:default="http://www.w3.org/1998/Math/MathML">The distance between <m:math xmlns="http://www.w3.org/1998/Math/MathML">   <m:mo>&#x2212;<!-- âˆ’ --></m:mo>   <m:mn>8</m:mn> </m:math> and <m:math xmlns="http://www.w3.org/1998/Math/MathML">   <m:mn>1</m:mn> </m:math> on a number line is <inlineChoiceInteraction responseIdentifier="RESPONSE93" shuffle="false"><inlineChoice identifier="IC-2485">1</inlineChoice><inlineChoice identifier="IC-2486">7</inlineChoice><inlineChoice identifier="IC-2487">8</inlineChoice><inlineChoice identifier="IC-2488">9</inlineChoice><inlineChoice identifier="IC-2489">10</inlineChoice></inlineChoiceInteraction>.</p>
    </div>
  </itemBody>
  <responseProcessing>
    <responseCondition>
      <responseIf>
        <match>
          <variable identifier="RESPONSE93"/>
          <correct identifier="RESPONSE93"/>
        </match>
        <setOutcomeValue identifier="SCORE93">
          <baseValue baseType="float">1</baseValue>
        </setOutcomeValue>
      </responseIf>
      <responseElse>
        <setOutcomeValue identifier="SCORE93">
          <baseValue baseType="float">0</baseValue>
        </setOutcomeValue>
      </responseElse>
    </responseCondition>
    <setOutcomeValue identifier="SCORE">
      <sum>
        <variable identifier="SCORE93"/>
      </sum>
    </setOutcomeValue>
  </responseProcessing>
</assessmentItem>
