<?xml version="1.0"?>
<assessmentItem adaptive="false" identifier="ITEM-LOGIC-MP-480" timeDependent="false" title="Choose one detail the authors use in each selection to show that it takes many different parts of th" toolName="ItemLogic" toolVersion="2.0.0" xmlns="http://www.imsglobal.org/xsd/imsqti_v2p1" xmlns:m="http://www.w3.org/1998/Math/MathML" xmlns:xsi="http://www.w3.org/2001/XMLSchema-instance" xsi:schemaLocation="http://www.imsglobal.org/xsd/imsqti_v2p1  http://www.imsglobal.org/xsd/qti/qtiv2p1/imsqti_v2p1.xsd">
  <responseDeclaration baseType="identifier" cardinality="multiple" identifier="RESPONSE337">
    <correctResponse>
      <value>HT-7604</value>
      <value>HT-7606</value>
    </correctResponse>
  </responseDeclaration>
  <outcomeDeclaration baseType="float" cardinality="single" identifier="SCORE337">
    <defaultValue>
      <value>0</value>
    </defaultValue>
  </outcomeDeclaration>
  <outcomeDeclaration baseType="float" cardinality="single" identifier="SCORE">
    <defaultValue>
      <value>0</value>
    </defaultValue>
  </outcomeDeclaration>
  <stylesheet href="../styles/bundled.css" type="text/css"/>
  <stylesheet href="../styles/inline.css" type="text/css"/>
  <itemBody>
    <rubricBlock use="context" view="candidate author proctor scorer testConstructor tutor">
      <div>
        <object data="../passages/RSC-LOGIC-MP-996.html" type="text/html"/>
      </div>
      <div>
        <object data="../passages/RSC-LOGIC-MP-997.html" type="text/html"/>
      </div>
    </rubricBlock>
    <hottextInteraction maxChoices="0" responseIdentifier="RESPONSE337">
      <prompt>Choose one detail the authors use in each selection to show that it takes many different parts of the eye to get clear vision.<br/></prompt>
      <table class="style-63547e54bd1a4cc0ac1a91c439947178"> <tbody> <tr> <td class="style-25150780864b21cd93ec9cb82758edc1">The EYES Have It!</td> <td class="style-25150780864b21cd93ec9cb82758edc1"><span class="hottext item_atom item_atom_hottext"><hottext identifier="HT-7603">"Vision is one of the most important senses a person has."</hottext></span></td> </tr> <tr> <td class="style-25150780864b21cd93ec9cb82758edc1">The EYES Have It!</td> <td class="style-25150780864b21cd93ec9cb82758edc1"><hottext identifier="HT-7604">"Rods and cones change light into electrical impulses."</hottext></td> </tr> <tr> <td class="style-25150780864b21cd93ec9cb82758edc1">Build Your Own Eye</td> <td class="style-25150780864b21cd93ec9cb82758edc1"><hottext identifier="HT-7605">"Each eye has a muscle called the iris."</hottext></td> </tr> <tr> <td class="style-25150780864b21cd93ec9cb82758edc1">Build Your Own Eye</td> <td class="style-25150780864b21cd93ec9cb82758edc1"><hottext identifier="HT-7606">"It opens and closes to let just the right amount of light through your lens."</hottext></td> </tr> </tbody> </table>
    </hottextInteraction>
  </itemBody>
  <responseProcessing>
    <responseCondition>
      <responseIf>
        <match>
          <variable identifier="RESPONSE337"/>
          <correct identifier="RESPONSE337"/>
        </match>
        <setOutcomeValue identifier="SCORE337">
          <baseValue baseType="float">1</baseValue>
        </setOutcomeValue>
      </responseIf>
      <responseElse>
        <setOutcomeValue identifier="SCORE337">
          <baseValue baseType="float">0</baseValue>
        </setOutcomeValue>
      </responseElse>
    </responseCondition>
    <setOutcomeValue identifier="SCORE">
      <sum>
        <variable identifier="SCORE337"/>
      </sum>
    </setOutcomeValue>
  </responseProcessing>
</assessmentItem>
