<?xml version="1.0"?>
<assessmentItem adaptive="false" identifier="ITEM-LOGIC-MP-516" timeDependent="false" title="Part A Choose the option that completes the sentence." toolName="ItemLogic" toolVersion="2.0.0" xmlns="http://www.imsglobal.org/xsd/imsqti_v2p1" xmlns:m="http://www.w3.org/1998/Math/MathML" xmlns:xsi="http://www.w3.org/2001/XMLSchema-instance" xsi:schemaLocation="http://www.imsglobal.org/xsd/imsqti_v2p1  http://www.imsglobal.org/xsd/qti/qtiv2p1/imsqti_v2p1.xsd">
  <responseDeclaration baseType="identifier" cardinality="single" identifier="RESPONSE388">
    <correctResponse>
      <value>IC-6781</value>
    </correctResponse>
  </responseDeclaration>
  <responseDeclaration baseType="identifier" cardinality="single" identifier="RESPONSE390">
    <correctResponse>
      <value>SC-6787</value>
    </correctResponse>
  </responseDeclaration>
  <outcomeDeclaration baseType="float" cardinality="single" identifier="SCORE388">
    <defaultValue>
      <value>0</value>
    </defaultValue>
  </outcomeDeclaration>
  <outcomeDeclaration baseType="float" cardinality="single" identifier="SCORE390">
    <defaultValue>
      <value>0</value>
    </defaultValue>
  </outcomeDeclaration>
  <outcomeDeclaration baseType="float" cardinality="single" identifier="SCORE">
    <defaultValue>
      <value>0</value>
    </defaultValue>
  </outcomeDeclaration>
  <stylesheet href="../styles/bundled.css" type="text/css"/>
  <stylesheet href="../styles/inline.css" type="text/css"/>
  <itemBody>
    <rubricBlock use="context" view="candidate author proctor scorer testConstructor tutor">
      <div>
        <object data="../passages/RSC-LOGIC-MP-983.html" type="text/html"/>
      </div>
    </rubricBlock>
    <div class="stem stem_inline">
      <div class="stem_prompt"><p>Part A</p> <p>Choose the option that completes the sentence.</p></div>
      <p>Based on "Huckleberry Finn," the<strong> most likely</strong> reason that the author introduces Huckleberry Finn the way he does is to <inlineChoiceInteraction responseIdentifier="RESPONSE388" shuffle="false"><inlineChoice identifier="IC-6781">suggest the character&#x2019;s authenticity by showing his misunderstandings of cultured life.</inlineChoice><inlineChoice identifier="IC-6780">inspire readers&#x2019; pity by demonstrating how uneducated the character is.</inlineChoice><inlineChoice identifier="IC-6782">demonstrate the character&#x2019;s unreliability by exposing his tendency to lie.</inlineChoice><inlineChoice identifier="IC-6783">raise readers&#x2019; suspicion by revealing the character&#x2019;s eagerness to return to criminality.</inlineChoice></inlineChoiceInteraction></p>
    </div>
    <choiceInteraction maxChoices="1" responseIdentifier="RESPONSE390" shuffle="false">
      <prompt>Part B<br/> Which evidence from "Huckleberry Finn" best supports the answer in Part A?<br/></prompt>
      <simpleChoice fixed="true" identifier="SC-6785">
        <p>&#x201C;I never seen anybody but lied one time or another, without it was Aunt Polly, or the widow,&#x201D; </p>
      </simpleChoice>
      <simpleChoice fixed="true" identifier="SC-6788">
        <p>&#x201C;The Widow Douglas she took me for her son, and allowed she would sivilize me;&#x201D; </p>
      </simpleChoice>
      <simpleChoice fixed="true" identifier="SC-6786">
        <p>&#x201C;But Tom Sawyer he hunted me up and said he was going to start a band of robbers, and I might join if I would go back to the widow and be respectable.&#x201D; </p>
      </simpleChoice>
      <simpleChoice fixed="true" identifier="SC-6787">
        <p>&#x201C;The widow she cried over me, and called me a poor lost lamb, and she called me a lot of other names, too, but she never meant no harm by it.&#x201D; </p>
      </simpleChoice>
    </choiceInteraction>
  </itemBody>
  <responseProcessing>
    <responseCondition>
      <responseIf>
        <match>
          <variable identifier="RESPONSE388"/>
          <correct identifier="RESPONSE388"/>
        </match>
        <setOutcomeValue identifier="SCORE388">
          <baseValue baseType="float">1</baseValue>
        </setOutcomeValue>
      </responseIf>
      <responseElse>
        <setOutcomeValue identifier="SCORE388">
          <baseValue baseType="float">0</baseValue>
        </setOutcomeValue>
      </responseElse>
    </responseCondition>
    <responseCondition>
      <responseIf>
        <match>
          <variable identifier="RESPONSE390"/>
          <correct identifier="RESPONSE390"/>
        </match>
        <setOutcomeValue identifier="SCORE390">
          <baseValue baseType="float">1</baseValue>
        </setOutcomeValue>
      </responseIf>
      <responseElse>
        <setOutcomeValue identifier="SCORE390">
          <baseValue baseType="float">0</baseValue>
        </setOutcomeValue>
      </responseElse>
    </responseCondition>
    <setOutcomeValue identifier="SCORE">
      <sum>
        <variable identifier="SCORE388"/>
        <variable identifier="SCORE390"/>
      </sum>
    </setOutcomeValue>
  </responseProcessing>
</assessmentItem>
