<?xml version="1.0"?>
<assessmentItem adaptive="false" identifier="ITEM-LOGIC-MP-444" timeDependent="false" title="Vivian cut a pie into 6 equal pieces. She ate 2 of the pieces." toolName="ItemLogic" toolVersion="2.0.0" xmlns="http://www.imsglobal.org/xsd/imsqti_v2p1" xmlns:m="http://www.w3.org/1998/Math/MathML" xmlns:xsi="http://www.w3.org/2001/XMLSchema-instance" xsi:schemaLocation="http://www.imsglobal.org/xsd/imsqti_v2p1  http://www.imsglobal.org/xsd/qti/qtiv2p1/imsqti_v2p1.xsd">
  <responseDeclaration baseType="identifier" cardinality="single" identifier="RESPONSE275">
    <correctResponse>
      <value>IC-5448</value>
    </correctResponse>
  </responseDeclaration>
  <responseDeclaration baseType="identifier" cardinality="single" identifier="RESPONSE277">
    <correctResponse>
      <value>IC-7543</value>
    </correctResponse>
  </responseDeclaration>
  <outcomeDeclaration baseType="float" cardinality="single" identifier="SCORE275">
    <defaultValue>
      <value>0</value>
    </defaultValue>
  </outcomeDeclaration>
  <outcomeDeclaration baseType="float" cardinality="single" identifier="SCORE277">
    <defaultValue>
      <value>0</value>
    </defaultValue>
  </outcomeDeclaration>
  <outcomeDeclaration baseType="float" cardinality="single" identifier="SCORE">
    <defaultValue>
      <value>0</value>
    </defaultValue>
  </outcomeDeclaration>
  <stylesheet href="../styles/bundled.css" type="text/css"/>
  <stylesheet href="../styles/inline.css" type="text/css"/>
  <itemBody>
    <div class="stem stem_inline">
      <div class="stem_prompt">
        <p>Vivian cut a pie into 6 equal pieces. She ate 2 of the pieces.</p>
      </div>
      <p>Vivian ate<inlineChoiceInteraction responseIdentifier="RESPONSE275" shuffle="false"><inlineChoice identifier="IC-5448">two-sixths</inlineChoice><inlineChoice identifier="IC-5449">four-sixths</inlineChoice><inlineChoice identifier="IC-5447">six-halves</inlineChoice><inlineChoice identifier="IC-5451">six-fourths</inlineChoice></inlineChoiceInteraction>of the pie.</p>
    </div>
    <div class="stem stem_inline">
      <p>The fraction of the pie that Vivian ate can also be written as <inlineChoiceInteraction responseIdentifier="RESPONSE277" shuffle="false"><inlineChoice identifier="IC-7542">one-sixth</inlineChoice><inlineChoice identifier="IC-7543">one-third</inlineChoice><inlineChoice identifier="IC-7544">one-half</inlineChoice><inlineChoice identifier="IC-7545">two-thirds</inlineChoice></inlineChoiceInteraction>.</p>
    </div>
  </itemBody>
  <responseProcessing>
    <responseCondition>
      <responseIf>
        <match>
          <variable identifier="RESPONSE275"/>
          <correct identifier="RESPONSE275"/>
        </match>
        <setOutcomeValue identifier="SCORE275">
          <baseValue baseType="float">1</baseValue>
        </setOutcomeValue>
      </responseIf>
      <responseElse>
        <setOutcomeValue identifier="SCORE275">
          <baseValue baseType="float">0</baseValue>
        </setOutcomeValue>
      </responseElse>
    </responseCondition>
    <responseCondition>
      <responseIf>
        <match>
          <variable identifier="RESPONSE277"/>
          <correct identifier="RESPONSE277"/>
        </match>
        <setOutcomeValue identifier="SCORE277">
          <baseValue baseType="float">1</baseValue>
        </setOutcomeValue>
      </responseIf>
      <responseElse>
        <setOutcomeValue identifier="SCORE277">
          <baseValue baseType="float">0</baseValue>
        </setOutcomeValue>
      </responseElse>
    </responseCondition>
    <setOutcomeValue identifier="SCORE">
      <sum>
        <variable identifier="SCORE275"/>
        <variable identifier="SCORE277"/>
      </sum>
    </setOutcomeValue>
  </responseProcessing>
</assessmentItem>
