<?xml version="1.0"?>
<assessmentItem adaptive="false" identifier="ITEM-LOGIC-KS-991" timeDependent="false" title="Order the students from the greatest number of points scored to the least number of points scored." toolName="ItemLogic" toolVersion="2.0.0" xmlns="http://www.imsglobal.org/xsd/imsqti_v2p1" xmlns:m="http://www.w3.org/1998/Math/MathML" xmlns:xsi="http://www.w3.org/2001/XMLSchema-instance" xsi:schemaLocation="http://www.imsglobal.org/xsd/imsqti_v2p1  http://www.imsglobal.org/xsd/qti/qtiv2p1/imsqti_v2p1.xsd">
  <responseDeclaration baseType="identifier" cardinality="ordered" identifier="RESPONSE1021">
    <correctResponse>
      <value>SC-17156</value>
      <value>SC-17154</value>
      <value>SC-17153</value>
      <value>SC-17155</value>
    </correctResponse>
  </responseDeclaration>
  <responseDeclaration baseType="identifier" cardinality="single" identifier="RESPONSE1022">
    <correctResponse>
      <value>SC-17162</value>
    </correctResponse>
  </responseDeclaration>
  <outcomeDeclaration baseType="float" cardinality="single" identifier="SCORE1021">
    <defaultValue>
      <value>0</value>
    </defaultValue>
  </outcomeDeclaration>
  <outcomeDeclaration baseType="float" cardinality="single" identifier="SCORE1022">
    <defaultValue>
      <value>0</value>
    </defaultValue>
  </outcomeDeclaration>
  <outcomeDeclaration baseType="float" cardinality="single" identifier="SCORE">
    <defaultValue>
      <value>0</value>
    </defaultValue>
  </outcomeDeclaration>
  <stylesheet href="../styles/bundled.css" type="text/css"/>
  <stylesheet href="../styles/inline.css" type="text/css"/>
  <itemBody>
    <rubricBlock use="stimulus" view="candidate author proctor scorer testConstructor tutor">
      <div>
        <p>The table shows the number of points students scored in a video game.</p>
        <table class="style-3c0be653b9c443a894b57608d3d8235d"> <tbody> <tr> <td align="center" class="style-25150780864b21cd93ec9cb82758edc1" valign="middle">Student</td> <td align="center" class="style-25150780864b21cd93ec9cb82758edc1" valign="middle">Number of Points</td> </tr> <tr> <td align="center" class="style-25150780864b21cd93ec9cb82758edc1" valign="middle">Jack</td> <td align="center" class="style-25150780864b21cd93ec9cb82758edc1" valign="middle">22</td> </tr> <tr> <td align="center" class="style-25150780864b21cd93ec9cb82758edc1" valign="middle">Will</td> <td align="center" class="style-25150780864b21cd93ec9cb82758edc1" valign="middle">26</td> </tr> <tr> <td align="center" class="style-25150780864b21cd93ec9cb82758edc1" valign="middle">Sarah</td> <td align="center" class="style-25150780864b21cd93ec9cb82758edc1" valign="middle">19</td> </tr> <tr> <td align="center" class="style-25150780864b21cd93ec9cb82758edc1" valign="middle">Maria</td> <td align="center" class="style-25150780864b21cd93ec9cb82758edc1" valign="middle">30</td> </tr> </tbody> </table>
      </div>
    </rubricBlock>
    <orderInteraction orientation="vertical" responseIdentifier="RESPONSE1021" shuffle="false">
      <prompt>Order the students from the greatest number of points scored to the least number of points scored.<br/></prompt>
      <simpleChoice identifier="SC-17153">
        <p>Jack</p>
      </simpleChoice>
      <simpleChoice identifier="SC-17154">
        <p>Will</p>
      </simpleChoice>
      <simpleChoice identifier="SC-17155">
        <p>Sarah</p>
      </simpleChoice>
      <simpleChoice identifier="SC-17156">
        <p>Maria</p>
      </simpleChoice>
    </orderInteraction>
    <choiceInteraction maxChoices="1" responseIdentifier="RESPONSE1022" shuffle="false">
      <prompt>Liz also played the video game. She scored more points than two of the students, and fewer points than the other two students. How many points might Liz have scored?<br/></prompt>
      <simpleChoice fixed="true" identifier="SC-17164">
        <p>20</p>
      </simpleChoice>
      <simpleChoice fixed="true" identifier="SC-17162">
        <p>23</p>
      </simpleChoice>
      <simpleChoice fixed="true" identifier="SC-17166">
        <p>28</p>
      </simpleChoice>
      <simpleChoice fixed="true" identifier="SC-17168">
        <p>32</p>
      </simpleChoice>
    </choiceInteraction>
  </itemBody>
  <responseProcessing>
    <responseCondition>
      <responseIf>
        <match>
          <variable identifier="RESPONSE1021"/>
          <correct identifier="RESPONSE1021"/>
        </match>
        <setOutcomeValue identifier="SCORE1021">
          <baseValue baseType="float">1</baseValue>
        </setOutcomeValue>
      </responseIf>
      <responseElse>
        <setOutcomeValue identifier="SCORE1021">
          <baseValue baseType="float">0</baseValue>
        </setOutcomeValue>
      </responseElse>
    </responseCondition>
    <responseCondition>
      <responseIf>
        <match>
          <variable identifier="RESPONSE1022"/>
          <correct identifier="RESPONSE1022"/>
        </match>
        <setOutcomeValue identifier="SCORE1022">
          <baseValue baseType="float">1</baseValue>
        </setOutcomeValue>
      </responseIf>
      <responseElse>
        <setOutcomeValue identifier="SCORE1022">
          <baseValue baseType="float">0</baseValue>
        </setOutcomeValue>
      </responseElse>
    </responseCondition>
    <setOutcomeValue identifier="SCORE">
      <sum>
        <variable identifier="SCORE1021"/>
        <variable identifier="SCORE1022"/>
      </sum>
    </setOutcomeValue>
  </responseProcessing>
</assessmentItem>
