<?xml version="1.0"?>
<assessmentItem adaptive="false" identifier="ITEM-LOGIC-MP-518" timeDependent="false" title="Part A Select the option that completes the sentence." toolName="ItemLogic" toolVersion="2.0.0" xmlns="http://www.imsglobal.org/xsd/imsqti_v2p1" xmlns:m="http://www.w3.org/1998/Math/MathML" xmlns:xsi="http://www.w3.org/2001/XMLSchema-instance" xsi:schemaLocation="http://www.imsglobal.org/xsd/imsqti_v2p1  http://www.imsglobal.org/xsd/qti/qtiv2p1/imsqti_v2p1.xsd">
  <responseDeclaration baseType="identifier" cardinality="single" identifier="RESPONSE394">
    <correctResponse>
      <value>IC-6816</value>
    </correctResponse>
  </responseDeclaration>
  <responseDeclaration baseType="identifier" cardinality="multiple" identifier="RESPONSE396">
    <correctResponse>
      <value>HT-769547</value>
    </correctResponse>
  </responseDeclaration>
  <outcomeDeclaration baseType="float" cardinality="single" identifier="SCORE394">
    <defaultValue>
      <value>0</value>
    </defaultValue>
  </outcomeDeclaration>
  <outcomeDeclaration baseType="float" cardinality="single" identifier="SCORE396">
    <defaultValue>
      <value>0</value>
    </defaultValue>
  </outcomeDeclaration>
  <outcomeDeclaration baseType="float" cardinality="single" identifier="SCORE">
    <defaultValue>
      <value>0</value>
    </defaultValue>
  </outcomeDeclaration>
  <stylesheet href="../styles/bundled.css" type="text/css"/>
  <stylesheet href="../styles/inline.css" type="text/css"/>
  <itemBody>
    <rubricBlock use="context" view="candidate author proctor scorer testConstructor tutor">
      <div>
        <object data="../passages/RSC-LOGIC-MP-958.html" type="text/html"/>
      </div>
    </rubricBlock>
    <div class="stem stem_inline">
      <div class="stem_prompt"><p>Part A</p> <p>Select the option that completes the sentence.</p></div>
      <p>Based on "Chance for Peace," Eisenhower's primary purpose for delivering this speech was to <inlineChoiceInteraction responseIdentifier="RESPONSE394" shuffle="false"><inlineChoice identifier="IC-6817">remind listeners of specific international threats.</inlineChoice><inlineChoice identifier="IC-6818">demand cooperation from fellow world leaders.</inlineChoice><inlineChoice identifier="IC-6812">assert American leadership after a period of withdrawal.</inlineChoice><inlineChoice identifier="IC-6816">restore a lost sense of international collaboration.</inlineChoice></inlineChoiceInteraction></p>
    </div>
    <hottextInteraction maxChoices="0" responseIdentifier="RESPONSE396">
      <prompt>Part B<br/> Select the excerpt from "Chance for Peace" that best supports the answer in Part A.<br/></prompt>
      <p>
        <hottext identifier="HT-769546">"And the shadow of fear again has darkly lengthened across the world."</hottext>
      </p>
      <p>
        <hottext identifier="HT-769547">"This common purpose lasted an instant and perished. The nations of the world divided to follow two distinct roads."</hottext>
      </p>
      <p>
        <hottext identifier="HT-769548">"Any nation&#x2019;s right to a form of government and an economic system of its own choosing is inalienable."</hottext>
      </p>
      <p>
        <hottext identifier="HT-769549">"In the light of these principles the citizens of the United States defined the way they proposed to follow, through the aftermath of war, toward true peace."</hottext>
      </p>
    </hottextInteraction>
  </itemBody>
  <responseProcessing>
    <responseCondition>
      <responseIf>
        <match>
          <variable identifier="RESPONSE394"/>
          <correct identifier="RESPONSE394"/>
        </match>
        <setOutcomeValue identifier="SCORE394">
          <baseValue baseType="float">1</baseValue>
        </setOutcomeValue>
      </responseIf>
      <responseElse>
        <setOutcomeValue identifier="SCORE394">
          <baseValue baseType="float">0</baseValue>
        </setOutcomeValue>
      </responseElse>
    </responseCondition>
    <responseCondition>
      <responseIf>
        <match>
          <variable identifier="RESPONSE396"/>
          <correct identifier="RESPONSE396"/>
        </match>
        <setOutcomeValue identifier="SCORE396">
          <baseValue baseType="float">1</baseValue>
        </setOutcomeValue>
      </responseIf>
      <responseElse>
        <setOutcomeValue identifier="SCORE396">
          <baseValue baseType="float">0</baseValue>
        </setOutcomeValue>
      </responseElse>
    </responseCondition>
    <setOutcomeValue identifier="SCORE">
      <sum>
        <variable identifier="SCORE394"/>
        <variable identifier="SCORE396"/>
      </sum>
    </setOutcomeValue>
  </responseProcessing>
</assessmentItem>
