<?xml version="1.0"?>
<assessmentItem adaptive="false" identifier="ITEM-LOGIC-KS-959" timeDependent="false" title="Match each event to the reason it happened." toolName="ItemLogic" toolVersion="2.0.0" xmlns="http://www.imsglobal.org/xsd/imsqti_v2p1" xmlns:m="http://www.w3.org/1998/Math/MathML" xmlns:xsi="http://www.w3.org/2001/XMLSchema-instance" xsi:schemaLocation="http://www.imsglobal.org/xsd/imsqti_v2p1  http://www.imsglobal.org/xsd/qti/qtiv2p1/imsqti_v2p1.xsd">
  <responseDeclaration baseType="directedPair" cardinality="multiple" identifier="RESPONSE949">
    <correctResponse>
      <value>SAC-16666 SAC-16667</value>
      <value>SAC-16668 SAC-16669</value>
      <value>SAC-16670 SAC-16671</value>
      <value>SAC-16672 SAC-16673</value>
    </correctResponse>
    <mapping defaultValue="0.00" lowerBound="0.00" upperBound="2.00">
      <mapEntry mapKey="SAC-16666 SAC-16667" mappedValue="0.50"/>
      <mapEntry mapKey="SAC-16668 SAC-16669" mappedValue="0.50"/>
      <mapEntry mapKey="SAC-16670 SAC-16671" mappedValue="0.50"/>
      <mapEntry mapKey="SAC-16672 SAC-16673" mappedValue="0.50"/>
    </mapping>
  </responseDeclaration>
  <outcomeDeclaration baseType="float" cardinality="single" identifier="SCORE949">
    <defaultValue>
      <value>0</value>
    </defaultValue>
  </outcomeDeclaration>
  <outcomeDeclaration baseType="float" cardinality="single" identifier="SCORE">
    <defaultValue>
      <value>0</value>
    </defaultValue>
  </outcomeDeclaration>
  <stylesheet href="../styles/bundled.css" type="text/css"/>
  <stylesheet href="../styles/inline.css" type="text/css"/>
  <itemBody>
    <rubricBlock use="context" view="candidate author proctor scorer testConstructor tutor">
      <div>
        <object data="../passages/RSC-LOGIC-KS-7201.html" type="text/html"/>
      </div>
    </rubricBlock>
    <rubricBlock use="stimulus" view="candidate author proctor scorer testConstructor tutor">
      <div>
        <p>Events in the story,&#xA0;<em>The Tortoise and the Hare, </em>happened for different reasons.</p>
      </div>
    </rubricBlock>
    <matchInteraction maxAssociations="4" responseIdentifier="RESPONSE949" shuffle="false">
      <prompt>Match each event to the reason it happened.<br/></prompt>
      <simpleMatchSet>
        <simpleAssociableChoice identifier="SAC-16668" matchMax="1">
          <p>Hare took a nap.</p>
        </simpleAssociableChoice>
        <simpleAssociableChoice identifier="SAC-16670" matchMax="1">
          <p>Hare jumped to his feet.</p>
        </simpleAssociableChoice>
        <simpleAssociableChoice identifier="SAC-16672" matchMax="1">
          <p>Tortoise grinned at Hare.</p>
        </simpleAssociableChoice>
        <simpleAssociableChoice identifier="SAC-16666" matchMax="1">
          <p>Tortoise asked for a race.</p>
        </simpleAssociableChoice>
      </simpleMatchSet>
      <simpleMatchSet>
        <simpleAssociableChoice identifier="SAC-16671" matchMax="1">
          <p>He heard a noise.</p>
        </simpleAssociableChoice>
        <simpleAssociableChoice identifier="SAC-16669" matchMax="1">
          <p>He felt sure he'd win easily.</p>
        </simpleAssociableChoice>
        <simpleAssociableChoice identifier="SAC-16667" matchMax="1">
          <p>He wanted to teach a lesson.</p>
        </simpleAssociableChoice>
        <simpleAssociableChoice identifier="SAC-16673" matchMax="1">
          <p>He knew a lesson was learned.</p>
        </simpleAssociableChoice>
      </simpleMatchSet>
    </matchInteraction>
  </itemBody>
  <responseProcessing>
    <responseCondition>
      <responseIf>
        <isNull>
          <variable identifier="RESPONSE949"/>
        </isNull>
        <setOutcomeValue identifier="SCORE949">
          <baseValue baseType="float">0.0</baseValue>
        </setOutcomeValue>
      </responseIf>
      <responseElse>
        <setOutcomeValue identifier="SCORE949">
          <mapResponse identifier="RESPONSE949"/>
        </setOutcomeValue>
      </responseElse>
    </responseCondition>
    <setOutcomeValue identifier="SCORE">
      <sum>
        <variable identifier="SCORE949"/>
      </sum>
    </setOutcomeValue>
  </responseProcessing>
</assessmentItem>
