<?xml version="1.0"?>
<assessmentItem adaptive="false" identifier="ITEM-LOGIC-KS-837" timeDependent="false" title="Select the theme that is developed in King's Chosen." toolName="ItemLogic" toolVersion="2.0.0" xmlns="http://www.imsglobal.org/xsd/imsqti_v2p1" xmlns:m="http://www.w3.org/1998/Math/MathML" xmlns:xsi="http://www.w3.org/2001/XMLSchema-instance" xsi:schemaLocation="http://www.imsglobal.org/xsd/imsqti_v2p1  http://www.imsglobal.org/xsd/qti/qtiv2p1/imsqti_v2p1.xsd">
  <responseDeclaration baseType="identifier" cardinality="multiple" identifier="RESPONSE848">
    <correctResponse>
      <value>HT-15126</value>
    </correctResponse>
  </responseDeclaration>
  <responseDeclaration baseType="identifier" cardinality="multiple" identifier="RESPONSE850">
    <correctResponse>
      <value>HT-15132</value>
      <value>HT-15130</value>
      <value>HT-15134</value>
    </correctResponse>
  </responseDeclaration>
  <outcomeDeclaration baseType="float" cardinality="single" identifier="SCORE848">
    <defaultValue>
      <value>0</value>
    </defaultValue>
  </outcomeDeclaration>
  <outcomeDeclaration baseType="float" cardinality="single" identifier="SCORE850">
    <defaultValue>
      <value>0</value>
    </defaultValue>
  </outcomeDeclaration>
  <outcomeDeclaration baseType="float" cardinality="single" identifier="SCORE">
    <defaultValue>
      <value>0</value>
    </defaultValue>
  </outcomeDeclaration>
  <stylesheet href="../styles/bundled.css" type="text/css"/>
  <stylesheet href="../styles/inline.css" type="text/css"/>
  <itemBody>
    <rubricBlock use="context" view="candidate author proctor scorer testConstructor tutor">
      <div>
        <object data="../passages/RSC-LOGIC-KS-3781.html" type="text/html"/>
      </div>
    </rubricBlock>
    <rubricBlock use="stimulus" view="candidate author proctor scorer testConstructor tutor">
      <div>
        <p>The author develops several themes throughout the story <em>King's Chosen</em>. The list below contains one of these themes.</p>
      </div>
    </rubricBlock>
    <hottextInteraction maxChoices="0" responseIdentifier="RESPONSE848">
      <prompt>Select the theme that is developed in <em>King's Chosen</em>.<br/></prompt>
      <p>
        <hottext identifier="HT-15121">choosing material wealth over friendship</hottext>
      </p>
      <p>
        <hottext identifier="HT-15125">discovering beauty in the simplicity of nature</hottext>
      </p>
      <p>
        <hottext identifier="HT-15126">discovering that circumstances are not always what they seem to be</hottext>
      </p>
      <p>
        <hottext identifier="HT-15124">using skill and knowledge rather than physical strength to win a battle</hottext>
      </p>
    </hottextInteraction>
    <hottextInteraction maxChoices="0" responseIdentifier="RESPONSE850">
      <prompt>Select the ideas from the story that support the development of the theme.<br/></prompt>
      <p>
        <hottext identifier="HT-15136">Giraffe asked Zebra to do the Great Contest together with him.</hottext>
      </p>
      <p>
        <hottext identifier="HT-15132">Zebra saw Giraffe whispering with Hippo and became suspicious.</hottext>
      </p>
      <p>
        <hottext identifier="HT-15130">King Lion describes a great honor that only one competitor will win.</hottext>
      </p>
      <p>
        <hottext identifier="HT-15138">Sun assured King Lion that she would not interfere in the Great Contest.</hottext>
      </p>
      <p>
        <hottext identifier="HT-15134">Giraffe cut the tarp on Zebra's back, causing the boulders to tumble down the hill.</hottext>
      </p>
    </hottextInteraction>
  </itemBody>
  <responseProcessing>
    <responseCondition>
      <responseIf>
        <match>
          <variable identifier="RESPONSE848"/>
          <correct identifier="RESPONSE848"/>
        </match>
        <setOutcomeValue identifier="SCORE848">
          <baseValue baseType="float">1</baseValue>
        </setOutcomeValue>
      </responseIf>
      <responseElse>
        <setOutcomeValue identifier="SCORE848">
          <baseValue baseType="float">0</baseValue>
        </setOutcomeValue>
      </responseElse>
    </responseCondition>
    <responseCondition>
      <responseIf>
        <match>
          <variable identifier="RESPONSE850"/>
          <correct identifier="RESPONSE850"/>
        </match>
        <setOutcomeValue identifier="SCORE850">
          <baseValue baseType="float">1</baseValue>
        </setOutcomeValue>
      </responseIf>
      <responseElse>
        <setOutcomeValue identifier="SCORE850">
          <baseValue baseType="float">0</baseValue>
        </setOutcomeValue>
      </responseElse>
    </responseCondition>
    <setOutcomeValue identifier="SCORE">
      <sum>
        <variable identifier="SCORE848"/>
        <variable identifier="SCORE850"/>
      </sum>
    </setOutcomeValue>
  </responseProcessing>
</assessmentItem>
