<?xml version="1.0"?>
<assessmentItem adaptive="false" identifier="ITEM-LOGIC-MP-220" timeDependent="false" title="Drag a number into the box to show an expression that has the same value as Sam's mystery number." toolName="ItemLogic" toolVersion="2.0.0" xmlns="http://www.imsglobal.org/xsd/imsqti_v2p1" xmlns:m="http://www.w3.org/1998/Math/MathML" xmlns:xsi="http://www.w3.org/2001/XMLSchema-instance" xsi:schemaLocation="http://www.imsglobal.org/xsd/imsqti_v2p1  http://www.imsglobal.org/xsd/qti/qtiv2p1/imsqti_v2p1.xsd">
  <responseDeclaration baseType="directedPair" cardinality="multiple" identifier="RESPONSE56">
    <correctResponse>
      <value>GI-3570 HS-3814</value>
    </correctResponse>
  </responseDeclaration>
  <outcomeDeclaration baseType="float" cardinality="single" identifier="SCORE56">
    <defaultValue>
      <value>0</value>
    </defaultValue>
  </outcomeDeclaration>
  <outcomeDeclaration baseType="float" cardinality="single" identifier="SCORE">
    <defaultValue>
      <value>0</value>
    </defaultValue>
  </outcomeDeclaration>
  <stylesheet href="../styles/bundled.css" type="text/css"/>
  <stylesheet href="../styles/inline.css" type="text/css"/>
  <itemBody>
    <rubricBlock use="stimulus" view="candidate author proctor scorer testConstructor tutor" xmlns:default="http://www.w3.org/1998/Math/MathML">
      <div>
        <p>Sam wrote this expression to represent a mystery number.</p>
        <m:math xmlns="http://www.w3.org/1998/Math/MathML">   <m:mo stretchy="false">(</m:mo>   <m:mn>2</m:mn>   <m:mo>&#xD7;<!-- Ã— --></m:mo>   <m:mn>3</m:mn>   <m:mo stretchy="false">)</m:mo>   <m:mo>+</m:mo>   <m:mo stretchy="false">(</m:mo>   <m:mn>2</m:mn>   <m:mo>&#xD7;<!-- Ã— --></m:mo>   <m:mn>1</m:mn>   <m:mo stretchy="false">)</m:mo> </m:math>
      </div>
    </rubricBlock>
    <graphicGapMatchInteraction responseIdentifier="RESPONSE56">
      <prompt>Drag a number into the box to show an expression that has the same value as Sam's mystery number.<br/></prompt>
      <object data="../images/FROERI013_Mystery_Number_stem_01_o_5818cc48d7.png" height="45" type="image/png" width="99"/>
      <gapImg identifier="GI-3567" matchMax="1">
        <object data="../images/FROERI013_Mystery_Number_opt_A01_o_dc5e886f82.png" height="30" type="image/png" width="35"/>
      </gapImg>
      <gapImg identifier="GI-3568" matchMax="1">
        <object data="../images/FROERI013_Mystery_Number_opt_B01_o_dd5d7dcccf.png" height="31" type="image/png" width="35"/>
      </gapImg>
      <gapImg identifier="GI-3569" matchMax="1">
        <object data="../images/FROERI013_Mystery_Number_opt_C01_o_06927dc456.png" height="31" type="image/png" width="35"/>
      </gapImg>
      <gapImg identifier="GI-3570" matchMax="1">
        <object data="../images/FROERI013_Mystery_Number_opt_D01_o_2d295fdad7.png" height="30" type="image/png" width="35"/>
      </gapImg>
      <gapImg identifier="GI-3571" matchMax="1">
        <object data="../images/FROERI013_Mystery_Number_opt_E01_o_bbbe171bef.png" height="31" type="image/png" width="35"/>
      </gapImg>
      <gapImg identifier="GI-3572" matchMax="1">
        <object data="../images/FROERI013_Mystery_Number_opt_F01_o_e4c906336f.png" height="31" type="image/png" width="35"/>
      </gapImg>
      <gapImg identifier="GI-3573" matchMax="1">
        <object data="../images/FROERI013_Mystery_Number_opt_G01_o_5c865114bd.png" height="30" type="image/png" width="35"/>
      </gapImg>
      <gapImg identifier="GI-3574" matchMax="1">
        <object data="../images/FROERI013_Mystery_Number_opt_H01_o_3025791530.png" height="31" type="image/png" width="35"/>
      </gapImg>
      <gapImg identifier="GI-3575" matchMax="1">
        <object data="../images/FROERI013_Mystery_Number_opt_I01_o_6c3e11f49c.png" height="30" type="image/png" width="35"/>
      </gapImg>
      <gapImg identifier="GI-3576" matchMax="1">
        <object data="../images/FROERI013_Mystery_Number_opt_J01_o_7bc2c993d1.png" height="31" type="image/png" width="35"/>
      </gapImg>
      <associableHotspot coords="57,7,92,38" identifier="HS-3814" matchMax="1" shape="rect"/>
    </graphicGapMatchInteraction>
  </itemBody>
  <responseProcessing>
    <responseCondition>
      <responseIf>
        <match>
          <variable identifier="RESPONSE56"/>
          <correct identifier="RESPONSE56"/>
        </match>
        <setOutcomeValue identifier="SCORE56">
          <baseValue baseType="float">1</baseValue>
        </setOutcomeValue>
      </responseIf>
      <responseElse>
        <setOutcomeValue identifier="SCORE56">
          <baseValue baseType="float">0</baseValue>
        </setOutcomeValue>
      </responseElse>
    </responseCondition>
    <setOutcomeValue identifier="SCORE">
      <sum>
        <variable identifier="SCORE56"/>
      </sum>
    </setOutcomeValue>
  </responseProcessing>
</assessmentItem>
