<?xml version="1.0"?>
<assessmentItem adaptive="false" identifier="ITEM-LOGIC-MP-422" timeDependent="false" title="Match the equation to the word problem it represents." toolName="ItemLogic" toolVersion="2.0.0" xmlns="http://www.imsglobal.org/xsd/imsqti_v2p1" xmlns:m="http://www.w3.org/1998/Math/MathML" xmlns:xsi="http://www.w3.org/2001/XMLSchema-instance" xsi:schemaLocation="http://www.imsglobal.org/xsd/imsqti_v2p1  http://www.imsglobal.org/xsd/qti/qtiv2p1/imsqti_v2p1.xsd">
  <responseDeclaration baseType="directedPair" cardinality="multiple" identifier="RESPONSE233">
    <correctResponse>
      <value>SAC-5186 SAC-5185</value>
      <value>SAC-5188 SAC-5187</value>
      <value>SAC-16782 SAC-16784</value>
      <value>SAC-16783 SAC-16785</value>
    </correctResponse>
    <mapping defaultValue="-1.00" lowerBound="0.00" upperBound="2.00">
      <mapEntry mapKey="SAC-5186 SAC-5185" mappedValue="0.50"/>
      <mapEntry mapKey="SAC-5188 SAC-5187" mappedValue="0.50"/>
      <mapEntry mapKey="SAC-16782 SAC-16784" mappedValue="0.50"/>
      <mapEntry mapKey="SAC-16783 SAC-16785" mappedValue="0.50"/>
    </mapping>
  </responseDeclaration>
  <outcomeDeclaration baseType="float" cardinality="single" identifier="SCORE233">
    <defaultValue>
      <value>0</value>
    </defaultValue>
  </outcomeDeclaration>
  <outcomeDeclaration baseType="float" cardinality="single" identifier="SCORE">
    <defaultValue>
      <value>0</value>
    </defaultValue>
  </outcomeDeclaration>
  <stylesheet href="../styles/bundled.css" type="text/css"/>
  <stylesheet href="../styles/inline.css" type="text/css"/>
  <itemBody>
    <matchInteraction maxAssociations="4" responseIdentifier="RESPONSE233" shuffle="false">
      <prompt>Match the equation to the word problem it represents.<br/></prompt>
      <simpleMatchSet>
        <simpleAssociableChoice identifier="SAC-5188" matchMax="1">
          <p xmlns:default="http://www.w3.org/1998/Math/MathML">
            <m:math xmlns="http://www.w3.org/1998/Math/MathML">   <m:mn>12</m:mn>   <m:mo>&#xD7;<!-- Ã— --></m:mo>   <m:mn>3</m:mn>   <m:mo>=</m:mo>   <m:mi>n</m:mi> </m:math>
          </p>
        </simpleAssociableChoice>
        <simpleAssociableChoice identifier="SAC-5186" matchMax="1">
          <m:math xmlns="http://www.w3.org/1998/Math/MathML">   <m:mn>12</m:mn>   <m:mo>&#xF7;<!-- Ã· --></m:mo>   <m:mi>n</m:mi>   <m:mo>=</m:mo>   <m:mn>3</m:mn> </m:math>
        </simpleAssociableChoice>
        <simpleAssociableChoice identifier="SAC-16782" matchMax="1">
          <m:math xmlns="http://www.w3.org/1998/Math/MathML">   <m:mn>12</m:mn>   <m:mo>+</m:mo>   <m:mn>3</m:mn>   <m:mo>=</m:mo>   <m:mi>n</m:mi> </m:math>
        </simpleAssociableChoice>
        <simpleAssociableChoice identifier="SAC-16783" matchMax="1">
          <m:math xmlns="http://www.w3.org/1998/Math/MathML">   <m:mn>12</m:mn>   <m:mo>&#x2212;<!-- − --></m:mo>   <m:mi>n</m:mi>   <m:mo>=</m:mo>   <m:mn>3</m:mn> </m:math>
        </simpleAssociableChoice>
      </simpleMatchSet>
      <simpleMatchSet>
        <simpleAssociableChoice identifier="SAC-5185" matchMax="1">
          <p>Ty has 12 seeds and 3 pots. He put the same number of seeds in each pot. How many seeds, <em>n</em>, did he put in each pot?</p>
        </simpleAssociableChoice>
        <simpleAssociableChoice identifier="SAC-5187" matchMax="1">
          <p>Mary has 12 pots. She put 3 seeds in each pot. How many seeds, <em>n</em>, did she put in all the pots altogether?</p>
        </simpleAssociableChoice>
        <simpleAssociableChoice identifier="SAC-16785" matchMax="1">
          <p>Jim has 12 seeds. He put some of the seeds in a pot. Jim now has 3 seeds. How many seeds, <em>n</em>, did he put in the pot?</p>
        </simpleAssociableChoice>
        <simpleAssociableChoice identifier="SAC-16784" matchMax="1">
          <p>Sue put 12 seeds in a pot. She then put 3 more seeds in the pot. How many seeds, <em>n</em>, did she put in each pot?</p>
        </simpleAssociableChoice>
      </simpleMatchSet>
    </matchInteraction>
  </itemBody>
  <responseProcessing>
    <responseCondition>
      <responseIf>
        <isNull>
          <variable identifier="RESPONSE233"/>
        </isNull>
        <setOutcomeValue identifier="SCORE233">
          <baseValue baseType="float">0.0</baseValue>
        </setOutcomeValue>
      </responseIf>
      <responseElse>
        <setOutcomeValue identifier="SCORE233">
          <mapResponse identifier="RESPONSE233"/>
        </setOutcomeValue>
      </responseElse>
    </responseCondition>
    <setOutcomeValue identifier="SCORE">
      <sum>
        <variable identifier="SCORE233"/>
      </sum>
    </setOutcomeValue>
  </responseProcessing>
</assessmentItem>
