<?xml version="1.0"?>
<assessmentItem adaptive="false" identifier="ITEM-LOGIC-MP-528" timeDependent="false" title="For these equations, select the maximum degree of r(x) and p(x). The variable a is a constant." toolName="ItemLogic" toolVersion="2.0.0" xmlns="http://www.imsglobal.org/xsd/imsqti_v2p1" xmlns:m="http://www.w3.org/1998/Math/MathML" xmlns:xsi="http://www.w3.org/2001/XMLSchema-instance" xsi:schemaLocation="http://www.imsglobal.org/xsd/imsqti_v2p1  http://www.imsglobal.org/xsd/qti/qtiv2p1/imsqti_v2p1.xsd">
  <responseDeclaration baseType="identifier" cardinality="single" identifier="RESPONSE411">
    <correctResponse>
      <value>IC-17464</value>
    </correctResponse>
  </responseDeclaration>
  <responseDeclaration baseType="identifier" cardinality="single" identifier="RESPONSE412">
    <correctResponse>
      <value>IC-17472</value>
    </correctResponse>
  </responseDeclaration>
  <outcomeDeclaration baseType="float" cardinality="single" identifier="SCORE411">
    <defaultValue>
      <value>0</value>
    </defaultValue>
  </outcomeDeclaration>
  <outcomeDeclaration baseType="float" cardinality="single" identifier="SCORE412">
    <defaultValue>
      <value>0</value>
    </defaultValue>
  </outcomeDeclaration>
  <outcomeDeclaration baseType="float" cardinality="single" identifier="SCORE">
    <defaultValue>
      <value>0</value>
    </defaultValue>
  </outcomeDeclaration>
  <stylesheet href="../styles/bundled.css" type="text/css"/>
  <stylesheet href="../styles/inline.css" type="text/css"/>
  <itemBody>
    <div class="stem stem_inline" xmlns:default="http://www.w3.org/1998/Math/MathML"><div class="stem_prompt" xmlns:default="http://www.w3.org/1998/Math/MathML"><p>For these equations, select the maximum degree of <em>r</em>(<em>x</em>) and <em>p</em>(<em>x</em>). The variable <em>a</em> is a constant.</p><m:math xmlns="http://www.w3.org/1998/Math/MathML">   <m:mfrac>     <m:mrow>       <m:msup>         <m:mi>x</m:mi>         <m:mn>5</m:mn>       </m:msup>       <m:mo>+</m:mo>       <m:mn>4</m:mn>       <m:msup>         <m:mi>x</m:mi>         <m:mn>4</m:mn>       </m:msup>       <m:mo>&#x2212;<!-- âˆ’ --></m:mo>       <m:mn>5</m:mn>       <m:msup>         <m:mi>x</m:mi>         <m:mn>3</m:mn>       </m:msup>       <m:mo>+</m:mo>       <m:mn>3</m:mn>       <m:msup>         <m:mi>x</m:mi>         <m:mn>2</m:mn>       </m:msup>       <m:mo>+</m:mo>       <m:mn>2</m:mn>       <m:mi>x</m:mi>       <m:mo>&#x2212;<!-- âˆ’ --></m:mo>       <m:mi>a</m:mi>     </m:mrow>     <m:mrow>       <m:mi>x</m:mi>       <m:mo>+</m:mo>       <m:mn>1</m:mn>     </m:mrow>   </m:mfrac>   <m:mo>=</m:mo>   <m:msup>     <m:mi>x</m:mi>     <m:mn>4</m:mn>   </m:msup>   <m:mo>+</m:mo>   <m:mn>3</m:mn>   <m:msup>     <m:mi>x</m:mi>     <m:mn>3</m:mn>   </m:msup>   <m:mo>&#x2212;<!-- âˆ’ --></m:mo>   <m:mn>8</m:mn>   <m:msup>     <m:mi>x</m:mi>     <m:mn>2</m:mn>   </m:msup>   <m:mo>+</m:mo>   <m:mn>11</m:mn>   <m:mi>x</m:mi>   <m:mo>&#x2212;<!-- âˆ’ --></m:mo>   <m:mn>9</m:mn>   <m:mo>+</m:mo>   <m:mfrac>     <m:mrow>       <m:mi>r</m:mi>       <m:mo stretchy="false">(</m:mo>       <m:mi>x</m:mi>       <m:mo stretchy="false">)</m:mo>     </m:mrow>     <m:mrow>       <m:mi>x</m:mi>       <m:mo>+</m:mo>       <m:mn>1</m:mn>     </m:mrow>   </m:mfrac> </m:math><m:math>   <m:mfrac>     <m:mrow>       <m:msup>         <m:mi>x</m:mi>         <m:mn>5</m:mn>       </m:msup>       <m:mo>+</m:mo>       <m:mn>4</m:mn>       <m:msup>         <m:mi>x</m:mi>         <m:mn>4</m:mn>       </m:msup>       <m:mo>&#x2212;<!-- − --></m:mo>       <m:mn>5</m:mn>       <m:msup>         <m:mi>x</m:mi>         <m:mn>3</m:mn>       </m:msup>       <m:mo>+</m:mo>       <m:mn>3</m:mn>       <m:msup>         <m:mi>x</m:mi>         <m:mn>2</m:mn>       </m:msup>       <m:mo>+</m:mo>       <m:mn>2</m:mn>       <m:mi>x</m:mi>       <m:mo>&#x2212;<!-- − --></m:mo>       <m:mi>a</m:mi>     </m:mrow>     <m:mrow>       <m:msup>         <m:mi>x</m:mi>         <m:mn>2</m:mn>       </m:msup>       <m:mo>+</m:mo>       <m:mn>1</m:mn>     </m:mrow>   </m:mfrac>   <m:mo>=</m:mo>   <m:msup>     <m:mi>x</m:mi>     <m:mn>3</m:mn>   </m:msup>   <m:mo>+</m:mo>   <m:mn>4</m:mn>   <m:msup>     <m:mi>x</m:mi>     <m:mn>2</m:mn>   </m:msup>   <m:mo>&#x2212;<!-- − --></m:mo>   <m:mn>6</m:mn>   <m:mi>x</m:mi>   <m:mo>&#x2212;<!-- − --></m:mo>   <m:mn>1</m:mn>   <m:mo>+</m:mo>   <m:mfrac>     <m:mrow>       <m:mi>p</m:mi>       <m:mo stretchy="false">(</m:mo>       <m:mi>x</m:mi>       <m:mo stretchy="false">)</m:mo>     </m:mrow>     <m:mrow>       <m:msup>         <m:mi>x</m:mi>         <m:mn>2</m:mn>       </m:msup>       <m:mo>+</m:mo>       <m:mn>1</m:mn>     </m:mrow>   </m:mfrac> </m:math></div><p>The maximum degree of <em>r</em>(<em>x</em>) is <inlineChoiceInteraction responseIdentifier="RESPONSE411" shuffle="false"><inlineChoice identifier="IC-17464">0</inlineChoice><inlineChoice identifier="IC-17463">1</inlineChoice><inlineChoice identifier="IC-17465">2</inlineChoice><inlineChoice identifier="IC-17466">3</inlineChoice><inlineChoice identifier="IC-17467">4</inlineChoice></inlineChoiceInteraction>.</p> <p>The maximum degree of <em>p</em>(<em>x</em>) is <inlineChoiceInteraction responseIdentifier="RESPONSE412" shuffle="false"><inlineChoice identifier="IC-17471">0</inlineChoice><inlineChoice identifier="IC-17472">1</inlineChoice><inlineChoice identifier="IC-17473">2</inlineChoice><inlineChoice identifier="IC-17474">3</inlineChoice><inlineChoice identifier="IC-17475">4</inlineChoice></inlineChoiceInteraction>.</p></div>
  </itemBody>
  <responseProcessing>
    <responseCondition>
      <responseIf>
        <match>
          <variable identifier="RESPONSE411"/>
          <correct identifier="RESPONSE411"/>
        </match>
        <setOutcomeValue identifier="SCORE411">
          <baseValue baseType="float">1</baseValue>
        </setOutcomeValue>
      </responseIf>
      <responseElse>
        <setOutcomeValue identifier="SCORE411">
          <baseValue baseType="float">0</baseValue>
        </setOutcomeValue>
      </responseElse>
    </responseCondition>
    <responseCondition>
      <responseIf>
        <match>
          <variable identifier="RESPONSE412"/>
          <correct identifier="RESPONSE412"/>
        </match>
        <setOutcomeValue identifier="SCORE412">
          <baseValue baseType="float">1</baseValue>
        </setOutcomeValue>
      </responseIf>
      <responseElse>
        <setOutcomeValue identifier="SCORE412">
          <baseValue baseType="float">0</baseValue>
        </setOutcomeValue>
      </responseElse>
    </responseCondition>
    <setOutcomeValue identifier="SCORE">
      <sum>
        <variable identifier="SCORE411"/>
        <variable identifier="SCORE412"/>
      </sum>
    </setOutcomeValue>
  </responseProcessing>
</assessmentItem>
