<?xml version="1.0"?>
<assessmentItem adaptive="false" identifier="ITEM-LOGIC-KS-1039" timeDependent="false" title="Part A Choose two ideas from the text that work together to provide support for this statement." toolName="ItemLogic" toolVersion="2.0.0" xmlns="http://www.imsglobal.org/xsd/imsqti_v2p1" xmlns:m="http://www.w3.org/1998/Math/MathML" xmlns:xsi="http://www.w3.org/2001/XMLSchema-instance" xsi:schemaLocation="http://www.imsglobal.org/xsd/imsqti_v2p1  http://www.imsglobal.org/xsd/qti/qtiv2p1/imsqti_v2p1.xsd">
  <responseDeclaration baseType="identifier" cardinality="multiple" identifier="RESPONSE1084">
    <correctResponse>
      <value>HT-18353</value>
      <value>HT-18354</value>
    </correctResponse>
  </responseDeclaration>
  <responseDeclaration baseType="identifier" cardinality="multiple" identifier="RESPONSE1086">
    <correctResponse>
      <value>HT-18359</value>
    </correctResponse>
  </responseDeclaration>
  <outcomeDeclaration baseType="float" cardinality="single" identifier="SCORE1084">
    <defaultValue>
      <value>0</value>
    </defaultValue>
  </outcomeDeclaration>
  <outcomeDeclaration baseType="float" cardinality="single" identifier="SCORE1086">
    <defaultValue>
      <value>0</value>
    </defaultValue>
  </outcomeDeclaration>
  <outcomeDeclaration baseType="float" cardinality="single" identifier="SCORE">
    <defaultValue>
      <value>0</value>
    </defaultValue>
  </outcomeDeclaration>
  <stylesheet href="../styles/bundled.css" type="text/css"/>
  <stylesheet href="../styles/inline.css" type="text/css"/>
  <itemBody>
    <rubricBlock use="context" view="candidate author proctor scorer testConstructor tutor">
      <div>
        <object data="../passages/RSC-LOGIC-KS-4046.html" type="text/html"/>
      </div>
    </rubricBlock>
    <rubricBlock use="stimulus" view="candidate author proctor scorer testConstructor tutor">
      <div>
        <p>In the text, <em>Saving Our Seeds</em>, the unique design of the Svalbard Global Seed Vault is critical to the protection of the seeds contained within.</p>
      </div>
    </rubricBlock>
    <hottextInteraction maxChoices="0" responseIdentifier="RESPONSE1084">
      <prompt>Part A<br/> Choose two ideas from the text that work together to provide support for this statement.<br/></prompt>
      <p>
        <hottext identifier="HT-18353">The vault maintains a temperature that is below freezing.</hottext>
      </p>
      <p>
        <hottext identifier="HT-18354">Protective crates, airlock doors and airtight tubs prevent the seeds from germinating.</hottext>
      </p>
      <p>
        <hottext identifier="HT-18350">The high humidity in some countries accelerates the metabolism of seeds thus greatly decreasing their viability.</hottext>
      </p>
      <p>
        <hottext identifier="HT-18535">Disasters such as fires and floods have motivated increasing numbers of countries to begin using the vault.</hottext>
      </p>
      <p>
        <hottext identifier="HT-18349">The vault is located one mile from Longyearbyen Airport, therefore giving easy access to countries around the world.</hottext>
      </p>
    </hottextInteraction>
    <hottextInteraction maxChoices="0" responseIdentifier="RESPONSE1086">
      <prompt>Part B<br/>Based on the correct answer to Part A, choose the summary that best captures the idea that the unique design of the Svalbard Seed Vault is critical to its function.<br/></prompt>
      <p>
        <hottext identifier="HT-18357">The Svalbard Seed Vault was completed in 2008 by the Norwegian Ministry of Agriculture and Food. The vault holds seeds from countries all over the world. Nigeria recently sent 71,000 seeds and the United States has over 69,000 seed samples in the vault, located within the Arctic Circle. The Svalbard Seed Vault was named one of &lt;em&gt;Time&lt;/em&gt; magazine&#x2019;s best inventions.</hottext>
      </p>
      <p>
        <hottext identifier="HT-18359">The Svalbard Seed Vault is a massive vault built 130 meters above sea level and 130 meters deep into the stone of Mount Plateau, in a location far from any tectonic plates. The vault is surrounded by permafrost so that the vault's interior can maintain frigid conditions at all times. The consistency of cold temperatures and the distance from tectonic plates ensure the longevity of and immunity for seeds from all over the world.</hottext>
      </p>
      <p>
        <hottext identifier="HT-18361">The Svalbard Seed Vault is located in the Arctic Circle, a frigid region that is void of all natural vegetation. It is the world's largest seed vault, with a total area of 1000 square meters. The vault has the capacity to hold up to 4.5 million seed types. The seeds are flown to the vault via a nearby airport, and then carried into the vault in crates. Each crate typically holds a maximum of 400 seed types. Seed samples from the world's three largest crops: wheat, rice, and corn, are part of the vault's collection. These seeds will be preserved for future farmers, consumers, and researchers.</hottext>
      </p>
    </hottextInteraction>
  </itemBody>
  <responseProcessing>
    <responseCondition>
      <responseIf>
        <match>
          <variable identifier="RESPONSE1084"/>
          <correct identifier="RESPONSE1084"/>
        </match>
        <setOutcomeValue identifier="SCORE1084">
          <baseValue baseType="float">1</baseValue>
        </setOutcomeValue>
      </responseIf>
      <responseElse>
        <setOutcomeValue identifier="SCORE1084">
          <baseValue baseType="float">0</baseValue>
        </setOutcomeValue>
      </responseElse>
    </responseCondition>
    <responseCondition>
      <responseIf>
        <match>
          <variable identifier="RESPONSE1086"/>
          <correct identifier="RESPONSE1086"/>
        </match>
        <setOutcomeValue identifier="SCORE1086">
          <baseValue baseType="float">1</baseValue>
        </setOutcomeValue>
      </responseIf>
      <responseElse>
        <setOutcomeValue identifier="SCORE1086">
          <baseValue baseType="float">0</baseValue>
        </setOutcomeValue>
      </responseElse>
    </responseCondition>
    <setOutcomeValue identifier="SCORE">
      <sum>
        <variable identifier="SCORE1084"/>
        <variable identifier="SCORE1086"/>
      </sum>
    </setOutcomeValue>
  </responseProcessing>
</assessmentItem>
