<?xml version="1.0"?>
<assessmentItem adaptive="false" identifier="ITEM-LOGIC-MP-665" timeDependent="false" title="Part A: A central idea of &quot;Where Are All the Animals&quot; is that conditions found in tropical forests" toolName="ItemLogic" toolVersion="2.0.0" xmlns="http://www.imsglobal.org/xsd/imsqti_v2p1" xmlns:m="http://www.w3.org/1998/Math/MathML" xmlns:xsi="http://www.w3.org/2001/XMLSchema-instance" xsi:schemaLocation="http://www.imsglobal.org/xsd/imsqti_v2p1  http://www.imsglobal.org/xsd/qti/qtiv2p1/imsqti_v2p1.xsd">
  <responseDeclaration baseType="identifier" cardinality="single" identifier="RESPONSE576">
    <correctResponse>
      <value>SC-9199</value>
    </correctResponse>
  </responseDeclaration>
  <responseDeclaration baseType="identifier" cardinality="multiple" identifier="RESPONSE577">
    <correctResponse>
      <value>HT-18707</value>
    </correctResponse>
  </responseDeclaration>
  <outcomeDeclaration baseType="float" cardinality="single" identifier="SCORE576">
    <defaultValue>
      <value>0</value>
    </defaultValue>
  </outcomeDeclaration>
  <outcomeDeclaration baseType="float" cardinality="single" identifier="SCORE577">
    <defaultValue>
      <value>0</value>
    </defaultValue>
  </outcomeDeclaration>
  <outcomeDeclaration baseType="float" cardinality="single" identifier="SCORE">
    <defaultValue>
      <value>0</value>
    </defaultValue>
  </outcomeDeclaration>
  <stylesheet href="../styles/bundled.css" type="text/css"/>
  <stylesheet href="../styles/inline.css" type="text/css"/>
  <itemBody>
    <rubricBlock use="context" view="candidate author proctor scorer testConstructor tutor">
      <div>
        <object data="../passages/RSC-LOGIC-MP-1681.html" type="text/html"/>
      </div>
    </rubricBlock>
    <choiceInteraction maxChoices="1" responseIdentifier="RESPONSE576" shuffle="false">
      <prompt>Part A:<br/> A central idea of "Where Are All the Animals" is that conditions found in tropical forests<br/></prompt>
      <simpleChoice fixed="true" identifier="SC-9200">
        <p>create areas where animals can hide.</p>
      </simpleChoice>
      <simpleChoice fixed="true" identifier="SC-9199">
        <p>promote thriving vegetation development.</p>
      </simpleChoice>
      <simpleChoice fixed="true" identifier="SC-9201">
        <p>cause animals to fight over food sources.</p>
      </simpleChoice>
      <simpleChoice fixed="true" identifier="SC-9202">
        <p>force plant roots to search for soils with sufficient nutrients.</p>
      </simpleChoice>
    </choiceInteraction>
    <hottextInteraction maxChoices="0" responseIdentifier="RESPONSE577">
      <prompt>Part B:<br/>Select the piece of evidence that best supports the answer in Part A.<br/></prompt>
      <p>Some tropical forests are flooded with several feet of water for half the year or more, while others are never flooded. <hottext identifier="HT-18706">Some grow on rich volcanic soils, while others thrive on nutrient-poor sands.</hottext> &#xA6;<br/><hottext identifier="HT-18707">All tropical forests have distinct seasons, but the fairly constant and intense year-round supply of sunlight fuels lush plant growth.</hottext> &#xA6; <hottext identifier="HT-18708">You might expect such an abundant food supply to support many more animals per acre than other habitats, but this does not appear to be the case.</hottext> &#xA6;<br/><hottext identifier="HT-18709">Some scientists suspect that tropical forest researchers missed counting many of the animals present, because this is such a difficult task.</hottext></p>
    </hottextInteraction>
  </itemBody>
  <responseProcessing>
    <responseCondition>
      <responseIf>
        <match>
          <variable identifier="RESPONSE576"/>
          <correct identifier="RESPONSE576"/>
        </match>
        <setOutcomeValue identifier="SCORE576">
          <baseValue baseType="float">1</baseValue>
        </setOutcomeValue>
      </responseIf>
      <responseElse>
        <setOutcomeValue identifier="SCORE576">
          <baseValue baseType="float">0</baseValue>
        </setOutcomeValue>
      </responseElse>
    </responseCondition>
    <responseCondition>
      <responseIf>
        <match>
          <variable identifier="RESPONSE577"/>
          <correct identifier="RESPONSE577"/>
        </match>
        <setOutcomeValue identifier="SCORE577">
          <baseValue baseType="float">1</baseValue>
        </setOutcomeValue>
      </responseIf>
      <responseElse>
        <setOutcomeValue identifier="SCORE577">
          <baseValue baseType="float">0</baseValue>
        </setOutcomeValue>
      </responseElse>
    </responseCondition>
    <setOutcomeValue identifier="SCORE">
      <sum>
        <variable identifier="SCORE576"/>
        <variable identifier="SCORE577"/>
      </sum>
    </setOutcomeValue>
  </responseProcessing>
</assessmentItem>
