<?xml version="1.0"?>
<assessmentItem adaptive="false" identifier="ITEM-LOGIC-MP-381" timeDependent="false" title="Match the word to the angle it describes on the sailboat." toolName="ItemLogic" toolVersion="2.0.0" xmlns="http://www.imsglobal.org/xsd/imsqti_v2p1" xmlns:m="http://www.w3.org/1998/Math/MathML" xmlns:xsi="http://www.w3.org/2001/XMLSchema-instance" xsi:schemaLocation="http://www.imsglobal.org/xsd/imsqti_v2p1  http://www.imsglobal.org/xsd/qti/qtiv2p1/imsqti_v2p1.xsd">
  <responseDeclaration baseType="directedPair" cardinality="multiple" identifier="RESPONSE165">
    <correctResponse>
      <value>GI-5993 HS-6112</value>
      <value>GI-5995 HS-6113</value>
    </correctResponse>
  </responseDeclaration>
  <outcomeDeclaration baseType="float" cardinality="single" identifier="SCORE165">
    <defaultValue>
      <value>0</value>
    </defaultValue>
  </outcomeDeclaration>
  <outcomeDeclaration baseType="float" cardinality="single" identifier="SCORE">
    <defaultValue>
      <value>0</value>
    </defaultValue>
  </outcomeDeclaration>
  <stylesheet href="../styles/bundled.css" type="text/css"/>
  <stylesheet href="../styles/inline.css" type="text/css"/>
  <itemBody>
    <graphicGapMatchInteraction responseIdentifier="RESPONSE165">
      <prompt>Match the word to the angle it describes on the sailboat.<br/></prompt>
      <object data="../images/FROERI381_Sailboat_stem_01_o_9b88486da6.png" height="238" type="image/png" width="255"/>
      <gapImg identifier="GI-5993" matchMax="1">
        <object data="../images/FROERI381_Sailboat_opt_A01_o_ad621a0ecd.png" height="20" type="image/png" width="66"/>
      </gapImg>
      <gapImg identifier="GI-5994" matchMax="1">
        <object data="../images/FROERI381_Sailboat_opt_B01_o_47a52d3c80.png" height="20" type="image/png" width="66"/>
      </gapImg>
      <gapImg identifier="GI-5995" matchMax="1">
        <object data="../images/FROERI381_Sailboat_opt_C01_o_68e3da1de9.png" height="20" type="image/png" width="66"/>
      </gapImg>
      <associableHotspot coords="8,103,74,123" identifier="HS-6112" matchMax="1" shape="rect"/>
      <associableHotspot coords="183,212,249,232" identifier="HS-6113" matchMax="1" shape="rect"/>
    </graphicGapMatchInteraction>
  </itemBody>
  <responseProcessing>
    <responseCondition>
      <responseIf>
        <match>
          <variable identifier="RESPONSE165"/>
          <correct identifier="RESPONSE165"/>
        </match>
        <setOutcomeValue identifier="SCORE165">
          <baseValue baseType="float">1</baseValue>
        </setOutcomeValue>
      </responseIf>
      <responseElse>
        <setOutcomeValue identifier="SCORE165">
          <baseValue baseType="float">0</baseValue>
        </setOutcomeValue>
      </responseElse>
    </responseCondition>
    <setOutcomeValue identifier="SCORE">
      <sum>
        <variable identifier="SCORE165"/>
      </sum>
    </setOutcomeValue>
  </responseProcessing>
</assessmentItem>
