<?xml version="1.0"?>
<assessmentItem adaptive="false" identifier="ITEM-LOGIC-KS-839" timeDependent="false" title="Complete the sentence about the change in tone in King's Chosen." toolName="ItemLogic" toolVersion="2.0.0" xmlns="http://www.imsglobal.org/xsd/imsqti_v2p1" xmlns:m="http://www.w3.org/1998/Math/MathML" xmlns:xsi="http://www.w3.org/2001/XMLSchema-instance" xsi:schemaLocation="http://www.imsglobal.org/xsd/imsqti_v2p1  http://www.imsglobal.org/xsd/qti/qtiv2p1/imsqti_v2p1.xsd">
  <responseDeclaration baseType="identifier" cardinality="single" identifier="RESPONSE853">
    <correctResponse>
      <value>IC-15152</value>
    </correctResponse>
  </responseDeclaration>
  <responseDeclaration baseType="identifier" cardinality="single" identifier="RESPONSE854">
    <correctResponse>
      <value>IC-15154</value>
    </correctResponse>
  </responseDeclaration>
  <responseDeclaration baseType="identifier" cardinality="multiple" identifier="RESPONSE856">
    <correctResponse>
      <value>HT-15164</value>
    </correctResponse>
  </responseDeclaration>
  <outcomeDeclaration baseType="float" cardinality="single" identifier="SCORE853">
    <defaultValue>
      <value>0</value>
    </defaultValue>
  </outcomeDeclaration>
  <outcomeDeclaration baseType="float" cardinality="single" identifier="SCORE854">
    <defaultValue>
      <value>0</value>
    </defaultValue>
  </outcomeDeclaration>
  <outcomeDeclaration baseType="float" cardinality="single" identifier="SCORE856">
    <defaultValue>
      <value>0</value>
    </defaultValue>
  </outcomeDeclaration>
  <outcomeDeclaration baseType="float" cardinality="single" identifier="SCORE">
    <defaultValue>
      <value>0</value>
    </defaultValue>
  </outcomeDeclaration>
  <stylesheet href="../styles/bundled.css" type="text/css"/>
  <stylesheet href="../styles/inline.css" type="text/css"/>
  <itemBody>
    <rubricBlock use="context" view="candidate author proctor scorer testConstructor tutor">
      <div>
        <object data="../passages/RSC-LOGIC-KS-3781.html" type="text/html"/>
      </div>
    </rubricBlock>
    <rubricBlock use="stimulus" view="candidate author proctor scorer testConstructor tutor">
      <div>
        <p>The author uses specific word choices to suggest changes in tone throughout the passage.</p>
      </div>
    </rubricBlock>
    <div class="stem stem_inline">
      <div class="stem_prompt">
        <p>Complete the sentence about the change in tone in <em>King's Chosen</em>.</p>
      </div>
      <p>In paragraphs 12-14, the tone changes from <inlineChoiceInteraction responseIdentifier="RESPONSE853" shuffle="false"><inlineChoice identifier="IC-15156">friendly</inlineChoice><inlineChoice identifier="IC-15157">playful</inlineChoice><inlineChoice identifier="IC-15152">hopeful</inlineChoice><inlineChoice identifier="IC-15155">humorous</inlineChoice></inlineChoiceInteraction> to <inlineChoiceInteraction responseIdentifier="RESPONSE854" shuffle="false"><inlineChoice identifier="IC-15159">desperate</inlineChoice><inlineChoice identifier="IC-15154">disbelieving</inlineChoice><inlineChoice identifier="IC-15158">unconcerned</inlineChoice><inlineChoice identifier="IC-15160">condescending</inlineChoice></inlineChoiceInteraction> when Giraffe nears King Lion's cave.</p>
    </div>
    <hottextInteraction maxChoices="0" responseIdentifier="RESPONSE856">
      <prompt>Choose the detail from the story that supports the correct change in tone.<br/></prompt>
      <p>
        <hottext identifier="HT-15170">Zebra enjoyed his time with Giraffe, and then he yelled at Hippo.</hottext>
      </p>
      <p>
        <hottext identifier="HT-15164">Zebra felt certain he'd win, and then he stood motionless and speechless.</hottext>
      </p>
      <p>
        <hottext identifier="HT-15166">Zebra thought Giraffe's antics were funny, and then he ran away from Giraffe.</hottext>
      </p>
      <p>
        <hottext identifier="HT-15168">Zebra was eager to share his treasures, and then he thought his friend was unworthy.</hottext>
      </p>
    </hottextInteraction>
  </itemBody>
  <responseProcessing>
    <responseCondition>
      <responseIf>
        <match>
          <variable identifier="RESPONSE853"/>
          <correct identifier="RESPONSE853"/>
        </match>
        <setOutcomeValue identifier="SCORE853">
          <baseValue baseType="float">1</baseValue>
        </setOutcomeValue>
      </responseIf>
      <responseElse>
        <setOutcomeValue identifier="SCORE853">
          <baseValue baseType="float">0</baseValue>
        </setOutcomeValue>
      </responseElse>
    </responseCondition>
    <responseCondition>
      <responseIf>
        <match>
          <variable identifier="RESPONSE854"/>
          <correct identifier="RESPONSE854"/>
        </match>
        <setOutcomeValue identifier="SCORE854">
          <baseValue baseType="float">1</baseValue>
        </setOutcomeValue>
      </responseIf>
      <responseElse>
        <setOutcomeValue identifier="SCORE854">
          <baseValue baseType="float">0</baseValue>
        </setOutcomeValue>
      </responseElse>
    </responseCondition>
    <responseCondition>
      <responseIf>
        <match>
          <variable identifier="RESPONSE856"/>
          <correct identifier="RESPONSE856"/>
        </match>
        <setOutcomeValue identifier="SCORE856">
          <baseValue baseType="float">1</baseValue>
        </setOutcomeValue>
      </responseIf>
      <responseElse>
        <setOutcomeValue identifier="SCORE856">
          <baseValue baseType="float">0</baseValue>
        </setOutcomeValue>
      </responseElse>
    </responseCondition>
    <setOutcomeValue identifier="SCORE">
      <sum>
        <variable identifier="SCORE853"/>
        <variable identifier="SCORE854"/>
        <variable identifier="SCORE856"/>
      </sum>
    </setOutcomeValue>
  </responseProcessing>
</assessmentItem>
