<?xml version="1.0"?>
<assessmentItem adaptive="false" identifier="ITEM-LOGIC-KS-862" timeDependent="false" title="What are the zeros of the function&amp;nbsp; [math] ?" toolName="ItemLogic" toolVersion="2.0.0" xmlns="http://www.imsglobal.org/xsd/imsqti_v2p1" xmlns:m="http://www.w3.org/1998/Math/MathML" xmlns:xsi="http://www.w3.org/2001/XMLSchema-instance" xsi:schemaLocation="http://www.imsglobal.org/xsd/imsqti_v2p1  http://www.imsglobal.org/xsd/qti/qtiv2p1/imsqti_v2p1.xsd">
  <responseDeclaration baseType="identifier" cardinality="multiple" identifier="RESPONSE908">
    <correctResponse>
      <value>HT-14748</value>
      <value>HT-14749</value>
      <value>HT-14754</value>
    </correctResponse>
  </responseDeclaration>
  <responseDeclaration baseType="identifier" cardinality="multiple" identifier="RESPONSE910">
    <correctResponse>
      <value>HS-14758</value>
    </correctResponse>
  </responseDeclaration>
  <outcomeDeclaration baseType="float" cardinality="single" identifier="SCORE908">
    <defaultValue>
      <value>0</value>
    </defaultValue>
  </outcomeDeclaration>
  <outcomeDeclaration baseType="float" cardinality="single" identifier="SCORE910">
    <defaultValue>
      <value>0</value>
    </defaultValue>
  </outcomeDeclaration>
  <outcomeDeclaration baseType="float" cardinality="single" identifier="SCORE">
    <defaultValue>
      <value>0</value>
    </defaultValue>
  </outcomeDeclaration>
  <stylesheet href="../styles/bundled.css" type="text/css"/>
  <stylesheet href="../styles/inline.css" type="text/css"/>
  <itemBody>
    <hottextInteraction maxChoices="0" responseIdentifier="RESPONSE908" xmlns:default="http://www.w3.org/1998/Math/MathML">
      <prompt xmlns:default="http://www.w3.org/1998/Math/MathML">What are the zeros of the function&#xA0;<m:math xmlns="http://www.w3.org/1998/Math/MathML">   <m:mi>y</m:mi>   <m:mo>=</m:mo>   <m:mo stretchy="false">(</m:mo>   <m:mi>x</m:mi>   <m:mo>+</m:mo>   <m:mn>1</m:mn>   <m:mo stretchy="false">)</m:mo>   <m:mo stretchy="false">(</m:mo>   <m:msup>     <m:mi>x</m:mi>     <m:mn>2</m:mn>   </m:msup>   <m:mo>&#x2212;<!-- − --></m:mo>   <m:mn>6</m:mn>   <m:mo stretchy="false">)</m:mo> </m:math>?<br/></prompt>
      <table class="style-3c0be653b9c443a894b57608d3d8235d"> <tbody> <tr> <td class="style-0594fd93e2a95d4b5ade904927f9cdf8"><hottext identifier="HT-14746">&lt;math xmlns="http://www.w3.org/1998/Math/MathML"&gt;   &lt;mi&gt;x&lt;/mi&gt;   &lt;mo&gt;=&lt;/mo&gt;   &lt;mo&gt;&amp;#x2212;&lt;!-- &#x2212; --&gt;&lt;/mo&gt;   &lt;mn&gt;2&lt;/mn&gt; &lt;/math&gt;</hottext></td> <td class="style-6a26bba2e4d55247fcb3fdcba09cb7af">&#xA0;</td> <td class="style-0594fd93e2a95d4b5ade904927f9cdf8">&#xA0;<hottext identifier="HT-14747">&lt;math xmlns="http://www.w3.org/1998/Math/MathML"&gt;   &lt;mi&gt;x&lt;/mi&gt;   &lt;mo&gt;=&lt;/mo&gt;   &lt;mn&gt;1&lt;/mn&gt; &lt;/math&gt;</hottext></td> </tr> <tr> <td class="style-0594fd93e2a95d4b5ade904927f9cdf8"><hottext identifier="HT-14748">&lt;math xmlns="http://www.w3.org/1998/Math/MathML"&gt;   &lt;mi&gt;x&lt;/mi&gt;   &lt;mo&gt;=&lt;/mo&gt;   &lt;mo&gt;&amp;#x2212;&lt;!-- &#xE2;&#x2C6;&#x2019; --&gt;&lt;/mo&gt;   &lt;mn&gt;1&lt;/mn&gt; &lt;/math&gt;</hottext></td> <td class="style-25150780864b21cd93ec9cb82758edc1">&#xA0;</td> <td class="style-0594fd93e2a95d4b5ade904927f9cdf8"><hottext identifier="HT-14749">&lt;math xmlns="http://www.w3.org/1998/Math/MathML"&gt;   &lt;mi&gt;x&lt;/mi&gt;   &lt;mo&gt;=&lt;/mo&gt;   &lt;msqrt&gt;     &lt;mn&gt;6&lt;/mn&gt;   &lt;/msqrt&gt; &lt;/math&gt;</hottext></td> </tr> <tr> <td class="style-0594fd93e2a95d4b5ade904927f9cdf8"><hottext identifier="HT-14750">&lt;math xmlns="http://www.w3.org/1998/Math/MathML"&gt;   &lt;mi&gt;x&lt;/mi&gt;   &lt;mo&gt;=&lt;/mo&gt;   &lt;mo&gt;&amp;#x2212;&lt;!-- &#x2212; --&gt;&lt;/mo&gt;   &lt;mn&gt;6&lt;/mn&gt; &lt;/math&gt;</hottext></td> <td class="style-25150780864b21cd93ec9cb82758edc1">&#xA0;</td> <td class="style-0594fd93e2a95d4b5ade904927f9cdf8"><hottext identifier="HT-14751">&lt;math xmlns="http://www.w3.org/1998/Math/MathML"&gt;   &lt;mi&gt;x&lt;/mi&gt;   &lt;mo&gt;=&lt;/mo&gt;   &lt;msqrt&gt;     &lt;mn&gt;3&lt;/mn&gt;   &lt;/msqrt&gt; &lt;/math&gt;</hottext></td> </tr> <tr> <td class="style-0594fd93e2a95d4b5ade904927f9cdf8"><hottext identifier="HT-14752">&lt;math xmlns="http://www.w3.org/1998/Math/MathML"&gt;   &lt;mi&gt;x&lt;/mi&gt;   &lt;mo&gt;=&lt;/mo&gt;   &lt;mo&gt;&amp;#x2212;&lt;!-- &#x2212; --&gt;&lt;/mo&gt;   &lt;mn&gt;3&lt;/mn&gt; &lt;/math&gt;</hottext></td> <td class="style-25150780864b21cd93ec9cb82758edc1">&#xA0;</td> <td class="style-0594fd93e2a95d4b5ade904927f9cdf8"><hottext identifier="HT-14753">&lt;math xmlns="http://www.w3.org/1998/Math/MathML"&gt;   &lt;mi&gt;x&lt;/mi&gt;   &lt;mo&gt;=&lt;/mo&gt;   &lt;mn&gt;6&lt;/mn&gt; &lt;/math&gt;</hottext></td> </tr> <tr> <td class="style-0594fd93e2a95d4b5ade904927f9cdf8"><hottext identifier="HT-14754">&lt;math xmlns="http://www.w3.org/1998/Math/MathML"&gt;   &lt;mi&gt;x&lt;/mi&gt;   &lt;mo&gt;=&lt;/mo&gt;   &lt;mo&gt;&amp;#x2212;&lt;!-- &#x2212; --&gt;&lt;/mo&gt;   &lt;msqrt&gt;     &lt;mn&gt;6&lt;/mn&gt;   &lt;/msqrt&gt; &lt;/math&gt;</hottext></td> <td class="style-25150780864b21cd93ec9cb82758edc1">&#xA0;</td> <td class="style-0594fd93e2a95d4b5ade904927f9cdf8"><hottext identifier="HT-14755">&lt;math xmlns="http://www.w3.org/1998/Math/MathML"&gt;   &lt;mi&gt;x&lt;/mi&gt;   &lt;mo&gt;=&lt;/mo&gt;   &lt;msqrt&gt;     &lt;mn&gt;2&lt;/mn&gt;   &lt;/msqrt&gt; &lt;/math&gt;</hottext></td> </tr> </tbody> </table>
    </hottextInteraction>
    <hotspotInteraction maxChoices="0" responseIdentifier="RESPONSE910">
      <prompt>Select the sketch that most closely represents this polynomial.<br/></prompt>
      <object data="../images/polynomial-sketch@2x_o_8c62c55fa0.png" height="500" type="image/png" width="500"/>
      <hotspotChoice coords="6,12,231,237" identifier="HS-14758" shape="rect"/>
      <hotspotChoice coords="269,12,494,237" identifier="HS-14759" shape="rect"/>
      <hotspotChoice coords="7,264,232,489" identifier="HS-14760" shape="rect"/>
      <hotspotChoice coords="269,263,494,488" identifier="HS-14761" shape="rect"/>
    </hotspotInteraction>
  </itemBody>
  <responseProcessing>
    <responseCondition>
      <responseIf>
        <match>
          <variable identifier="RESPONSE908"/>
          <correct identifier="RESPONSE908"/>
        </match>
        <setOutcomeValue identifier="SCORE908">
          <baseValue baseType="float">1</baseValue>
        </setOutcomeValue>
      </responseIf>
      <responseElse>
        <setOutcomeValue identifier="SCORE908">
          <baseValue baseType="float">0</baseValue>
        </setOutcomeValue>
      </responseElse>
    </responseCondition>
    <responseCondition>
      <responseIf>
        <match>
          <variable identifier="RESPONSE910"/>
          <correct identifier="RESPONSE910"/>
        </match>
        <setOutcomeValue identifier="SCORE910">
          <baseValue baseType="float">1</baseValue>
        </setOutcomeValue>
      </responseIf>
      <responseElse>
        <setOutcomeValue identifier="SCORE910">
          <baseValue baseType="float">0</baseValue>
        </setOutcomeValue>
      </responseElse>
    </responseCondition>
    <setOutcomeValue identifier="SCORE">
      <sum>
        <variable identifier="SCORE908"/>
        <variable identifier="SCORE910"/>
      </sum>
    </setOutcomeValue>
  </responseProcessing>
</assessmentItem>
