<?xml version="1.0"?>
<assessmentItem adaptive="false" identifier="ITEM-LOGIC-KS-1045" timeDependent="false" title="Part A Place the key points in the order in which they are presented in the text." toolName="ItemLogic" toolVersion="2.0.0" xmlns="http://www.imsglobal.org/xsd/imsqti_v2p1" xmlns:m="http://www.w3.org/1998/Math/MathML" xmlns:xsi="http://www.w3.org/2001/XMLSchema-instance" xsi:schemaLocation="http://www.imsglobal.org/xsd/imsqti_v2p1  http://www.imsglobal.org/xsd/qti/qtiv2p1/imsqti_v2p1.xsd">
  <responseDeclaration baseType="identifier" cardinality="ordered" identifier="RESPONSE1097">
    <correctResponse>
      <value>SC-18614</value>
      <value>SC-18615</value>
      <value>SC-18616</value>
      <value>SC-18617</value>
      <value>SC-18618</value>
    </correctResponse>
  </responseDeclaration>
  <responseDeclaration baseType="identifier" cardinality="single" identifier="RESPONSE1098">
    <correctResponse>
      <value>SC-18650</value>
    </correctResponse>
  </responseDeclaration>
  <outcomeDeclaration baseType="float" cardinality="single" identifier="SCORE1097">
    <defaultValue>
      <value>0</value>
    </defaultValue>
  </outcomeDeclaration>
  <outcomeDeclaration baseType="float" cardinality="single" identifier="SCORE1098">
    <defaultValue>
      <value>0</value>
    </defaultValue>
  </outcomeDeclaration>
  <outcomeDeclaration baseType="float" cardinality="single" identifier="SCORE">
    <defaultValue>
      <value>0</value>
    </defaultValue>
  </outcomeDeclaration>
  <stylesheet href="../styles/bundled.css" type="text/css"/>
  <stylesheet href="../styles/inline.css" type="text/css"/>
  <itemBody>
    <rubricBlock use="context" view="candidate author proctor scorer testConstructor tutor">
      <div>
        <object data="../passages/RSC-LOGIC-KS-4145.html" type="text/html"/>
      </div>
    </rubricBlock>
    <rubricBlock use="stimulus" view="candidate author proctor scorer testConstructor tutor">
      <div>
        <p>The order in which the author presents key points in the text, <em>Play Smart, Play Safe</em>, plays an important role in the development of the text&#x2019;s central idea.</p>
      </div>
    </rubricBlock>
    <orderInteraction orientation="vertical" responseIdentifier="RESPONSE1097" shuffle="false">
      <prompt>Part A<br/> Place the key points in the order in which they are presented in the text.<br/></prompt>
      <simpleChoice identifier="SC-18615">
        <p>Benefits are plentiful.</p>
      </simpleChoice>
      <simpleChoice identifier="SC-18617">
        <p>Programs are vital for improved safety.</p>
      </simpleChoice>
      <simpleChoice identifier="SC-18616">
        <p>Risks are both prevalent and significant.</p>
      </simpleChoice>
      <simpleChoice identifier="SC-18614">
        <p>Participation is expanding at impressive rates.</p>
      </simpleChoice>
      <simpleChoice identifier="SC-18618">
        <p>Smart choices reduce negative consequences.</p>
      </simpleChoice>
    </orderInteraction>
    <choiceInteraction maxChoices="1" responseIdentifier="RESPONSE1098" shuffle="false">
      <prompt>Part B<br/>Given the order of the key points in the text, which additional point would be most appropriate for the <strong>beginning</strong> of the text?<br/></prompt>
      <simpleChoice fixed="true" identifier="SC-18645">
        <p>An estimated 5.3 million Americans currently live with a traumatic brain injury-related disability.</p>
      </simpleChoice>
      <simpleChoice fixed="true" identifier="SC-18647">
        <p>Girls have 1.3 million fewer opportunities to play high school sports than boys have.</p>
      </simpleChoice>
      <simpleChoice fixed="true" identifier="SC-18650">
        <p>Football has the most participants among all high school sports, with more than 1.1 million students playing at 14,000 schools.</p>
      </simpleChoice>
      <simpleChoice fixed="true" identifier="SC-18646">
        <p>The American Academy of Pediatrics has reported that emergency room visits for concussions in kids ages 8 to 13 years old has doubled.</p>
      </simpleChoice>
    </choiceInteraction>
  </itemBody>
  <responseProcessing>
    <responseCondition>
      <responseIf>
        <match>
          <variable identifier="RESPONSE1097"/>
          <correct identifier="RESPONSE1097"/>
        </match>
        <setOutcomeValue identifier="SCORE1097">
          <baseValue baseType="float">1</baseValue>
        </setOutcomeValue>
      </responseIf>
      <responseElse>
        <setOutcomeValue identifier="SCORE1097">
          <baseValue baseType="float">0</baseValue>
        </setOutcomeValue>
      </responseElse>
    </responseCondition>
    <responseCondition>
      <responseIf>
        <match>
          <variable identifier="RESPONSE1098"/>
          <correct identifier="RESPONSE1098"/>
        </match>
        <setOutcomeValue identifier="SCORE1098">
          <baseValue baseType="float">1</baseValue>
        </setOutcomeValue>
      </responseIf>
      <responseElse>
        <setOutcomeValue identifier="SCORE1098">
          <baseValue baseType="float">0</baseValue>
        </setOutcomeValue>
      </responseElse>
    </responseCondition>
    <setOutcomeValue identifier="SCORE">
      <sum>
        <variable identifier="SCORE1097"/>
        <variable identifier="SCORE1098"/>
      </sum>
    </setOutcomeValue>
  </responseProcessing>
</assessmentItem>
