<?xml version="1.0"?>
<assessmentItem adaptive="false" identifier="ITEM-LOGIC-MP-368" timeDependent="false" title="Choose the idea that best completes the following sentence." toolName="ItemLogic" toolVersion="2.0.0" xmlns="http://www.imsglobal.org/xsd/imsqti_v2p1" xmlns:m="http://www.w3.org/1998/Math/MathML" xmlns:xsi="http://www.w3.org/2001/XMLSchema-instance" xsi:schemaLocation="http://www.imsglobal.org/xsd/imsqti_v2p1  http://www.imsglobal.org/xsd/qti/qtiv2p1/imsqti_v2p1.xsd">
  <responseDeclaration baseType="identifier" cardinality="single" identifier="RESPONSE146">
    <correctResponse>
      <value>IC-4411</value>
    </correctResponse>
  </responseDeclaration>
  <outcomeDeclaration baseType="float" cardinality="single" identifier="SCORE146">
    <defaultValue>
      <value>0</value>
    </defaultValue>
  </outcomeDeclaration>
  <outcomeDeclaration baseType="float" cardinality="single" identifier="SCORE">
    <defaultValue>
      <value>0</value>
    </defaultValue>
  </outcomeDeclaration>
  <stylesheet href="../styles/bundled.css" type="text/css"/>
  <stylesheet href="../styles/inline.css" type="text/css"/>
  <itemBody>
    <rubricBlock use="context" view="candidate author proctor scorer testConstructor tutor">
      <div>
        <object data="../passages/RSC-LOGIC-MP-963.html" type="text/html"/>
      </div>
    </rubricBlock>
    <div class="stem stem_inline">
      <div class="stem_prompt">
        <p>Choose the idea that best completes the following sentence.</p>
      </div>
      <p>One central idea of the selection is that <inlineChoiceInteraction responseIdentifier="RESPONSE146" shuffle="false"><inlineChoice identifier="IC-4412">previous scientific theories of motion may not fully explain the flight of modern rockets.</inlineChoice><inlineChoice identifier="IC-4411">systems on rockets are subject to continued technological improvement over time.</inlineChoice><inlineChoice identifier="IC-4413">rockets with the simplest mechanics are the most likely to travel farthest and fastest.</inlineChoice><inlineChoice identifier="IC-4414">future success in rocket flight will primarily depend on limiting the rocket&#x2019;s mass.</inlineChoice></inlineChoiceInteraction></p>
    </div>
  </itemBody>
  <responseProcessing>
    <responseCondition>
      <responseIf>
        <match>
          <variable identifier="RESPONSE146"/>
          <correct identifier="RESPONSE146"/>
        </match>
        <setOutcomeValue identifier="SCORE146">
          <baseValue baseType="float">1</baseValue>
        </setOutcomeValue>
      </responseIf>
      <responseElse>
        <setOutcomeValue identifier="SCORE146">
          <baseValue baseType="float">0</baseValue>
        </setOutcomeValue>
      </responseElse>
    </responseCondition>
    <setOutcomeValue identifier="SCORE">
      <sum>
        <variable identifier="SCORE146"/>
      </sum>
    </setOutcomeValue>
  </responseProcessing>
</assessmentItem>
