<?xml version="1.0"?>
<assessmentItem adaptive="false" identifier="ITEM-LOGIC-KS-823" timeDependent="false" title="Order the value of Cole's expressions from greatest to least." toolName="ItemLogic" toolVersion="2.0.0" xmlns="http://www.imsglobal.org/xsd/imsqti_v2p1" xmlns:m="http://www.w3.org/1998/Math/MathML" xmlns:xsi="http://www.w3.org/2001/XMLSchema-instance" xsi:schemaLocation="http://www.imsglobal.org/xsd/imsqti_v2p1  http://www.imsglobal.org/xsd/qti/qtiv2p1/imsqti_v2p1.xsd">
  <responseDeclaration baseType="identifier" cardinality="ordered" identifier="RESPONSE823">
    <correctResponse>
      <value>SC-14011</value>
      <value>SC-14012</value>
      <value>SC-14010</value>
      <value>SC-14013</value>
    </correctResponse>
  </responseDeclaration>
  <responseDeclaration baseType="identifier" cardinality="single" identifier="RESPONSE824">
    <correctResponse>
      <value>SC-14022</value>
    </correctResponse>
  </responseDeclaration>
  <outcomeDeclaration baseType="float" cardinality="single" identifier="SCORE823">
    <defaultValue>
      <value>0</value>
    </defaultValue>
  </outcomeDeclaration>
  <outcomeDeclaration baseType="float" cardinality="single" identifier="SCORE824">
    <defaultValue>
      <value>0</value>
    </defaultValue>
  </outcomeDeclaration>
  <outcomeDeclaration baseType="float" cardinality="single" identifier="SCORE">
    <defaultValue>
      <value>0</value>
    </defaultValue>
  </outcomeDeclaration>
  <stylesheet href="../styles/bundled.css" type="text/css"/>
  <stylesheet href="../styles/inline.css" type="text/css"/>
  <itemBody>
    <rubricBlock use="stimulus" view="candidate author proctor scorer testConstructor tutor">
      <div>
        <p>
          <span>Cole thinks of a positive whole number,</span>
          <em>&#xA0;x</em>
          <span>. He performs several calculations on his number.</span>
        </p>
      </div>
    </rubricBlock>
    <orderInteraction orientation="vertical" responseIdentifier="RESPONSE823" shuffle="false" xmlns:default="http://www.w3.org/1998/Math/MathML">
      <prompt>Order the value of Cole's expressions from greatest to least.<br/></prompt>
      <simpleChoice identifier="SC-14010" xmlns:default="http://www.w3.org/1998/Math/MathML">
        <m:math xmlns="http://www.w3.org/1998/Math/MathML">   <m:mi>x</m:mi>   <m:mo>+</m:mo>   <m:mrow>     <m:mo>(</m:mo>     <m:mo>&#x2212;<!-- − --></m:mo>     <m:mn>3</m:mn>     <m:mo>)</m:mo>   </m:mrow> </m:math>
      </simpleChoice>
      <simpleChoice identifier="SC-14012" xmlns:default="http://www.w3.org/1998/Math/MathML">
        <m:math xmlns="http://www.w3.org/1998/Math/MathML">   <m:mi>x</m:mi>   <m:mo>+</m:mo>   <m:mn>4</m:mn> </m:math>
      </simpleChoice>
      <simpleChoice identifier="SC-14013" xmlns:default="http://www.w3.org/1998/Math/MathML">
        <p xmlns:default="http://www.w3.org/1998/Math/MathML">
          <m:math xmlns="http://www.w3.org/1998/Math/MathML">   <m:mi>x</m:mi>   <m:mo>&#x2212;<!-- − --></m:mo>   <m:mn>5</m:mn> </m:math>
        </p>
      </simpleChoice>
      <simpleChoice identifier="SC-14011" xmlns:default="http://www.w3.org/1998/Math/MathML">
        <p xmlns:default="http://www.w3.org/1998/Math/MathML">
          <m:math xmlns="http://www.w3.org/1998/Math/MathML">   <m:mi>x</m:mi>   <m:mo>&#x2212;<!-- − --></m:mo>   <m:mrow>     <m:mo>(</m:mo>     <m:mo>&#x2212;<!-- − --></m:mo>     <m:mn>6</m:mn>     <m:mo>)</m:mo>   </m:mrow> </m:math>
        </p>
      </simpleChoice>
    </orderInteraction>
    <choiceInteraction maxChoices="1" responseIdentifier="RESPONSE824" shuffle="false" xmlns:default="http://www.w3.org/1998/Math/MathML">
      <prompt>Cole thinks of a negative number,&#xA0;<em>y</em>. Which statement is true?<br/></prompt>
      <simpleChoice fixed="true" identifier="SC-14019" xmlns:default="http://www.w3.org/1998/Math/MathML">
        <p xmlns:default="http://www.w3.org/1998/Math/MathML">The value of&#xA0;<m:math xmlns="http://www.w3.org/1998/Math/MathML">   <m:mi>y</m:mi>   <m:mo>&#x22C5;<!-- ⋅ --></m:mo>   <m:mn>2</m:mn> </m:math>&#xA0;and&#xA0;<m:math xmlns="http://www.w3.org/1998/Math/MathML">   <m:mi>y</m:mi>   <m:mo>&#xF7;<!-- ÷ --></m:mo>   <m:mn>2</m:mn> </m:math>&#xA0;are both positive.</p>
      </simpleChoice>
      <simpleChoice fixed="true" identifier="SC-14020" xmlns:default="http://www.w3.org/1998/Math/MathML">
        <p xmlns:default="http://www.w3.org/1998/Math/MathML">The value of&#xA0;<m:math xmlns="http://www.w3.org/1998/Math/MathML">   <m:mi>y</m:mi>   <m:mo>&#x22C5;<!-- ⋅ --></m:mo>   <m:mrow>     <m:mo>(</m:mo>     <m:mo>&#x2212;<!-- − --></m:mo>     <m:mn>3</m:mn>     <m:mo>)</m:mo>   </m:mrow> </m:math>&#xA0;and&#xA0;<m:math xmlns="http://www.w3.org/1998/Math/MathML">   <m:mi>y</m:mi>   <m:mo>&#xF7;<!-- ÷ --></m:mo>   <m:mrow>     <m:mo>(</m:mo>     <m:mo>&#x2212;<!-- − --></m:mo>     <m:mn>3</m:mn>     <m:mo>)</m:mo>   </m:mrow> </m:math>&#xA0;are both negative.</p>
      </simpleChoice>
      <simpleChoice fixed="true" identifier="SC-14022" xmlns:default="http://www.w3.org/1998/Math/MathML">
        <p xmlns:default="http://www.w3.org/1998/Math/MathML">The value of&#xA0;<m:math xmlns="http://www.w3.org/1998/Math/MathML">   <m:mi>y</m:mi>   <m:mo>&#x22C5;<!-- ⋅ --></m:mo>   <m:mrow>     <m:mo>(</m:mo>     <m:mo>&#x2212;<!-- − --></m:mo>     <m:mn>4</m:mn>     <m:mo>)</m:mo>   </m:mrow> </m:math>&#xA0;is positive, and the value of&#xA0;<m:math xmlns="http://www.w3.org/1998/Math/MathML">   <m:mi>y</m:mi>   <m:mo>&#xF7;<!-- ÷ --></m:mo>   <m:mn>4</m:mn> </m:math>&#xA0;is negative.</p>
      </simpleChoice>
      <simpleChoice fixed="true" identifier="SC-14023" xmlns:default="http://www.w3.org/1998/Math/MathML">
        <p xmlns:default="http://www.w3.org/1998/Math/MathML">The value of&#xA0;<m:math xmlns="http://www.w3.org/1998/Math/MathML">   <m:mi>y</m:mi>   <m:mo>&#x22C5;<!-- ⋅ --></m:mo>   <m:mn>5</m:mn> </m:math>&#xA0;is positive, and the value of&#xA0;<m:math xmlns="http://www.w3.org/1998/Math/MathML">   <m:mi>y</m:mi>   <m:mo>&#xF7;<!-- ÷ --></m:mo>   <m:mrow>     <m:mo>(</m:mo>     <m:mo>&#x2212;<!-- − --></m:mo>     <m:mn>5</m:mn>     <m:mo>)</m:mo>   </m:mrow> </m:math>&#xA0;is negative.</p>
      </simpleChoice>
    </choiceInteraction>
  </itemBody>
  <responseProcessing>
    <responseCondition>
      <responseIf>
        <match>
          <variable identifier="RESPONSE823"/>
          <correct identifier="RESPONSE823"/>
        </match>
        <setOutcomeValue identifier="SCORE823">
          <baseValue baseType="float">1</baseValue>
        </setOutcomeValue>
      </responseIf>
      <responseElse>
        <setOutcomeValue identifier="SCORE823">
          <baseValue baseType="float">0</baseValue>
        </setOutcomeValue>
      </responseElse>
    </responseCondition>
    <responseCondition>
      <responseIf>
        <match>
          <variable identifier="RESPONSE824"/>
          <correct identifier="RESPONSE824"/>
        </match>
        <setOutcomeValue identifier="SCORE824">
          <baseValue baseType="float">1</baseValue>
        </setOutcomeValue>
      </responseIf>
      <responseElse>
        <setOutcomeValue identifier="SCORE824">
          <baseValue baseType="float">0</baseValue>
        </setOutcomeValue>
      </responseElse>
    </responseCondition>
    <setOutcomeValue identifier="SCORE">
      <sum>
        <variable identifier="SCORE823"/>
        <variable identifier="SCORE824"/>
      </sum>
    </setOutcomeValue>
  </responseProcessing>
</assessmentItem>
