<?xml version="1.0"?>
<assessmentItem adaptive="false" identifier="ITEM-LOGIC-MP-211" timeDependent="false" title="Find the missing values." toolName="ItemLogic" toolVersion="2.0.0" xmlns="http://www.imsglobal.org/xsd/imsqti_v2p1" xmlns:m="http://www.w3.org/1998/Math/MathML" xmlns:xsi="http://www.w3.org/2001/XMLSchema-instance" xsi:schemaLocation="http://www.imsglobal.org/xsd/imsqti_v2p1  http://www.imsglobal.org/xsd/qti/qtiv2p1/imsqti_v2p1.xsd">
  <responseDeclaration baseType="directedPair" cardinality="multiple" identifier="RESPONSE41">
    <correctResponse>
      <value>GI-3539 HS-3546</value>
      <value>GI-3541 HS-3547</value>
    </correctResponse>
    <mapping defaultValue="0.00" lowerBound="0.00" upperBound="2.00">
      <mapEntry mapKey="GI-3539 HS-3546" mappedValue="1.00"/>
      <mapEntry mapKey="GI-3541 HS-3547" mappedValue="1.00"/>
    </mapping>
  </responseDeclaration>
  <outcomeDeclaration baseType="float" cardinality="single" identifier="SCORE41">
    <defaultValue>
      <value>0</value>
    </defaultValue>
  </outcomeDeclaration>
  <outcomeDeclaration baseType="float" cardinality="single" identifier="SCORE">
    <defaultValue>
      <value>0</value>
    </defaultValue>
  </outcomeDeclaration>
  <stylesheet href="../styles/bundled.css" type="text/css"/>
  <stylesheet href="../styles/inline.css" type="text/css"/>
  <itemBody>
    <rubricBlock use="stimulus" view="candidate author proctor scorer testConstructor tutor" xmlns:default="http://www.w3.org/1998/Math/MathML">
      <div><p>Jennica is building a ukulele. A ukulele is a small stringed instrument that is shaped like a guitar. She drew this diagram to show her plans.</p> <ul> <li>The total length of the ukulele is 21 inches.</li> <li>The body of the ukulele is 45% of the total length.</li> <li>The diameter of the soundhole is <m:math xmlns="http://www.w3.org/1998/Math/MathML">   <m:mfrac>     <m:mn>1</m:mn>     <m:mn>5</m:mn>   </m:mfrac> </m:math> the length of the body.</li> </ul></div>
    </rubricBlock>
    <graphicGapMatchInteraction responseIdentifier="RESPONSE41">
      <prompt>Find the missing values.<br/></prompt>
      <object data="../images/FROERI007_Ukulele_stem_01_o_a31f990b15.png" height="204" type="image/png" width="438"/>
      <gapImg identifier="GI-3538" matchMax="1">
        <object data="../images/FROERI007_Ukulele_opt_A01_o_e97c51015f.png" height="29" type="image/png" width="46"/>
      </gapImg>
      <gapImg identifier="GI-3539" matchMax="1">
        <object data="../images/FROERI007_Ukulele_opt_B01_o_d578dd7a62.png" height="28" type="image/png" width="46"/>
      </gapImg>
      <gapImg identifier="GI-3540" matchMax="1">
        <object data="../images/FROERI007_Ukulele_opt_C01_o_d31ab11cff.png" height="29" type="image/png" width="46"/>
      </gapImg>
      <gapImg identifier="GI-3541" matchMax="1">
        <object data="../images/FROERI007_Ukulele_opt_D01_o_281da2b0be.png" height="29" type="image/png" width="46"/>
      </gapImg>
      <gapImg identifier="GI-3542" matchMax="1">
        <object data="../images/FROERI007_Ukulele_opt_E01_o_c2ec83aebe.png" height="29" type="image/png" width="46"/>
      </gapImg>
      <gapImg identifier="GI-3543" matchMax="1">
        <object data="../images/FROERI007_Ukulele_opt_G01_o_f5d4b5ef18.png" height="29" type="image/png" width="46"/>
      </gapImg>
      <gapImg identifier="GI-3544" matchMax="1">
        <object data="../images/FROERI007_Ukulele_opt_H01_o_3f0965a7f8.png" height="29" type="image/png" width="46"/>
      </gapImg>
      <gapImg identifier="GI-3545" matchMax="1">
        <object data="../images/FROERI007_Ukulele_opt_I01_o_b1770da02b.png" height="29" type="image/png" width="46"/>
      </gapImg>
      <associableHotspot coords="68,170,114,199" identifier="HS-3546" matchMax="1" shape="rect"/>
      <associableHotspot coords="368,142,414,171" identifier="HS-3547" matchMax="1" shape="rect"/>
    </graphicGapMatchInteraction>
  </itemBody>
  <responseProcessing>
    <responseCondition>
      <responseIf>
        <isNull>
          <variable identifier="RESPONSE41"/>
        </isNull>
        <setOutcomeValue identifier="SCORE41">
          <baseValue baseType="float">0.0</baseValue>
        </setOutcomeValue>
      </responseIf>
      <responseElse>
        <setOutcomeValue identifier="SCORE41">
          <mapResponse identifier="RESPONSE41"/>
        </setOutcomeValue>
      </responseElse>
    </responseCondition>
    <setOutcomeValue identifier="SCORE">
      <sum>
        <variable identifier="SCORE41"/>
      </sum>
    </setOutcomeValue>
  </responseProcessing>
</assessmentItem>
