<?xml version="1.0"?>
<assessmentItem adaptive="false" identifier="ITEM-LOGIC-MP-657" timeDependent="false" title="Place the steps for finding directions without a compass in the correct order." toolName="ItemLogic" toolVersion="2.0.0" xmlns="http://www.imsglobal.org/xsd/imsqti_v2p1" xmlns:m="http://www.w3.org/1998/Math/MathML" xmlns:xsi="http://www.w3.org/2001/XMLSchema-instance" xsi:schemaLocation="http://www.imsglobal.org/xsd/imsqti_v2p1  http://www.imsglobal.org/xsd/qti/qtiv2p1/imsqti_v2p1.xsd">
  <responseDeclaration baseType="identifier" cardinality="ordered" identifier="RESPONSE570">
    <correctResponse>
      <value>SC-9120</value>
      <value>SC-9118</value>
      <value>SC-9116</value>
      <value>SC-9117</value>
      <value>SC-9119</value>
    </correctResponse>
  </responseDeclaration>
  <outcomeDeclaration baseType="float" cardinality="single" identifier="SCORE570">
    <defaultValue>
      <value>0</value>
    </defaultValue>
  </outcomeDeclaration>
  <outcomeDeclaration baseType="float" cardinality="single" identifier="SCORE">
    <defaultValue>
      <value>0</value>
    </defaultValue>
  </outcomeDeclaration>
  <stylesheet href="../styles/bundled.css" type="text/css"/>
  <stylesheet href="../styles/inline.css" type="text/css"/>
  <itemBody>
    <rubricBlock use="context" view="candidate author proctor scorer testConstructor tutor">
      <div>
        <object data="../passages/RSC-LOGIC-MP-1680.html" type="text/html"/>
      </div>
    </rubricBlock>
    <orderInteraction orientation="vertical" responseIdentifier="RESPONSE570" shuffle="false">
      <prompt>Place the steps for finding directions without a compass in the correct order.<br/></prompt>
      <simpleChoice identifier="SC-9116">
        <p>Point the number 12 on the watch directly at the sun.</p>
      </simpleChoice>
      <simpleChoice identifier="SC-9117">
        <p>Find north on the line halfway between the number 12 and the hour hand on the watch.</p>
      </simpleChoice>
      <simpleChoice identifier="SC-9118">
        <p>Hold the watch completely flat.</p>
      </simpleChoice>
      <simpleChoice identifier="SC-9119">
        <p>Face north to find these directions: east over the right shoulder, west over the left shoulder, and south directly behind.</p>
      </simpleChoice>
      <simpleChoice identifier="SC-9120">
        <p>Locate a view of the sun and an analog watch.</p>
      </simpleChoice>
    </orderInteraction>
  </itemBody>
  <responseProcessing>
    <responseCondition>
      <responseIf>
        <match>
          <variable identifier="RESPONSE570"/>
          <correct identifier="RESPONSE570"/>
        </match>
        <setOutcomeValue identifier="SCORE570">
          <baseValue baseType="float">1</baseValue>
        </setOutcomeValue>
      </responseIf>
      <responseElse>
        <setOutcomeValue identifier="SCORE570">
          <baseValue baseType="float">0</baseValue>
        </setOutcomeValue>
      </responseElse>
    </responseCondition>
    <setOutcomeValue identifier="SCORE">
      <sum>
        <variable identifier="SCORE570"/>
      </sum>
    </setOutcomeValue>
  </responseProcessing>
</assessmentItem>
