<?xml version="1.0"?>
<assessmentItem adaptive="false" identifier="ITEM-LOGIC-MP-206" timeDependent="false" title="What does the word foretold mean, as it used in paragraph 21?" toolName="ItemLogic" toolVersion="2.0.0" xmlns="http://www.imsglobal.org/xsd/imsqti_v2p1" xmlns:m="http://www.w3.org/1998/Math/MathML" xmlns:xsi="http://www.w3.org/2001/XMLSchema-instance" xsi:schemaLocation="http://www.imsglobal.org/xsd/imsqti_v2p1  http://www.imsglobal.org/xsd/qti/qtiv2p1/imsqti_v2p1.xsd">
  <responseDeclaration baseType="identifier" cardinality="single" identifier="RESPONSE31">
    <correctResponse>
      <value>SC-2127</value>
    </correctResponse>
  </responseDeclaration>
  <responseDeclaration baseType="identifier" cardinality="single" identifier="RESPONSE32">
    <correctResponse>
      <value>IC-4335</value>
    </correctResponse>
  </responseDeclaration>
  <outcomeDeclaration baseType="float" cardinality="single" identifier="SCORE31">
    <defaultValue>
      <value>0</value>
    </defaultValue>
  </outcomeDeclaration>
  <outcomeDeclaration baseType="float" cardinality="single" identifier="SCORE32">
    <defaultValue>
      <value>0</value>
    </defaultValue>
  </outcomeDeclaration>
  <outcomeDeclaration baseType="float" cardinality="single" identifier="SCORE">
    <defaultValue>
      <value>0</value>
    </defaultValue>
  </outcomeDeclaration>
  <stylesheet href="../styles/bundled.css" type="text/css"/>
  <stylesheet href="../styles/inline.css" type="text/css"/>
  <itemBody>
    <rubricBlock use="context" view="candidate author proctor scorer testConstructor tutor">
      <div>
        <object data="../passages/RSC-LOGIC-MP-343.html" type="text/html"/>
      </div>
    </rubricBlock>
    <choiceInteraction maxChoices="1" responseIdentifier="RESPONSE31" shuffle="false">
      <prompt>What does the word <strong>foretold</strong> mean, as it used in paragraph 21?<br/></prompt>
      <simpleChoice fixed="true" identifier="SC-2126">
        <p>appeared</p>
      </simpleChoice>
      <simpleChoice fixed="true" identifier="SC-2128">
        <p>decided</p>
      </simpleChoice>
      <simpleChoice fixed="true" identifier="SC-2129">
        <p>hoped</p>
      </simpleChoice>
      <simpleChoice fixed="true" identifier="SC-2127">
        <p>warned</p>
      </simpleChoice>
    </choiceInteraction>
    <div class="stem stem_inline">
      <div class="stem_prompt">
        <p>Which detail from paragraph 19 <strong>best</strong> supports the answer in Part A?</p>
      </div>
      <p>The evidence that best supports the meaning of the word <strong>foretold </strong>is <inlineChoiceInteraction responseIdentifier="RESPONSE32" shuffle="false"><inlineChoice identifier="IC-4336">"I will give you some advice."</inlineChoice><inlineChoice identifier="IC-4337">"pass the place where two paths cross."</inlineChoice><inlineChoice identifier="IC-4338">"will see a grove of trees."</inlineChoice><inlineChoice identifier="IC-4335">"You must not laugh in return."</inlineChoice></inlineChoiceInteraction></p>
    </div>
  </itemBody>
  <responseProcessing>
    <responseCondition>
      <responseIf>
        <match>
          <variable identifier="RESPONSE31"/>
          <correct identifier="RESPONSE31"/>
        </match>
        <setOutcomeValue identifier="SCORE31">
          <baseValue baseType="float">1</baseValue>
        </setOutcomeValue>
      </responseIf>
      <responseElse>
        <setOutcomeValue identifier="SCORE31">
          <baseValue baseType="float">0</baseValue>
        </setOutcomeValue>
      </responseElse>
    </responseCondition>
    <responseCondition>
      <responseIf>
        <match>
          <variable identifier="RESPONSE32"/>
          <correct identifier="RESPONSE32"/>
        </match>
        <setOutcomeValue identifier="SCORE32">
          <baseValue baseType="float">1</baseValue>
        </setOutcomeValue>
      </responseIf>
      <responseElse>
        <setOutcomeValue identifier="SCORE32">
          <baseValue baseType="float">0</baseValue>
        </setOutcomeValue>
      </responseElse>
    </responseCondition>
    <setOutcomeValue identifier="SCORE">
      <sum>
        <variable identifier="SCORE31"/>
        <variable identifier="SCORE32"/>
      </sum>
    </setOutcomeValue>
  </responseProcessing>
</assessmentItem>
