<?xml version="1.0"?>
<assessmentItem adaptive="false" identifier="ITEM-LOGIC-MP-263" timeDependent="false" title="Compare and contrast how Morning Girl and her brother react to life around them. Select phrases from" toolName="ItemLogic" toolVersion="2.0.0" xmlns="http://www.imsglobal.org/xsd/imsqti_v2p1" xmlns:m="http://www.w3.org/1998/Math/MathML" xmlns:xsi="http://www.w3.org/2001/XMLSchema-instance" xsi:schemaLocation="http://www.imsglobal.org/xsd/imsqti_v2p1  http://www.imsglobal.org/xsd/qti/qtiv2p1/imsqti_v2p1.xsd">
  <responseDeclaration baseType="directedPair" cardinality="multiple" identifier="RESPONSE120">
    <correctResponse>
      <value>GI-3462 HS-3517</value>
      <value>GI-3466 HS-3518</value>
      <value>GI-3463 HS-3519</value>
      <value>GI-3465 HS-3520</value>
      <value>GI-3466 HS-3517</value>
      <value>GI-3462 HS-3518</value>
      <value>GI-3465 HS-3519</value>
      <value>GI-3463 HS-3520</value>
    </correctResponse>
    <mapping defaultValue="0.00" lowerBound="0.00" upperBound="2.00">
      <mapEntry mapKey="GI-3462 HS-3517" mappedValue="0.50"/>
      <mapEntry mapKey="GI-3466 HS-3518" mappedValue="0.50"/>
      <mapEntry mapKey="GI-3463 HS-3519" mappedValue="0.50"/>
      <mapEntry mapKey="GI-3465 HS-3520" mappedValue="0.50"/>
      <mapEntry mapKey="GI-3466 HS-3517" mappedValue="0.50"/>
      <mapEntry mapKey="GI-3462 HS-3518" mappedValue="0.50"/>
      <mapEntry mapKey="GI-3465 HS-3519" mappedValue="0.50"/>
      <mapEntry mapKey="GI-3463 HS-3520" mappedValue="0.50"/>
    </mapping>
  </responseDeclaration>
  <outcomeDeclaration baseType="float" cardinality="single" identifier="SCORE120">
    <defaultValue>
      <value>0</value>
    </defaultValue>
  </outcomeDeclaration>
  <outcomeDeclaration baseType="float" cardinality="single" identifier="SCORE">
    <defaultValue>
      <value>0</value>
    </defaultValue>
  </outcomeDeclaration>
  <stylesheet href="../styles/bundled.css" type="text/css"/>
  <stylesheet href="../styles/inline.css" type="text/css"/>
  <itemBody>
    <rubricBlock use="context" view="candidate author proctor scorer testConstructor tutor">
      <div>
        <object data="../passages/RSC-LOGIC-MP-994.html" type="text/html"/>
      </div>
    </rubricBlock>
    <graphicGapMatchInteraction responseIdentifier="RESPONSE120">
      <prompt>Compare and contrast how Morning Girl and her brother react to life around them. Select phrases from the list and place them in the correct location in the chart.<br/></prompt>
      <object data="../images/HAMDEB263_Morning_Girl_stem_01_o_4cd4374501.png" height="92" type="image/png" width="319"/>
      <gapImg identifier="GI-3461" matchMax="1">
        <object data="../images/HAMDEB263_Morning_Girl_opt_A01_o_69941521ef.png" height="22" type="image/png" width="144"/>
      </gapImg>
      <gapImg identifier="GI-3462" matchMax="1">
        <object data="../images/HAMDEB263_Morning_Girl_opt_B01_o_9bf32010ff.png" height="23" type="image/png" width="144"/>
      </gapImg>
      <gapImg identifier="GI-3463" matchMax="1">
        <object data="../images/HAMDEB263_Morning_Girl_opt_C01_o_da52363bb1.png" height="23" type="image/png" width="144"/>
      </gapImg>
      <gapImg identifier="GI-3464" matchMax="1">
        <object data="../images/HAMDEB263_Morning_Girl_opt_D01_o_472536fda6.png" height="22" type="image/png" width="144"/>
      </gapImg>
      <gapImg identifier="GI-3465" matchMax="1">
        <object data="../images/HAMDEB263_Morning_Girl_opt_E01_o_a310b844ae.png" height="23" type="image/png" width="144"/>
      </gapImg>
      <gapImg identifier="GI-3466" matchMax="1">
        <object data="../images/HAMDEB263_Morning_Girl_opt_F01_o_4809c35918.png" height="22" type="image/png" width="144"/>
      </gapImg>
      <associableHotspot coords="10,34,154,57" identifier="HS-3517" matchMax="1" shape="rect"/>
      <associableHotspot coords="12,61,156,84" identifier="HS-3518" matchMax="1" shape="rect"/>
      <associableHotspot coords="167,31,311,54" identifier="HS-3519" matchMax="1" shape="rect"/>
      <associableHotspot coords="167,64,311,87" identifier="HS-3520" matchMax="1" shape="rect"/>
    </graphicGapMatchInteraction>
  </itemBody>
  <responseProcessing>
    <responseCondition>
      <responseIf>
        <isNull>
          <variable identifier="RESPONSE120"/>
        </isNull>
        <setOutcomeValue identifier="SCORE120">
          <baseValue baseType="float">0.0</baseValue>
        </setOutcomeValue>
      </responseIf>
      <responseElse>
        <setOutcomeValue identifier="SCORE120">
          <mapResponse identifier="RESPONSE120"/>
        </setOutcomeValue>
      </responseElse>
    </responseCondition>
    <setOutcomeValue identifier="SCORE">
      <sum>
        <variable identifier="SCORE120"/>
      </sum>
    </setOutcomeValue>
  </responseProcessing>
</assessmentItem>
