<?xml version="1.0"?>
<assessmentItem adaptive="false" identifier="ITEM-LOGIC-KS-949" timeDependent="false" title="Order the books from the least number of pages to the greatest number of pages." toolName="ItemLogic" toolVersion="2.0.0" xmlns="http://www.imsglobal.org/xsd/imsqti_v2p1" xmlns:m="http://www.w3.org/1998/Math/MathML" xmlns:xsi="http://www.w3.org/2001/XMLSchema-instance" xsi:schemaLocation="http://www.imsglobal.org/xsd/imsqti_v2p1  http://www.imsglobal.org/xsd/qti/qtiv2p1/imsqti_v2p1.xsd">
  <responseDeclaration baseType="identifier" cardinality="ordered" identifier="RESPONSE937">
    <correctResponse>
      <value>SC-16555</value>
      <value>SC-16553</value>
      <value>SC-16556</value>
      <value>SC-16554</value>
    </correctResponse>
  </responseDeclaration>
  <responseDeclaration baseType="identifier" cardinality="single" identifier="RESPONSE938">
    <correctResponse>
      <value>SC-16563</value>
    </correctResponse>
  </responseDeclaration>
  <outcomeDeclaration baseType="float" cardinality="single" identifier="SCORE937">
    <defaultValue>
      <value>0</value>
    </defaultValue>
  </outcomeDeclaration>
  <outcomeDeclaration baseType="float" cardinality="single" identifier="SCORE938">
    <defaultValue>
      <value>0</value>
    </defaultValue>
  </outcomeDeclaration>
  <outcomeDeclaration baseType="float" cardinality="single" identifier="SCORE">
    <defaultValue>
      <value>0</value>
    </defaultValue>
  </outcomeDeclaration>
  <stylesheet href="../styles/bundled.css" type="text/css"/>
  <stylesheet href="../styles/inline.css" type="text/css"/>
  <itemBody>
    <rubricBlock use="stimulus" view="candidate author proctor scorer testConstructor tutor">
      <div>
        <p>Liz looked at the total number of pages in four library books.</p>
        <p>
          <object data="../images/books-with-numbers@2x_d75166dcd7.png" height="120" type="image/png" width="400"/>
        </p>
      </div>
    </rubricBlock>
    <orderInteraction orientation="vertical" responseIdentifier="RESPONSE937" shuffle="false">
      <prompt>Order the books from the least number of pages to the greatest number of pages.<br/></prompt>
      <simpleChoice identifier="SC-16553">
        <p>Book A</p>
      </simpleChoice>
      <simpleChoice identifier="SC-16554">
        <p>Book B</p>
      </simpleChoice>
      <simpleChoice identifier="SC-16555">
        <p>Book C</p>
      </simpleChoice>
      <simpleChoice identifier="SC-16556">
        <p>Book D</p>
      </simpleChoice>
    </orderInteraction>
    <choiceInteraction maxChoices="1" responseIdentifier="RESPONSE938" shuffle="false">
      <prompt>Book E has more than 100 pages, but fewer pages than Book A.<br/> The number of pages in Book E has 1 hundred and ___ tens.<br/> What is the greatest number of tens the number of pages in Book E can have?<br/></prompt>
      <simpleChoice fixed="true" identifier="SC-16562">
        <p>6</p>
      </simpleChoice>
      <simpleChoice fixed="true" identifier="SC-16563">
        <p>7</p>
      </simpleChoice>
      <simpleChoice fixed="true" identifier="SC-16564">
        <p>8</p>
      </simpleChoice>
      <simpleChoice fixed="true" identifier="SC-16565">
        <p>9</p>
      </simpleChoice>
    </choiceInteraction>
  </itemBody>
  <responseProcessing>
    <responseCondition>
      <responseIf>
        <match>
          <variable identifier="RESPONSE937"/>
          <correct identifier="RESPONSE937"/>
        </match>
        <setOutcomeValue identifier="SCORE937">
          <baseValue baseType="float">1</baseValue>
        </setOutcomeValue>
      </responseIf>
      <responseElse>
        <setOutcomeValue identifier="SCORE937">
          <baseValue baseType="float">0</baseValue>
        </setOutcomeValue>
      </responseElse>
    </responseCondition>
    <responseCondition>
      <responseIf>
        <match>
          <variable identifier="RESPONSE938"/>
          <correct identifier="RESPONSE938"/>
        </match>
        <setOutcomeValue identifier="SCORE938">
          <baseValue baseType="float">1</baseValue>
        </setOutcomeValue>
      </responseIf>
      <responseElse>
        <setOutcomeValue identifier="SCORE938">
          <baseValue baseType="float">0</baseValue>
        </setOutcomeValue>
      </responseElse>
    </responseCondition>
    <setOutcomeValue identifier="SCORE">
      <sum>
        <variable identifier="SCORE937"/>
        <variable identifier="SCORE938"/>
      </sum>
    </setOutcomeValue>
  </responseProcessing>
</assessmentItem>
