<?xml version="1.0"?>
<assessmentItem adaptive="false" identifier="ITEM-LOGIC-MP-611" timeDependent="false" title="For each expression, drag an equation that has the same value as the expression." toolName="ItemLogic" toolVersion="2.0.0" xmlns="http://www.imsglobal.org/xsd/imsqti_v2p1" xmlns:m="http://www.w3.org/1998/Math/MathML" xmlns:xsi="http://www.w3.org/2001/XMLSchema-instance" xsi:schemaLocation="http://www.imsglobal.org/xsd/imsqti_v2p1  http://www.imsglobal.org/xsd/qti/qtiv2p1/imsqti_v2p1.xsd">
  <responseDeclaration baseType="directedPair" cardinality="multiple" identifier="RESPONSE507">
    <correctResponse>
      <value>GI-10330 HS-12979</value>
      <value>GI-10331 HS-12980</value>
    </correctResponse>
    <mapping defaultValue="0.00" lowerBound="0.00" upperBound="2.00">
      <mapEntry mapKey="GI-10330 HS-12979" mappedValue="1.00"/>
      <mapEntry mapKey="GI-10331 HS-12980" mappedValue="1.00"/>
    </mapping>
  </responseDeclaration>
  <outcomeDeclaration baseType="float" cardinality="single" identifier="SCORE507">
    <defaultValue>
      <value>0</value>
    </defaultValue>
  </outcomeDeclaration>
  <outcomeDeclaration baseType="float" cardinality="single" identifier="SCORE">
    <defaultValue>
      <value>0</value>
    </defaultValue>
  </outcomeDeclaration>
  <stylesheet href="../styles/bundled.css" type="text/css"/>
  <stylesheet href="../styles/inline.css" type="text/css"/>
  <itemBody>
    <graphicGapMatchInteraction responseIdentifier="RESPONSE507">
      <prompt>For each expression, drag an equation that has the same value as the expression.<br/></prompt>
      <object data="../images/expression-fix_o_06b623e974.png" height="195" type="image/png" width="400"/>
      <gapImg identifier="GI-10329" matchMax="1">
        <object data="../images/FROERI611_Expresions_opt_a01_o_7834543a5a.png" height="46" type="image/png" width="107"/>
      </gapImg>
      <gapImg identifier="GI-10330" matchMax="1">
        <object data="../images/FROERI611_Expresions_opt_b01_o_2517169b40.png" height="45" type="image/png" width="107"/>
      </gapImg>
      <gapImg identifier="GI-10331" matchMax="1">
        <object data="../images/FROERI611_Expresions_opt_h01_o_768c1403a2.png" height="46" type="image/png" width="107"/>
      </gapImg>
      <gapImg identifier="GI-10332" matchMax="1">
        <object data="../images/FROERI611_Expresions_opt_i01_o_25202de593.png" height="46" type="image/png" width="107"/>
      </gapImg>
      <associableHotspot coords="40,111,147,157" identifier="HS-12979" matchMax="1" shape="rect"/>
      <associableHotspot coords="248,111,355,157" identifier="HS-12980" matchMax="1" shape="rect"/>
    </graphicGapMatchInteraction>
  </itemBody>
  <responseProcessing>
    <responseCondition>
      <responseIf>
        <isNull>
          <variable identifier="RESPONSE507"/>
        </isNull>
        <setOutcomeValue identifier="SCORE507">
          <baseValue baseType="float">0.0</baseValue>
        </setOutcomeValue>
      </responseIf>
      <responseElse>
        <setOutcomeValue identifier="SCORE507">
          <mapResponse identifier="RESPONSE507"/>
        </setOutcomeValue>
      </responseElse>
    </responseCondition>
    <setOutcomeValue identifier="SCORE">
      <sum>
        <variable identifier="SCORE507"/>
      </sum>
    </setOutcomeValue>
  </responseProcessing>
</assessmentItem>
