<?xml version="1.0"?>
<assessmentItem adaptive="false" identifier="ITEM-LOGIC-KS-812" timeDependent="false" title="Drag the arrow to the number line to show the amount of sugar, in cups, Nia puts in each bowl." toolName="ItemLogic" toolVersion="2.0.0" xmlns="http://www.imsglobal.org/xsd/imsqti_v2p1" xmlns:m="http://www.w3.org/1998/Math/MathML" xmlns:xsi="http://www.w3.org/2001/XMLSchema-instance" xsi:schemaLocation="http://www.imsglobal.org/xsd/imsqti_v2p1  http://www.imsglobal.org/xsd/qti/qtiv2p1/imsqti_v2p1.xsd">
  <responseDeclaration baseType="directedPair" cardinality="multiple" identifier="RESPONSE800">
    <correctResponse>
      <value>GI-14931 HS-14932</value>
    </correctResponse>
  </responseDeclaration>
  <responseDeclaration baseType="identifier" cardinality="single" identifier="RESPONSE801">
    <correctResponse>
      <value>SC-13731</value>
    </correctResponse>
  </responseDeclaration>
  <outcomeDeclaration baseType="float" cardinality="single" identifier="SCORE800">
    <defaultValue>
      <value>0</value>
    </defaultValue>
  </outcomeDeclaration>
  <outcomeDeclaration baseType="float" cardinality="single" identifier="SCORE801">
    <defaultValue>
      <value>0</value>
    </defaultValue>
  </outcomeDeclaration>
  <outcomeDeclaration baseType="float" cardinality="single" identifier="SCORE">
    <defaultValue>
      <value>0</value>
    </defaultValue>
  </outcomeDeclaration>
  <stylesheet href="../styles/bundled.css" type="text/css"/>
  <stylesheet href="../styles/inline.css" type="text/css"/>
  <itemBody>
    <rubricBlock use="stimulus" view="candidate author proctor scorer testConstructor tutor" xmlns:default="http://www.w3.org/1998/Math/MathML">
      <div>
        <p xmlns:default="http://www.w3.org/1998/Math/MathML">Nia has&#xA0;<m:math xmlns="http://www.w3.org/1998/Math/MathML">   <m:mfrac>     <m:mn>1</m:mn>     <m:mn>2</m:mn>   </m:mfrac> </m:math>&#xA0;cup of sugar. She divides the sugar equally among 3 bowls.</p>
        <p>
          <object data="../images/sugar-measuring@2x_e9a694c301.png" height="150" type="image/png" width="400"/>
        </p>
      </div>
    </rubricBlock>
    <graphicGapMatchInteraction responseIdentifier="RESPONSE800">
      <prompt>Drag the arrow to the number line to show the amount of sugar, in cups, Nia puts in each bowl.<br/></prompt>
      <object data="../images/sugar-measuring-numberline-canvas@2x_o_158a9416df.png" height="160" type="image/png" width="500"/>
      <gapImg identifier="GI-14931" matchMax="1">
        <object data="../images/sugar-measuring-numberline-arrow@2x_o_cbddfc27a2.png" height="108" type="image/png" width="45"/>
      </gapImg>
      <associableHotspot coords="52,14,97,122" identifier="HS-14932" matchMax="1" shape="rect"/>
      <associableHotspot coords="204,15,249,123" identifier="HS-14933" matchMax="1" shape="rect"/>
      <associableHotspot coords="256,15,301,123" identifier="HS-14934" matchMax="1" shape="rect"/>
      <associableHotspot coords="458,17,503,125" identifier="HS-14935" matchMax="1" shape="rect"/>
    </graphicGapMatchInteraction>
    <choiceInteraction maxChoices="1" responseIdentifier="RESPONSE801" shuffle="false" xmlns:default="http://www.w3.org/1998/Math/MathML">
      <prompt xmlns:default="http://www.w3.org/1998/Math/MathML">For her recipe, Nia needs&#xA0;<m:math xmlns="http://www.w3.org/1998/Math/MathML">   <m:mfrac>     <m:mn>1</m:mn>     <m:mn>3</m:mn>   </m:mfrac> </m:math>&#xA0;cup of blueberries. She has 2 cups of blueberries. How many times can Nia make her recipe before she runs out of blueberries?<br/></prompt>
      <simpleChoice fixed="true" identifier="SC-13728" xmlns:default="http://www.w3.org/1998/Math/MathML">
        <m:math xmlns="http://www.w3.org/1998/Math/MathML">   <m:mfrac>     <m:mn>2</m:mn>     <m:mn>3</m:mn>   </m:mfrac> </m:math>
      </simpleChoice>
      <simpleChoice fixed="true" identifier="SC-13729" xmlns:default="http://www.w3.org/1998/Math/MathML">
        <m:math xmlns="http://www.w3.org/1998/Math/MathML">   <m:mn>1</m:mn>   <m:mfrac>     <m:mn>2</m:mn>     <m:mn>3</m:mn>   </m:mfrac> </m:math>
      </simpleChoice>
      <simpleChoice fixed="true" identifier="SC-13730">
        <p>3</p>
      </simpleChoice>
      <simpleChoice fixed="true" identifier="SC-13731">
        <p>6</p>
      </simpleChoice>
    </choiceInteraction>
  </itemBody>
  <responseProcessing>
    <responseCondition>
      <responseIf>
        <match>
          <variable identifier="RESPONSE800"/>
          <correct identifier="RESPONSE800"/>
        </match>
        <setOutcomeValue identifier="SCORE800">
          <baseValue baseType="float">1</baseValue>
        </setOutcomeValue>
      </responseIf>
      <responseElse>
        <setOutcomeValue identifier="SCORE800">
          <baseValue baseType="float">0</baseValue>
        </setOutcomeValue>
      </responseElse>
    </responseCondition>
    <responseCondition>
      <responseIf>
        <match>
          <variable identifier="RESPONSE801"/>
          <correct identifier="RESPONSE801"/>
        </match>
        <setOutcomeValue identifier="SCORE801">
          <baseValue baseType="float">1</baseValue>
        </setOutcomeValue>
      </responseIf>
      <responseElse>
        <setOutcomeValue identifier="SCORE801">
          <baseValue baseType="float">0</baseValue>
        </setOutcomeValue>
      </responseElse>
    </responseCondition>
    <setOutcomeValue identifier="SCORE">
      <sum>
        <variable identifier="SCORE800"/>
        <variable identifier="SCORE801"/>
      </sum>
    </setOutcomeValue>
  </responseProcessing>
</assessmentItem>
