<?xml version="1.0"?>
<assessmentItem adaptive="false" identifier="ITEM-LOGIC-MP-358" timeDependent="false" title="Match a theme for &quot;Aguascalientes, Mexico, 1924&quot; and a theme for &quot;Heartland.&quot; Then match a theme" toolName="ItemLogic" toolVersion="2.0.0" xmlns="http://www.imsglobal.org/xsd/imsqti_v2p1" xmlns:m="http://www.w3.org/1998/Math/MathML" xmlns:xsi="http://www.w3.org/2001/XMLSchema-instance" xsi:schemaLocation="http://www.imsglobal.org/xsd/imsqti_v2p1  http://www.imsglobal.org/xsd/qti/qtiv2p1/imsqti_v2p1.xsd">
  <responseDeclaration baseType="directedPair" cardinality="multiple" identifier="RESPONSE141">
    <correctResponse>
      <value>SAC-4361 SAC-4364</value>
      <value>SAC-4360 SAC-4365</value>
      <value>SAC-4362 SAC-4363</value>
    </correctResponse>
  </responseDeclaration>
  <outcomeDeclaration baseType="float" cardinality="single" identifier="SCORE141">
    <defaultValue>
      <value>0</value>
    </defaultValue>
  </outcomeDeclaration>
  <outcomeDeclaration baseType="float" cardinality="single" identifier="SCORE">
    <defaultValue>
      <value>0</value>
    </defaultValue>
  </outcomeDeclaration>
  <stylesheet href="../styles/bundled.css" type="text/css"/>
  <stylesheet href="../styles/inline.css" type="text/css"/>
  <itemBody>
    <rubricBlock use="context" view="candidate author proctor scorer testConstructor tutor">
      <div>
        <object data="../passages/RSC-LOGIC-MP-952.html" type="text/html"/>
      </div>
      <div>
        <object data="../passages/RSC-LOGIC-MP-951.html" type="text/html"/>
      </div>
    </rubricBlock>
    <matchInteraction maxAssociations="3" responseIdentifier="RESPONSE141" shuffle="false">
      <prompt>Match a theme for "<span class="style-2474a37b884e1701fe2e9e2a18ee7cbf">Aguascalientes, Mexico, 1924"</span><span class="style-9a6b2f1c152ed63441e9037431e2e1eb"> and a theme for </span><span class="style-0c21b16f82e6cfcc95f7a1b65369737f">"Heartland."</span><span class="style-9a6b2f1c152ed63441e9037431e2e1eb"> Then match a theme presented in both passages. </span><br/></prompt>
      <simpleMatchSet>
        <simpleAssociableChoice identifier="SAC-4360" matchMax="1">
          <p>
            <span class="style-2474a37b884e1701fe2e9e2a18ee7cbf">Aguascalientes, Mexico, 1924</span>
          </p>
        </simpleAssociableChoice>
        <simpleAssociableChoice identifier="SAC-4361" matchMax="1">
          <p>Heartland</p>
        </simpleAssociableChoice>
        <simpleAssociableChoice identifier="SAC-4362" matchMax="1">
          <p>Both passages</p>
        </simpleAssociableChoice>
      </simpleMatchSet>
      <simpleMatchSet>
        <simpleAssociableChoice identifier="SAC-4363" matchMax="1">
          <p>Appreciate your surroundings.</p>
        </simpleAssociableChoice>
        <simpleAssociableChoice identifier="SAC-4366" matchMax="1">
          <p>Listen to the advice of grownups.</p>
        </simpleAssociableChoice>
        <simpleAssociableChoice identifier="SAC-4364" matchMax="1">
          <p>Communities are made of many different parts.</p>
        </simpleAssociableChoice>
        <simpleAssociableChoice identifier="SAC-4365" matchMax="1">
          <p>Keep in touch with nature.</p>
        </simpleAssociableChoice>
        <simpleAssociableChoice identifier="SAC-4367" matchMax="1">
          <p>Hard work always leads to success.</p>
        </simpleAssociableChoice>
      </simpleMatchSet>
    </matchInteraction>
  </itemBody>
  <responseProcessing>
    <responseCondition>
      <responseIf>
        <match>
          <variable identifier="RESPONSE141"/>
          <correct identifier="RESPONSE141"/>
        </match>
        <setOutcomeValue identifier="SCORE141">
          <baseValue baseType="float">1</baseValue>
        </setOutcomeValue>
      </responseIf>
      <responseElse>
        <setOutcomeValue identifier="SCORE141">
          <baseValue baseType="float">0</baseValue>
        </setOutcomeValue>
      </responseElse>
    </responseCondition>
    <setOutcomeValue identifier="SCORE">
      <sum>
        <variable identifier="SCORE141"/>
      </sum>
    </setOutcomeValue>
  </responseProcessing>
</assessmentItem>
