<?xml version="1.0"?>
<assessmentItem adaptive="false" identifier="ITEM-LOGIC-MP-502" timeDependent="false" title="Identify the rational and irrational numbers in this list." toolName="ItemLogic" toolVersion="2.0.0" xmlns="http://www.imsglobal.org/xsd/imsqti_v2p1" xmlns:m="http://www.w3.org/1998/Math/MathML" xmlns:xsi="http://www.w3.org/2001/XMLSchema-instance" xsi:schemaLocation="http://www.imsglobal.org/xsd/imsqti_v2p1  http://www.imsglobal.org/xsd/qti/qtiv2p1/imsqti_v2p1.xsd">
  <responseDeclaration baseType="directedPair" cardinality="multiple" identifier="RESPONSE365">
    <correctResponse>
      <value>SAC-6303 SAC-6304</value>
      <value>SAC-6314 SAC-7874</value>
      <value>SAC-6300 SAC-7874</value>
      <value>SAC-6308 SAC-7874</value>
    </correctResponse>
    <mapping defaultValue="0.00" lowerBound="0.00" upperBound="2.00">
      <mapEntry mapKey="SAC-6303 SAC-6304" mappedValue="0.50"/>
      <mapEntry mapKey="SAC-6314 SAC-7874" mappedValue="0.50"/>
      <mapEntry mapKey="SAC-6300 SAC-7874" mappedValue="0.50"/>
      <mapEntry mapKey="SAC-6308 SAC-7874" mappedValue="0.50"/>
    </mapping>
  </responseDeclaration>
  <outcomeDeclaration baseType="float" cardinality="single" identifier="SCORE365">
    <defaultValue>
      <value>0</value>
    </defaultValue>
  </outcomeDeclaration>
  <outcomeDeclaration baseType="float" cardinality="single" identifier="SCORE">
    <defaultValue>
      <value>0</value>
    </defaultValue>
  </outcomeDeclaration>
  <stylesheet href="../styles/bundled.css" type="text/css"/>
  <stylesheet href="../styles/inline.css" type="text/css"/>
  <itemBody>
    <matchInteraction maxAssociations="4" responseIdentifier="RESPONSE365" shuffle="false">
      <prompt>Identify the rational and irrational numbers in this list.<br/></prompt>
      <simpleMatchSet>
        <simpleAssociableChoice identifier="SAC-6303" matchMax="1">
          <math xmlns="http://www.w3.org/1998/Math/MathML">   <msqrt>     <mn>2</mn>   </msqrt> </math>
        </simpleAssociableChoice>
        <simpleAssociableChoice identifier="SAC-6314" matchMax="1">
          <p xmlns:default="http://www.w3.org/1998/Math/MathML">
            <math xmlns="http://www.w3.org/1998/Math/MathML">   <mn>0.</mn>   <mrow class="MJX-TeXAtom-ORD">     <mover>       <mn>4</mn>       <mo stretchy="false">&#xAF;<!-- Â¯ --></mo>     </mover>   </mrow> </math>
          </p>
        </simpleAssociableChoice>
        <simpleAssociableChoice identifier="SAC-6300" matchMax="1">
          <p xmlns:default="http://www.w3.org/1998/Math/MathML">
            <math xmlns="http://www.w3.org/1998/Math/MathML">   <mo>&#x2212;<!-- âˆ’ --></mo>   <msqrt>     <mn>64</mn>   </msqrt> </math>
          </p>
        </simpleAssociableChoice>
        <simpleAssociableChoice identifier="SAC-6308" matchMax="1">
          <p xmlns:default="http://www.w3.org/1998/Math/MathML">
            <math xmlns="http://www.w3.org/1998/Math/MathML">   <mfrac>     <mn>1</mn>     <mn>4</mn>   </mfrac> </math>
          </p>
        </simpleAssociableChoice>
      </simpleMatchSet>
      <simpleMatchSet>
        <simpleAssociableChoice identifier="SAC-7874" matchMax="1">
          <p>rational number</p>
        </simpleAssociableChoice>
        <simpleAssociableChoice identifier="SAC-6304" matchMax="1">
          <p>irrational number</p>
        </simpleAssociableChoice>
      </simpleMatchSet>
    </matchInteraction>
  </itemBody>
  <responseProcessing>
    <responseCondition>
      <responseIf>
        <isNull>
          <variable identifier="RESPONSE365"/>
        </isNull>
        <setOutcomeValue identifier="SCORE365">
          <baseValue baseType="float">0.0</baseValue>
        </setOutcomeValue>
      </responseIf>
      <responseElse>
        <setOutcomeValue identifier="SCORE365">
          <mapResponse identifier="RESPONSE365"/>
        </setOutcomeValue>
      </responseElse>
    </responseCondition>
    <setOutcomeValue identifier="SCORE">
      <sum>
        <variable identifier="SCORE365"/>
      </sum>
    </setOutcomeValue>
  </responseProcessing>
</assessmentItem>
