<?xml version="1.0"?>
<assessmentItem adaptive="false" identifier="ITEM-LOGIC-MP-382" timeDependent="false" title="Order the calculations of the students from the least percent error to the greatest percent error." toolName="ItemLogic" toolVersion="2.0.0" xmlns="http://www.imsglobal.org/xsd/imsqti_v2p1" xmlns:m="http://www.w3.org/1998/Math/MathML" xmlns:xsi="http://www.w3.org/2001/XMLSchema-instance" xsi:schemaLocation="http://www.imsglobal.org/xsd/imsqti_v2p1  http://www.imsglobal.org/xsd/qti/qtiv2p1/imsqti_v2p1.xsd">
  <responseDeclaration baseType="identifier" cardinality="ordered" identifier="RESPONSE166">
    <correctResponse>
      <value>SC-4585</value>
      <value>SC-4583</value>
      <value>SC-4584</value>
      <value>SC-4586</value>
    </correctResponse>
  </responseDeclaration>
  <outcomeDeclaration baseType="float" cardinality="single" identifier="SCORE166">
    <defaultValue>
      <value>0</value>
    </defaultValue>
  </outcomeDeclaration>
  <outcomeDeclaration baseType="float" cardinality="single" identifier="SCORE">
    <defaultValue>
      <value>0</value>
    </defaultValue>
  </outcomeDeclaration>
  <stylesheet href="../styles/bundled.css" type="text/css"/>
  <stylesheet href="../styles/inline.css" type="text/css"/>
  <itemBody>
    <rubricBlock use="stimulus" view="candidate author proctor scorer testConstructor tutor">
      <div>
        <p>Four students are building a seesaw for a playground. Each student had to cut a piece of wood to a length of 9 feet. The students each estimated the length and then cut the wood. After making the cuts, the students recorded the actual measurements of the lengths of wood.</p>
      </div>
    </rubricBlock>
    <orderInteraction orientation="vertical" responseIdentifier="RESPONSE166" shuffle="false" xmlns:default="http://www.w3.org/1998/Math/MathML">
      <prompt>Order the calculations of the students from the least percent error to the greatest percent error.<br/></prompt>
      <simpleChoice identifier="SC-4583">
        <p><strong>Hyo</strong>: 8.5 feet</p>
      </simpleChoice>
      <simpleChoice identifier="SC-4584">
        <p><strong> Jaan: </strong>10 feet</p>
      </simpleChoice>
      <simpleChoice identifier="SC-4585" xmlns:default="http://www.w3.org/1998/Math/MathML">
        <p xmlns:default="http://www.w3.org/1998/Math/MathML"><strong>Nilo: </strong><m:math xmlns="http://www.w3.org/1998/Math/MathML">   <m:mn>8</m:mn>   <m:mfrac>     <m:mn>3</m:mn>     <m:mn>4</m:mn>   </m:mfrac> </m:math> feet</p>
      </simpleChoice>
      <simpleChoice identifier="SC-4586">
        <p><strong>Kate:</strong> 11 feet<br/></p>
      </simpleChoice>
    </orderInteraction>
  </itemBody>
  <responseProcessing>
    <responseCondition>
      <responseIf>
        <match>
          <variable identifier="RESPONSE166"/>
          <correct identifier="RESPONSE166"/>
        </match>
        <setOutcomeValue identifier="SCORE166">
          <baseValue baseType="float">1</baseValue>
        </setOutcomeValue>
      </responseIf>
      <responseElse>
        <setOutcomeValue identifier="SCORE166">
          <baseValue baseType="float">0</baseValue>
        </setOutcomeValue>
      </responseElse>
    </responseCondition>
    <setOutcomeValue identifier="SCORE">
      <sum>
        <variable identifier="SCORE166"/>
      </sum>
    </setOutcomeValue>
  </responseProcessing>
</assessmentItem>
