<?xml version="1.0"?>
<assessmentItem adaptive="false" identifier="ITEM-LOGIC-MP-226" timeDependent="false" title="Derek divided the dough materials equally among his friends and himself. He wrote down on a piece of" toolName="ItemLogic" toolVersion="2.0.0" xmlns="http://www.imsglobal.org/xsd/imsqti_v2p1" xmlns:m="http://www.w3.org/1998/Math/MathML" xmlns:xsi="http://www.w3.org/2001/XMLSchema-instance" xsi:schemaLocation="http://www.imsglobal.org/xsd/imsqti_v2p1  http://www.imsglobal.org/xsd/qti/qtiv2p1/imsqti_v2p1.xsd">
  <responseDeclaration baseType="directedPair" cardinality="multiple" identifier="RESPONSE62">
    <correctResponse>
      <value>GI-3636 HS-3871</value>
      <value>GI-3644 HS-3873</value>
      <value>GI-3639 HS-3874</value>
      <value>GI-3649 HS-3875</value>
    </correctResponse>
    <mapping defaultValue="0.00" lowerBound="0.00" upperBound="2.00">
      <mapEntry mapKey="GI-3636 HS-3871" mappedValue="0.50"/>
      <mapEntry mapKey="GI-3644 HS-3873" mappedValue="0.50"/>
      <mapEntry mapKey="GI-3639 HS-3874" mappedValue="0.50"/>
      <mapEntry mapKey="GI-3649 HS-3875" mappedValue="0.50"/>
    </mapping>
  </responseDeclaration>
  <outcomeDeclaration baseType="float" cardinality="single" identifier="SCORE62">
    <defaultValue>
      <value>0</value>
    </defaultValue>
  </outcomeDeclaration>
  <outcomeDeclaration baseType="float" cardinality="single" identifier="SCORE">
    <defaultValue>
      <value>0</value>
    </defaultValue>
  </outcomeDeclaration>
  <stylesheet href="../styles/bundled.css" type="text/css"/>
  <stylesheet href="../styles/inline.css" type="text/css"/>
  <itemBody>
    <rubricBlock use="stimulus" view="candidate author proctor scorer testConstructor tutor">
      <div>
        <p>Derek and his two friends made play dough. A list of the materials they used is shown below.</p>
        <p>
          <object data="../images/FRO_ERI_019_Dough_Materials_stem_01_d049336372.png" height="238" type="image/png" width="222"/>
        </p>
      </div>
    </rubricBlock>
    <graphicGapMatchInteraction responseIdentifier="RESPONSE62">
      <prompt>Derek divided the dough materials equally among his friends and himself. He wrote down on a piece of paper the materials each friend would have, but he made a mistake on his list. Drag the arrow to the fraction of material that shows the mistake. Create a correct equation to correct the mistake.<br/></prompt>
      <object data="../images/FRO_ERI_019_Dough_EQ_stem_01_o_e026712538.png" height="289" type="image/png" width="351"/>
      <gapImg identifier="GI-3636" matchMax="1">
        <object data="../images/FRO_ERI_019_Dough_Materials_opt_01_o_326023fe6c.png" height="24" type="image/png" width="109"/>
      </gapImg>
      <gapImg identifier="GI-3637" matchMax="1">
        <object data="../images/FRO_ERI_019_Dough_EQ_opt_01_o_25cce4dcc7.png" height="29" type="image/png" width="29"/>
      </gapImg>
      <gapImg identifier="GI-3638" matchMax="1">
        <object data="../images/FRO_ERI_019_Dough_EQ_opt_02_o_6b07c368a2.png" height="29" type="image/png" width="29"/>
      </gapImg>
      <gapImg identifier="GI-3639" matchMax="1">
        <object data="../images/FRO_ERI_019_Dough_EQ_opt_03_o_ee9205a4d4.png" height="29" type="image/png" width="29"/>
      </gapImg>
      <gapImg identifier="GI-3640" matchMax="1">
        <object data="../images/FRO_ERI_019_Dough_EQ_opt_04_o_2adfa551fa.png" height="29" type="image/png" width="29"/>
      </gapImg>
      <gapImg identifier="GI-3641" matchMax="1">
        <object data="../images/FRO_ERI_019_Dough_EQ_opt_05_o_9aedb8c032.png" height="29" type="image/png" width="29"/>
      </gapImg>
      <gapImg identifier="GI-3642" matchMax="1">
        <object data="../images/FRO_ERI_019_Dough_EQ_opt_06_o_6b1373434e.png" height="29" type="image/png" width="29"/>
      </gapImg>
      <gapImg identifier="GI-3643" matchMax="1">
        <object data="../images/FRO_ERI_019_Dough_EQ_opt_07_o_6ffb0559f1.png" height="29" type="image/png" width="29"/>
      </gapImg>
      <gapImg identifier="GI-3644" matchMax="1">
        <object data="../images/FRO_ERI_019_Dough_EQ_opt_08_o_5f2c654287.png" height="29" type="image/png" width="29"/>
      </gapImg>
      <gapImg identifier="GI-3645" matchMax="1">
        <object data="../images/FRO_ERI_019_Dough_EQ_opt_09_o_04728fa6c2.png" height="29" type="image/png" width="29"/>
      </gapImg>
      <gapImg identifier="GI-3646" matchMax="1">
        <object data="../images/FRO_ERI_019_Dough_EQ_opt_10_o_295241ecf3.png" height="29" type="image/png" width="29"/>
      </gapImg>
      <gapImg identifier="GI-3647" matchMax="1">
        <object data="../images/FRO_ERI_019_Dough_EQ_opt_11_o_6f86dd3be3.png" height="29" type="image/png" width="29"/>
      </gapImg>
      <gapImg identifier="GI-3648" matchMax="1">
        <object data="../images/FRO_ERI_019_Dough_EQ_opt_12_o_de9f8750b6.png" height="29" type="image/png" width="29"/>
      </gapImg>
      <gapImg identifier="GI-3649" matchMax="1">
        <object data="../images/FRO_ERI_019_Dough_EQ_opt_13_o_a2d2218034.png" height="29" type="image/png" width="29"/>
      </gapImg>
      <gapImg identifier="GI-3650" matchMax="1">
        <object data="../images/FRO_ERI_019_Dough_EQ_opt_14_o_ddb9b89675.png" height="29" type="image/png" width="29"/>
      </gapImg>
      <associableHotspot coords="17,60,126,84" identifier="HS-3869" matchMax="1" shape="rect"/>
      <associableHotspot coords="15,97,124,121" identifier="HS-3870" matchMax="1" shape="rect"/>
      <associableHotspot coords="17,136,126,160" identifier="HS-3871" matchMax="1" shape="rect"/>
      <associableHotspot coords="16,173,125,197" identifier="HS-3872" matchMax="1" shape="rect"/>
      <associableHotspot coords="157,255,186,284" identifier="HS-3873" matchMax="1" shape="rect"/>
      <associableHotspot coords="217,256,246,285" identifier="HS-3874" matchMax="1" shape="rect"/>
      <associableHotspot coords="279,257,308,286" identifier="HS-3875" matchMax="1" shape="rect"/>
    </graphicGapMatchInteraction>
  </itemBody>
  <responseProcessing>
    <responseCondition>
      <responseIf>
        <isNull>
          <variable identifier="RESPONSE62"/>
        </isNull>
        <setOutcomeValue identifier="SCORE62">
          <baseValue baseType="float">0.0</baseValue>
        </setOutcomeValue>
      </responseIf>
      <responseElse>
        <setOutcomeValue identifier="SCORE62">
          <mapResponse identifier="RESPONSE62"/>
        </setOutcomeValue>
      </responseElse>
    </responseCondition>
    <setOutcomeValue identifier="SCORE">
      <sum>
        <variable identifier="SCORE62"/>
      </sum>
    </setOutcomeValue>
  </responseProcessing>
</assessmentItem>
