<?xml version="1.0"?>
<assessmentItem adaptive="false" identifier="ITEM-LOGIC-MP-521" timeDependent="false" title="Match each word from the selection with its most likely meaning." toolName="ItemLogic" toolVersion="2.0.0" xmlns="http://www.imsglobal.org/xsd/imsqti_v2p1" xmlns:m="http://www.w3.org/1998/Math/MathML" xmlns:xsi="http://www.w3.org/2001/XMLSchema-instance" xsi:schemaLocation="http://www.imsglobal.org/xsd/imsqti_v2p1  http://www.imsglobal.org/xsd/qti/qtiv2p1/imsqti_v2p1.xsd">
  <responseDeclaration baseType="directedPair" cardinality="multiple" identifier="RESPONSE402">
    <correctResponse>
      <value>SAC-6983 SAC-6987</value>
      <value>SAC-6986 SAC-6996</value>
      <value>SAC-6984 SAC-6990</value>
    </correctResponse>
  </responseDeclaration>
  <outcomeDeclaration baseType="float" cardinality="single" identifier="SCORE402">
    <defaultValue>
      <value>0</value>
    </defaultValue>
  </outcomeDeclaration>
  <outcomeDeclaration baseType="float" cardinality="single" identifier="SCORE">
    <defaultValue>
      <value>0</value>
    </defaultValue>
  </outcomeDeclaration>
  <stylesheet href="../styles/bundled.css" type="text/css"/>
  <stylesheet href="../styles/inline.css" type="text/css"/>
  <itemBody>
    <rubricBlock use="context" view="candidate author proctor scorer testConstructor tutor">
      <div>
        <object data="../passages/RSC-LOGIC-MP-962.html" type="text/html"/>
      </div>
    </rubricBlock>
    <matchInteraction maxAssociations="3" responseIdentifier="RESPONSE402" shuffle="false">
      <prompt>Match each word from the selection with its <strong>most likely</strong> meaning.<br/></prompt>
      <simpleMatchSet>
        <simpleAssociableChoice identifier="SAC-6983" matchMax="1">
          <p>manifold (Paragraph 1)</p>
        </simpleAssociableChoice>
        <simpleAssociableChoice identifier="SAC-6986" matchMax="1">
          <p>exacting (Paragraph 8)</p>
        </simpleAssociableChoice>
        <simpleAssociableChoice identifier="SAC-6984" matchMax="1">
          <p>tumultuous (Paragraph 10)</p>
        </simpleAssociableChoice>
      </simpleMatchSet>
      <simpleMatchSet>
        <simpleAssociableChoice identifier="SAC-6992" matchMax="1">
          <p>boring and repetitive</p>
        </simpleAssociableChoice>
        <simpleAssociableChoice identifier="SAC-6987" matchMax="1">
          <p>diverse and numerous</p>
        </simpleAssociableChoice>
        <simpleAssociableChoice identifier="SAC-6996" matchMax="1">
          <p>picky and precise</p>
        </simpleAssociableChoice>
        <simpleAssociableChoice identifier="SAC-6997" matchMax="1">
          <p>absurd and unreasonable</p>
        </simpleAssociableChoice>
        <simpleAssociableChoice identifier="SAC-6990" matchMax="1">
          <p>intense and eventful</p>
        </simpleAssociableChoice>
      </simpleMatchSet>
    </matchInteraction>
  </itemBody>
  <responseProcessing>
    <responseCondition>
      <responseIf>
        <match>
          <variable identifier="RESPONSE402"/>
          <correct identifier="RESPONSE402"/>
        </match>
        <setOutcomeValue identifier="SCORE402">
          <baseValue baseType="float">1</baseValue>
        </setOutcomeValue>
      </responseIf>
      <responseElse>
        <setOutcomeValue identifier="SCORE402">
          <baseValue baseType="float">0</baseValue>
        </setOutcomeValue>
      </responseElse>
    </responseCondition>
    <setOutcomeValue identifier="SCORE">
      <sum>
        <variable identifier="SCORE402"/>
      </sum>
    </setOutcomeValue>
  </responseProcessing>
</assessmentItem>
