<?xml version="1.0"?>
<assessmentItem adaptive="false" identifier="ITEM-LOGIC-KS-757" timeDependent="false" title="Lea gave 3 of her crayons to her brother. She has some crayons left. Click groups of crayons to show" toolName="ItemLogic" toolVersion="2.0.0" xmlns="http://www.imsglobal.org/xsd/imsqti_v2p1" xmlns:m="http://www.w3.org/1998/Math/MathML" xmlns:xsi="http://www.w3.org/2001/XMLSchema-instance" xsi:schemaLocation="http://www.imsglobal.org/xsd/imsqti_v2p1  http://www.imsglobal.org/xsd/qti/qtiv2p1/imsqti_v2p1.xsd">
  <responseDeclaration baseType="identifier" cardinality="multiple" identifier="RESPONSE714">
    <correctResponse>
      <value>HS-11448</value>
      <value>HS-11450</value>
    </correctResponse>
  </responseDeclaration>
  <responseDeclaration baseType="identifier" cardinality="multiple" identifier="RESPONSE715">
    <correctResponse>
      <value>HS-11492</value>
      <value>HS-11493</value>
    </correctResponse>
  </responseDeclaration>
  <outcomeDeclaration baseType="float" cardinality="single" identifier="SCORE714">
    <defaultValue>
      <value>0</value>
    </defaultValue>
  </outcomeDeclaration>
  <outcomeDeclaration baseType="float" cardinality="single" identifier="SCORE715">
    <defaultValue>
      <value>0</value>
    </defaultValue>
  </outcomeDeclaration>
  <outcomeDeclaration baseType="float" cardinality="single" identifier="SCORE">
    <defaultValue>
      <value>0</value>
    </defaultValue>
  </outcomeDeclaration>
  <stylesheet href="../styles/bundled.css" type="text/css"/>
  <stylesheet href="../styles/inline.css" type="text/css"/>
  <itemBody>
    <rubricBlock use="stimulus" view="candidate author proctor scorer testConstructor tutor">
      <div>
        <p>Lea had 4 pencils and 9 crayons.</p>
      </div>
    </rubricBlock>
    <hotspotInteraction maxChoices="0" responseIdentifier="RESPONSE714">
      <prompt>Lea gave 3 of her crayons to her brother. She has some crayons left.&#xA0;<span>Click the two groups of crayons that can be put together to show the total number of crayons she has left.</span><br/></prompt>
      <object data="../images/crayons@2x_o_16ad19aee8.png" height="229" type="image/png" width="500"/>
      <hotspotChoice coords="22,16,118,212" identifier="HS-11448" shape="rect"/>
      <hotspotChoice coords="155,15,289,211" identifier="HS-11449" shape="rect"/>
      <hotspotChoice coords="316,15,494,211" identifier="HS-11450" shape="rect"/>
    </hotspotInteraction>
    <hotspotInteraction maxChoices="0" responseIdentifier="RESPONSE715">
      <prompt>Lea's dad gave her some more pencils. She now has 11 pencils.&#xA0;<span>Click the two groups of pencils that can be put together to show the total number of pencils her dad gave her.</span><br/></prompt>
      <object data="../images/pencils@2x_o_50d76144e4.png" height="240" type="image/png" width="500"/>
      <hotspotChoice coords="21,11,191,232" identifier="HS-11491" shape="rect"/>
      <hotspotChoice coords="210,11,347,232" identifier="HS-11492" shape="rect"/>
      <hotspotChoice coords="369,11,483,232" identifier="HS-11493" shape="rect"/>
    </hotspotInteraction>
  </itemBody>
  <responseProcessing>
    <responseCondition>
      <responseIf>
        <match>
          <variable identifier="RESPONSE714"/>
          <correct identifier="RESPONSE714"/>
        </match>
        <setOutcomeValue identifier="SCORE714">
          <baseValue baseType="float">1</baseValue>
        </setOutcomeValue>
      </responseIf>
      <responseElse>
        <setOutcomeValue identifier="SCORE714">
          <baseValue baseType="float">0</baseValue>
        </setOutcomeValue>
      </responseElse>
    </responseCondition>
    <responseCondition>
      <responseIf>
        <match>
          <variable identifier="RESPONSE715"/>
          <correct identifier="RESPONSE715"/>
        </match>
        <setOutcomeValue identifier="SCORE715">
          <baseValue baseType="float">1</baseValue>
        </setOutcomeValue>
      </responseIf>
      <responseElse>
        <setOutcomeValue identifier="SCORE715">
          <baseValue baseType="float">0</baseValue>
        </setOutcomeValue>
      </responseElse>
    </responseCondition>
    <setOutcomeValue identifier="SCORE">
      <sum>
        <variable identifier="SCORE714"/>
        <variable identifier="SCORE715"/>
      </sum>
    </setOutcomeValue>
  </responseProcessing>
</assessmentItem>
