<?xml version="1.0"?>
<assessmentItem adaptive="false" identifier="ITEM-LOGIC-MP-477" timeDependent="false" title="Part A Which structural element helps with the development of ideas in the poem?" toolName="ItemLogic" toolVersion="2.0.0" xmlns="http://www.imsglobal.org/xsd/imsqti_v2p1" xmlns:m="http://www.w3.org/1998/Math/MathML" xmlns:xsi="http://www.w3.org/2001/XMLSchema-instance" xsi:schemaLocation="http://www.imsglobal.org/xsd/imsqti_v2p1  http://www.imsglobal.org/xsd/qti/qtiv2p1/imsqti_v2p1.xsd">
  <responseDeclaration baseType="identifier" cardinality="single" identifier="RESPONSE329">
    <correctResponse>
      <value>IC-5776</value>
    </correctResponse>
  </responseDeclaration>
  <responseDeclaration baseType="identifier" cardinality="single" identifier="RESPONSE331">
    <correctResponse>
      <value>SC-6789</value>
    </correctResponse>
  </responseDeclaration>
  <outcomeDeclaration baseType="float" cardinality="single" identifier="SCORE329">
    <defaultValue>
      <value>0</value>
    </defaultValue>
  </outcomeDeclaration>
  <outcomeDeclaration baseType="float" cardinality="single" identifier="SCORE331">
    <defaultValue>
      <value>0</value>
    </defaultValue>
  </outcomeDeclaration>
  <outcomeDeclaration baseType="float" cardinality="single" identifier="SCORE">
    <defaultValue>
      <value>0</value>
    </defaultValue>
  </outcomeDeclaration>
  <stylesheet href="../styles/bundled.css" type="text/css"/>
  <stylesheet href="../styles/inline.css" type="text/css"/>
  <itemBody>
    <rubricBlock use="context" view="candidate author proctor scorer testConstructor tutor">
      <div>
        <object data="../passages/RSC-LOGIC-MP-995.html" type="text/html"/>
      </div>
    </rubricBlock>
    <div class="stem stem_inline">
      <div class="stem_prompt"><p>Part A</p> <p>Which structural element helps with the development of ideas in the poem?</p></div>
      <p class="MsoListParagraph">
        <inlineChoiceInteraction responseIdentifier="RESPONSE329" shuffle="false">
          <inlineChoice identifier="IC-5774">Four line stanzas</inlineChoice>
          <inlineChoice identifier="IC-5775">Repeating words</inlineChoice>
          <inlineChoice identifier="IC-5776">Rhyming lines</inlineChoice>
          <inlineChoice identifier="IC-5777">Free verse</inlineChoice>
        </inlineChoiceInteraction>
      </p>
    </div>
    <choiceInteraction maxChoices="1" responseIdentifier="RESPONSE331" shuffle="false">
      <prompt>Part B<br/> How does the answer to Part A contribute to the development of the overall structure of the poem?<br/></prompt>
      <simpleChoice fixed="true" identifier="SC-6777">
        <p>It gives the reader details about the speaker's life.</p>
      </simpleChoice>
      <simpleChoice fixed="true" identifier="SC-6789">
        <p>It helps to move the events forward to the conclusion of the poem.</p>
      </simpleChoice>
      <simpleChoice fixed="true" identifier="SC-6790">
        <p>It provides the reader with visual pictures about the speaker's activities.</p>
      </simpleChoice>
      <simpleChoice fixed="true" identifier="SC-6791">
        <p>It illustrates a change in the point of view in the poem.</p>
      </simpleChoice>
    </choiceInteraction>
  </itemBody>
  <responseProcessing>
    <responseCondition>
      <responseIf>
        <match>
          <variable identifier="RESPONSE329"/>
          <correct identifier="RESPONSE329"/>
        </match>
        <setOutcomeValue identifier="SCORE329">
          <baseValue baseType="float">1</baseValue>
        </setOutcomeValue>
      </responseIf>
      <responseElse>
        <setOutcomeValue identifier="SCORE329">
          <baseValue baseType="float">0</baseValue>
        </setOutcomeValue>
      </responseElse>
    </responseCondition>
    <responseCondition>
      <responseIf>
        <match>
          <variable identifier="RESPONSE331"/>
          <correct identifier="RESPONSE331"/>
        </match>
        <setOutcomeValue identifier="SCORE331">
          <baseValue baseType="float">1</baseValue>
        </setOutcomeValue>
      </responseIf>
      <responseElse>
        <setOutcomeValue identifier="SCORE331">
          <baseValue baseType="float">0</baseValue>
        </setOutcomeValue>
      </responseElse>
    </responseCondition>
    <setOutcomeValue identifier="SCORE">
      <sum>
        <variable identifier="SCORE329"/>
        <variable identifier="SCORE331"/>
      </sum>
    </setOutcomeValue>
  </responseProcessing>
</assessmentItem>
