<?xml version="1.0"?>
<assessmentItem adaptive="false" identifier="ITEM-LOGIC-KS-948" timeDependent="false" title="Dylan wrote about the different numbers of students. Click on all the mistakes Dylan made." toolName="ItemLogic" toolVersion="2.0.0" xmlns="http://www.imsglobal.org/xsd/imsqti_v2p1" xmlns:m="http://www.w3.org/1998/Math/MathML" xmlns:xsi="http://www.w3.org/2001/XMLSchema-instance" xsi:schemaLocation="http://www.imsglobal.org/xsd/imsqti_v2p1  http://www.imsglobal.org/xsd/qti/qtiv2p1/imsqti_v2p1.xsd">
  <responseDeclaration baseType="identifier" cardinality="multiple" identifier="RESPONSE934">
    <correctResponse>
      <value>HT-16535</value>
      <value>HT-16537</value>
      <value>HT-16538</value>
      <value>HT-16539</value>
    </correctResponse>
  </responseDeclaration>
  <responseDeclaration baseType="identifier" cardinality="single" identifier="RESPONSE936">
    <correctResponse>
      <value>SC-16544</value>
    </correctResponse>
  </responseDeclaration>
  <outcomeDeclaration baseType="float" cardinality="single" identifier="SCORE934">
    <defaultValue>
      <value>0</value>
    </defaultValue>
  </outcomeDeclaration>
  <outcomeDeclaration baseType="float" cardinality="single" identifier="SCORE936">
    <defaultValue>
      <value>0</value>
    </defaultValue>
  </outcomeDeclaration>
  <outcomeDeclaration baseType="float" cardinality="single" identifier="SCORE">
    <defaultValue>
      <value>0</value>
    </defaultValue>
  </outcomeDeclaration>
  <stylesheet href="../styles/bundled.css" type="text/css"/>
  <stylesheet href="../styles/inline.css" type="text/css"/>
  <itemBody>
    <rubricBlock use="stimulus" view="candidate author proctor scorer testConstructor tutor">
      <div>
        <p>The table shows different numbers of students at Oak Elementary School.</p>
        <table class="style-a3f303f2f8a08e1dfaa5bdde04c0641d"> <tbody> <tr> <td class="style-0594fd93e2a95d4b5ade904927f9cdf8"><strong>Group</strong></td> <td class="style-0594fd93e2a95d4b5ade904927f9cdf8"><strong>Number of Students</strong></td> </tr> <tr> <td class="style-0594fd93e2a95d4b5ade904927f9cdf8">Students in Mr. Lee's Class</td> <td class="style-0594fd93e2a95d4b5ade904927f9cdf8">25</td> </tr> <tr> <td class="style-0594fd93e2a95d4b5ade904927f9cdf8">Students in 2nd Grade</td> <td class="style-0594fd93e2a95d4b5ade904927f9cdf8">104</td> </tr> <tr> <td class="style-0594fd93e2a95d4b5ade904927f9cdf8">Students who are Girls</td> <td class="style-0594fd93e2a95d4b5ade904927f9cdf8">460</td> </tr> <tr> <td class="style-0594fd93e2a95d4b5ade904927f9cdf8">All Students</td> <td class="style-0594fd93e2a95d4b5ade904927f9cdf8">937</td> </tr> </tbody> </table>
      </div>
    </rubricBlock>
    <hottextInteraction maxChoices="0" responseIdentifier="RESPONSE934">
      <prompt>Dylan wrote about the different numbers of students. Click on all the mistakes Dylan made.<br/></prompt>
      <p>The number of students in Mr. Lee's class has 2 <hottext identifier="HT-16532">tens</hottext>and 5 <hottext identifier="HT-16533">ones</hottext>. The number of students in second grade has 1 <hottext identifier="HT-16534">hundred</hottext>and 4 <hottext identifier="HT-16535">tens</hottext>. The number of students who are girls has 4 <hottext identifier="HT-16536">hundreds</hottext>and 6 <hottext identifier="HT-16537">ones</hottext>. The total number of students has 3 <hottext identifier="HT-16538">hundreds</hottext>, 9 <hottext identifier="HT-16539">tens</hottext>, and 7 <hottext identifier="HT-16540">ones</hottext>.</p>
    </hottextInteraction>
    <choiceInteraction maxChoices="1" responseIdentifier="RESPONSE936" shuffle="false">
      <prompt>Which group of students has a number of tens that is greater than the number of ones?<br/></prompt>
      <simpleChoice fixed="true" identifier="SC-16542">
        <p>Students in Mr. Lee's Class</p>
      </simpleChoice>
      <simpleChoice fixed="true" identifier="SC-16543">
        <p>Students in 2nd Grade</p>
      </simpleChoice>
      <simpleChoice fixed="true" identifier="SC-16544">
        <p>Students who are Girls</p>
      </simpleChoice>
      <simpleChoice fixed="true" identifier="SC-16545">
        <p>All Students</p>
      </simpleChoice>
    </choiceInteraction>
  </itemBody>
  <responseProcessing>
    <responseCondition>
      <responseIf>
        <match>
          <variable identifier="RESPONSE934"/>
          <correct identifier="RESPONSE934"/>
        </match>
        <setOutcomeValue identifier="SCORE934">
          <baseValue baseType="float">1</baseValue>
        </setOutcomeValue>
      </responseIf>
      <responseElse>
        <setOutcomeValue identifier="SCORE934">
          <baseValue baseType="float">0</baseValue>
        </setOutcomeValue>
      </responseElse>
    </responseCondition>
    <responseCondition>
      <responseIf>
        <match>
          <variable identifier="RESPONSE936"/>
          <correct identifier="RESPONSE936"/>
        </match>
        <setOutcomeValue identifier="SCORE936">
          <baseValue baseType="float">1</baseValue>
        </setOutcomeValue>
      </responseIf>
      <responseElse>
        <setOutcomeValue identifier="SCORE936">
          <baseValue baseType="float">0</baseValue>
        </setOutcomeValue>
      </responseElse>
    </responseCondition>
    <setOutcomeValue identifier="SCORE">
      <sum>
        <variable identifier="SCORE934"/>
        <variable identifier="SCORE936"/>
      </sum>
    </setOutcomeValue>
  </responseProcessing>
</assessmentItem>
