<?xml version="1.0"?>
<assessmentItem adaptive="false" identifier="ITEM-LOGIC-KS-966" timeDependent="false" title="Part A Complete the sentence about Josh." toolName="ItemLogic" toolVersion="2.0.0" xmlns="http://www.imsglobal.org/xsd/imsqti_v2p1" xmlns:m="http://www.w3.org/1998/Math/MathML" xmlns:xsi="http://www.w3.org/2001/XMLSchema-instance" xsi:schemaLocation="http://www.imsglobal.org/xsd/imsqti_v2p1  http://www.imsglobal.org/xsd/qti/qtiv2p1/imsqti_v2p1.xsd">
  <responseDeclaration baseType="identifier" cardinality="single" identifier="RESPONSE963">
    <correctResponse>
      <value>IC-17762</value>
    </correctResponse>
  </responseDeclaration>
  <responseDeclaration baseType="identifier" cardinality="multiple" identifier="RESPONSE965">
    <correctResponse>
      <value>HT-17767</value>
      <value>HT-17763</value>
    </correctResponse>
  </responseDeclaration>
  <outcomeDeclaration baseType="float" cardinality="single" identifier="SCORE963">
    <defaultValue>
      <value>0</value>
    </defaultValue>
  </outcomeDeclaration>
  <outcomeDeclaration baseType="float" cardinality="single" identifier="SCORE965">
    <defaultValue>
      <value>0</value>
    </defaultValue>
  </outcomeDeclaration>
  <outcomeDeclaration baseType="float" cardinality="single" identifier="SCORE">
    <defaultValue>
      <value>0</value>
    </defaultValue>
  </outcomeDeclaration>
  <stylesheet href="../styles/bundled.css" type="text/css"/>
  <stylesheet href="../styles/inline.css" type="text/css"/>
  <itemBody>
    <rubricBlock use="context" view="candidate author proctor scorer testConstructor tutor">
      <div>
        <object data="../passages/RSC-LOGIC-KS-7202.html" type="text/html"/>
      </div>
    </rubricBlock>
    <rubricBlock use="stimulus" view="candidate author proctor scorer testConstructor tutor">
      <div>
        <p>The author of <em>Buckets of Berries</em> gives reasons for the characters' actions.</p>
      </div>
    </rubricBlock>
    <div class="stem stem_inline">
      <div class="stem_prompt"><p>Part A</p> <p>Complete the sentence about Josh.</p></div>
      <p>In paragraph 5, Josh frowns because <inlineChoiceInteraction responseIdentifier="RESPONSE963" shuffle="false"><inlineChoice identifier="IC-17762">James does not believe Josh is strong</inlineChoice><inlineChoice identifier="IC-17765">James picked more berries than he did</inlineChoice><inlineChoice identifier="IC-17764">he must share a bucket with his brother Adam</inlineChoice></inlineChoiceInteraction>.</p>
    </div>
    <hottextInteraction maxChoices="0" responseIdentifier="RESPONSE965">
      <prompt>Part B<br/> Choose two details from the story that support the correct answer in Part A.<br/></prompt>
      <p>
        <hottext identifier="HT-17767">"They are too little to fill that bucket."</hottext>
      </p>
      <p>
        <hottext identifier="HT-17763">James laughed and shook his head.</hottext>
      </p>
      <p>
        <hottext identifier="HT-17766">James took his white bucket and began to pick berries.</hottext>
      </p>
      <p>
        <hottext identifier="HT-17769">"Look at our bucket of berries, Mama!"</hottext>
      </p>
    </hottextInteraction>
  </itemBody>
  <responseProcessing>
    <responseCondition>
      <responseIf>
        <match>
          <variable identifier="RESPONSE963"/>
          <correct identifier="RESPONSE963"/>
        </match>
        <setOutcomeValue identifier="SCORE963">
          <baseValue baseType="float">1</baseValue>
        </setOutcomeValue>
      </responseIf>
      <responseElse>
        <setOutcomeValue identifier="SCORE963">
          <baseValue baseType="float">0</baseValue>
        </setOutcomeValue>
      </responseElse>
    </responseCondition>
    <responseCondition>
      <responseIf>
        <match>
          <variable identifier="RESPONSE965"/>
          <correct identifier="RESPONSE965"/>
        </match>
        <setOutcomeValue identifier="SCORE965">
          <baseValue baseType="float">1</baseValue>
        </setOutcomeValue>
      </responseIf>
      <responseElse>
        <setOutcomeValue identifier="SCORE965">
          <baseValue baseType="float">0</baseValue>
        </setOutcomeValue>
      </responseElse>
    </responseCondition>
    <setOutcomeValue identifier="SCORE">
      <sum>
        <variable identifier="SCORE963"/>
        <variable identifier="SCORE965"/>
      </sum>
    </setOutcomeValue>
  </responseProcessing>
</assessmentItem>
