<?xml version="1.0"?>
<assessmentItem adaptive="false" identifier="ITEM-LOGIC-MP-591" timeDependent="false" title="Click each expression that has the same value as [math] ." toolName="ItemLogic" toolVersion="2.0.0" xmlns="http://www.imsglobal.org/xsd/imsqti_v2p1" xmlns:m="http://www.w3.org/1998/Math/MathML" xmlns:xsi="http://www.w3.org/2001/XMLSchema-instance" xsi:schemaLocation="http://www.imsglobal.org/xsd/imsqti_v2p1  http://www.imsglobal.org/xsd/qti/qtiv2p1/imsqti_v2p1.xsd">
  <responseDeclaration baseType="identifier" cardinality="multiple" identifier="RESPONSE494">
    <correctResponse>
      <value>HT-16169</value>
      <value>HT-16170</value>
      <value>HT-16171</value>
    </correctResponse>
  </responseDeclaration>
  <outcomeDeclaration baseType="float" cardinality="single" identifier="SCORE494">
    <defaultValue>
      <value>0</value>
    </defaultValue>
  </outcomeDeclaration>
  <outcomeDeclaration baseType="float" cardinality="single" identifier="SCORE">
    <defaultValue>
      <value>0</value>
    </defaultValue>
  </outcomeDeclaration>
  <stylesheet href="../styles/bundled.css" type="text/css"/>
  <stylesheet href="../styles/inline.css" type="text/css"/>
  <itemBody>
    <hottextInteraction maxChoices="0" responseIdentifier="RESPONSE494" xmlns:default="http://www.w3.org/1998/Math/MathML">
      <prompt xmlns:default="http://www.w3.org/1998/Math/MathML">Click each expression that has the same value as <m:math xmlns="http://www.w3.org/1998/Math/MathML">   <m:mn>6</m:mn>   <m:mo>&#xD7;<!-- × --></m:mo>   <m:mn>4</m:mn> </m:math>.<br/></prompt>
      <p><hottext identifier="HT-16167">&lt;math xmlns="http://www.w3.org/1998/Math/MathML"&gt;   &lt;mn&gt;6&lt;/mn&gt;   &lt;mo&gt;+&lt;/mo&gt;   &lt;mn&gt;4&lt;/mn&gt; &lt;/math&gt;</hottext>&#xA0;&#xA0;&#xA0;&#xA0; <hottext identifier="HT-16168">&lt;math xmlns="http://www.w3.org/1998/Math/MathML"&gt;   &lt;mo stretchy="false"&gt;(&lt;/mo&gt;   &lt;mn&gt;6&lt;/mn&gt;   &lt;mo&gt;+&lt;/mo&gt;   &lt;mn&gt;2&lt;/mn&gt;   &lt;mo stretchy="false"&gt;)&lt;/mo&gt;   &lt;mo&gt;&amp;#x00D7;&lt;!-- &#xC3;&#x2014; --&gt;&lt;/mo&gt;   &lt;mo stretchy="false"&gt;(&lt;/mo&gt;   &lt;mn&gt;6&lt;/mn&gt;   &lt;mo&gt;+&lt;/mo&gt;   &lt;mn&gt;2&lt;/mn&gt;   &lt;mo stretchy="false"&gt;)&lt;/mo&gt; &lt;/math&gt;</hottext>&#xA0;&#xA0;&#xA0;&#xA0; <hottext identifier="HT-16169">&lt;math xmlns="http://www.w3.org/1998/Math/MathML"&gt;   &lt;mn&gt;4&lt;/mn&gt;   &lt;mo&gt;&amp;#x00D7;&lt;!-- &#xC3;&#x2014; --&gt;&lt;/mo&gt;   &lt;mn&gt;6&lt;/mn&gt; &lt;/math&gt;</hottext>&#xA0;&#xA0;&#xA0;&#xA0; <hottext identifier="HT-16170">&lt;math xmlns="http://www.w3.org/1998/Math/MathML"&gt;   &lt;mo stretchy="false"&gt;(&lt;/mo&gt;   &lt;mn&gt;6&lt;/mn&gt;   &lt;mo&gt;&amp;#x00D7;&lt;!-- &#xC3;&#x2014; --&gt;&lt;/mo&gt;   &lt;mn&gt;2&lt;/mn&gt;   &lt;mo stretchy="false"&gt;)&lt;/mo&gt;   &lt;mo&gt;+&lt;/mo&gt;   &lt;mo stretchy="false"&gt;(&lt;/mo&gt;   &lt;mn&gt;6&lt;/mn&gt;   &lt;mo&gt;&amp;#x00D7;&lt;!-- &#xC3;&#x2014; --&gt;&lt;/mo&gt;   &lt;mn&gt;2&lt;/mn&gt;   &lt;mo stretchy="false"&gt;)&lt;/mo&gt; &lt;/math&gt;</hottext>&#xA0;&#xA0;&#xA0;&#xA0; <hottext identifier="HT-16171">&lt;math xmlns="http://www.w3.org/1998/Math/MathML"&gt;   &lt;mn&gt;6&lt;/mn&gt;   &lt;mo&gt;&amp;#x00D7;&lt;!-- &#xC3;&#x2014; --&gt;&lt;/mo&gt;   &lt;mo stretchy="false"&gt;(&lt;/mo&gt;   &lt;mn&gt;2&lt;/mn&gt;   &lt;mo&gt;+&lt;/mo&gt;   &lt;mn&gt;2&lt;/mn&gt;   &lt;mo stretchy="false"&gt;)&lt;/mo&gt; &lt;/math&gt;</hottext></p>
    </hottextInteraction>
  </itemBody>
  <responseProcessing>
    <responseCondition>
      <responseIf>
        <match>
          <variable identifier="RESPONSE494"/>
          <correct identifier="RESPONSE494"/>
        </match>
        <setOutcomeValue identifier="SCORE494">
          <baseValue baseType="float">1</baseValue>
        </setOutcomeValue>
      </responseIf>
      <responseElse>
        <setOutcomeValue identifier="SCORE494">
          <baseValue baseType="float">0</baseValue>
        </setOutcomeValue>
      </responseElse>
    </responseCondition>
    <setOutcomeValue identifier="SCORE">
      <sum>
        <variable identifier="SCORE494"/>
      </sum>
    </setOutcomeValue>
  </responseProcessing>
</assessmentItem>
