<?xml version="1.0"?>
<assessmentItem adaptive="false" identifier="ITEM-LOGIC-MP-401" timeDependent="false" title="Place these numbers in order from least to greatest." toolName="ItemLogic" toolVersion="2.0.0" xmlns="http://www.imsglobal.org/xsd/imsqti_v2p1" xmlns:m="http://www.w3.org/1998/Math/MathML" xmlns:xsi="http://www.w3.org/2001/XMLSchema-instance" xsi:schemaLocation="http://www.imsglobal.org/xsd/imsqti_v2p1  http://www.imsglobal.org/xsd/qti/qtiv2p1/imsqti_v2p1.xsd">
  <responseDeclaration baseType="directedPair" cardinality="multiple" identifier="RESPONSE197">
    <correctResponse>
      <value>GI-4933 HS-4930</value>
      <value>GI-4934 HS-4929</value>
      <value>GI-4935 HS-4931</value>
      <value>GI-4936 HS-4932</value>
    </correctResponse>
  </responseDeclaration>
  <outcomeDeclaration baseType="float" cardinality="single" identifier="SCORE197">
    <defaultValue>
      <value>0</value>
    </defaultValue>
  </outcomeDeclaration>
  <outcomeDeclaration baseType="float" cardinality="single" identifier="SCORE">
    <defaultValue>
      <value>0</value>
    </defaultValue>
  </outcomeDeclaration>
  <stylesheet href="../styles/bundled.css" type="text/css"/>
  <stylesheet href="../styles/inline.css" type="text/css"/>
  <itemBody>
    <graphicGapMatchInteraction responseIdentifier="RESPONSE197">
      <prompt>Place these numbers in order from least to greatest.<br/></prompt>
      <object data="../images/FROERI_Numberline_stem_02_o_200cb69a35.png" height="33" type="image/png" width="201"/>
      <gapImg identifier="GI-4933" matchMax="1">
        <object data="../images/FROERI_Numberline_opt_A01_o_13f6589549.png" height="30" type="image/png" width="28"/>
      </gapImg>
      <gapImg identifier="GI-4934" matchMax="1">
        <object data="../images/FROERI_Numberline_opt_B01_o_9114dc10dc.png" height="30" type="image/png" width="28"/>
      </gapImg>
      <gapImg identifier="GI-4935" matchMax="1">
        <object data="../images/FROERI_Numberline_opt_C01_o_d992d9b42e.png" height="30" type="image/png" width="28"/>
      </gapImg>
      <gapImg identifier="GI-4936" matchMax="1">
        <object data="../images/FROERI_Numberline_opt_D01_o_f3789d1ce7.png" height="30" type="image/png" width="28"/>
      </gapImg>
      <associableHotspot coords="0,2,30,32" identifier="HS-4929" matchMax="1" shape="rect"/>
      <associableHotspot coords="59,1,89,31" identifier="HS-4930" matchMax="1" shape="rect"/>
      <associableHotspot coords="113,2,143,32" identifier="HS-4931" matchMax="1" shape="rect"/>
      <associableHotspot coords="169,2,199,32" identifier="HS-4932" matchMax="1" shape="rect"/>
    </graphicGapMatchInteraction>
  </itemBody>
  <responseProcessing>
    <responseCondition>
      <responseIf>
        <match>
          <variable identifier="RESPONSE197"/>
          <correct identifier="RESPONSE197"/>
        </match>
        <setOutcomeValue identifier="SCORE197">
          <baseValue baseType="float">1</baseValue>
        </setOutcomeValue>
      </responseIf>
      <responseElse>
        <setOutcomeValue identifier="SCORE197">
          <baseValue baseType="float">0</baseValue>
        </setOutcomeValue>
      </responseElse>
    </responseCondition>
    <setOutcomeValue identifier="SCORE">
      <sum>
        <variable identifier="SCORE197"/>
      </sum>
    </setOutcomeValue>
  </responseProcessing>
</assessmentItem>
