<?xml version="1.0"?>
<assessmentItem adaptive="false" identifier="ITEM-LOGIC-KS-785" timeDependent="false" title="Order the lengths of the objects from shortest to longest." toolName="ItemLogic" toolVersion="2.0.0" xmlns="http://www.imsglobal.org/xsd/imsqti_v2p1" xmlns:m="http://www.w3.org/1998/Math/MathML" xmlns:xsi="http://www.w3.org/2001/XMLSchema-instance" xsi:schemaLocation="http://www.imsglobal.org/xsd/imsqti_v2p1  http://www.imsglobal.org/xsd/qti/qtiv2p1/imsqti_v2p1.xsd">
  <responseDeclaration baseType="identifier" cardinality="ordered" identifier="RESPONSE758">
    <correctResponse>
      <value>SC-13190</value>
      <value>SC-13188</value>
      <value>SC-13189</value>
    </correctResponse>
  </responseDeclaration>
  <responseDeclaration baseType="identifier" cardinality="single" identifier="RESPONSE759">
    <correctResponse>
      <value>SC-12325</value>
    </correctResponse>
  </responseDeclaration>
  <outcomeDeclaration baseType="float" cardinality="single" identifier="SCORE758">
    <defaultValue>
      <value>0</value>
    </defaultValue>
  </outcomeDeclaration>
  <outcomeDeclaration baseType="float" cardinality="single" identifier="SCORE759">
    <defaultValue>
      <value>0</value>
    </defaultValue>
  </outcomeDeclaration>
  <outcomeDeclaration baseType="float" cardinality="single" identifier="SCORE">
    <defaultValue>
      <value>0</value>
    </defaultValue>
  </outcomeDeclaration>
  <stylesheet href="../styles/bundled.css" type="text/css"/>
  <stylesheet href="../styles/inline.css" type="text/css"/>
  <itemBody>
    <rubricBlock use="stimulus" view="candidate author proctor scorer testConstructor tutor">
      <div>
        <p>Darius uses a crayon to measure the lengths of several objects.</p>
        <p>
          <object data="../images/crayon-measurement@2x_c68ea5c77f.png" height="215" type="image/png" width="400"/>
        </p>
      </div>
    </rubricBlock>
    <orderInteraction orientation="vertical" responseIdentifier="RESPONSE758" shuffle="false">
      <prompt>Order the lengths of the objects from shortest to longest.<br/></prompt>
      <simpleChoice identifier="SC-13188">
        <p>
          <object data="../images/crayon-meas-order1@2x_a858631235.png" height="100" type="image/png" width="200"/>
        </p>
      </simpleChoice>
      <simpleChoice identifier="SC-13189">
        <p>
          <object data="../images/crayon-meas-order2@2x_95cba500ae.png" height="100" type="image/png" width="200"/>
        </p>
      </simpleChoice>
      <simpleChoice identifier="SC-13190">
        <p>
          <object data="../images/crayon-meas-order3@2x_636d714f0d.png" height="100" type="image/png" width="200"/>
        </p>
      </simpleChoice>
    </orderInteraction>
    <choiceInteraction maxChoices="1" responseIdentifier="RESPONSE759" shuffle="false">
      <prompt>Which object is exactly two crayons long?<br/></prompt>
      <simpleChoice fixed="true" identifier="SC-12324">
        <p>
          <object data="../images/crayon-compare-stem3@2x_e5b062ee28.png" height="50" type="image/png" width="275"/>
        </p>
      </simpleChoice>
      <simpleChoice fixed="true" identifier="SC-12325">
        <p>
          <object data="../images/crayon-compare-stem1@2x_d21aae0c14.png" height="50" type="image/png" width="275"/>
        </p>
      </simpleChoice>
      <simpleChoice fixed="true" identifier="SC-12327">
        <p>
          <object data="../images/crayon-compare-stem4@2x_8b527b3e56.png" height="80" type="image/png" width="275"/>
        </p>
      </simpleChoice>
    </choiceInteraction>
  </itemBody>
  <responseProcessing>
    <responseCondition>
      <responseIf>
        <match>
          <variable identifier="RESPONSE758"/>
          <correct identifier="RESPONSE758"/>
        </match>
        <setOutcomeValue identifier="SCORE758">
          <baseValue baseType="float">1</baseValue>
        </setOutcomeValue>
      </responseIf>
      <responseElse>
        <setOutcomeValue identifier="SCORE758">
          <baseValue baseType="float">0</baseValue>
        </setOutcomeValue>
      </responseElse>
    </responseCondition>
    <responseCondition>
      <responseIf>
        <match>
          <variable identifier="RESPONSE759"/>
          <correct identifier="RESPONSE759"/>
        </match>
        <setOutcomeValue identifier="SCORE759">
          <baseValue baseType="float">1</baseValue>
        </setOutcomeValue>
      </responseIf>
      <responseElse>
        <setOutcomeValue identifier="SCORE759">
          <baseValue baseType="float">0</baseValue>
        </setOutcomeValue>
      </responseElse>
    </responseCondition>
    <setOutcomeValue identifier="SCORE">
      <sum>
        <variable identifier="SCORE758"/>
        <variable identifier="SCORE759"/>
      </sum>
    </setOutcomeValue>
  </responseProcessing>
</assessmentItem>
