<?xml version="1.0"?>
<assessmentItem adaptive="false" identifier="ITEM-LOGIC-KS-941" timeDependent="false" title="Click to show whether each equation is true or false." toolName="ItemLogic" toolVersion="2.0.0" xmlns="http://www.imsglobal.org/xsd/imsqti_v2p1" xmlns:m="http://www.w3.org/1998/Math/MathML" xmlns:xsi="http://www.w3.org/2001/XMLSchema-instance" xsi:schemaLocation="http://www.imsglobal.org/xsd/imsqti_v2p1  http://www.imsglobal.org/xsd/qti/qtiv2p1/imsqti_v2p1.xsd">
  <responseDeclaration baseType="directedPair" cardinality="multiple" identifier="RESPONSE926">
    <correctResponse>
      <value>SAC-16332 SAC-16325</value>
      <value>SAC-16340 SAC-16327</value>
      <value>SAC-16341 SAC-16325</value>
      <value>SAC-16345 SAC-16325</value>
    </correctResponse>
    <mapping defaultValue="0.00" lowerBound="0.00" upperBound="1.00">
      <mapEntry mapKey="SAC-16332 SAC-16325" mappedValue="0.25"/>
      <mapEntry mapKey="SAC-16332 SAC-16327" mappedValue="-0.25"/>
      <mapEntry mapKey="SAC-16340 SAC-16325" mappedValue="-0.25"/>
      <mapEntry mapKey="SAC-16340 SAC-16327" mappedValue="0.25"/>
      <mapEntry mapKey="SAC-16341 SAC-16325" mappedValue="0.25"/>
      <mapEntry mapKey="SAC-16341 SAC-16327" mappedValue="-0.25"/>
      <mapEntry mapKey="SAC-16345 SAC-16325" mappedValue="0.25"/>
      <mapEntry mapKey="SAC-16345 SAC-16327" mappedValue="-0.25"/>
    </mapping>
  </responseDeclaration>
  <responseDeclaration baseType="identifier" cardinality="single" identifier="RESPONSE927">
    <correctResponse>
      <value>SC-16351</value>
    </correctResponse>
  </responseDeclaration>
  <outcomeDeclaration baseType="float" cardinality="single" identifier="SCORE926">
    <defaultValue>
      <value>0</value>
    </defaultValue>
  </outcomeDeclaration>
  <outcomeDeclaration baseType="float" cardinality="single" identifier="SCORE927">
    <defaultValue>
      <value>0</value>
    </defaultValue>
  </outcomeDeclaration>
  <outcomeDeclaration baseType="float" cardinality="single" identifier="SCORE">
    <defaultValue>
      <value>0</value>
    </defaultValue>
  </outcomeDeclaration>
  <stylesheet href="../styles/bundled.css" type="text/css"/>
  <stylesheet href="../styles/inline.css" type="text/css"/>
  <itemBody>
    <matchInteraction class="table" maxAssociations="8" responseIdentifier="RESPONSE926" shuffle="false">
      <prompt>Click to show whether each equation is true or false.<br/></prompt>
      <simpleMatchSet>
        <simpleAssociableChoice identifier="SAC-16332" matchMax="1">
          <p>2 = 2</p>
        </simpleAssociableChoice>
        <simpleAssociableChoice identifier="SAC-16340" matchMax="1">
          <p>8 = 4</p>
        </simpleAssociableChoice>
        <simpleAssociableChoice identifier="SAC-16341" matchMax="1">
          <p>7 = 5 + 2</p>
        </simpleAssociableChoice>
        <simpleAssociableChoice identifier="SAC-16345" matchMax="1">
          <p>10&#xA0;&#x2013; 1 = 4 + 5</p>
        </simpleAssociableChoice>
      </simpleMatchSet>
      <simpleMatchSet>
        <simpleAssociableChoice identifier="SAC-16325" matchMax="4">
          <p>True</p>
        </simpleAssociableChoice>
        <simpleAssociableChoice identifier="SAC-16327" matchMax="4">
          <p>False</p>
        </simpleAssociableChoice>
      </simpleMatchSet>
    </matchInteraction>
    <choiceInteraction maxChoices="1" responseIdentifier="RESPONSE927" shuffle="false">
      <prompt>Jordan writes an equation.<br/>3 + 4 + 2 = 9 &#x2013; 2<br/>Which statement about Jordan's equation is correct?<br/></prompt>
      <simpleChoice fixed="true" identifier="SC-16350">
        <p>Jordan's equation is true, because 7 equals 7.</p>
      </simpleChoice>
      <simpleChoice fixed="true" identifier="SC-16349">
        <p>Jordan's equation is true, because 9 equals 9.</p>
      </simpleChoice>
      <simpleChoice fixed="true" identifier="SC-16351">
        <p>Jordan's equation is false, because 9 does not equal 7.</p>
      </simpleChoice>
      <simpleChoice fixed="true" identifier="SC-16352">
        <p>Jordan's equation is false, because 9 does not equal 9.</p>
      </simpleChoice>
    </choiceInteraction>
  </itemBody>
  <responseProcessing>
    <responseCondition>
      <responseIf>
        <isNull>
          <variable identifier="RESPONSE926"/>
        </isNull>
        <setOutcomeValue identifier="SCORE926">
          <baseValue baseType="float">0.0</baseValue>
        </setOutcomeValue>
      </responseIf>
      <responseElse>
        <setOutcomeValue identifier="SCORE926">
          <mapResponse identifier="RESPONSE926"/>
        </setOutcomeValue>
      </responseElse>
    </responseCondition>
    <responseCondition>
      <responseIf>
        <match>
          <variable identifier="RESPONSE927"/>
          <correct identifier="RESPONSE927"/>
        </match>
        <setOutcomeValue identifier="SCORE927">
          <baseValue baseType="float">1</baseValue>
        </setOutcomeValue>
      </responseIf>
      <responseElse>
        <setOutcomeValue identifier="SCORE927">
          <baseValue baseType="float">0</baseValue>
        </setOutcomeValue>
      </responseElse>
    </responseCondition>
    <setOutcomeValue identifier="SCORE">
      <sum>
        <variable identifier="SCORE926"/>
        <variable identifier="SCORE927"/>
      </sum>
    </setOutcomeValue>
  </responseProcessing>
</assessmentItem>
