<?xml version="1.0"?>
<assessmentItem adaptive="false" identifier="ITEM-LOGIC-MP-344" timeDependent="false" title="Which word best describes the farmer in lines 38-45?" toolName="ItemLogic" toolVersion="2.0.0" xmlns="http://www.imsglobal.org/xsd/imsqti_v2p1" xmlns:m="http://www.w3.org/1998/Math/MathML" xmlns:xsi="http://www.w3.org/2001/XMLSchema-instance" xsi:schemaLocation="http://www.imsglobal.org/xsd/imsqti_v2p1  http://www.imsglobal.org/xsd/qti/qtiv2p1/imsqti_v2p1.xsd">
  <responseDeclaration baseType="identifier" cardinality="single" identifier="RESPONSE126">
    <correctResponse>
      <value>SC-4277</value>
    </correctResponse>
  </responseDeclaration>
  <responseDeclaration baseType="identifier" cardinality="multiple" identifier="RESPONSE127">
    <correctResponse>
      <value>HT-4287</value>
    </correctResponse>
  </responseDeclaration>
  <outcomeDeclaration baseType="float" cardinality="single" identifier="SCORE126">
    <defaultValue>
      <value>0</value>
    </defaultValue>
  </outcomeDeclaration>
  <outcomeDeclaration baseType="float" cardinality="single" identifier="SCORE127">
    <defaultValue>
      <value>0</value>
    </defaultValue>
  </outcomeDeclaration>
  <outcomeDeclaration baseType="float" cardinality="single" identifier="SCORE">
    <defaultValue>
      <value>0</value>
    </defaultValue>
  </outcomeDeclaration>
  <stylesheet href="../styles/bundled.css" type="text/css"/>
  <stylesheet href="../styles/inline.css" type="text/css"/>
  <itemBody>
    <rubricBlock use="context" view="candidate author proctor scorer testConstructor tutor">
      <div>
        <object data="../passages/RSC-LOGIC-MP-951.html" type="text/html"/>
      </div>
    </rubricBlock>
    <choiceInteraction maxChoices="1" responseIdentifier="RESPONSE126" shuffle="false">
      <prompt>Which word best describes the farmer in lines 38-45?<br/></prompt>
      <simpleChoice fixed="true" identifier="SC-4275">
        <p>entertaining</p>
      </simpleChoice>
      <simpleChoice fixed="true" identifier="SC-4276">
        <p>independent</p>
      </simpleChoice>
      <simpleChoice fixed="true" identifier="SC-4277">
        <p>committed</p>
      </simpleChoice>
      <simpleChoice fixed="true" identifier="SC-4278">
        <p>protective</p>
      </simpleChoice>
    </choiceInteraction>
    <hottextInteraction maxChoices="0" responseIdentifier="RESPONSE127"><prompt>Select the words from stanza 8 that best support the answer in Part A.<br/></prompt><p>The farmer, with his spirit strong;</p> <p><span class="style-8bd943e97a441ee14e14edcf454bf513">The farmer, <hottext identifier="HT-4287">working hard and long</hottext>,</span></p> <p>A feed-and-seed-store cap in place</p> <p><hottext identifier="HT-4288">Pulled down to shield</hottext> a weathered face&#x2014;</p> <p>A face whose every crease and line</p> <p><hottext identifier="HT-4289">Can tell a tale</hottext>, and help define</p> <p>A lifetime <hottext identifier="HT-4290">spent beneath the sun</hottext>,</p> <p>A life of work that&#x2019;s never done.</p></hottextInteraction>
  </itemBody>
  <responseProcessing>
    <responseCondition>
      <responseIf>
        <match>
          <variable identifier="RESPONSE126"/>
          <correct identifier="RESPONSE126"/>
        </match>
        <setOutcomeValue identifier="SCORE126">
          <baseValue baseType="float">1</baseValue>
        </setOutcomeValue>
      </responseIf>
      <responseElse>
        <setOutcomeValue identifier="SCORE126">
          <baseValue baseType="float">0</baseValue>
        </setOutcomeValue>
      </responseElse>
    </responseCondition>
    <responseCondition>
      <responseIf>
        <match>
          <variable identifier="RESPONSE127"/>
          <correct identifier="RESPONSE127"/>
        </match>
        <setOutcomeValue identifier="SCORE127">
          <baseValue baseType="float">1</baseValue>
        </setOutcomeValue>
      </responseIf>
      <responseElse>
        <setOutcomeValue identifier="SCORE127">
          <baseValue baseType="float">0</baseValue>
        </setOutcomeValue>
      </responseElse>
    </responseCondition>
    <setOutcomeValue identifier="SCORE">
      <sum>
        <variable identifier="SCORE126"/>
        <variable identifier="SCORE127"/>
      </sum>
    </setOutcomeValue>
  </responseProcessing>
</assessmentItem>
