<?xml version="1.0" encoding="UTF-8"?>
<assessmentItem xmlns="http://www.imsglobal.org/xsd/imsqti_v2p1" xmlns:m="http://www.w3.org/1998/Math/MathML"
                xmlns:xsi="http://www.w3.org/2001/XMLSchema-instance"
                xsi:schemaLocation="http://www.imsglobal.org/xsd/imsqti_v2p1 http://www.imsglobal.org/xsd/imsqti_v2p1.xsd"
                title="663934" identifier="663934" adaptive="false" timeDependent="false">
    <responseDeclaration identifier="RESPONSE1" cardinality="record">
        <fieldValue identifier="startPointXCoordinate" baseType="float"/>
        <fieldValue identifier="startPointYCoordinate" baseType="float"/>
        <fieldValue identifier="endPointXCoordinate" baseType="float"/>
        <fieldValue identifier="endPointYCoordinate" baseType="float"/>
        <fieldValue identifier="XIntercept" baseType="float"/>
        <fieldValue identifier="YIntercept" baseType="float"/>
        <fieldValue identifier="Slope" baseType="float"/>
        <correctResponse>
            <value startPointXCoordinate="-5" startPointYCoordinate="2" startPointConsider="0" startPointTolerance="0"
                   endPointXCoordinate="5" endPointYCoordinate="2" endPointConsider="0" endPointTolerance="0"
                   xIntercept="" xInterceptConsider="1" xInterceptTolerance="0" yIntercept="2" yInterceptConsider="1"
                   yInterceptTolerance="0" slope="0" slopeConsider="1" slopeTolerance="0"/>
        </correctResponse>
    </responseDeclaration>
    <responseDeclaration identifier="RESPONSE2" cardinality="record">
        <fieldValue identifier="xcoordinate" baseType="float"/>
        <fieldValue identifier="ycoordinate" baseType="float"/>
        <correctResponse>
            <value xcoordinate="-5" ycoordinate="1.5" tolerance="0"/>
            <value xcoordinate="-4" ycoordinate="2.5" tolerance="0"/>
            <value xcoordinate="-3" ycoordinate="3" tolerance="0"/>
            <value xcoordinate="-2" ycoordinate="2.5" tolerance="0"/>
            <value xcoordinate="-1" ycoordinate="1.5" tolerance="0"/>
            <value xcoordinate="0" ycoordinate="1" tolerance="0"/>
            <value xcoordinate="1" ycoordinate="1.5" tolerance="0"/>
            <value xcoordinate="2" ycoordinate="2.5" tolerance="0"/>
            <value xcoordinate="3" ycoordinate="3" tolerance="0"/>
            <value xcoordinate="4" ycoordinate="2.5" tolerance="0"/>
            <value xcoordinate="5" ycoordinate="1.5" tolerance="0"/>
        </correctResponse>
    </responseDeclaration>
    <outcomeDeclaration identifier="NUMCORRECT" cardinality="single" baseType="float">
        <defaultValue>
            <value>0</value>
        </defaultValue>
    </outcomeDeclaration>
    <outcomeDeclaration identifier="SCORE" cardinality="single" baseType="float">
        <defaultValue>
            <value>0</value>
        </defaultValue>
    </outcomeDeclaration>
    <stylesheet href="style/LiveInspect.css" type="text/css"/>
    <itemBody>
        <teacherInstructions>
            <strong>TEACHER READS:</strong>
            <br/>
            <br/>Read and complete the task that follows.
        </teacherInstructions>
        <selectPointInteraction responseIdentifier="RESPONSE1" minChoices="0" maxChoices=""
                                class="singleLineSelectPointInteraction">
            <prompt visible="true">
                <strong>Part A:
                    <br/>
                    <br/>On the coordinate plane below, graph the midline of the function <em>y</em> = 2 &#8211; cos
                    <b class="frac">(</b>
                </strong>
                <table class="kds-fraction">
                    <tr>
                        <td class="kds-numerator">
                            <strong>
                                <span style="font-family:'Times New Roman'; font-size:1.2em;">&#960;</span>
                            </strong>
                        </td>
                    </tr>
                    <tr>
                        <td class="kds-denominator">
                            <strong>3</strong>
                        </td>
                    </tr>
                </table>
                <em>
                    <strong>x</strong>
                </em>
                <b class="frac">)</b>
                <strong>.</strong>
            </prompt>
            <object>
                <param name="gridVisible" valuetype="DATA" value="1"/>
                <param name="gridHeightInPixels" valuetype="DATA" value="600"/>
                <param name="gridWidthInPixels" valuetype="DATA" value="600"/>
                <param name="xAxisTitle" valuetype="DATA" value=""/>
                <param name="xAxisMinValue" valuetype="DATA" value="-5"/>
                <param name="xAxisMaxValue" valuetype="DATA" value="5"/>
                <param name="xAxisStepValue" valuetype="DATA" value="1"/>
                <param name="xAxisLabelPattern" valuetype="DATA" value="1"/>
                <param name="yAxisTitle" valuetype="DATA" value=""/>
                <param name="yAxisMinValue" valuetype="DATA" value="-5"/>
                <param name="yAxisMaxValue" valuetype="DATA" value="5"/>
                <param name="yAxisStepValue" valuetype="DATA" value="1"/>
                <param name="yAxisLabelPattern" valuetype="DATA" value="1"/>
                <param name="domainSnapValue" valuetype="DATA" value="1"/>
                <param name="rangeSnapValue" valuetype="DATA" value="1"/>
                <param name="domainGraphPadding" valuetype="DATA" value="99"/>
                <param name="rangeGraphPadding" valuetype="DATA" value="99"/>
            </object>
        </selectPointInteraction>
        <br/>
        <selectPointInteraction responseIdentifier="RESPONSE2" minChoices="0" maxChoices=""
                                class="placePointsSelectPointInteraction">
            <prompt visible="true">
                <strong>Part B:
                    <br/>
                    <br/>Consider the graph of the function <em>y</em> = 2 &#8211; cos
                    <b class="frac">(</b>
                </strong>
                <table class="kds-fraction">
                    <tr>
                        <td class="kds-numerator">
                            <strong>
                                <span style="font-family:'Times New Roman'; font-size:1.2em;">&#960;</span>
                            </strong>
                        </td>
                    </tr>
                    <tr>
                        <td class="kds-denominator">
                            <strong>3</strong>
                        </td>
                    </tr>
                </table>
                <em>
                    <strong>x</strong>
                </em>
                <b class="frac">)</b>
                <strong>.&#160; On the coordinate plane below, plot only the points representing integer values of <em>
                    x</em>.
                </strong>
            </prompt>
            <object>
                <param name="gridVisible" valuetype="DATA" value="1"/>
                <param name="gridHeightInPixels" valuetype="DATA" value="600"/>
                <param name="gridWidthInPixels" valuetype="DATA" value="600"/>
                <param name="xAxisTitle" valuetype="DATA" value=""/>
                <param name="xAxisMinValue" valuetype="DATA" value="-5"/>
                <param name="xAxisMaxValue" valuetype="DATA" value="5"/>
                <param name="xAxisStepValue" valuetype="DATA" value="1"/>
                <param name="xAxisLabelPattern" valuetype="DATA" value="1"/>
                <param name="yAxisTitle" valuetype="DATA" value=""/>
                <param name="yAxisMinValue" valuetype="DATA" value="-5"/>
                <param name="yAxisMaxValue" valuetype="DATA" value="5"/>
                <param name="yAxisStepValue" valuetype="DATA" value="0.5"/>
                <param name="yAxisLabelPattern" valuetype="DATA" value="1"/>
                <param name="domainSnapValue" valuetype="DATA" value="1"/>
                <param name="rangeSnapValue" valuetype="DATA" value="0.5"/>
                <param name="domainGraphPadding" valuetype="DATA" value="99"/>
                <param name="rangeGraphPadding" valuetype="DATA" value="99"/>
            </object>
        </selectPointInteraction>
        <br/>
    </itemBody>
    <responseProcessing>
        <responseCondition>
            <responseIf>
                <and>
                    <equal>
                        <fieldValue fieldIdentifier="xIntercept">
                            <variable identifier="RESPONSE1"/>
                        </fieldValue>
                        <baseValue baseType="float"></baseValue>
                    </equal>
                    <equal>
                        <fieldValue fieldIdentifier="yIntercept">
                            <variable identifier="RESPONSE1"/>
                        </fieldValue>
                        <baseValue baseType="float">2</baseValue>
                    </equal>
                    <equal>
                        <fieldValue fieldIdentifier="slope">
                            <variable identifier="RESPONSE1"/>
                        </fieldValue>
                        <baseValue baseType="float">0</baseValue>
                    </equal>
                </and>
                <setOutcomeValue identifier="NUMCORRECT">
                    <sum>
                        <variable identifier="NUMCORRECT"/>
                        <baseValue baseType="float">1</baseValue>
                    </sum>
                </setOutcomeValue>
            </responseIf>
        </responseCondition>
        <responseCondition>
            <responseIf>
                <and>
                    <and>
                        <equal>
                            <fieldValue fieldIdentifier="xcoordinate">
                                <variable identifier="RESPONSE2"/>
                            </fieldValue>
                            <baseValue baseType="float">-5</baseValue>
                        </equal>
                        <equal>
                            <fieldValue fieldIdentifier="ycoordinate">
                                <variable identifier="RESPONSE2"/>
                            </fieldValue>
                            <baseValue baseType="float">1.5</baseValue>
                        </equal>
                    </and>
                    <and>
                        <equal>
                            <fieldValue fieldIdentifier="xcoordinate">
                                <variable identifier="RESPONSE2"/>
                            </fieldValue>
                            <baseValue baseType="float">-4</baseValue>
                        </equal>
                        <equal>
                            <fieldValue fieldIdentifier="ycoordinate">
                                <variable identifier="RESPONSE2"/>
                            </fieldValue>
                            <baseValue baseType="float">2.5</baseValue>
                        </equal>
                    </and>
                    <and>
                        <equal>
                            <fieldValue fieldIdentifier="xcoordinate">
                                <variable identifier="RESPONSE2"/>
                            </fieldValue>
                            <baseValue baseType="float">-3</baseValue>
                        </equal>
                        <equal>
                            <fieldValue fieldIdentifier="ycoordinate">
                                <variable identifier="RESPONSE2"/>
                            </fieldValue>
                            <baseValue baseType="float">3</baseValue>
                        </equal>
                    </and>
                    <and>
                        <equal>
                            <fieldValue fieldIdentifier="xcoordinate">
                                <variable identifier="RESPONSE2"/>
                            </fieldValue>
                            <baseValue baseType="float">-2</baseValue>
                        </equal>
                        <equal>
                            <fieldValue fieldIdentifier="ycoordinate">
                                <variable identifier="RESPONSE2"/>
                            </fieldValue>
                            <baseValue baseType="float">2.5</baseValue>
                        </equal>
                    </and>
                    <and>
                        <equal>
                            <fieldValue fieldIdentifier="xcoordinate">
                                <variable identifier="RESPONSE2"/>
                            </fieldValue>
                            <baseValue baseType="float">-1</baseValue>
                        </equal>
                        <equal>
                            <fieldValue fieldIdentifier="ycoordinate">
                                <variable identifier="RESPONSE2"/>
                            </fieldValue>
                            <baseValue baseType="float">1.5</baseValue>
                        </equal>
                    </and>
                    <and>
                        <equal>
                            <fieldValue fieldIdentifier="xcoordinate">
                                <variable identifier="RESPONSE2"/>
                            </fieldValue>
                            <baseValue baseType="float">0</baseValue>
                        </equal>
                        <equal>
                            <fieldValue fieldIdentifier="ycoordinate">
                                <variable identifier="RESPONSE2"/>
                            </fieldValue>
                            <baseValue baseType="float">1</baseValue>
                        </equal>
                    </and>
                    <and>
                        <equal>
                            <fieldValue fieldIdentifier="xcoordinate">
                                <variable identifier="RESPONSE2"/>
                            </fieldValue>
                            <baseValue baseType="float">1</baseValue>
                        </equal>
                        <equal>
                            <fieldValue fieldIdentifier="ycoordinate">
                                <variable identifier="RESPONSE2"/>
                            </fieldValue>
                            <baseValue baseType="float">1.5</baseValue>
                        </equal>
                    </and>
                    <and>
                        <equal>
                            <fieldValue fieldIdentifier="xcoordinate">
                                <variable identifier="RESPONSE2"/>
                            </fieldValue>
                            <baseValue baseType="float">2</baseValue>
                        </equal>
                        <equal>
                            <fieldValue fieldIdentifier="ycoordinate">
                                <variable identifier="RESPONSE2"/>
                            </fieldValue>
                            <baseValue baseType="float">2.5</baseValue>
                        </equal>
                    </and>
                    <and>
                        <equal>
                            <fieldValue fieldIdentifier="xcoordinate">
                                <variable identifier="RESPONSE2"/>
                            </fieldValue>
                            <baseValue baseType="float">3</baseValue>
                        </equal>
                        <equal>
                            <fieldValue fieldIdentifier="ycoordinate">
                                <variable identifier="RESPONSE2"/>
                            </fieldValue>
                            <baseValue baseType="float">3</baseValue>
                        </equal>
                    </and>
                    <and>
                        <equal>
                            <fieldValue fieldIdentifier="xcoordinate">
                                <variable identifier="RESPONSE2"/>
                            </fieldValue>
                            <baseValue baseType="float">4</baseValue>
                        </equal>
                        <equal>
                            <fieldValue fieldIdentifier="ycoordinate">
                                <variable identifier="RESPONSE2"/>
                            </fieldValue>
                            <baseValue baseType="float">2.5</baseValue>
                        </equal>
                    </and>
                    <and>
                        <equal>
                            <fieldValue fieldIdentifier="xcoordinate">
                                <variable identifier="RESPONSE2"/>
                            </fieldValue>
                            <baseValue baseType="float">5</baseValue>
                        </equal>
                        <equal>
                            <fieldValue fieldIdentifier="ycoordinate">
                                <variable identifier="RESPONSE2"/>
                            </fieldValue>
                            <baseValue baseType="float">1.5</baseValue>
                        </equal>
                    </and>
                </and>
                <setOutcomeValue identifier="NUMCORRECT">
                    <sum>
                        <variable identifier="NUMCORRECT"/>
                        <baseValue baseType="float">1</baseValue>
                    </sum>
                </setOutcomeValue>
            </responseIf>
        </responseCondition>
        <responseCondition>
            <responseIf>
                <equal>
                    <variable identifier="NUMCORRECT"/>
                    <baseValue baseType="float">2</baseValue>
                </equal>
                <setOutcomeValue identifier="SCORE">
                    <baseValue baseType="float">1</baseValue>
                </setOutcomeValue>
            </responseIf>
            <responseElse>
                <setOutcomeValue identifier="SCORE">
                    <baseValue baseType="float">0</baseValue>
                </setOutcomeValue>
            </responseElse>
        </responseCondition>
    </responseProcessing>
</assessmentItem>