    <resource identifier="663934" type="imsqti_item_xmlv2p1" href="663934.xml">
      <metadata>
        <qtiMetadata>
          <timeDependent>false</timeDependent>
          <interactionType>multipleInteraction</interactionType>
          <feedbackType>none</feedbackType>
          <solutionAvailable>true</solutionAvailable>
        </qtiMetadata>
        <lom>
          <general>
            <identifier>663934</identifier>
            <parentId>663934</parentId>
            <classicId/>
            <classicParentId/>
            <passageId/>
            <classicPassageId/>
            <depthOfKnowledge>2</depthOfKnowledge>
            <bloomsLevel>3</bloomsLevel>
            <omit>false</omit>
            <replaceWith/>
            <allowCalculator>1</allowCalculator>
            <allowGrammarTools>0</allowGrammarTools>
            <displayFormatId/>
            <forceFullPage>0</forceFullPage>
            <itemTypeId>8</itemTypeId>
            <mediaTypeId>1</mediaTypeId>
            <consortiumId/>
            <useTwoPointScoring/>
            <sbacTwoPointScoring/>
            <parccTwoPointScoring/>
            <gradeLevel>09-12</gradeLevel>
            <subject>math</subject>
            <language>English</language>
            <languageEquivalentId/>
            <teacherRead>false</teacherRead>
            <studentRead>true</studentRead>
            <lastModifiedDate>2018-06-20T01:32:14Z</lastModifiedDate>
            <modifiedDateContent>2018-06-10T23:24:31Z</modifiedDateContent>
            <modifiedDateMetadata>2018-06-20T01:32:14Z</modifiedDateMetadata>
          </general>
          <claims>
            <claim claimNumber="1" subject="math" category="" target="M" priority="1"/>
          </claims>
          <mathPractices>
            <mathPractice>1</mathPractice>
            <mathPractice>5</mathPractice>
            <mathPractice>6</mathPractice>
          </mathPractices>
          <mathTools>
            <calculator>advanced</calculator>
          </mathTools>
          <parts>
            <part itemTypeId="16"/>
            <part itemTypeId="15"/>
          </parts>
          <lifecycle>
            <version>2.1</version>
            <status>
              <source>LOMv1.0</source>
              <value>Final</value>
            </status>
          </lifecycle>
          <technical>
            <format>text/x-imsqti-item-xml</format>
          </technical>
        </lom>
      </metadata>
      <file href="663934.xml"/>
      <file href="style/LiveInspect.css"/>
    </resource>
