    <resource identifier="670508" type="imsqti_item_xmlv2p1" href="670508.xml">
      <metadata>
        <qtiMetadata>
          <timeDependent>false</timeDependent>
          <interactionType>numberLineInteraction</interactionType>
          <feedbackType>none</feedbackType>
          <solutionAvailable>true</solutionAvailable>
        </qtiMetadata>
        <lom>
          <general>
            <identifier>670508</identifier>
            <parentId>670508</parentId>
            <classicId>670508</classicId>
            <classicParentId>670508</classicParentId>
            <passageId/>
            <classicPassageId/>
            <depthOfKnowledge>2</depthOfKnowledge>
            <bloomsLevel>3</bloomsLevel>
            <omit>false</omit>
            <replaceWith/>
            <allowCalculator>0</allowCalculator>
            <allowGrammarTools>0</allowGrammarTools>
            <displayFormatId/>
            <forceFullPage>0</forceFullPage>
            <itemTypeId>13</itemTypeId>
            <mediaTypeId>3</mediaTypeId>
            <consortiumId/>
            <useTwoPointScoring/>
            <sbacTwoPointScoring/>
            <parccTwoPointScoring/>
            <gradeLevel>03</gradeLevel>
            <subject>math</subject>
            <language>Spanish</language>
            <languageEquivalentId>660303</languageEquivalentId>
            <teacherRead>false</teacherRead>
            <studentRead>true</studentRead>
            <lastModifiedDate>2017-10-10T17:14:29Z</lastModifiedDate>
            <modifiedDateContent>2017-07-13T01:30:38Z</modifiedDateContent>
            <modifiedDateMetadata>2017-10-10T17:14:29Z</modifiedDateMetadata>
          </general>
          <claims>
            <claim 
            claimNumber="1" subject="math" category="Priority Cluster" target="F" priority="1">
</claim>
          </claims>
          <mathPractices>
            <mathPractice>2</mathPractice>
            <mathPractice>4</mathPractice>
            <mathPractice>5</mathPractice>
          </mathPractices>
          <lifecycle>
            <version>2.1</version>
            <status>
              <source>LOMv1.0</source>
              <value>Final</value>
            </status>
          </lifecycle>
          <technical>
            <format>text/x-imsqti-item-xml</format>
          </technical>
        </lom>
      </metadata>
      <file href="670508.xml"/>
      <file href="style/LiveInspect.css"/>
    </resource>
