<?xml version="1.0" encoding="UTF-8" standalone="yes"?>
<assessmentItem xmlns:mml="http://www.w3.org/1998/Math/MathML" xmlns="http://www.imsglobal.org/xsd/imsqti_v2p1" xmlns:xinclude="http://www.w3.org/2001/XInclude" xmlns:imsapip="http://www.imsglobal.org/xsd/apip/apipv1p0/imsapip_qtiv1p0" xmlns:xsi="http://www.w3.org/2001/XMLSchema-instance" title="DIRECTIONS M..." identifier="qti09ca59572c0b4b40a56aab97534690fbCsDKV" adaptive="false" timeDependent="false" xsi:schemaLocation="http://www.imsglobal.org/xsd/imsqti_v2p1 http://www.imsglobal.org/xsd/qti/qtiv2p1/imsqti_v2p1p2.xsd http://www.imsglobal.org/xsd/apip/apipv1p0/imsapip_qtiv1p0 http://www.imsglobal.org/profile/apip/apipv1p0/apipv1p0_qtiextv2p1_v1p0.xsd http://www.w3.org/1998/Math/MathML http://www.w3.org/Math/XMLSchema/mathml2/mathml2.xsd http://www.w3.org/2001/XInclude http://www.imsglobal.org/xsd/w3/2001/XInclude.xsd">
    <responseDeclaration baseType="identifier" cardinality="single" identifier="qtiwu21byp2q0">
        <correctResponse>
            <value>qti2</value>
        </correctResponse>
    </responseDeclaration>
    <outcomeDeclaration identifier="MAXSCORE" cardinality="single" baseType="float">
        <defaultValue>
            <value>1</value>
        </defaultValue>
    </outcomeDeclaration>
    <stylesheet type="text/css" href="style/09ca59572c0b4b40a56aab97534690fb.css"/>
    <itemBody>
        <div><p><strong>DIRECTIONS: Multiple Choice</strong> Indicate the answer choice that best completes the statement. </p> 
<p> </p> 
<p>A major push factor for immigrants to the United States in the late 1800s and early 1900s was that they</p></div>
        <choiceInteraction maxChoices="0" responseIdentifier="qtiwu21byp2q0" shuffle="false">
            <simpleChoice identifier="qti1">
                <div><p>sought jobs and opportunities in the United States.</p></div>
            </simpleChoice>
            <simpleChoice identifier="qti2">
                <div><p>faced overcrowding and poverty in their home countries.</p></div>
            </simpleChoice>
            <simpleChoice identifier="qti3">
                <div><p>wanted to assimilate while also preserving their native cultures.</p></div>
            </simpleChoice>
            <simpleChoice identifier="qti4">
                <div><p>were met with discrimination and resentment in the United States.</p></div>
            </simpleChoice>
        </choiceInteraction>
    </itemBody>
    <responseProcessing template="http://www.imsglobal.org/question/qti_v2p1/rptemplates/match_correct"/>
</assessmentItem>
