<?xml version="1.0" encoding="UTF-8" standalone="yes"?>
<assessmentItem xmlns:mml="http://www.w3.org/1998/Math/MathML" xmlns="http://www.imsglobal.org/xsd/imsqti_v2p1" xmlns:xinclude="http://www.w3.org/2001/XInclude" xmlns:imsapip="http://www.imsglobal.org/xsd/apip/apipv1p0/imsapip_qtiv1p0" xmlns:xsi="http://www.w3.org/2001/XMLSchema-instance" title="DIRECTIONS S..." identifier="qti28d474187c8b4cc4a9865785adab75e2JzIMX" adaptive="false" timeDependent="false" xsi:schemaLocation="http://www.imsglobal.org/xsd/imsqti_v2p1 http://www.imsglobal.org/xsd/qti/qtiv2p1/imsqti_v2p1p2.xsd http://www.imsglobal.org/xsd/apip/apipv1p0/imsapip_qtiv1p0 http://www.imsglobal.org/profile/apip/apipv1p0/apipv1p0_qtiextv2p1_v1p0.xsd http://www.w3.org/1998/Math/MathML http://www.w3.org/Math/XMLSchema/mathml2/mathml2.xsd http://www.w3.org/2001/XInclude http://www.imsglobal.org/xsd/w3/2001/XInclude.xsd">
    <responseDeclaration cardinality="single" identifier="qtivb7800shtm"/>
    <outcomeDeclaration identifier="MAXSCORE" cardinality="single" baseType="float">
        <defaultValue>
            <value>1</value>
        </defaultValue>
    </outcomeDeclaration>
    <stylesheet type="text/css" href="style/28d474187c8b4cc4a9865785adab75e2.css"/>
    <itemBody>
        <div><p><strong>DIRECTIONS: Short Answer</strong> Use evidence from the sources to answer the following question.</p> 
<p> </p> 
<p>Do you think progressives today are more inclusive or less inclusive than the progressives of the early 20th century? Explain.</p></div>
        <extendedTextInteraction responseIdentifier="qtivb7800shtm"/>
    </itemBody>
    <responseProcessing template="http://www.imsglobal.org/question/qti_v2p1/rptemplates/match_correct"/>
</assessmentItem>
