<?xml version="1.0" encoding="UTF-8" standalone="yes"?>
<assessmentItem xmlns:mml="http://www.w3.org/1998/Math/MathML" xmlns="http://www.imsglobal.org/xsd/imsqti_v2p1" xmlns:xinclude="http://www.w3.org/2001/XInclude" xmlns:imsapip="http://www.imsglobal.org/xsd/apip/apipv1p0/imsapip_qtiv1p0" xmlns:xsi="http://www.w3.org/2001/XMLSchema-instance" title="DIRECTIONS T..." identifier="qti3237646348bd45b28c2a3871b918ebf1cBRrh" adaptive="false" timeDependent="false" xsi:schemaLocation="http://www.imsglobal.org/xsd/imsqti_v2p1 http://www.imsglobal.org/xsd/qti/qtiv2p1/imsqti_v2p1p2.xsd http://www.imsglobal.org/xsd/apip/apipv1p0/imsapip_qtiv1p0 http://www.imsglobal.org/profile/apip/apipv1p0/apipv1p0_qtiextv2p1_v1p0.xsd http://www.w3.org/1998/Math/MathML http://www.w3.org/Math/XMLSchema/mathml2/mathml2.xsd http://www.w3.org/2001/XInclude http://www.imsglobal.org/xsd/w3/2001/XInclude.xsd">
    <responseDeclaration baseType="identifier" cardinality="single" identifier="qtivq8idclrtk">
        <correctResponse>
            <value>qtiu0dbcpqyik</value>
        </correctResponse>
    </responseDeclaration>
    <outcomeDeclaration identifier="MAXSCORE" cardinality="single" baseType="float">
        <defaultValue>
            <value>1</value>
        </defaultValue>
    </outcomeDeclaration>
    <stylesheet type="text/css" href="style/3237646348bd45b28c2a3871b918ebf1.css"/>
    <itemBody>
        <div><p><strong>DIRECTIONS: True/False</strong> Indicate whether the statement is true or false.</p> 
<p> </p> 
<p>As a result of the events that occurred in Haymarket Square in Chicago in 1886, most Americans became sympathetic to the cause of the labor movement.</p></div>
        <choiceInteraction maxChoices="1" responseIdentifier="qtivq8idclrtk" shuffle="false">
            <simpleChoice identifier="qti30p0plqt3c">True</simpleChoice>
            <simpleChoice identifier="qtiu0dbcpqyik">False</simpleChoice>
        </choiceInteraction>
    </itemBody>
    <responseProcessing template="http://www.imsglobal.org/question/qti_v2p1/rptemplates/match_correct"/>
</assessmentItem>
