<?xml version="1.0" encoding="UTF-8" standalone="yes"?>
<assessmentItem xmlns:mml="http://www.w3.org/1998/Math/MathML" xmlns="http://www.imsglobal.org/xsd/imsqti_v2p1" xmlns:xinclude="http://www.w3.org/2001/XInclude" xmlns:imsapip="http://www.imsglobal.org/xsd/apip/apipv1p0/imsapip_qtiv1p0" xmlns:xsi="http://www.w3.org/2001/XMLSchema-instance" title="DIRECTIONS M..." identifier="qti4f6ef7f2e8a94574ba02bb6466dfc82bYHUKv" adaptive="false" timeDependent="false" xsi:schemaLocation="http://www.imsglobal.org/xsd/imsqti_v2p1 http://www.imsglobal.org/xsd/qti/qtiv2p1/imsqti_v2p1p2.xsd http://www.imsglobal.org/xsd/apip/apipv1p0/imsapip_qtiv1p0 http://www.imsglobal.org/profile/apip/apipv1p0/apipv1p0_qtiextv2p1_v1p0.xsd http://www.w3.org/1998/Math/MathML http://www.w3.org/Math/XMLSchema/mathml2/mathml2.xsd http://www.w3.org/2001/XInclude http://www.imsglobal.org/xsd/w3/2001/XInclude.xsd">
    <responseDeclaration baseType="identifier" cardinality="single" identifier="qti3tjus6rmnd">
        <correctResponse>
            <value>qti4</value>
        </correctResponse>
    </responseDeclaration>
    <outcomeDeclaration identifier="MAXSCORE" cardinality="single" baseType="float">
        <defaultValue>
            <value>1</value>
        </defaultValue>
    </outcomeDeclaration>
    <stylesheet type="text/css" href="style/4f6ef7f2e8a94574ba02bb6466dfc82b.css"/>
    <itemBody>
        <div><p><strong>DIRECTIONS: Multiple Choice </strong>Indicate the answer choice that best completes the statement. </p> 
<p> </p> 
<p>Which best describes The Muckrakers and their stances of corruption and social justice issues such as anti-lynching efforts?</p></div>
        <choiceInteraction maxChoices="0" responseIdentifier="qti3tjus6rmnd" shuffle="false">
            <simpleChoice identifier="qti1">
                <div><p>The Muckrakers fought equally hard on issues of corruption and against lynching.</p></div>
            </simpleChoice>
            <simpleChoice identifier="qti2">
                <div><p>The Muckrakers used the same arguments as Ida B. Wells in fighting lynching.</p></div>
            </simpleChoice>
            <simpleChoice identifier="qti3">
                <div><p>The Muckrakers efforts on corruption and bad business practices had no impact on laws. Most of their successes were on civil rights issues.</p></div>
            </simpleChoice>
            <simpleChoice identifier="qti4">
                <div><p>The Muckrakers fights focused more on corruption and bad business practices than on social justice issues like lynching. They sometimes wrote in favor of discriminatory laws.</p></div>
            </simpleChoice>
        </choiceInteraction>
    </itemBody>
    <responseProcessing template="http://www.imsglobal.org/question/qti_v2p1/rptemplates/match_correct"/>
</assessmentItem>
