<?xml version="1.0" encoding="UTF-8" standalone="yes"?>
<assessmentItem xmlns:mml="http://www.w3.org/1998/Math/MathML" xmlns="http://www.imsglobal.org/xsd/imsqti_v2p1" xmlns:xinclude="http://www.w3.org/2001/XInclude" xmlns:imsapip="http://www.imsglobal.org/xsd/apip/apipv1p0/imsapip_qtiv1p0" xmlns:xsi="http://www.w3.org/2001/XMLSchema-instance" title="DIRECTIONS C..." identifier="qticbe5efa8e0fe47e59d2818697eb794e5IkkDh" adaptive="false" timeDependent="false" xsi:schemaLocation="http://www.imsglobal.org/xsd/imsqti_v2p1 http://www.imsglobal.org/xsd/qti/qtiv2p1/imsqti_v2p1p2.xsd http://www.imsglobal.org/xsd/apip/apipv1p0/imsapip_qtiv1p0 http://www.imsglobal.org/profile/apip/apipv1p0/apipv1p0_qtiextv2p1_v1p0.xsd http://www.w3.org/1998/Math/MathML http://www.w3.org/Math/XMLSchema/mathml2/mathml2.xsd http://www.w3.org/2001/XInclude http://www.imsglobal.org/xsd/w3/2001/XInclude.xsd">
    <responseDeclaration cardinality="single" identifier="qtixtrbxteb6c"/>
    <outcomeDeclaration identifier="MAXSCORE" cardinality="single" baseType="float">
        <defaultValue>
            <value>4</value>
        </defaultValue>
    </outcomeDeclaration>
    <stylesheet type="text/css" href="style/cbe5efa8e0fe47e59d2818697eb794e5.css"/>
    <itemBody>
        <div><p><strong>DIRECTIONS: Constructed Response</strong> Use evidence from the text to support your answer to the following question.</p> 
<p> </p> 
<p>Have the stories of immigrants from the late 1800s through today mostly reflected or contradicted your definition of the “promise of America”? Explain.</p></div>
        <extendedTextInteraction responseIdentifier="qtixtrbxteb6c"/>
    </itemBody>
    <responseProcessing template="http://www.imsglobal.org/question/qti_v2p1/rptemplates/match_correct"/>
</assessmentItem>
