<?xml version="1.0" encoding="UTF-8"?>
<assessmentItem xmlns="http://www.imsglobal.org/xsd/imsqti_v2p1" xmlns:m="http://www.w3.org/1998/Math/MathML"
                xmlns:xsi="http://www.w3.org/2001/XMLSchema-instance"
                xsi:schemaLocation="http://www.imsglobal.org/xsd/imsqti_v2p1 http://www.imsglobal.org/xsd/imsqti_v2p1.xsd"
                title="660832" identifier="660832" adaptive="false" timeDependent="false">
    <responseDeclaration identifier="RESPONSE1" cardinality="single" baseType="identifier">
        <correctResponse>
            <value>3</value>
        </correctResponse>
    </responseDeclaration>
    <responseDeclaration identifier="RESPONSE2" cardinality="multiple" baseType="identifier">
        <correctResponse>
            <value>3</value>
            <value>6</value>
        </correctResponse>
    </responseDeclaration>
    <outcomeDeclaration identifier="SCORE" cardinality="single" baseType="float">
        <defaultValue>
            <value>0</value>
        </defaultValue>
    </outcomeDeclaration>
    <itemBody>
        <teacherInstructions>
            <strong>TEACHER READS:</strong>
            <br/>
            <br/>Read the question to yourself and select the best answer(s).
        </teacherInstructions>
        <choiceInteraction responseIdentifier="RESPONSE1" shuffle="false" maxChoices="1">
            <prompt visible="true">
                <div>
                    <strong>This question has two parts. &#160;First, answer part A. &#160;Then, answer part B.</strong>
                    <br/>
                    <br/>
                    <strong>Part A:</strong>
                    <br/>
                    <br/>
                    <strong>This section of the text is an extended example of personification, in which the sea is
                        given humanlike qualities.
                    </strong>
                    <br/>
                    <br/>
                    <table>
                        <tr>
                            <td style="border:solid 1px black;">Digging on the beach had been a favorite pastime for all
                                the years he'd been living at the cottage, for as far back as he could remember.&#160;
                                His grandmother told him it was childish.&#160; He didn't care.&#160; It comforted him.&#160;
                                The sea always gave him something from its depths.&#160; It wouldn't fail him today.
                            </td>
                        </tr>
                    </table>
                    <br/>
                    <strong>Which of the following is the <em>most</em> likely reason the author chose to personify the
                        sea in this text, given the text's emotional overtones?
                    </strong>
                </div>
            </prompt>
            <simpleChoice identifier="1">
                <p>The sea is frightening in earlier parts of the story, so the author wanted to change that perception
                    toward the end and make it more humanlike.
                </p>
            </simpleChoice>
            <simpleChoice identifier="2">
                <p>The sea is important to the story.&#160; The story's theme of embracing change would be missed
                    completely in any other setting.&#160; The sea is personified to add importance to it.
                </p>
            </simpleChoice>
            <simpleChoice identifier="3">
                <p>The sea is familiar and comforting to Francisco as he faces an unavoidable, unwanted change in his
                    life.&#160; It is like a friend to him, so the personification is appropriate.
                </p>
            </simpleChoice>
            <simpleChoice identifier="4">
                <p>The sea is personified so that the other characters in the story, such as Francisco's grandmother and
                    the developers, could form a greater appreciation for it.&#160; By the end, they see the sea as a
                    friend, just as Francisco does.
                </p>
            </simpleChoice>
        </choiceInteraction>
        <choiceRationales responseIdentifier="RESPONSE1">
            <rationale identifier="1">
                <p>Student(s) may have seen this as a rational answer, given that the story had emotional overtones that
                    dealt with fear.
                </p>
            </rationale>
            <rationale identifier="2">
                <p>Student(s) may have agreed with the idea that the sea was important to the story and believed that
                    the setting was essential.&#160; Student(s) may not have realized that the setting was not integral
                    and the theme could have been conveyed using a different setting.
                </p>
            </rationale>
            <rationale identifier="3">Correct answer</rationale>
            <rationale identifier="4">
                <p>Student(s) may have wanted the other characters to respect the sea the way that Francisco did, but
                    the story did not explicitly say so.
                </p>
            </rationale>
        </choiceRationales>
        <choiceInteraction responseIdentifier="RESPONSE2" shuffle="false" maxChoices="6">
            <prompt visible="true">
                <div>
                    <strong>Part B:</strong>
                    <br/>
                    <br/>
                    <strong>Select the <em>two</em> pieces of evidence that support the answer to part A.
                    </strong>
                </div>
            </prompt>
            <simpleChoice identifier="1">
                <p>Francisco's grandmother urges him to stop being sentimental and "go with the flow" of things.</p>
            </simpleChoice>
            <simpleChoice identifier="2">
                <p>Francisco tries not to see the "For Sale" sign in his yard.</p>
            </simpleChoice>
            <simpleChoice identifier="3">
                <p>Francisco sees the developers as greedy monsters that are going to destroy the "unsoiled beaches"
                    that mean so much to him.
                </p>
            </simpleChoice>
            <simpleChoice identifier="4">
                <p>Francisco eavesdrops on his parents' conversations about moving.</p>
            </simpleChoice>
            <simpleChoice identifier="5">
                <p>Francisco longs to have an attitude more like his mother's attitude.</p>
            </simpleChoice>
            <simpleChoice identifier="6">
                <p>Francisco spends an afternoon at the seaside, finds a conch shell, and decides to take it with him to
                    remember the sea and all his wonderful memories of it.
                </p>
            </simpleChoice>
        </choiceInteraction>
        <choiceRationales responseIdentifier="RESPONSE2">
            <rationale identifier="1">
                <p>Student(s) may have chosen this answer in relation to answer option D from part A. Student(s) may
                    have believed that the grandmother started the story out with no respect for Francisco's love of the
                    sea, but later came to understand him.
                </p>
            </rationale>
            <rationale identifier="2">
                <p>Student(s) may have seen this answer as relating to Francisco's reluctance to change, but student(s)
                    may not have read carefully enough to see that this answer did not relate to the ocean.
                </p>
            </rationale>
            <rationale identifier="3">Correct answer</rationale>
            <rationale identifier="4">
                <p>Student(s) may have assumed that this meant that Francisco was hoping that they were starting to
                    change their minds and be more supportive of his attachment to the ocean, which would relate to
                    answer option D from part A.
                </p>
            </rationale>
            <rationale identifier="5">
                <p>Student(s) may have thought that Francisco wanted to have a more mature attitude about leaving.</p>
            </rationale>
            <rationale identifier="6">Correct answer</rationale>
        </choiceRationales>
    </itemBody>
    <responseProcessing>
        <responseCondition>
            <responseIf>
                <and>
                    <match>
                        <variable identifier="RESPONSE1"/>
                        <correct identifier="RESPONSE1"/>
                    </match>
                    <match>
                        <variable identifier="RESPONSE2"/>
                        <correct identifier="RESPONSE2"/>
                    </match>
                </and>
                <setOutcomeValue identifier="SCORE">
                    <baseValue baseType="float">1</baseValue>
                </setOutcomeValue>
            </responseIf>
        </responseCondition>
    </responseProcessing>
</assessmentItem>