<?xml version="1.0" encoding="UTF-8"?>
<assessmentItem xmlns="http://www.imsglobal.org/xsd/imsqti_v2p1" xmlns:m="http://www.w3.org/1998/Math/MathML"
                xmlns:xsi="http://www.w3.org/2001/XMLSchema-instance"
                xsi:schemaLocation="http://www.imsglobal.org/xsd/imsqti_v2p1 http://www.imsglobal.org/xsd/imsqti_v2p1.xsd"
                title="661656" identifier="661656" adaptive="false" timeDependent="false">
    <responseDeclaration identifier="RESPONSE1" cardinality="single" baseType="identifier">
        <correctResponse>
            <value>4</value>
        </correctResponse>
    </responseDeclaration>
    <responseDeclaration identifier="RESPONSE2" cardinality="single" baseType="identifier">
        <correctResponse>
            <value>1</value>
        </correctResponse>
    </responseDeclaration>
    <outcomeDeclaration identifier="SCORE" cardinality="single" baseType="float">
        <defaultValue>
            <value>0</value>
        </defaultValue>
    </outcomeDeclaration>
    <itemBody>
        <teacherInstructions>
            <strong>TEACHER READS:</strong>
            <br/>
            <br/>Read the question to yourself and select the best answer(s).
        </teacherInstructions>
        <choiceInteraction responseIdentifier="RESPONSE1" shuffle="false" maxChoices="1">
            <prompt visible="true">
                <div>
                    <strong>This question has two parts.&#160; First, answer part A.&#160; Then, answer part B.
                        <br/>
                        <br/>Part A:
                    </strong>
                    <br/>
                    <br/>
                    <strong>Read the sentence from "Dogs vs. Cats."</strong>
                    <br/>
                    <br/>
                    <table>
                        <tr>
                            <td style="border:solid 1px black;">There are many options to choose from when deciding on
                                which type of dog is right for you, your family, your space, and your budget.
                            </td>
                        </tr>
                    </table>
                    <br/>
                    <strong>Based on this information, what conclusion can be made about the author's line of reasoning
                        regarding the many considerations to owning a pet in the text, "Pet Buying Guide"?
                    </strong>
                </div>
            </prompt>
            <simpleChoice identifier="1">
                <p>Owning a dog requires far more responsibility than owning a cat.</p>
            </simpleChoice>
            <simpleChoice identifier="2">
                <p>People need to consider owning a cat rather than owning a dog.</p>
            </simpleChoice>
            <simpleChoice identifier="3">
                <p>You should have a family if you decide to own a dog.</p>
            </simpleChoice>
            <simpleChoice identifier="4">
                <p>Owning a pet is not for everyone.</p>
            </simpleChoice>
        </choiceInteraction>
        <choiceRationales responseIdentifier="RESPONSE1">
            <rationale identifier="1">
                <p>Student(s) may have confused the two texts, and drew a conclusion about the author's line of
                    reasoning for the text "Dogs vs. Cats."
                </p>
            </rationale>
            <rationale identifier="2">
                <p>Student(s) may have focused on the sentence within the stem and thought that based on all of the
                    things to consider before owning a dog, it would be easier to own a cat; however, this is not in
                    line with the conclusion of the text "Pet Buying Guide."
                </p>
            </rationale>
            <rationale identifier="3">
                <p>Student(s) may have focused on the mention of "family" in the stimulus and text.</p>
            </rationale>
            <rationale identifier="4">Correct answer</rationale>
        </choiceRationales>
        <choiceInteraction responseIdentifier="RESPONSE2" shuffle="false" maxChoices="1">
            <prompt visible="true">
                <div>
                    <strong>Part B:</strong>
                    <br/>
                    <br/>
                    <strong>Which sentence from "Pet Buying Guide" <em>best</em> supports your answer in part A?
                    </strong>
                </div>
            </prompt>
            <simpleChoice identifier="1">
                <p>Pets can make great companions, but there are many things to consider before getting a pet.</p>
            </simpleChoice>
            <simpleChoice identifier="2">
                <p>How much money are you willing to spend and invest in a pet?</p>
            </simpleChoice>
            <simpleChoice identifier="3">
                <p>Read some pet books from a local bookstore or library.</p>
            </simpleChoice>
            <simpleChoice identifier="4">
                <p>Go to a local vet who specializes in the kind of pet you want.</p>
            </simpleChoice>
        </choiceInteraction>
        <choiceRationales responseIdentifier="RESPONSE2">
            <rationale identifier="1">Correct answer</rationale>
            <rationale identifier="2">
                <p>Student(s) may have known that this is a contributing factor as to why the author believes that
                    owning a pet may not be for everyone, but this is not the best sentence from the text that support
                    this conclusion.
                </p>
            </rationale>
            <rationale identifier="3">
                <p>Student(s) may have thought that this supported option B in part A.</p>
            </rationale>
            <rationale identifier="4">
                <p>Student(s) may have associated this sentence from the text with the idea that pets are expensive and
                    therefore are not for everyone.
                </p>
            </rationale>
        </choiceRationales>
    </itemBody>
    <responseProcessing>
        <responseCondition>
            <responseIf>
                <and>
                    <match>
                        <variable identifier="RESPONSE1"/>
                        <correct identifier="RESPONSE1"/>
                    </match>
                    <match>
                        <variable identifier="RESPONSE2"/>
                        <correct identifier="RESPONSE2"/>
                    </match>
                </and>
                <setOutcomeValue identifier="SCORE">
                    <baseValue baseType="float">2</baseValue>
                </setOutcomeValue>
            </responseIf>
            <responseElseIf>
                <match>
                    <variable identifier="RESPONSE1"/>
                    <correct identifier="RESPONSE1"/>
                </match>
                <setOutcomeValue identifier="SCORE">
                    <baseValue baseType="float">1</baseValue>
                </setOutcomeValue>
            </responseElseIf>
        </responseCondition>
    </responseProcessing>
</assessmentItem>