    <resource identifier="661656" type="imsqti_item_xmlv2p1" href="661656.xml">
      <metadata>
        <qtiMetadata>
          <timeDependent>false</timeDependent>
          <interactionType>choiceInteraction</interactionType>
          <feedbackType>none</feedbackType>
          <solutionAvailable>true</solutionAvailable>
        </qtiMetadata>
        <lom>
          <general>
            <identifier>661656</identifier>
            <parentId>661656</parentId>
            <classicId/>
            <classicParentId/>
            <passageId>661342</passageId>
            <classicPassageId/>
            <depthOfKnowledge>3</depthOfKnowledge>
            <bloomsLevel>3</bloomsLevel>
            <omit>false</omit>
            <replaceWith/>
            <allowCalculator>0</allowCalculator>
            <allowGrammarTools>0</allowGrammarTools>
            <displayFormatId/>
            <forceFullPage>0</forceFullPage>
            <itemTypeId>11</itemTypeId>
            <mediaTypeId>3</mediaTypeId>
            <consortiumId/>
            <useTwoPointScoring/>
            <sbacTwoPointScoring/>
            <parccTwoPointScoring/>
            <gradeLevel>05</gradeLevel>
            <subject>ela</subject>
            <language>English</language>
            <languageEquivalentId/>
            <teacherRead>false</teacherRead>
            <studentRead>true</studentRead>
            <lastModifiedDate>2018-07-11T17:41:09Z</lastModifiedDate>
            <modifiedDateContent>2018-06-10T21:36:00Z</modifiedDateContent>
            <modifiedDateMetadata>2018-07-11T17:41:09Z</modifiedDateMetadata>
          </general>
          <claims>
            <claim claimNumber="1" subject="ela" category="" target="11" priority="1"/>
          </claims>
          <parts>
            <part itemTypeId="3"/>
            <part itemTypeId="3"/>
          </parts>
          <lifecycle>
            <version>2.1</version>
            <status>
              <source>LOMv1.0</source>
              <value>Final</value>
            </status>
          </lifecycle>
          <technical>
            <format>text/x-imsqti-item-xml</format>
          </technical>
        </lom>
      </metadata>
      <file href="661656.xml"/>
      <file href="passages/661342.xml"/>
      <file href="style/LiveInspect.css"/>
    </resource>
