<?xml version="1.0" encoding="UTF-8"?><assessmentItem xmlns="http://www.imsglobal.org/xsd/imsqti_v2p1" xmlns:m="http://www.w3.org/1998/Math/MathML" xmlns:xsi="http://www.w3.org/2001/XMLSchema-instance" xsi:schemaLocation="http://www.imsglobal.org/xsd/imsqti_v2p1 http://www.imsglobal.org/xsd/imsqti_v2p1.xsd" title="500100" identifier="500100" adaptive="false" timeDependent="false"><responseDeclaration identifier="RESPONSE1" cardinality="multiple" baseType="directedPair"><correctResponse><value>Row1 Col2</value><value>Row1 Col3</value><value>Row2 Col2</value><value>Row3 Col1</value><value>Row3 Col2</value><value>Row3 Col3</value></correctResponse></responseDeclaration><outcomeDeclaration identifier="SCORE" cardinality="single" baseType="float"><defaultValue><value>0</value></defaultValue></outcomeDeclaration><stylesheet href="style/LiveInspect.css" type="text/css" /><itemBody><teacherInstructions><![CDATA[<strong>TEACHER READS:</strong><br /><br />Read and complete the task that follows.]]></teacherInstructions><matchInteraction responseIdentifier="RESPONSE1" shuffle="false" maxAssociations="6"><prompt visible="true"><![CDATA[<strong>Mark the boxes to match each source with the information it mentions. &nbsp;Some pieces of information may have more than one source marked.</strong>]]></prompt><cornerText><![CDATA[<strong>Information</strong>]]></cornerText><simpleMatchSet><simpleAssociableChoice identifier="Row1" matchMax="2"><![CDATA[song and dance in storytelling]]></simpleAssociableChoice><simpleAssociableChoice identifier="Row2" matchMax="1"><![CDATA[animals in stories]]></simpleAssociableChoice><simpleAssociableChoice identifier="Row3" matchMax="3"><![CDATA[job of a storyteller]]></simpleAssociableChoice></simpleMatchSet><simpleMatchSet><simpleAssociableChoice identifier="Col1" matchMax="0"><![CDATA[<strong>Source 1: Storytelling</strong>]]></simpleAssociableChoice><simpleAssociableChoice identifier="Col2" matchMax="0"><![CDATA[<strong>Source 2: Native American Storytelling</strong>]]></simpleAssociableChoice><simpleAssociableChoice identifier="Col3" matchMax="0"><![CDATA[<strong>Source 3: West African Storytelling</strong>]]></simpleAssociableChoice></simpleMatchSet></matchInteraction></itemBody><responseProcessing template="http://www.imsglobal.org/question/qti_v2p1/rptemplates/match_correct"/></assessmentItem>